PID,ID,app_dt,target,Org_class_new,Org_new,perf_type,mob,threshold_dpd,observe_month,sample_flag,channel_new,ind
10000000,1,20240522,0,Rate24,零钱罐,dpd,12,60,12,mob12_dpd60,小程序,零钱罐#mob12_dpd60#小程序
10000000,1,20240522,0,Bank,微众银行,dpd,12,30,12,mob12_dpd30,api,微众银行#mob12_dpd30#api
10000000,2,20250919,0,Bank,百信银行,dpd,9,60,9,mob9_dpd60,京东白条,百信银行#mob9_dpd60#京东白条
10000001,3,20250627,0,Rate36,拍拍贷,dpd,3,30,3,mob3_dpd30,h5,拍拍贷#mob3_dpd30#h5
10000001,4,20250127,0,Rate36,美团月付,dpd,3,30,3,mob3_dpd30,h5,美团月付#mob3_dpd30#h5
10000001,4,20250127,0,Bank,微众银行,dpd,3,30,3,mob3_dpd30,api,微众银行#mob3_dpd30#api
10000001,5,20250120,0,Rate36,美团月付,dpd,3,60,3,mob3_dpd60,api,美团月付#mob3_dpd60#api
10000001,5,20250120,0,Rate36,美团月付,dpd,3,30,3,mob3_dpd30,h5,美团月付#mob3_dpd30#h5
10000002,6,20251111,0,Bank,百信银行,fpd,,60,,fpd60,京东白条,百信银行#fpd60#京东白条
10000002,6,20251111,0,Rate36,美团月付,dpd,6,30,6,mob6_dpd30,api,美团月付#mob6_dpd30#api
10000002,6,20251111,0,Rate24,分期乐,dpd,9,30,9,mob9_dpd30,api,分期乐#mob9_dpd30#api
10000002,7,20240517,1,Rate24,零钱罐,fpd,,30,,fpd30,小程序,零钱罐#fpd30#小程序
10000002,8,20250712,0,Bank,百信银行,dpd,12,30,12,mob12_dpd30,api,百信银行#mob12_dpd30#api
10000002,8,20250712,0,Rate24,零钱罐,fpd,,60,,fpd60,api,零钱罐#fpd60#api
10000003,9,20240718,0,Bank,微众银行,dpd,3,60,3,mob3_dpd60,京东白条,微众银行#mob3_dpd60#京东白条
10000003,10,20240523,0,Rate24,零钱罐,dpd,9,60,9,mob9_dpd60,小程序,零钱罐#mob9_dpd60#小程序
10000003,11,20250311,1,Bank,微众银行,dpd,9,60,9,mob9_dpd60,京东白条,微众银行#mob9_dpd60#京东白条
10000003,11,20250311,-2,Bank,百信银行,dpd,12,60,12,mob12_dpd60,api,百信银行#mob12_dpd60#api
10000003,11,20250311,0,Rate24,分期乐,dpd,6,30,6,mob6_dpd30,小程序,分期乐#mob6_dpd30#小程序
10000004,12,20260215,0,Rate24,分期乐,dpd,12,60,12,mob12_dpd60,小程序,分期乐#mob12_dpd60#小程序
10000004,12,20260215,0,Rate36,拍拍贷,dpd,3,30,3,mob3_dpd30,api,拍拍贷#mob3_dpd30#api
10000004,13,20250802,1,Rate36,拍拍贷,dpd,9,30,9,mob9_dpd30,api,拍拍贷#mob9_dpd30#api
10000004,13,20250802,0,Rate24,零钱罐,dpd,12,30,12,mob12_dpd30,api,零钱罐#mob12_dpd30#api
10000004,14,20250921,0,Bank,百信银行,dpd,12,30,12,mob12_dpd30,api,百信银行#mob12_dpd30#api
10000004,14,20250921,0,Rate24,零钱罐,fpd,,60,,fpd60,api,零钱罐#fpd60#api
10000005,15,20250814,0,Bank,百信银行,dpd,12,60,12,mob12_dpd60,京东白条,百信银行#mob12_dpd60#京东白条
10000005,15,20250814,1,Rate36,美团月付,fpd,,30,,fpd30,api,美团月付#fpd30#api
10000005,15,20250814,0,Rate36,美团月付,dpd,12,30,12,mob12_dpd30,api,美团月付#mob12_dpd30#api
10000005,16,20250913,1,Bank,百信银行,dpd,6,60,6,mob6_dpd60,api,百信银行#mob6_dpd60#api
10000005,16,20250913,0,Bank,百信银行,fpd,,30,,fpd30,京东白条,百信银行#fpd30#京东白条
10000005,17,20250315,0,Bank,百信银行,dpd,12,30,12,mob12_dpd30,京东白条,百信银行#mob12_dpd30#京东白条
10000005,17,20250315,0,Rate36,美团月付,dpd,6,30,6,mob6_dpd30,api,美团月付#mob6_dpd30#api
10000005,17,20250315,0,Rate36,拍拍贷,fpd,,60,,fpd60,api,拍拍贷#fpd60#api
10000006,18,20240607,1,Rate36,拍拍贷,dpd,6,60,6,mob6_dpd60,api,拍拍贷#mob6_dpd60#api
10000006,18,20240607,0,Bank,百信银行,dpd,3,30,3,mob3_dpd30,api,百信银行#mob3_dpd30#api
10000006,18,20240607,0,Bank,微众银行,dpd,3,30,3,mob3_dpd30,京东白条,微众银行#mob3_dpd30#京东白条
10000006,19,20251117,1,Rate24,分期乐,dpd,9,60,9,mob9_dpd60,api,分期乐#mob9_dpd60#api
10000006,19,20251117,0,Rate36,美团月付,dpd,12,60,12,mob12_dpd60,api,美团月付#mob12_dpd60#api
10000006,20,20250121,0,Rate36,美团月付,dpd,3,30,3,mob3_dpd30,h5,美团月付#mob3_dpd30#h5
10000006,20,20250121,0,Rate24,分期乐,dpd,3,30,3,mob3_dpd30,小程序,分期乐#mob3_dpd30#小程序
10000007,21,20250310,0,Bank,微众银行,dpd,9,30,9,mob9_dpd30,京东白条,微众银行#mob9_dpd30#京东白条
10000007,21,20250310,0,Bank,百信银行,fpd,,30,,fpd30,api,百信银行#fpd30#api
10000007,21,20250310,0,Bank,百信银行,dpd,6,30,6,mob6_dpd30,api,百信银行#mob6_dpd30#api
10000007,22,20241104,0,Rate24,零钱罐,fpd,,60,,fpd60,小程序,零钱罐#fpd60#小程序
10000007,22,20241104,1,Rate24,分期乐,dpd,12,60,12,mob12_dpd60,api,分期乐#mob12_dpd60#api
10000007,23,20240711,0,Rate24,零钱罐,dpd,3,60,3,mob3_dpd60,小程序,零钱罐#mob3_dpd60#小程序
10000007,23,20240711,0,Rate24,零钱罐,dpd,12,30,12,mob12_dpd30,小程序,零钱罐#mob12_dpd30#小程序
10000008,24,20260106,0,Bank,微众银行,dpd,6,30,6,mob6_dpd30,京东白条,微众银行#mob6_dpd30#京东白条
10000008,25,20250911,0,Rate36,拍拍贷,dpd,3,60,3,mob3_dpd60,api,拍拍贷#mob3_dpd60#api
10000008,26,20250618,0,Bank,微众银行,dpd,9,30,9,mob9_dpd30,api,微众银行#mob9_dpd30#api
10000008,26,20250618,0,Rate36,拍拍贷,dpd,3,60,3,mob3_dpd60,api,拍拍贷#mob3_dpd60#api
10000009,27,20241204,0,Rate24,分期乐,dpd,6,30,6,mob6_dpd30,小程序,分期乐#mob6_dpd30#小程序
10000009,27,20241204,0,Rate36,美团月付,dpd,6,30,6,mob6_dpd30,api,美团月付#mob6_dpd30#api
10000009,27,20241204,0,Bank,百信银行,dpd,12,60,12,mob12_dpd60,京东白条,百信银行#mob12_dpd60#京东白条
10000009,28,20251021,0,Bank,微众银行,dpd,9,30,9,mob9_dpd30,api,微众银行#mob9_dpd30#api
10000009,28,20251021,0,Rate36,美团月付,fpd,,60,,fpd60,api,美团月付#fpd60#api
10000009,28,20251021,0,Rate24,分期乐,dpd,9,30,9,mob9_dpd30,api,分期乐#mob9_dpd30#api
10000009,29,20250407,0,Bank,微众银行,fpd,,60,,fpd60,京东白条,微众银行#fpd60#京东白条
10000010,30,20250126,0,Rate24,零钱罐,dpd,3,60,3,mob3_dpd60,api,零钱罐#mob3_dpd60#api
10000010,31,20250121,0,Bank,微众银行,dpd,12,60,12,mob12_dpd60,京东白条,微众银行#mob12_dpd60#京东白条
10000010,31,20250121,0,Rate36,美团月付,dpd,6,60,6,mob6_dpd60,api,美团月付#mob6_dpd60#api
10000010,31,20250121,0,Bank,微众银行,dpd,12,60,12,mob12_dpd60,京东白条,微众银行#mob12_dpd60#京东白条
10000010,32,20240808,0,Bank,百信银行,dpd,9,60,9,mob9_dpd60,api,百信银行#mob9_dpd60#api
10000010,32,20240808,0,Rate24,分期乐,dpd,3,30,3,mob3_dpd30,api,分期乐#mob3_dpd30#api
10000010,32,20240808,0,Bank,百信银行,dpd,3,30,3,mob3_dpd30,api,百信银行#mob3_dpd30#api
10000011,33,20240516,0,Rate36,美团月付,dpd,6,30,6,mob6_dpd30,api,美团月付#mob6_dpd30#api
10000011,34,20250404,0,Rate24,分期乐,dpd,6,30,6,mob6_dpd30,api,分期乐#mob6_dpd30#api
10000011,35,20251203,0,Bank,微众银行,dpd,9,60,9,mob9_dpd60,api,微众银行#mob9_dpd60#api
10000011,35,20251203,0,Rate24,分期乐,dpd,3,30,3,mob3_dpd30,小程序,分期乐#mob3_dpd30#小程序
10000011,35,20251203,0,Rate24,分期乐,dpd,12,60,12,mob12_dpd60,小程序,分期乐#mob12_dpd60#小程序
10000012,36,20240427,0,Rate24,零钱罐,dpd,6,30,6,mob6_dpd30,api,零钱罐#mob6_dpd30#api
10000012,36,20240427,0,Rate24,分期乐,dpd,3,30,3,mob3_dpd30,小程序,分期乐#mob3_dpd30#小程序
10000012,37,20251123,-2,Rate24,分期乐,dpd,9,30,9,mob9_dpd30,小程序,分期乐#mob9_dpd30#小程序
10000012,38,20251005,0,Rate24,分期乐,dpd,3,60,3,mob3_dpd60,api,分期乐#mob3_dpd60#api
10000013,39,20240908,0,Rate24,分期乐,dpd,9,30,9,mob9_dpd30,api,分期乐#mob9_dpd30#api
10000013,40,20250606,0,Rate24,分期乐,dpd,3,60,3,mob3_dpd60,小程序,分期乐#mob3_dpd60#小程序
10000013,41,20240612,0,Rate36,拍拍贷,fpd,,30,,fpd30,api,拍拍贷#fpd30#api
10000013,41,20240612,0,Rate36,美团月付,dpd,9,30,9,mob9_dpd30,h5,美团月付#mob9_dpd30#h5
10000014,42,20250909,0,Rate36,拍拍贷,fpd,,60,,fpd60,h5,拍拍贷#fpd60#h5
10000014,43,20250710,0,Bank,百信银行,dpd,12,60,12,mob12_dpd60,api,百信银行#mob12_dpd60#api
10000014,44,20241115,0,Rate24,分期乐,dpd,9,30,9,mob9_dpd30,小程序,分期乐#mob9_dpd30#小程序
10000014,44,20241115,0,Rate24,零钱罐,dpd,9,30,9,mob9_dpd30,api,零钱罐#mob9_dpd30#api
10000014,44,20241115,0,Rate24,零钱罐,dpd,3,60,3,mob3_dpd60,小程序,零钱罐#mob3_dpd60#小程序
10000015,45,20240406,0,Rate36,美团月付,dpd,9,30,9,mob9_dpd30,api,美团月付#mob9_dpd30#api
10000015,45,20240406,0,Rate36,拍拍贷,dpd,12,30,12,mob12_dpd30,h5,拍拍贷#mob12_dpd30#h5
10000015,46,20260225,0,Rate36,美团月付,dpd,12,30,12,mob12_dpd30,api,美团月付#mob12_dpd30#api
10000015,47,20250121,0,Rate24,零钱罐,fpd,,30,,fpd30,api,零钱罐#fpd30#api
10000015,47,20250121,1,Rate36,美团月付,dpd,3,30,3,mob3_dpd30,h5,美团月付#mob3_dpd30#h5
10000016,48,20251222,0,Rate24,分期乐,dpd,9,60,9,mob9_dpd60,api,分期乐#mob9_dpd60#api
10000016,48,20251222,-2,Rate24,分期乐,dpd,3,60,3,mob3_dpd60,api,分期乐#mob3_dpd60#api
10000016,49,20250705,0,Bank,微众银行,dpd,12,30,12,mob12_dpd30,京东白条,微众银行#mob12_dpd30#京东白条
10000016,49,20250705,0,Bank,微众银行,dpd,3,60,3,mob3_dpd60,api,微众银行#mob3_dpd60#api
10000016,49,20250705,0,Bank,百信银行,fpd,,30,,fpd30,京东白条,百信银行#fpd30#京东白条
10000016,50,20250920,0,Bank,微众银行,dpd,12,60,12,mob12_dpd60,京东白条,微众银行#mob12_dpd60#京东白条
10000017,51,20250924,0,Bank,百信银行,dpd,12,30,12,mob12_dpd30,api,百信银行#mob12_dpd30#api
10000017,51,20250924,1,Bank,微众银行,dpd,12,60,12,mob12_dpd60,京东白条,微众银行#mob12_dpd60#京东白条
10000017,51,20250924,0,Rate36,美团月付,fpd,,60,,fpd60,api,美团月付#fpd60#api
10000017,52,20240705,0,Rate36,拍拍贷,fpd,,30,,fpd30,api,拍拍贷#fpd30#api
10000017,52,20240705,0,Rate36,美团月付,dpd,9,30,9,mob9_dpd30,api,美团月付#mob9_dpd30#api
10000017,53,20241122,0,Rate24,零钱罐,dpd,9,60,9,mob9_dpd60,小程序,零钱罐#mob9_dpd60#小程序
10000018,54,20250211,0,Rate24,零钱罐,dpd,12,60,12,mob12_dpd60,api,零钱罐#mob12_dpd60#api
10000018,54,20250211,1,Rate36,美团月付,dpd,3,30,3,mob3_dpd30,api,美团月付#mob3_dpd30#api
10000018,54,20250211,0,Rate36,拍拍贷,dpd,6,30,6,mob6_dpd30,api,拍拍贷#mob6_dpd30#api
10000018,55,20250223,0,Rate24,分期乐,dpd,3,30,3,mob3_dpd30,小程序,分期乐#mob3_dpd30#小程序
10000018,56,20240414,0,Rate36,拍拍贷,dpd,6,60,6,mob6_dpd60,h5,拍拍贷#mob6_dpd60#h5
10000018,56,20240414,0,Bank,微众银行,dpd,9,30,9,mob9_dpd30,京东白条,微众银行#mob9_dpd30#京东白条
10000018,56,20240414,0,Bank,微众银行,dpd,12,30,12,mob12_dpd30,京东白条,微众银行#mob12_dpd30#京东白条
10000019,57,20250423,-2,Rate24,零钱罐,fpd,,60,,fpd60,api,零钱罐#fpd60#api
10000019,57,20250423,1,Bank,微众银行,dpd,9,60,9,mob9_dpd60,api,微众银行#mob9_dpd60#api
10000019,58,20240605,0,Rate36,拍拍贷,dpd,12,60,12,mob12_dpd60,h5,拍拍贷#mob12_dpd60#h5
10000019,59,20250811,0,Rate36,美团月付,fpd,,30,,fpd30,h5,美团月付#fpd30#h5
10000019,59,20250811,0,Bank,百信银行,dpd,9,60,9,mob9_dpd60,api,百信银行#mob9_dpd60#api
10000020,60,20250708,0,Bank,微众银行,dpd,6,30,6,mob6_dpd30,京东白条,微众银行#mob6_dpd30#京东白条
10000020,60,20250708,0,Bank,微众银行,fpd,,30,,fpd30,api,微众银行#fpd30#api
10000020,60,20250708,0,Rate24,分期乐,fpd,,30,,fpd30,api,分期乐#fpd30#api
10000020,61,20260107,0,Bank,百信银行,fpd,,60,,fpd60,api,百信银行#fpd60#api
10000020,62,20250809,0,Rate36,拍拍贷,dpd,3,60,3,mob3_dpd60,api,拍拍贷#mob3_dpd60#api
10000021,63,20241111,0,Rate24,分期乐,dpd,12,30,12,mob12_dpd30,小程序,分期乐#mob12_dpd30#小程序
10000021,63,20241111,0,Rate24,分期乐,dpd,12,30,12,mob12_dpd30,小程序,分期乐#mob12_dpd30#小程序
10000021,64,20260204,0,Rate24,零钱罐,dpd,3,30,3,mob3_dpd30,小程序,零钱罐#mob3_dpd30#小程序
10000021,64,20260204,0,Rate36,美团月付,fpd,,30,,fpd30,api,美团月付#fpd30#api
10000021,65,20241220,0,Rate36,美团月付,dpd,12,60,12,mob12_dpd60,api,美团月付#mob12_dpd60#api
10000021,65,20241220,0,Bank,百信银行,fpd,,60,,fpd60,京东白条,百信银行#fpd60#京东白条
10000021,65,20241220,0,Bank,微众银行,dpd,9,30,9,mob9_dpd30,api,微众银行#mob9_dpd30#api
10000022,66,20241016,0,Bank,微众银行,dpd,12,30,12,mob12_dpd30,api,微众银行#mob12_dpd30#api
10000022,66,20241016,0,Rate36,拍拍贷,fpd,,30,,fpd30,api,拍拍贷#fpd30#api
10000022,66,20241016,0,Rate24,分期乐,dpd,6,30,6,mob6_dpd30,api,分期乐#mob6_dpd30#api
10000022,67,20251224,0,Rate36,拍拍贷,dpd,9,60,9,mob9_dpd60,h5,拍拍贷#mob9_dpd60#h5
10000022,68,20241120,0,Bank,微众银行,dpd,9,60,9,mob9_dpd60,api,微众银行#mob9_dpd60#api
10000023,69,20240405,0,Rate24,分期乐,dpd,12,60,12,mob12_dpd60,api,分期乐#mob12_dpd60#api
10000023,69,20240405,0,Rate24,零钱罐,dpd,3,30,3,mob3_dpd30,小程序,零钱罐#mob3_dpd30#小程序
10000023,69,20240405,0,Rate36,美团月付,dpd,3,30,3,mob3_dpd30,h5,美团月付#mob3_dpd30#h5
10000023,70,20250202,0,Rate36,美团月付,dpd,6,30,6,mob6_dpd30,api,美团月付#mob6_dpd30#api
10000023,70,20250202,0,Rate24,分期乐,dpd,12,30,12,mob12_dpd30,小程序,分期乐#mob12_dpd30#小程序
10000023,71,20251012,0,Bank,百信银行,dpd,9,60,9,mob9_dpd60,api,百信银行#mob9_dpd60#api
10000023,71,20251012,1,Rate24,零钱罐,dpd,6,30,6,mob6_dpd30,小程序,零钱罐#mob6_dpd30#小程序
10000024,72,20240714,0,Rate36,拍拍贷,dpd,12,30,12,mob12_dpd30,h5,拍拍贷#mob12_dpd30#h5
10000024,73,20250207,0,Rate24,零钱罐,dpd,9,30,9,mob9_dpd30,api,零钱罐#mob9_dpd30#api
10000024,74,20240622,0,Rate24,分期乐,dpd,6,30,6,mob6_dpd30,api,分期乐#mob6_dpd30#api
10000024,74,20240622,0,Rate24,零钱罐,dpd,3,30,3,mob3_dpd30,小程序,零钱罐#mob3_dpd30#小程序
10000025,75,20250717,0,Rate36,美团月付,fpd,,30,,fpd30,h5,美团月付#fpd30#h5
10000025,76,20250221,0,Rate24,分期乐,dpd,12,30,12,mob12_dpd30,api,分期乐#mob12_dpd30#api
10000025,76,20250221,0,Rate24,分期乐,dpd,12,60,12,mob12_dpd60,小程序,分期乐#mob12_dpd60#小程序
10000025,76,20250221,0,Bank,百信银行,dpd,3,30,3,mob3_dpd30,api,百信银行#mob3_dpd30#api
10000025,77,20241004,0,Rate36,美团月付,dpd,6,60,6,mob6_dpd60,h5,美团月付#mob6_dpd60#h5
10000025,77,20241004,0,Rate24,分期乐,dpd,6,30,6,mob6_dpd30,小程序,分期乐#mob6_dpd30#小程序
10000026,78,20240823,0,Rate36,拍拍贷,dpd,3,30,3,mob3_dpd30,api,拍拍贷#mob3_dpd30#api
10000026,78,20240823,-2,Rate24,分期乐,dpd,3,30,3,mob3_dpd30,api,分期乐#mob3_dpd30#api
10000026,78,20240823,0,Rate36,美团月付,dpd,6,30,6,mob6_dpd30,api,美团月付#mob6_dpd30#api
10000026,79,20250406,-2,Rate24,零钱罐,dpd,3,60,3,mob3_dpd60,小程序,零钱罐#mob3_dpd60#小程序
10000026,80,20250713,0,Rate24,零钱罐,dpd,6,30,6,mob6_dpd30,小程序,零钱罐#mob6_dpd30#小程序
10000027,81,20260113,0,Rate24,零钱罐,dpd,9,60,9,mob9_dpd60,小程序,零钱罐#mob9_dpd60#小程序
10000027,81,20260113,0,Bank,微众银行,fpd,,60,,fpd60,api,微众银行#fpd60#api
10000027,81,20260113,0,Bank,微众银行,fpd,,60,,fpd60,api,微众银行#fpd60#api
10000027,82,20250123,0,Rate24,分期乐,dpd,6,60,6,mob6_dpd60,小程序,分期乐#mob6_dpd60#小程序
10000027,83,20240608,0,Bank,微众银行,fpd,,30,,fpd30,api,微众银行#fpd30#api
10000027,83,20240608,-2,Rate24,零钱罐,dpd,9,30,9,mob9_dpd30,小程序,零钱罐#mob9_dpd30#小程序
10000027,83,20240608,0,Bank,微众银行,dpd,3,30,3,mob3_dpd30,京东白条,微众银行#mob3_dpd30#京东白条
10000028,84,20251007,0,Rate24,零钱罐,fpd,,30,,fpd30,小程序,零钱罐#fpd30#小程序
10000028,84,20251007,0,Bank,百信银行,dpd,3,30,3,mob3_dpd30,京东白条,百信银行#mob3_dpd30#京东白条
10000028,84,20251007,0,Bank,百信银行,dpd,3,60,3,mob3_dpd60,api,百信银行#mob3_dpd60#api
10000028,85,20250610,0,Rate36,拍拍贷,dpd,3,60,3,mob3_dpd60,h5,拍拍贷#mob3_dpd60#h5
10000028,85,20250610,1,Bank,微众银行,dpd,9,30,9,mob9_dpd30,api,微众银行#mob9_dpd30#api
10000028,85,20250610,0,Rate36,拍拍贷,fpd,,30,,fpd30,h5,拍拍贷#fpd30#h5
10000028,86,20250711,1,Rate24,零钱罐,dpd,12,60,12,mob12_dpd60,小程序,零钱罐#mob12_dpd60#小程序
10000028,86,20250711,0,Bank,微众银行,dpd,9,30,9,mob9_dpd30,api,微众银行#mob9_dpd30#api
10000029,87,20240506,1,Bank,百信银行,dpd,3,60,3,mob3_dpd60,京东白条,百信银行#mob3_dpd60#京东白条
10000029,87,20240506,0,Rate24,零钱罐,fpd,,30,,fpd30,api,零钱罐#fpd30#api
10000029,87,20240506,0,Bank,微众银行,fpd,,30,,fpd30,api,微众银行#fpd30#api
10000029,88,20241005,0,Rate36,美团月付,dpd,6,30,6,mob6_dpd30,h5,美团月付#mob6_dpd30#h5
10000029,88,20241005,0,Rate36,拍拍贷,dpd,9,60,9,mob9_dpd60,h5,拍拍贷#mob9_dpd60#h5
10000029,89,20250907,0,Rate36,美团月付,fpd,,60,,fpd60,h5,美团月付#fpd60#h5
10000030,90,20251014,0,Rate24,分期乐,dpd,12,30,12,mob12_dpd30,小程序,分期乐#mob12_dpd30#小程序
10000030,91,20250110,0,Rate24,零钱罐,dpd,3,30,3,mob3_dpd30,小程序,零钱罐#mob3_dpd30#小程序
10000030,91,20250110,0,Bank,微众银行,dpd,3,30,3,mob3_dpd30,京东白条,微众银行#mob3_dpd30#京东白条
10000030,92,20251011,0,Rate24,分期乐,fpd,,30,,fpd30,小程序,分期乐#fpd30#小程序
10000031,93,20251121,0,Rate24,零钱罐,dpd,3,30,3,mob3_dpd30,小程序,零钱罐#mob3_dpd30#小程序
10000031,94,20241207,0,Rate36,拍拍贷,dpd,9,60,9,mob9_dpd60,api,拍拍贷#mob9_dpd60#api
10000031,95,20251226,0,Rate36,拍拍贷,fpd,,60,,fpd60,api,拍拍贷#fpd60#api
10000032,96,20240922,0,Bank,微众银行,dpd,6,60,6,mob6_dpd60,api,微众银行#mob6_dpd60#api
10000032,97,20240805,0,Rate24,分期乐,dpd,12,30,12,mob12_dpd30,小程序,分期乐#mob12_dpd30#小程序
10000032,98,20250709,0,Bank,百信银行,dpd,12,30,12,mob12_dpd30,api,百信银行#mob12_dpd30#api
10000032,98,20250709,0,Bank,微众银行,dpd,6,30,6,mob6_dpd30,京东白条,微众银行#mob6_dpd30#京东白条
10000033,99,20250606,1,Bank,微众银行,fpd,,30,,fpd30,京东白条,微众银行#fpd30#京东白条
10000033,99,20250606,0,Rate24,零钱罐,dpd,6,30,6,mob6_dpd30,api,零钱罐#mob6_dpd30#api
10000033,99,20250606,0,Bank,百信银行,dpd,6,60,6,mob6_dpd60,api,百信银行#mob6_dpd60#api
10000033,100,20240608,0,Rate36,拍拍贷,dpd,6,60,6,mob6_dpd60,api,拍拍贷#mob6_dpd60#api
10000033,100,20240608,0,Rate24,分期乐,dpd,3,30,3,mob3_dpd30,小程序,分期乐#mob3_dpd30#小程序
10000033,100,20240608,0,Rate24,分期乐,dpd,3,30,3,mob3_dpd30,api,分期乐#mob3_dpd30#api
10000033,101,20251011,0,Rate24,零钱罐,dpd,6,30,6,mob6_dpd30,api,零钱罐#mob6_dpd30#api
10000033,101,20251011,0,Rate36,拍拍贷,fpd,,30,,fpd30,h5,拍拍贷#fpd30#h5
10000034,102,20240704,0,Rate36,美团月付,dpd,9,30,9,mob9_dpd30,h5,美团月付#mob9_dpd30#h5
10000034,102,20240704,0,Bank,百信银行,dpd,9,30,9,mob9_dpd30,京东白条,百信银行#mob9_dpd30#京东白条
10000034,103,20251001,0,Bank,百信银行,dpd,6,30,6,mob6_dpd30,京东白条,百信银行#mob6_dpd30#京东白条
10000034,103,20251001,1,Rate24,零钱罐,dpd,12,30,12,mob12_dpd30,api,零钱罐#mob12_dpd30#api
10000034,103,20251001,0,Bank,百信银行,dpd,3,30,3,mob3_dpd30,api,百信银行#mob3_dpd30#api
10000034,104,20240313,0,Rate36,美团月付,dpd,12,30,12,mob12_dpd30,api,美团月付#mob12_dpd30#api
10000034,104,20240313,0,Rate36,拍拍贷,fpd,,30,,fpd30,h5,拍拍贷#fpd30#h5
10000035,105,20251020,0,Rate24,分期乐,dpd,6,30,6,mob6_dpd30,小程序,分期乐#mob6_dpd30#小程序
10000035,105,20251020,-2,Bank,微众银行,dpd,9,30,9,mob9_dpd30,api,微众银行#mob9_dpd30#api
10000035,105,20251020,0,Rate24,分期乐,dpd,3,30,3,mob3_dpd30,api,分期乐#mob3_dpd30#api
10000035,106,20250909,0,Bank,微众银行,dpd,9,30,9,mob9_dpd30,api,微众银行#mob9_dpd30#api
10000035,106,20250909,0,Rate24,分期乐,dpd,6,30,6,mob6_dpd30,api,分期乐#mob6_dpd30#api
10000035,106,20250909,0,Bank,百信银行,dpd,3,60,3,mob3_dpd60,api,百信银行#mob3_dpd60#api
10000035,107,20250925,0,Bank,百信银行,dpd,3,30,3,mob3_dpd30,api,百信银行#mob3_dpd30#api
10000035,107,20250925,0,Rate36,拍拍贷,dpd,3,30,3,mob3_dpd30,api,拍拍贷#mob3_dpd30#api
10000036,108,20250611,1,Rate24,零钱罐,dpd,6,60,6,mob6_dpd60,api,零钱罐#mob6_dpd60#api
10000036,108,20250611,0,Bank,百信银行,fpd,,60,,fpd60,京东白条,百信银行#fpd60#京东白条
10000036,108,20250611,0,Rate24,分期乐,fpd,,60,,fpd60,小程序,分期乐#fpd60#小程序
10000036,109,20250226,0,Rate36,美团月付,dpd,3,30,3,mob3_dpd30,h5,美团月付#mob3_dpd30#h5
10000036,109,20250226,-2,Rate36,拍拍贷,dpd,12,60,12,mob12_dpd60,h5,拍拍贷#mob12_dpd60#h5
10000036,109,20250226,0,Rate36,美团月付,dpd,3,60,3,mob3_dpd60,h5,美团月付#mob3_dpd60#h5
10000036,110,20250707,0,Rate36,拍拍贷,dpd,3,60,3,mob3_dpd60,api,拍拍贷#mob3_dpd60#api
10000036,110,20250707,0,Rate24,分期乐,fpd,,60,,fpd60,api,分期乐#fpd60#api
10000036,110,20250707,0,Rate24,分期乐,dpd,3,30,3,mob3_dpd30,api,分期乐#mob3_dpd30#api
10000037,111,20240916,0,Bank,微众银行,dpd,6,30,6,mob6_dpd30,京东白条,微众银行#mob6_dpd30#京东白条
10000037,111,20240916,0,Rate36,美团月付,dpd,12,30,12,mob12_dpd30,h5,美团月付#mob12_dpd30#h5
10000037,111,20240916,0,Bank,百信银行,dpd,3,30,3,mob3_dpd30,api,百信银行#mob3_dpd30#api
10000037,112,20250922,0,Rate36,拍拍贷,dpd,12,30,12,mob12_dpd30,h5,拍拍贷#mob12_dpd30#h5
10000037,112,20250922,0,Rate24,零钱罐,dpd,3,60,3,mob3_dpd60,api,零钱罐#mob3_dpd60#api
10000037,112,20250922,0,Bank,百信银行,dpd,9,30,9,mob9_dpd30,京东白条,百信银行#mob9_dpd30#京东白条
10000037,113,20250402,0,Rate24,分期乐,dpd,6,60,6,mob6_dpd60,api,分期乐#mob6_dpd60#api
10000037,113,20250402,-2,Rate24,零钱罐,dpd,9,30,9,mob9_dpd30,api,零钱罐#mob9_dpd30#api
10000038,114,20250227,0,Rate36,美团月付,dpd,12,60,12,mob12_dpd60,h5,美团月付#mob12_dpd60#h5
10000038,114,20250227,0,Rate36,美团月付,dpd,9,30,9,mob9_dpd30,h5,美团月付#mob9_dpd30#h5
10000038,115,20250311,0,Rate36,美团月付,dpd,6,30,6,mob6_dpd30,h5,美团月付#mob6_dpd30#h5
10000038,115,20250311,0,Rate24,零钱罐,dpd,6,30,6,mob6_dpd30,api,零钱罐#mob6_dpd30#api
10000038,115,20250311,0,Rate36,美团月付,dpd,3,60,3,mob3_dpd60,api,美团月付#mob3_dpd60#api
10000038,116,20250414,0,Bank,微众银行,dpd,3,30,3,mob3_dpd30,api,微众银行#mob3_dpd30#api
10000038,116,20250414,0,Rate24,分期乐,fpd,,30,,fpd30,小程序,分期乐#fpd30#小程序
10000038,116,20250414,-2,Bank,百信银行,dpd,6,30,6,mob6_dpd30,京东白条,百信银行#mob6_dpd30#京东白条
10000039,117,20240318,0,Rate24,分期乐,dpd,6,60,6,mob6_dpd60,小程序,分期乐#mob6_dpd60#小程序
10000039,117,20240318,0,Bank,微众银行,dpd,9,60,9,mob9_dpd60,api,微众银行#mob9_dpd60#api
10000039,118,20240619,0,Rate36,拍拍贷,dpd,3,60,3,mob3_dpd60,h5,拍拍贷#mob3_dpd60#h5
10000039,118,20240619,0,Rate36,美团月付,dpd,9,60,9,mob9_dpd60,api,美团月付#mob9_dpd60#api
10000039,119,20240801,1,Rate24,分期乐,dpd,9,30,9,mob9_dpd30,api,分期乐#mob9_dpd30#api
10000039,119,20240801,0,Rate36,美团月付,dpd,12,30,12,mob12_dpd30,h5,美团月付#mob12_dpd30#h5
10000040,120,20240525,0,Rate36,拍拍贷,dpd,3,60,3,mob3_dpd60,h5,拍拍贷#mob3_dpd60#h5
10000040,121,20250118,0,Rate24,分期乐,dpd,3,60,3,mob3_dpd60,api,分期乐#mob3_dpd60#api
10000040,122,20250728,0,Rate24,零钱罐,fpd,,60,,fpd60,小程序,零钱罐#fpd60#小程序
10000040,122,20250728,0,Rate36,美团月付,fpd,,60,,fpd60,api,美团月付#fpd60#api
10000041,123,20250614,0,Rate24,分期乐,dpd,6,30,6,mob6_dpd30,小程序,分期乐#mob6_dpd30#小程序
10000041,124,20250218,1,Rate24,分期乐,dpd,12,60,12,mob12_dpd60,小程序,分期乐#mob12_dpd60#小程序
10000041,125,20251113,0,Rate36,美团月付,fpd,,60,,fpd60,h5,美团月付#fpd60#h5
10000041,125,20251113,0,Bank,微众银行,fpd,,30,,fpd30,api,微众银行#fpd30#api
10000041,125,20251113,0,Rate24,零钱罐,dpd,6,30,6,mob6_dpd30,小程序,零钱罐#mob6_dpd30#小程序
10000042,126,20250425,1,Rate36,拍拍贷,dpd,9,60,9,mob9_dpd60,api,拍拍贷#mob9_dpd60#api
10000042,127,20240424,-2,Rate24,零钱罐,dpd,12,30,12,mob12_dpd30,api,零钱罐#mob12_dpd30#api
10000042,128,20250926,0,Rate24,分期乐,dpd,9,60,9,mob9_dpd60,api,分期乐#mob9_dpd60#api
10000042,128,20250926,0,Rate36,美团月付,dpd,6,30,6,mob6_dpd30,api,美团月付#mob6_dpd30#api
10000043,129,20250415,0,Rate36,拍拍贷,dpd,12,60,12,mob12_dpd60,api,拍拍贷#mob12_dpd60#api
10000043,129,20250415,0,Rate24,零钱罐,dpd,12,30,12,mob12_dpd30,小程序,零钱罐#mob12_dpd30#小程序
10000043,129,20250415,1,Rate24,分期乐,dpd,9,60,9,mob9_dpd60,api,分期乐#mob9_dpd60#api
10000043,130,20250623,1,Rate36,拍拍贷,dpd,9,60,9,mob9_dpd60,h5,拍拍贷#mob9_dpd60#h5
10000043,130,20250623,-2,Rate24,分期乐,dpd,6,30,6,mob6_dpd30,小程序,分期乐#mob6_dpd30#小程序
10000043,131,20250411,0,Bank,微众银行,dpd,12,30,12,mob12_dpd30,京东白条,微众银行#mob12_dpd30#京东白条
10000043,131,20250411,0,Rate36,美团月付,fpd,,30,,fpd30,api,美团月付#fpd30#api
10000043,131,20250411,0,Rate24,分期乐,fpd,,30,,fpd30,api,分期乐#fpd30#api
10000044,132,20250413,0,Bank,微众银行,dpd,12,30,12,mob12_dpd30,京东白条,微众银行#mob12_dpd30#京东白条
10000044,133,20240522,0,Bank,微众银行,fpd,,60,,fpd60,京东白条,微众银行#fpd60#京东白条
10000044,133,20240522,0,Rate24,零钱罐,dpd,9,30,9,mob9_dpd30,api,零钱罐#mob9_dpd30#api
10000044,134,20250403,0,Rate36,美团月付,dpd,6,60,6,mob6_dpd60,h5,美团月付#mob6_dpd60#h5
10000045,135,20251020,0,Rate36,拍拍贷,fpd,,60,,fpd60,h5,拍拍贷#fpd60#h5
10000045,136,20241001,0,Rate24,零钱罐,dpd,12,60,12,mob12_dpd60,小程序,零钱罐#mob12_dpd60#小程序
10000045,137,20250517,0,Rate36,拍拍贷,dpd,6,30,6,mob6_dpd30,api,拍拍贷#mob6_dpd30#api
10000045,137,20250517,0,Rate24,分期乐,fpd,,60,,fpd60,小程序,分期乐#fpd60#小程序
10000045,137,20250517,0,Bank,百信银行,dpd,12,30,12,mob12_dpd30,api,百信银行#mob12_dpd30#api
10000046,138,20240314,1,Rate24,零钱罐,fpd,,60,,fpd60,小程序,零钱罐#fpd60#小程序
10000046,138,20240314,0,Bank,微众银行,dpd,3,30,3,mob3_dpd30,京东白条,微众银行#mob3_dpd30#京东白条
10000046,138,20240314,0,Bank,微众银行,dpd,6,30,6,mob6_dpd30,京东白条,微众银行#mob6_dpd30#京东白条
10000046,139,20241114,1,Rate36,美团月付,dpd,12,30,12,mob12_dpd30,h5,美团月付#mob12_dpd30#h5
10000046,139,20241114,0,Rate24,分期乐,dpd,6,30,6,mob6_dpd30,小程序,分期乐#mob6_dpd30#小程序
10000046,139,20241114,0,Bank,微众银行,dpd,3,60,3,mob3_dpd60,京东白条,微众银行#mob3_dpd60#京东白条
10000046,140,20250114,0,Bank,微众银行,dpd,3,60,3,mob3_dpd60,api,微众银行#mob3_dpd60#api
10000046,140,20250114,0,Rate24,零钱罐,dpd,9,60,9,mob9_dpd60,小程序,零钱罐#mob9_dpd60#小程序
10000046,140,20250114,0,Rate24,零钱罐,fpd,,60,,fpd60,小程序,零钱罐#fpd60#小程序
10000047,141,20260214,0,Bank,微众银行,fpd,,30,,fpd30,api,微众银行#fpd30#api
10000047,141,20260214,1,Bank,微众银行,dpd,3,60,3,mob3_dpd60,京东白条,微众银行#mob3_dpd60#京东白条
10000047,141,20260214,0,Bank,微众银行,fpd,,30,,fpd30,api,微众银行#fpd30#api
10000047,142,20240812,0,Rate24,分期乐,dpd,6,60,6,mob6_dpd60,小程序,分期乐#mob6_dpd60#小程序
10000047,143,20240913,0,Rate24,零钱罐,dpd,9,60,9,mob9_dpd60,api,零钱罐#mob9_dpd60#api
10000047,143,20240913,0,Bank,微众银行,dpd,3,60,3,mob3_dpd60,京东白条,微众银行#mob3_dpd60#京东白条
10000048,144,20241216,0,Bank,百信银行,fpd,,30,,fpd30,api,百信银行#fpd30#api
10000048,144,20241216,1,Rate24,分期乐,dpd,12,30,12,mob12_dpd30,小程序,分期乐#mob12_dpd30#小程序
10000048,145,20260222,0,Rate36,拍拍贷,dpd,3,30,3,mob3_dpd30,api,拍拍贷#mob3_dpd30#api
10000048,145,20260222,0,Rate24,分期乐,dpd,9,60,9,mob9_dpd60,api,分期乐#mob9_dpd60#api
10000048,145,20260222,0,Rate24,分期乐,dpd,3,30,3,mob3_dpd30,小程序,分期乐#mob3_dpd30#小程序
10000048,146,20251116,0,Rate36,拍拍贷,dpd,9,60,9,mob9_dpd60,api,拍拍贷#mob9_dpd60#api
10000048,146,20251116,0,Rate36,美团月付,dpd,9,30,9,mob9_dpd30,api,美团月付#mob9_dpd30#api
10000049,147,20240318,0,Rate36,美团月付,dpd,3,60,3,mob3_dpd60,api,美团月付#mob3_dpd60#api
10000049,147,20240318,0,Rate24,零钱罐,dpd,12,60,12,mob12_dpd60,api,零钱罐#mob12_dpd60#api
10000049,147,20240318,0,Bank,百信银行,dpd,12,60,12,mob12_dpd60,api,百信银行#mob12_dpd60#api
10000049,148,20240824,0,Rate36,美团月付,dpd,12,30,12,mob12_dpd30,api,美团月付#mob12_dpd30#api
10000049,148,20240824,0,Bank,百信银行,dpd,12,30,12,mob12_dpd30,api,百信银行#mob12_dpd30#api
10000049,148,20240824,0,Bank,微众银行,dpd,3,30,3,mob3_dpd30,京东白条,微众银行#mob3_dpd30#京东白条
10000049,149,20251028,0,Bank,微众银行,dpd,9,30,9,mob9_dpd30,京东白条,微众银行#mob9_dpd30#京东白条
10000049,149,20251028,0,Rate24,分期乐,dpd,9,60,9,mob9_dpd60,api,分期乐#mob9_dpd60#api
10000049,149,20251028,0,Rate36,拍拍贷,dpd,9,60,9,mob9_dpd60,api,拍拍贷#mob9_dpd60#api
10000050,150,20240404,0,Rate36,拍拍贷,dpd,6,30,6,mob6_dpd30,api,拍拍贷#mob6_dpd30#api
10000050,151,20251120,0,Rate36,拍拍贷,fpd,,60,,fpd60,h5,拍拍贷#fpd60#h5
10000050,151,20251120,0,Rate24,分期乐,fpd,,30,,fpd30,api,分期乐#fpd30#api
10000050,151,20251120,0,Rate36,美团月付,fpd,,30,,fpd30,api,美团月付#fpd30#api
10000050,152,20240907,1,Rate36,拍拍贷,dpd,3,60,3,mob3_dpd60,h5,拍拍贷#mob3_dpd60#h5
10000050,152,20240907,0,Rate24,零钱罐,dpd,9,60,9,mob9_dpd60,小程序,零钱罐#mob9_dpd60#小程序
10000051,153,20260106,0,Rate36,美团月付,dpd,3,30,3,mob3_dpd30,api,美团月付#mob3_dpd30#api
10000051,153,20260106,1,Bank,百信银行,dpd,9,30,9,mob9_dpd30,api,百信银行#mob9_dpd30#api
10000051,153,20260106,0,Rate24,分期乐,dpd,3,30,3,mob3_dpd30,api,分期乐#mob3_dpd30#api
10000051,154,20241023,0,Rate36,拍拍贷,dpd,3,30,3,mob3_dpd30,h5,拍拍贷#mob3_dpd30#h5
10000051,155,20250102,0,Rate36,拍拍贷,dpd,9,30,9,mob9_dpd30,h5,拍拍贷#mob9_dpd30#h5
10000051,155,20250102,0,Bank,微众银行,dpd,3,30,3,mob3_dpd30,京东白条,微众银行#mob3_dpd30#京东白条
10000052,156,20250624,0,Rate36,美团月付,dpd,6,30,6,mob6_dpd30,h5,美团月付#mob6_dpd30#h5
10000052,156,20250624,1,Rate36,美团月付,dpd,6,60,6,mob6_dpd60,h5,美团月付#mob6_dpd60#h5
10000052,157,20240622,0,Rate24,分期乐,dpd,6,60,6,mob6_dpd60,小程序,分期乐#mob6_dpd60#小程序
10000052,157,20240622,0,Rate36,拍拍贷,dpd,3,60,3,mob3_dpd60,api,拍拍贷#mob3_dpd60#api
10000052,158,20250428,0,Rate36,拍拍贷,dpd,3,30,3,mob3_dpd30,api,拍拍贷#mob3_dpd30#api
10000052,158,20250428,0,Bank,微众银行,fpd,,60,,fpd60,京东白条,微众银行#fpd60#京东白条
10000053,159,20250319,0,Rate36,拍拍贷,dpd,9,30,9,mob9_dpd30,api,拍拍贷#mob9_dpd30#api
10000053,159,20250319,0,Bank,百信银行,dpd,6,30,6,mob6_dpd30,api,百信银行#mob6_dpd30#api
10000053,160,20250925,0,Rate24,分期乐,dpd,6,30,6,mob6_dpd30,小程序,分期乐#mob6_dpd30#小程序
10000053,160,20250925,0,Rate24,零钱罐,dpd,3,30,3,mob3_dpd30,api,零钱罐#mob3_dpd30#api
10000053,161,20260204,0,Rate24,零钱罐,dpd,6,60,6,mob6_dpd60,api,零钱罐#mob6_dpd60#api
10000053,161,20260204,0,Rate24,分期乐,dpd,3,30,3,mob3_dpd30,api,分期乐#mob3_dpd30#api
10000053,161,20260204,0,Rate24,分期乐,dpd,9,30,9,mob9_dpd30,api,分期乐#mob9_dpd30#api
10000054,162,20250625,0,Rate36,拍拍贷,dpd,12,30,12,mob12_dpd30,api,拍拍贷#mob12_dpd30#api
10000054,162,20250625,0,Rate36,美团月付,dpd,9,30,9,mob9_dpd30,api,美团月付#mob9_dpd30#api
10000054,163,20241205,1,Rate36,拍拍贷,dpd,9,30,9,mob9_dpd30,h5,拍拍贷#mob9_dpd30#h5
10000054,163,20241205,0,Rate36,拍拍贷,fpd,,30,,fpd30,h5,拍拍贷#fpd30#h5
10000054,164,20241209,-2,Bank,百信银行,fpd,,60,,fpd60,api,百信银行#fpd60#api
10000054,164,20241209,0,Rate36,美团月付,dpd,3,60,3,mob3_dpd60,api,美团月付#mob3_dpd60#api
10000054,164,20241209,0,Bank,微众银行,fpd,,30,,fpd30,京东白条,微众银行#fpd30#京东白条
10000055,165,20250104,0,Rate36,拍拍贷,dpd,6,30,6,mob6_dpd30,api,拍拍贷#mob6_dpd30#api
10000055,165,20250104,0,Rate36,拍拍贷,dpd,12,30,12,mob12_dpd30,h5,拍拍贷#mob12_dpd30#h5
10000055,165,20250104,0,Rate36,拍拍贷,dpd,6,60,6,mob6_dpd60,api,拍拍贷#mob6_dpd60#api
10000055,166,20251012,0,Bank,微众银行,dpd,3,60,3,mob3_dpd60,api,微众银行#mob3_dpd60#api
10000055,166,20251012,0,Rate36,拍拍贷,dpd,3,30,3,mob3_dpd30,api,拍拍贷#mob3_dpd30#api
10000055,166,20251012,0,Rate36,拍拍贷,dpd,9,60,9,mob9_dpd60,api,拍拍贷#mob9_dpd60#api
10000055,167,20241021,1,Bank,百信银行,dpd,3,60,3,mob3_dpd60,京东白条,百信银行#mob3_dpd60#京东白条
10000056,168,20240708,0,Bank,百信银行,fpd,,30,,fpd30,京东白条,百信银行#fpd30#京东白条
10000056,169,20241124,0,Bank,百信银行,fpd,,30,,fpd30,京东白条,百信银行#fpd30#京东白条
10000056,170,20240317,0,Bank,百信银行,dpd,12,30,12,mob12_dpd30,京东白条,百信银行#mob12_dpd30#京东白条
10000057,171,20240518,0,Rate36,拍拍贷,dpd,6,60,6,mob6_dpd60,api,拍拍贷#mob6_dpd60#api
10000057,171,20240518,0,Rate24,零钱罐,dpd,6,30,6,mob6_dpd30,小程序,零钱罐#mob6_dpd30#小程序
10000057,172,20240527,1,Rate36,拍拍贷,dpd,9,30,9,mob9_dpd30,api,拍拍贷#mob9_dpd30#api
10000057,172,20240527,1,Bank,微众银行,dpd,9,60,9,mob9_dpd60,京东白条,微众银行#mob9_dpd60#京东白条
10000057,173,20250913,0,Rate24,零钱罐,dpd,12,60,12,mob12_dpd60,小程序,零钱罐#mob12_dpd60#小程序
10000057,173,20250913,0,Rate24,零钱罐,fpd,,30,,fpd30,小程序,零钱罐#fpd30#小程序
10000057,173,20250913,-2,Rate24,分期乐,dpd,3,60,3,mob3_dpd60,小程序,分期乐#mob3_dpd60#小程序
10000058,174,20250810,0,Rate24,分期乐,dpd,3,60,3,mob3_dpd60,小程序,分期乐#mob3_dpd60#小程序
10000058,174,20250810,-2,Bank,百信银行,fpd,,60,,fpd60,api,百信银行#fpd60#api
10000058,175,20250728,0,Bank,百信银行,dpd,12,60,12,mob12_dpd60,api,百信银行#mob12_dpd60#api
10000058,176,20250216,0,Rate36,美团月付,dpd,12,60,12,mob12_dpd60,api,美团月付#mob12_dpd60#api
10000058,176,20250216,-2,Rate24,分期乐,dpd,6,60,6,mob6_dpd60,api,分期乐#mob6_dpd60#api
10000058,176,20250216,0,Bank,百信银行,dpd,3,60,3,mob3_dpd60,api,百信银行#mob3_dpd60#api
10000059,177,20250818,1,Rate24,分期乐,dpd,9,60,9,mob9_dpd60,小程序,分期乐#mob9_dpd60#小程序
10000059,178,20240609,0,Rate24,分期乐,fpd,,30,,fpd30,api,分期乐#fpd30#api
10000059,178,20240609,0,Rate36,拍拍贷,dpd,9,60,9,mob9_dpd60,h5,拍拍贷#mob9_dpd60#h5
10000059,179,20251207,0,Bank,微众银行,fpd,,30,,fpd30,api,微众银行#fpd30#api
10000060,180,20250305,0,Rate36,美团月付,dpd,12,60,12,mob12_dpd60,h5,美团月付#mob12_dpd60#h5
10000060,181,20260107,0,Bank,百信银行,dpd,3,30,3,mob3_dpd30,api,百信银行#mob3_dpd30#api
10000060,181,20260107,0,Rate24,零钱罐,fpd,,30,,fpd30,api,零钱罐#fpd30#api
10000060,181,20260107,-2,Bank,百信银行,fpd,,30,,fpd30,京东白条,百信银行#fpd30#京东白条
10000060,182,20240606,0,Rate36,美团月付,dpd,3,30,3,mob3_dpd30,h5,美团月付#mob3_dpd30#h5
10000060,182,20240606,0,Rate36,拍拍贷,dpd,6,60,6,mob6_dpd60,api,拍拍贷#mob6_dpd60#api
10000061,183,20250221,0,Rate24,零钱罐,fpd,,30,,fpd30,api,零钱罐#fpd30#api
10000061,184,20250702,0,Rate36,拍拍贷,dpd,3,60,3,mob3_dpd60,h5,拍拍贷#mob3_dpd60#h5
10000061,184,20250702,1,Rate24,分期乐,dpd,12,30,12,mob12_dpd30,api,分期乐#mob12_dpd30#api
10000061,185,20250218,0,Rate24,分期乐,dpd,12,60,12,mob12_dpd60,小程序,分期乐#mob12_dpd60#小程序
10000061,185,20250218,0,Bank,微众银行,dpd,3,30,3,mob3_dpd30,京东白条,微众银行#mob3_dpd30#京东白条
10000062,186,20250127,0,Rate36,美团月付,fpd,,30,,fpd30,h5,美团月付#fpd30#h5
10000062,186,20250127,0,Rate36,美团月付,dpd,9,60,9,mob9_dpd60,h5,美团月付#mob9_dpd60#h5
10000062,186,20250127,1,Rate24,零钱罐,dpd,6,30,6,mob6_dpd30,小程序,零钱罐#mob6_dpd30#小程序
10000062,187,20240622,0,Rate36,拍拍贷,dpd,12,60,12,mob12_dpd60,h5,拍拍贷#mob12_dpd60#h5
10000062,187,20240622,0,Bank,百信银行,dpd,3,30,3,mob3_dpd30,api,百信银行#mob3_dpd30#api
10000062,187,20240622,0,Rate36,美团月付,dpd,9,60,9,mob9_dpd60,api,美团月付#mob9_dpd60#api
10000062,188,20241212,0,Rate24,零钱罐,dpd,12,30,12,mob12_dpd30,小程序,零钱罐#mob12_dpd30#小程序
10000062,188,20241212,0,Rate24,零钱罐,dpd,6,60,6,mob6_dpd60,api,零钱罐#mob6_dpd60#api
10000063,189,20240802,0,Rate36,拍拍贷,fpd,,30,,fpd30,api,拍拍贷#fpd30#api
10000063,189,20240802,1,Rate36,美团月付,dpd,12,30,12,mob12_dpd30,api,美团月付#mob12_dpd30#api
10000063,189,20240802,0,Bank,微众银行,dpd,6,30,6,mob6_dpd30,api,微众银行#mob6_dpd30#api
10000063,190,20241024,0,Rate24,零钱罐,dpd,6,30,6,mob6_dpd30,api,零钱罐#mob6_dpd30#api
10000063,190,20241024,0,Bank,百信银行,fpd,,30,,fpd30,京东白条,百信银行#fpd30#京东白条
10000063,190,20241024,0,Bank,微众银行,dpd,12,60,12,mob12_dpd60,api,微众银行#mob12_dpd60#api
10000063,191,20250701,0,Bank,百信银行,dpd,6,60,6,mob6_dpd60,京东白条,百信银行#mob6_dpd60#京东白条
10000063,191,20250701,0,Rate24,零钱罐,dpd,12,30,12,mob12_dpd30,小程序,零钱罐#mob12_dpd30#小程序
10000064,192,20250620,0,Rate36,拍拍贷,dpd,12,30,12,mob12_dpd30,h5,拍拍贷#mob12_dpd30#h5
10000064,192,20250620,0,Rate24,零钱罐,dpd,12,60,12,mob12_dpd60,api,零钱罐#mob12_dpd60#api
10000064,192,20250620,0,Rate24,分期乐,fpd,,30,,fpd30,小程序,分期乐#fpd30#小程序
10000064,193,20250519,0,Rate36,美团月付,dpd,9,30,9,mob9_dpd30,h5,美团月付#mob9_dpd30#h5
10000064,193,20250519,0,Bank,微众银行,dpd,6,30,6,mob6_dpd30,京东白条,微众银行#mob6_dpd30#京东白条
10000064,194,20241106,0,Bank,百信银行,dpd,6,30,6,mob6_dpd30,api,百信银行#mob6_dpd30#api
10000065,195,20260221,0,Rate36,拍拍贷,fpd,,60,,fpd60,api,拍拍贷#fpd60#api
10000065,195,20260221,0,Bank,百信银行,fpd,,30,,fpd30,api,百信银行#fpd30#api
10000065,195,20260221,0,Rate36,拍拍贷,dpd,3,30,3,mob3_dpd30,h5,拍拍贷#mob3_dpd30#h5
10000065,196,20240505,-2,Rate24,零钱罐,dpd,6,60,6,mob6_dpd60,小程序,零钱罐#mob6_dpd60#小程序
10000065,196,20240505,1,Rate36,美团月付,dpd,12,30,12,mob12_dpd30,h5,美团月付#mob12_dpd30#h5
10000065,197,20241107,1,Rate36,拍拍贷,dpd,9,60,9,mob9_dpd60,h5,拍拍贷#mob9_dpd60#h5
10000065,197,20241107,-2,Rate24,分期乐,fpd,,30,,fpd30,小程序,分期乐#fpd30#小程序
10000066,198,20240523,0,Bank,百信银行,dpd,9,30,9,mob9_dpd30,京东白条,百信银行#mob9_dpd30#京东白条
10000066,199,20241128,0,Bank,百信银行,dpd,9,30,9,mob9_dpd30,京东白条,百信银行#mob9_dpd30#京东白条
10000066,200,20260208,0,Rate36,美团月付,dpd,3,60,3,mob3_dpd60,h5,美团月付#mob3_dpd60#h5
10000067,201,20241126,0,Bank,百信银行,dpd,12,30,12,mob12_dpd30,api,百信银行#mob12_dpd30#api
10000067,201,20241126,1,Rate24,零钱罐,dpd,12,30,12,mob12_dpd30,api,零钱罐#mob12_dpd30#api
10000067,201,20241126,0,Rate24,分期乐,dpd,9,60,9,mob9_dpd60,api,分期乐#mob9_dpd60#api
10000067,202,20251226,0,Bank,百信银行,dpd,3,30,3,mob3_dpd30,api,百信银行#mob3_dpd30#api
10000067,202,20251226,1,Rate36,拍拍贷,fpd,,30,,fpd30,h5,拍拍贷#fpd30#h5
10000067,202,20251226,0,Rate36,美团月付,dpd,12,30,12,mob12_dpd30,api,美团月付#mob12_dpd30#api
10000067,203,20250222,0,Bank,微众银行,dpd,6,60,6,mob6_dpd60,api,微众银行#mob6_dpd60#api
10000067,203,20250222,0,Bank,微众银行,dpd,3,60,3,mob3_dpd60,api,微众银行#mob3_dpd60#api
10000067,203,20250222,1,Rate24,零钱罐,dpd,12,30,12,mob12_dpd30,api,零钱罐#mob12_dpd30#api
10000068,204,20250704,0,Rate24,分期乐,dpd,9,30,9,mob9_dpd30,小程序,分期乐#mob9_dpd30#小程序
10000068,204,20250704,0,Rate24,零钱罐,dpd,9,60,9,mob9_dpd60,小程序,零钱罐#mob9_dpd60#小程序
10000068,204,20250704,-2,Rate36,拍拍贷,dpd,9,30,9,mob9_dpd30,h5,拍拍贷#mob9_dpd30#h5
10000068,205,20250109,0,Bank,百信银行,dpd,9,30,9,mob9_dpd30,api,百信银行#mob9_dpd30#api
10000068,205,20250109,0,Rate24,零钱罐,dpd,12,30,12,mob12_dpd30,小程序,零钱罐#mob12_dpd30#小程序
10000068,205,20250109,0,Rate36,美团月付,dpd,12,60,12,mob12_dpd60,h5,美团月付#mob12_dpd60#h5
10000068,206,20240919,0,Bank,微众银行,dpd,12,30,12,mob12_dpd30,京东白条,微众银行#mob12_dpd30#京东白条
10000068,206,20240919,0,Rate24,分期乐,fpd,,60,,fpd60,api,分期乐#fpd60#api
10000069,207,20250928,0,Rate24,零钱罐,fpd,,60,,fpd60,小程序,零钱罐#fpd60#小程序
10000069,208,20260223,1,Rate36,拍拍贷,fpd,,60,,fpd60,h5,拍拍贷#fpd60#h5
10000069,209,20240912,0,Rate36,美团月付,fpd,,60,,fpd60,api,美团月付#fpd60#api
10000070,210,20250907,0,Bank,微众银行,dpd,9,30,9,mob9_dpd30,api,微众银行#mob9_dpd30#api
10000070,211,20240927,1,Rate24,分期乐,dpd,9,30,9,mob9_dpd30,api,分期乐#mob9_dpd30#api
10000070,211,20240927,1,Rate24,零钱罐,dpd,6,30,6,mob6_dpd30,小程序,零钱罐#mob6_dpd30#小程序
10000070,212,20250808,1,Rate36,拍拍贷,fpd,,60,,fpd60,api,拍拍贷#fpd60#api
10000070,212,20250808,1,Rate36,拍拍贷,dpd,6,30,6,mob6_dpd30,api,拍拍贷#mob6_dpd30#api
10000070,212,20250808,0,Bank,微众银行,dpd,9,30,9,mob9_dpd30,api,微众银行#mob9_dpd30#api
10000071,213,20250910,1,Rate24,零钱罐,dpd,3,30,3,mob3_dpd30,api,零钱罐#mob3_dpd30#api
10000071,213,20250910,0,Rate24,零钱罐,dpd,9,30,9,mob9_dpd30,小程序,零钱罐#mob9_dpd30#小程序
10000071,214,20250128,1,Rate24,零钱罐,dpd,9,30,9,mob9_dpd30,小程序,零钱罐#mob9_dpd30#小程序
10000071,214,20250128,0,Bank,微众银行,dpd,6,30,6,mob6_dpd30,京东白条,微众银行#mob6_dpd30#京东白条
10000071,215,20250816,0,Rate36,美团月付,dpd,12,30,12,mob12_dpd30,h5,美团月付#mob12_dpd30#h5
10000071,215,20250816,0,Rate24,分期乐,dpd,9,60,9,mob9_dpd60,小程序,分期乐#mob9_dpd60#小程序
10000071,215,20250816,0,Bank,百信银行,dpd,3,30,3,mob3_dpd30,api,百信银行#mob3_dpd30#api
10000072,216,20240908,0,Rate36,拍拍贷,dpd,9,60,9,mob9_dpd60,h5,拍拍贷#mob9_dpd60#h5
10000072,216,20240908,0,Rate24,零钱罐,fpd,,60,,fpd60,小程序,零钱罐#fpd60#小程序
10000072,216,20240908,0,Bank,百信银行,dpd,6,30,6,mob6_dpd30,api,百信银行#mob6_dpd30#api
10000072,217,20240401,0,Rate24,零钱罐,fpd,,60,,fpd60,小程序,零钱罐#fpd60#小程序
10000072,217,20240401,-2,Rate24,零钱罐,dpd,6,60,6,mob6_dpd60,小程序,零钱罐#mob6_dpd60#小程序
10000072,217,20240401,0,Rate24,分期乐,fpd,,60,,fpd60,小程序,分期乐#fpd60#小程序
10000072,218,20240513,0,Bank,百信银行,dpd,9,30,9,mob9_dpd30,api,百信银行#mob9_dpd30#api
10000072,218,20240513,0,Bank,微众银行,fpd,,60,,fpd60,京东白条,微众银行#fpd60#京东白条
10000073,219,20250128,0,Rate36,拍拍贷,dpd,3,30,3,mob3_dpd30,api,拍拍贷#mob3_dpd30#api
10000073,220,20251213,-2,Bank,微众银行,dpd,6,30,6,mob6_dpd30,京东白条,微众银行#mob6_dpd30#京东白条
10000073,221,20240620,0,Bank,微众银行,dpd,9,30,9,mob9_dpd30,京东白条,微众银行#mob9_dpd30#京东白条
10000073,221,20240620,0,Rate24,零钱罐,dpd,9,60,9,mob9_dpd60,小程序,零钱罐#mob9_dpd60#小程序
10000073,221,20240620,0,Bank,微众银行,dpd,6,30,6,mob6_dpd30,api,微众银行#mob6_dpd30#api
10000074,222,20250108,0,Bank,百信银行,fpd,,30,,fpd30,api,百信银行#fpd30#api
10000074,222,20250108,1,Bank,微众银行,dpd,9,60,9,mob9_dpd60,api,微众银行#mob9_dpd60#api
10000074,222,20250108,0,Bank,百信银行,dpd,3,30,3,mob3_dpd30,京东白条,百信银行#mob3_dpd30#京东白条
10000074,223,20250722,-2,Bank,微众银行,dpd,6,30,6,mob6_dpd30,api,微众银行#mob6_dpd30#api
10000074,224,20240722,0,Rate24,零钱罐,dpd,12,60,12,mob12_dpd60,小程序,零钱罐#mob12_dpd60#小程序
10000074,224,20240722,0,Rate24,分期乐,fpd,,30,,fpd30,小程序,分期乐#fpd30#小程序
10000074,224,20240722,0,Rate24,零钱罐,dpd,6,30,6,mob6_dpd30,api,零钱罐#mob6_dpd30#api
10000075,225,20250818,0,Rate36,美团月付,dpd,3,60,3,mob3_dpd60,h5,美团月付#mob3_dpd60#h5
10000075,226,20241022,0,Rate24,分期乐,fpd,,60,,fpd60,api,分期乐#fpd60#api
10000075,226,20241022,0,Rate24,零钱罐,dpd,12,60,12,mob12_dpd60,api,零钱罐#mob12_dpd60#api
10000075,227,20251017,0,Rate36,拍拍贷,fpd,,30,,fpd30,h5,拍拍贷#fpd30#h5
10000076,228,20250411,0,Bank,百信银行,dpd,12,30,12,mob12_dpd30,京东白条,百信银行#mob12_dpd30#京东白条
10000076,229,20250421,0,Rate36,美团月付,dpd,12,30,12,mob12_dpd30,api,美团月付#mob12_dpd30#api
10000076,230,20240724,0,Rate24,分期乐,dpd,6,30,6,mob6_dpd30,小程序,分期乐#mob6_dpd30#小程序
10000077,231,20250224,0,Rate36,拍拍贷,fpd,,30,,fpd30,api,拍拍贷#fpd30#api
10000077,231,20250224,0,Rate36,美团月付,dpd,6,60,6,mob6_dpd60,api,美团月付#mob6_dpd60#api
10000077,231,20250224,1,Rate36,拍拍贷,dpd,6,30,6,mob6_dpd30,h5,拍拍贷#mob6_dpd30#h5
10000077,232,20251106,0,Bank,百信银行,fpd,,60,,fpd60,京东白条,百信银行#fpd60#京东白条
10000077,232,20251106,0,Rate24,分期乐,dpd,3,30,3,mob3_dpd30,api,分期乐#mob3_dpd30#api
10000077,232,20251106,0,Rate24,零钱罐,dpd,9,30,9,mob9_dpd30,小程序,零钱罐#mob9_dpd30#小程序
10000077,233,20240319,0,Bank,百信银行,dpd,12,30,12,mob12_dpd30,京东白条,百信银行#mob12_dpd30#京东白条
10000077,233,20240319,0,Rate36,美团月付,fpd,,30,,fpd30,h5,美团月付#fpd30#h5
10000078,234,20250901,0,Rate36,拍拍贷,dpd,12,60,12,mob12_dpd60,api,拍拍贷#mob12_dpd60#api
10000078,234,20250901,0,Rate24,零钱罐,dpd,6,30,6,mob6_dpd30,api,零钱罐#mob6_dpd30#api
10000078,235,20250217,0,Rate36,拍拍贷,dpd,12,30,12,mob12_dpd30,api,拍拍贷#mob12_dpd30#api
10000078,235,20250217,-2,Bank,百信银行,fpd,,60,,fpd60,api,百信银行#fpd60#api
10000078,236,20250816,0,Bank,微众银行,dpd,3,30,3,mob3_dpd30,api,微众银行#mob3_dpd30#api
10000078,236,20250816,0,Rate24,零钱罐,dpd,3,60,3,mob3_dpd60,小程序,零钱罐#mob3_dpd60#小程序
10000078,236,20250816,0,Rate36,拍拍贷,fpd,,30,,fpd30,api,拍拍贷#fpd30#api
10000079,237,20250611,0,Bank,百信银行,dpd,9,30,9,mob9_dpd30,京东白条,百信银行#mob9_dpd30#京东白条
10000079,237,20250611,0,Rate24,零钱罐,dpd,9,30,9,mob9_dpd30,api,零钱罐#mob9_dpd30#api
10000079,237,20250611,0,Rate36,拍拍贷,dpd,3,30,3,mob3_dpd30,api,拍拍贷#mob3_dpd30#api
10000079,238,20250128,0,Bank,微众银行,dpd,6,30,6,mob6_dpd30,api,微众银行#mob6_dpd30#api
10000079,238,20250128,0,Rate24,分期乐,dpd,12,60,12,mob12_dpd60,api,分期乐#mob12_dpd60#api
10000079,238,20250128,0,Rate24,分期乐,fpd,,30,,fpd30,api,分期乐#fpd30#api
10000079,239,20241025,0,Rate24,零钱罐,dpd,9,30,9,mob9_dpd30,api,零钱罐#mob9_dpd30#api
10000079,239,20241025,0,Bank,微众银行,dpd,3,30,3,mob3_dpd30,api,微众银行#mob3_dpd30#api
10000080,240,20250602,0,Rate36,美团月付,dpd,9,30,9,mob9_dpd30,api,美团月付#mob9_dpd30#api
10000080,240,20250602,0,Rate36,美团月付,dpd,12,60,12,mob12_dpd60,api,美团月付#mob12_dpd60#api
10000080,241,20240606,0,Bank,百信银行,dpd,9,60,9,mob9_dpd60,api,百信银行#mob9_dpd60#api
10000080,241,20240606,0,Bank,百信银行,dpd,9,60,9,mob9_dpd60,京东白条,百信银行#mob9_dpd60#京东白条
10000080,242,20250506,1,Rate24,分期乐,fpd,,30,,fpd30,api,分期乐#fpd30#api
10000080,242,20250506,-2,Rate24,分期乐,dpd,9,60,9,mob9_dpd60,小程序,分期乐#mob9_dpd60#小程序
10000081,243,20240526,0,Bank,微众银行,fpd,,30,,fpd30,api,微众银行#fpd30#api
10000081,244,20250615,0,Bank,微众银行,dpd,3,60,3,mob3_dpd60,京东白条,微众银行#mob3_dpd60#京东白条
10000081,244,20250615,0,Bank,百信银行,dpd,12,30,12,mob12_dpd30,api,百信银行#mob12_dpd30#api
10000081,245,20250621,0,Rate36,美团月付,dpd,3,60,3,mob3_dpd60,api,美团月付#mob3_dpd60#api
10000082,246,20240523,1,Bank,百信银行,dpd,9,60,9,mob9_dpd60,api,百信银行#mob9_dpd60#api
10000082,246,20240523,0,Bank,百信银行,dpd,12,60,12,mob12_dpd60,api,百信银行#mob12_dpd60#api
10000082,246,20240523,0,Bank,百信银行,dpd,12,30,12,mob12_dpd30,京东白条,百信银行#mob12_dpd30#京东白条
10000082,247,20250922,0,Rate36,拍拍贷,dpd,9,60,9,mob9_dpd60,api,拍拍贷#mob9_dpd60#api
10000082,248,20241203,1,Bank,微众银行,dpd,12,30,12,mob12_dpd30,api,微众银行#mob12_dpd30#api
10000082,248,20241203,0,Rate36,美团月付,dpd,9,30,9,mob9_dpd30,h5,美团月付#mob9_dpd30#h5
10000083,249,20250904,0,Rate36,美团月付,dpd,6,30,6,mob6_dpd30,h5,美团月付#mob6_dpd30#h5
10000083,249,20250904,0,Rate24,零钱罐,fpd,,60,,fpd60,小程序,零钱罐#fpd60#小程序
10000083,250,20240312,0,Rate36,美团月付,dpd,9,30,9,mob9_dpd30,h5,美团月付#mob9_dpd30#h5
10000083,250,20240312,-2,Bank,百信银行,dpd,9,30,9,mob9_dpd30,京东白条,百信银行#mob9_dpd30#京东白条
10000083,250,20240312,0,Bank,百信银行,fpd,,30,,fpd30,api,百信银行#fpd30#api
10000083,251,20240710,1,Rate36,美团月付,fpd,,30,,fpd30,api,美团月付#fpd30#api
10000083,251,20240710,-2,Bank,微众银行,dpd,6,60,6,mob6_dpd60,京东白条,微众银行#mob6_dpd60#京东白条
10000083,251,20240710,0,Bank,微众银行,dpd,6,30,6,mob6_dpd30,京东白条,微众银行#mob6_dpd30#京东白条
10000084,252,20250221,0,Rate36,拍拍贷,dpd,9,30,9,mob9_dpd30,api,拍拍贷#mob9_dpd30#api
10000084,253,20240705,0,Rate24,零钱罐,fpd,,30,,fpd30,小程序,零钱罐#fpd30#小程序
10000084,253,20240705,0,Rate36,美团月付,dpd,3,60,3,mob3_dpd60,api,美团月付#mob3_dpd60#api
10000084,253,20240705,0,Rate36,拍拍贷,fpd,,60,,fpd60,h5,拍拍贷#fpd60#h5
10000084,254,20241011,0,Bank,微众银行,dpd,12,30,12,mob12_dpd30,api,微众银行#mob12_dpd30#api
10000084,254,20241011,-2,Rate24,分期乐,dpd,9,30,9,mob9_dpd30,小程序,分期乐#mob9_dpd30#小程序
10000085,255,20250607,1,Rate24,零钱罐,fpd,,30,,fpd30,小程序,零钱罐#fpd30#小程序
10000085,256,20240606,0,Rate36,拍拍贷,dpd,9,60,9,mob9_dpd60,h5,拍拍贷#mob9_dpd60#h5
10000085,256,20240606,0,Bank,微众银行,dpd,3,30,3,mob3_dpd30,京东白条,微众银行#mob3_dpd30#京东白条
10000085,257,20250705,1,Rate36,拍拍贷,dpd,6,60,6,mob6_dpd60,api,拍拍贷#mob6_dpd60#api
10000085,257,20250705,0,Bank,微众银行,dpd,12,60,12,mob12_dpd60,api,微众银行#mob12_dpd60#api
10000086,258,20240506,0,Rate36,美团月付,dpd,9,30,9,mob9_dpd30,api,美团月付#mob9_dpd30#api
10000086,259,20240716,0,Bank,微众银行,dpd,12,60,12,mob12_dpd60,京东白条,微众银行#mob12_dpd60#京东白条
10000086,259,20240716,0,Bank,微众银行,fpd,,60,,fpd60,api,微众银行#fpd60#api
10000086,260,20250512,0,Bank,微众银行,dpd,9,60,9,mob9_dpd60,京东白条,微众银行#mob9_dpd60#京东白条
10000087,261,20251013,0,Rate24,零钱罐,dpd,6,30,6,mob6_dpd30,api,零钱罐#mob6_dpd30#api
10000087,261,20251013,0,Rate24,分期乐,dpd,12,30,12,mob12_dpd30,小程序,分期乐#mob12_dpd30#小程序
10000087,262,20240714,0,Rate24,零钱罐,dpd,9,60,9,mob9_dpd60,api,零钱罐#mob9_dpd60#api
10000087,262,20240714,1,Bank,微众银行,dpd,6,30,6,mob6_dpd30,api,微众银行#mob6_dpd30#api
10000087,262,20240714,0,Rate24,分期乐,dpd,9,30,9,mob9_dpd30,小程序,分期乐#mob9_dpd30#小程序
10000087,263,20241021,0,Rate24,零钱罐,dpd,12,30,12,mob12_dpd30,api,零钱罐#mob12_dpd30#api
10000087,263,20241021,0,Rate24,零钱罐,dpd,3,60,3,mob3_dpd60,api,零钱罐#mob3_dpd60#api
10000088,264,20260125,0,Rate36,美团月付,dpd,12,30,12,mob12_dpd30,api,美团月付#mob12_dpd30#api
10000088,265,20260215,0,Bank,百信银行,dpd,12,60,12,mob12_dpd60,api,百信银行#mob12_dpd60#api
10000088,265,20260215,-2,Rate36,美团月付,dpd,3,60,3,mob3_dpd60,h5,美团月付#mob3_dpd60#h5
10000088,265,20260215,0,Rate24,零钱罐,dpd,12,60,12,mob12_dpd60,api,零钱罐#mob12_dpd60#api
10000088,266,20250418,0,Rate24,零钱罐,dpd,3,30,3,mob3_dpd30,小程序,零钱罐#mob3_dpd30#小程序
10000088,266,20250418,0,Rate36,美团月付,dpd,3,30,3,mob3_dpd30,api,美团月付#mob3_dpd30#api
10000088,266,20250418,0,Bank,微众银行,dpd,6,30,6,mob6_dpd30,api,微众银行#mob6_dpd30#api
10000089,267,20250121,0,Rate36,拍拍贷,dpd,12,30,12,mob12_dpd30,api,拍拍贷#mob12_dpd30#api
10000089,267,20250121,0,Rate24,分期乐,fpd,,30,,fpd30,小程序,分期乐#fpd30#小程序
10000089,267,20250121,0,Rate36,拍拍贷,dpd,12,60,12,mob12_dpd60,api,拍拍贷#mob12_dpd60#api
10000089,268,20241120,0,Bank,百信银行,dpd,3,30,3,mob3_dpd30,api,百信银行#mob3_dpd30#api
10000089,269,20250504,-2,Rate24,分期乐,dpd,9,30,9,mob9_dpd30,api,分期乐#mob9_dpd30#api
10000090,270,20250528,0,Bank,百信银行,dpd,9,30,9,mob9_dpd30,京东白条,百信银行#mob9_dpd30#京东白条
10000090,270,20250528,0,Bank,百信银行,fpd,,30,,fpd30,京东白条,百信银行#fpd30#京东白条
10000090,270,20250528,0,Rate24,零钱罐,fpd,,30,,fpd30,小程序,零钱罐#fpd30#小程序
10000090,271,20241005,0,Bank,百信银行,dpd,6,60,6,mob6_dpd60,京东白条,百信银行#mob6_dpd60#京东白条
10000090,271,20241005,0,Rate36,美团月付,dpd,6,60,6,mob6_dpd60,api,美团月付#mob6_dpd60#api
10000090,272,20240312,-2,Bank,百信银行,fpd,,30,,fpd30,京东白条,百信银行#fpd30#京东白条
10000091,273,20240619,1,Rate24,分期乐,dpd,9,30,9,mob9_dpd30,api,分期乐#mob9_dpd30#api
10000091,273,20240619,0,Rate24,零钱罐,dpd,12,60,12,mob12_dpd60,小程序,零钱罐#mob12_dpd60#小程序
10000091,273,20240619,0,Bank,百信银行,dpd,3,60,3,mob3_dpd60,京东白条,百信银行#mob3_dpd60#京东白条
10000091,274,20260212,0,Rate24,零钱罐,dpd,9,60,9,mob9_dpd60,小程序,零钱罐#mob9_dpd60#小程序
10000091,274,20260212,1,Rate36,拍拍贷,dpd,9,60,9,mob9_dpd60,api,拍拍贷#mob9_dpd60#api
10000091,274,20260212,0,Rate24,零钱罐,fpd,,30,,fpd30,api,零钱罐#fpd30#api
10000091,275,20250107,-2,Rate36,拍拍贷,dpd,6,30,6,mob6_dpd30,h5,拍拍贷#mob6_dpd30#h5
10000092,276,20250226,0,Rate36,拍拍贷,dpd,12,60,12,mob12_dpd60,h5,拍拍贷#mob12_dpd60#h5
10000092,276,20250226,0,Rate36,美团月付,dpd,12,60,12,mob12_dpd60,h5,美团月付#mob12_dpd60#h5
10000092,276,20250226,0,Rate36,拍拍贷,dpd,12,30,12,mob12_dpd30,api,拍拍贷#mob12_dpd30#api
10000092,277,20250203,0,Rate36,拍拍贷,dpd,3,60,3,mob3_dpd60,h5,拍拍贷#mob3_dpd60#h5
10000092,277,20250203,0,Bank,百信银行,dpd,3,60,3,mob3_dpd60,api,百信银行#mob3_dpd60#api
10000092,278,20250907,0,Rate36,美团月付,dpd,9,60,9,mob9_dpd60,h5,美团月付#mob9_dpd60#h5
10000092,278,20250907,0,Rate24,零钱罐,dpd,12,60,12,mob12_dpd60,小程序,零钱罐#mob12_dpd60#小程序
10000093,279,20240428,0,Bank,微众银行,fpd,,60,,fpd60,api,微众银行#fpd60#api
10000093,280,20240421,0,Rate24,分期乐,dpd,9,30,9,mob9_dpd30,api,分期乐#mob9_dpd30#api
10000093,280,20240421,0,Rate36,拍拍贷,fpd,,60,,fpd60,api,拍拍贷#fpd60#api
10000093,281,20240903,0,Bank,微众银行,dpd,9,30,9,mob9_dpd30,京东白条,微众银行#mob9_dpd30#京东白条
10000094,282,20250222,0,Rate24,零钱罐,dpd,12,30,12,mob12_dpd30,小程序,零钱罐#mob12_dpd30#小程序
10000094,283,20250728,0,Rate36,美团月付,dpd,12,30,12,mob12_dpd30,h5,美团月付#mob12_dpd30#h5
10000094,283,20250728,0,Rate24,零钱罐,dpd,9,30,9,mob9_dpd30,小程序,零钱罐#mob9_dpd30#小程序
10000094,283,20250728,0,Bank,微众银行,fpd,,30,,fpd30,api,微众银行#fpd30#api
10000094,284,20250203,1,Rate36,美团月付,dpd,12,30,12,mob12_dpd30,h5,美团月付#mob12_dpd30#h5
10000095,285,20250112,0,Bank,微众银行,dpd,3,30,3,mob3_dpd30,京东白条,微众银行#mob3_dpd30#京东白条
10000095,285,20250112,0,Bank,微众银行,dpd,3,30,3,mob3_dpd30,京东白条,微众银行#mob3_dpd30#京东白条
10000095,286,20260114,1,Rate36,美团月付,dpd,9,60,9,mob9_dpd60,h5,美团月付#mob9_dpd60#h5
10000095,286,20260114,0,Rate36,拍拍贷,fpd,,30,,fpd30,api,拍拍贷#fpd30#api
10000095,287,20240604,0,Rate36,拍拍贷,dpd,3,30,3,mob3_dpd30,api,拍拍贷#mob3_dpd30#api
10000095,287,20240604,0,Bank,百信银行,fpd,,60,,fpd60,京东白条,百信银行#fpd60#京东白条
10000095,287,20240604,0,Rate24,分期乐,dpd,3,60,3,mob3_dpd60,小程序,分期乐#mob3_dpd60#小程序
10000096,288,20250406,0,Rate36,美团月付,fpd,,30,,fpd30,h5,美团月付#fpd30#h5
10000096,288,20250406,1,Rate36,美团月付,dpd,9,30,9,mob9_dpd30,api,美团月付#mob9_dpd30#api
10000096,289,20250405,0,Bank,微众银行,dpd,6,30,6,mob6_dpd30,api,微众银行#mob6_dpd30#api
10000096,290,20250206,0,Rate36,美团月付,dpd,3,30,3,mob3_dpd30,h5,美团月付#mob3_dpd30#h5
10000096,290,20250206,0,Rate24,零钱罐,dpd,12,30,12,mob12_dpd30,api,零钱罐#mob12_dpd30#api
10000096,290,20250206,0,Rate24,分期乐,dpd,12,30,12,mob12_dpd30,api,分期乐#mob12_dpd30#api
10000097,291,20251012,0,Bank,百信银行,dpd,6,30,6,mob6_dpd30,api,百信银行#mob6_dpd30#api
10000097,292,20240913,0,Rate36,美团月付,fpd,,60,,fpd60,api,美团月付#fpd60#api
10000097,293,20260107,0,Bank,微众银行,fpd,,30,,fpd30,api,微众银行#fpd30#api
10000098,294,20241009,0,Rate36,拍拍贷,dpd,9,30,9,mob9_dpd30,h5,拍拍贷#mob9_dpd30#h5
10000098,294,20241009,0,Rate24,零钱罐,dpd,3,60,3,mob3_dpd60,api,零钱罐#mob3_dpd60#api
10000098,295,20250406,0,Bank,百信银行,dpd,6,30,6,mob6_dpd30,api,百信银行#mob6_dpd30#api
10000098,295,20250406,0,Rate36,拍拍贷,dpd,12,30,12,mob12_dpd30,api,拍拍贷#mob12_dpd30#api
10000098,295,20250406,0,Rate24,零钱罐,dpd,3,30,3,mob3_dpd30,api,零钱罐#mob3_dpd30#api
10000098,296,20250323,-2,Rate36,美团月付,dpd,3,30,3,mob3_dpd30,api,美团月付#mob3_dpd30#api
10000098,296,20250323,0,Bank,微众银行,fpd,,60,,fpd60,京东白条,微众银行#fpd60#京东白条
10000099,297,20251106,0,Bank,微众银行,dpd,3,30,3,mob3_dpd30,京东白条,微众银行#mob3_dpd30#京东白条
10000099,298,20250126,1,Rate24,零钱罐,dpd,9,30,9,mob9_dpd30,api,零钱罐#mob9_dpd30#api
10000099,299,20240916,0,Rate24,分期乐,dpd,9,60,9,mob9_dpd60,小程序,分期乐#mob9_dpd60#小程序
10000099,299,20240916,0,Rate24,分期乐,dpd,9,60,9,mob9_dpd60,api,分期乐#mob9_dpd60#api
10000100,300,20240323,0,Rate24,零钱罐,fpd,,30,,fpd30,api,零钱罐#fpd30#api
10000100,300,20240323,0,Rate24,分期乐,dpd,9,30,9,mob9_dpd30,小程序,分期乐#mob9_dpd30#小程序
10000100,300,20240323,1,Rate36,拍拍贷,dpd,6,60,6,mob6_dpd60,h5,拍拍贷#mob6_dpd60#h5
10000100,301,20241118,0,Rate24,零钱罐,dpd,9,30,9,mob9_dpd30,小程序,零钱罐#mob9_dpd30#小程序
10000100,302,20251008,-2,Rate36,美团月付,dpd,9,30,9,mob9_dpd30,h5,美团月付#mob9_dpd30#h5
10000101,303,20240317,0,Rate36,美团月付,fpd,,60,,fpd60,h5,美团月付#fpd60#h5
10000101,303,20240317,0,Bank,微众银行,dpd,3,60,3,mob3_dpd60,api,微众银行#mob3_dpd60#api
10000101,304,20251208,1,Rate24,分期乐,dpd,12,60,12,mob12_dpd60,api,分期乐#mob12_dpd60#api
10000101,305,20250404,0,Rate24,零钱罐,dpd,9,60,9,mob9_dpd60,api,零钱罐#mob9_dpd60#api
10000102,306,20240608,0,Rate24,零钱罐,dpd,9,60,9,mob9_dpd60,小程序,零钱罐#mob9_dpd60#小程序
10000102,306,20240608,0,Rate24,零钱罐,dpd,12,60,12,mob12_dpd60,小程序,零钱罐#mob12_dpd60#小程序
10000102,306,20240608,0,Rate24,零钱罐,dpd,3,60,3,mob3_dpd60,小程序,零钱罐#mob3_dpd60#小程序
10000102,307,20241008,0,Rate36,拍拍贷,dpd,3,30,3,mob3_dpd30,h5,拍拍贷#mob3_dpd30#h5
10000102,308,20250404,1,Rate36,拍拍贷,dpd,3,30,3,mob3_dpd30,h5,拍拍贷#mob3_dpd30#h5
10000103,309,20241001,0,Bank,百信银行,dpd,12,30,12,mob12_dpd30,京东白条,百信银行#mob12_dpd30#京东白条
10000103,309,20241001,0,Rate24,零钱罐,dpd,6,30,6,mob6_dpd30,小程序,零钱罐#mob6_dpd30#小程序
10000103,309,20241001,0,Rate24,分期乐,fpd,,30,,fpd30,小程序,分期乐#fpd30#小程序
10000103,310,20240527,0,Rate24,分期乐,dpd,12,60,12,mob12_dpd60,小程序,分期乐#mob12_dpd60#小程序
10000103,310,20240527,1,Rate24,分期乐,dpd,6,30,6,mob6_dpd30,api,分期乐#mob6_dpd30#api
10000103,311,20250615,0,Rate36,拍拍贷,dpd,6,60,6,mob6_dpd60,h5,拍拍贷#mob6_dpd60#h5
10000103,311,20250615,1,Rate24,分期乐,dpd,3,60,3,mob3_dpd60,api,分期乐#mob3_dpd60#api
10000103,311,20250615,0,Bank,百信银行,fpd,,30,,fpd30,京东白条,百信银行#fpd30#京东白条
10000104,312,20250712,0,Rate36,美团月付,dpd,9,60,9,mob9_dpd60,api,美团月付#mob9_dpd60#api
10000104,312,20250712,1,Rate24,零钱罐,dpd,9,30,9,mob9_dpd30,api,零钱罐#mob9_dpd30#api
10000104,312,20250712,0,Rate36,美团月付,dpd,12,30,12,mob12_dpd30,h5,美团月付#mob12_dpd30#h5
10000104,313,20240527,0,Bank,微众银行,dpd,3,30,3,mob3_dpd30,京东白条,微众银行#mob3_dpd30#京东白条
10000104,313,20240527,0,Rate24,分期乐,dpd,3,30,3,mob3_dpd30,小程序,分期乐#mob3_dpd30#小程序
10000104,314,20240907,0,Rate24,零钱罐,dpd,9,30,9,mob9_dpd30,api,零钱罐#mob9_dpd30#api
10000104,314,20240907,0,Rate24,分期乐,dpd,6,60,6,mob6_dpd60,小程序,分期乐#mob6_dpd60#小程序
10000104,314,20240907,1,Rate36,美团月付,dpd,9,60,9,mob9_dpd60,api,美团月付#mob9_dpd60#api
10000105,315,20240812,0,Bank,百信银行,fpd,,30,,fpd30,京东白条,百信银行#fpd30#京东白条
10000105,316,20250624,1,Rate36,拍拍贷,fpd,,60,,fpd60,api,拍拍贷#fpd60#api
10000105,316,20250624,0,Rate24,分期乐,dpd,6,60,6,mob6_dpd60,api,分期乐#mob6_dpd60#api
10000105,316,20250624,0,Bank,百信银行,fpd,,60,,fpd60,api,百信银行#fpd60#api
10000105,317,20250818,0,Bank,微众银行,dpd,12,30,12,mob12_dpd30,api,微众银行#mob12_dpd30#api
10000105,317,20250818,1,Bank,百信银行,dpd,6,60,6,mob6_dpd60,京东白条,百信银行#mob6_dpd60#京东白条
10000105,317,20250818,0,Rate36,美团月付,dpd,3,30,3,mob3_dpd30,h5,美团月付#mob3_dpd30#h5
10000106,318,20250812,0,Rate36,拍拍贷,dpd,9,30,9,mob9_dpd30,api,拍拍贷#mob9_dpd30#api
10000106,318,20250812,0,Rate36,拍拍贷,dpd,9,30,9,mob9_dpd30,api,拍拍贷#mob9_dpd30#api
10000106,318,20250812,0,Bank,百信银行,dpd,9,60,9,mob9_dpd60,api,百信银行#mob9_dpd60#api
10000106,319,20260108,1,Rate36,拍拍贷,dpd,6,30,6,mob6_dpd30,h5,拍拍贷#mob6_dpd30#h5
10000106,319,20260108,0,Rate24,零钱罐,dpd,3,30,3,mob3_dpd30,小程序,零钱罐#mob3_dpd30#小程序
10000106,319,20260108,0,Bank,百信银行,dpd,6,30,6,mob6_dpd30,api,百信银行#mob6_dpd30#api
10000106,320,20250901,1,Bank,微众银行,dpd,9,30,9,mob9_dpd30,api,微众银行#mob9_dpd30#api
10000106,320,20250901,0,Bank,微众银行,fpd,,30,,fpd30,api,微众银行#fpd30#api
10000106,320,20250901,0,Bank,百信银行,dpd,3,30,3,mob3_dpd30,京东白条,百信银行#mob3_dpd30#京东白条
10000107,321,20241003,0,Rate36,美团月付,dpd,6,60,6,mob6_dpd60,api,美团月付#mob6_dpd60#api
10000107,321,20241003,0,Rate36,美团月付,dpd,6,30,6,mob6_dpd30,api,美团月付#mob6_dpd30#api
10000107,321,20241003,0,Rate36,拍拍贷,dpd,6,60,6,mob6_dpd60,api,拍拍贷#mob6_dpd60#api
10000107,322,20240505,-2,Rate36,美团月付,fpd,,30,,fpd30,h5,美团月付#fpd30#h5
10000107,323,20250523,1,Rate36,拍拍贷,dpd,12,30,12,mob12_dpd30,h5,拍拍贷#mob12_dpd30#h5
10000107,323,20250523,0,Rate24,零钱罐,dpd,12,60,12,mob12_dpd60,小程序,零钱罐#mob12_dpd60#小程序
10000107,323,20250523,0,Bank,微众银行,dpd,9,30,9,mob9_dpd30,api,微众银行#mob9_dpd30#api
10000108,324,20251218,-2,Rate24,分期乐,dpd,3,60,3,mob3_dpd60,小程序,分期乐#mob3_dpd60#小程序
10000108,324,20251218,1,Rate24,分期乐,dpd,12,60,12,mob12_dpd60,api,分期乐#mob12_dpd60#api
10000108,324,20251218,0,Bank,百信银行,fpd,,60,,fpd60,京东白条,百信银行#fpd60#京东白条
10000108,325,20260213,0,Bank,百信银行,dpd,6,60,6,mob6_dpd60,京东白条,百信银行#mob6_dpd60#京东白条
10000108,325,20260213,-2,Rate36,美团月付,dpd,6,30,6,mob6_dpd30,api,美团月付#mob6_dpd30#api
10000108,325,20260213,0,Rate36,拍拍贷,fpd,,60,,fpd60,api,拍拍贷#fpd60#api
10000108,326,20240822,0,Bank,微众银行,dpd,6,30,6,mob6_dpd30,京东白条,微众银行#mob6_dpd30#京东白条
10000108,326,20240822,0,Rate24,分期乐,dpd,9,30,9,mob9_dpd30,小程序,分期乐#mob9_dpd30#小程序
10000109,327,20240805,0,Rate24,分期乐,dpd,9,30,9,mob9_dpd30,小程序,分期乐#mob9_dpd30#小程序
10000109,328,20240306,1,Rate36,拍拍贷,dpd,9,30,9,mob9_dpd30,h5,拍拍贷#mob9_dpd30#h5
10000109,328,20240306,0,Rate24,零钱罐,fpd,,60,,fpd60,小程序,零钱罐#fpd60#小程序
10000109,328,20240306,0,Bank,微众银行,dpd,6,30,6,mob6_dpd30,京东白条,微众银行#mob6_dpd30#京东白条
10000109,329,20240611,-2,Rate24,分期乐,dpd,3,30,3,mob3_dpd30,api,分期乐#mob3_dpd30#api
10000109,329,20240611,-2,Rate24,零钱罐,dpd,3,30,3,mob3_dpd30,api,零钱罐#mob3_dpd30#api
10000109,329,20240611,0,Bank,微众银行,dpd,3,60,3,mob3_dpd60,api,微众银行#mob3_dpd60#api
10000110,330,20250426,-2,Bank,微众银行,dpd,6,30,6,mob6_dpd30,api,微众银行#mob6_dpd30#api
10000110,330,20250426,1,Rate24,分期乐,dpd,3,60,3,mob3_dpd60,小程序,分期乐#mob3_dpd60#小程序
10000110,331,20250418,0,Rate24,分期乐,dpd,9,30,9,mob9_dpd30,小程序,分期乐#mob9_dpd30#小程序
10000110,331,20250418,0,Bank,微众银行,dpd,3,30,3,mob3_dpd30,api,微众银行#mob3_dpd30#api
10000110,331,20250418,0,Rate24,分期乐,dpd,6,30,6,mob6_dpd30,api,分期乐#mob6_dpd30#api
10000110,332,20241124,0,Rate24,分期乐,dpd,9,30,9,mob9_dpd30,api,分期乐#mob9_dpd30#api
10000110,332,20241124,0,Rate36,拍拍贷,dpd,12,30,12,mob12_dpd30,h5,拍拍贷#mob12_dpd30#h5
10000111,333,20241007,0,Bank,微众银行,dpd,12,30,12,mob12_dpd30,京东白条,微众银行#mob12_dpd30#京东白条
10000111,333,20241007,0,Rate24,零钱罐,dpd,3,30,3,mob3_dpd30,小程序,零钱罐#mob3_dpd30#小程序
10000111,333,20241007,0,Bank,微众银行,dpd,12,30,12,mob12_dpd30,api,微众银行#mob12_dpd30#api
10000111,334,20251024,0,Bank,微众银行,dpd,6,30,6,mob6_dpd30,京东白条,微众银行#mob6_dpd30#京东白条
10000111,334,20251024,0,Rate24,分期乐,dpd,12,30,12,mob12_dpd30,api,分期乐#mob12_dpd30#api
10000111,334,20251024,0,Rate36,拍拍贷,dpd,3,60,3,mob3_dpd60,api,拍拍贷#mob3_dpd60#api
10000111,335,20250203,0,Rate24,零钱罐,dpd,9,30,9,mob9_dpd30,api,零钱罐#mob9_dpd30#api
10000112,336,20251007,0,Bank,微众银行,fpd,,30,,fpd30,京东白条,微众银行#fpd30#京东白条
10000112,336,20251007,0,Bank,百信银行,dpd,12,30,12,mob12_dpd30,京东白条,百信银行#mob12_dpd30#京东白条
10000112,336,20251007,0,Rate24,零钱罐,fpd,,30,,fpd30,api,零钱罐#fpd30#api
10000112,337,20260215,0,Rate36,美团月付,dpd,6,30,6,mob6_dpd30,h5,美团月付#mob6_dpd30#h5
10000112,337,20260215,0,Bank,微众银行,fpd,,30,,fpd30,京东白条,微众银行#fpd30#京东白条
10000112,337,20260215,0,Rate24,零钱罐,fpd,,60,,fpd60,小程序,零钱罐#fpd60#小程序
10000112,338,20241002,0,Rate24,零钱罐,dpd,3,60,3,mob3_dpd60,api,零钱罐#mob3_dpd60#api
10000113,339,20240725,0,Rate24,分期乐,fpd,,30,,fpd30,api,分期乐#fpd30#api
10000113,340,20260125,-2,Rate36,拍拍贷,dpd,3,60,3,mob3_dpd60,api,拍拍贷#mob3_dpd60#api
10000113,341,20250616,0,Rate24,零钱罐,dpd,6,30,6,mob6_dpd30,小程序,零钱罐#mob6_dpd30#小程序
10000113,341,20250616,0,Rate24,零钱罐,dpd,6,30,6,mob6_dpd30,api,零钱罐#mob6_dpd30#api
10000113,341,20250616,0,Rate36,美团月付,dpd,9,60,9,mob9_dpd60,api,美团月付#mob9_dpd60#api
10000114,342,20240909,0,Rate36,美团月付,dpd,6,30,6,mob6_dpd30,h5,美团月付#mob6_dpd30#h5
10000114,342,20240909,0,Rate24,零钱罐,dpd,6,30,6,mob6_dpd30,小程序,零钱罐#mob6_dpd30#小程序
10000114,342,20240909,0,Bank,微众银行,dpd,12,30,12,mob12_dpd30,api,微众银行#mob12_dpd30#api
10000114,343,20250503,1,Rate36,美团月付,dpd,12,60,12,mob12_dpd60,api,美团月付#mob12_dpd60#api
10000114,344,20250318,-2,Bank,微众银行,dpd,12,60,12,mob12_dpd60,京东白条,微众银行#mob12_dpd60#京东白条
10000114,344,20250318,0,Rate36,美团月付,dpd,3,30,3,mob3_dpd30,api,美团月付#mob3_dpd30#api
10000115,345,20251216,0,Bank,微众银行,dpd,9,30,9,mob9_dpd30,api,微众银行#mob9_dpd30#api
10000115,346,20240922,0,Bank,百信银行,dpd,9,60,9,mob9_dpd60,api,百信银行#mob9_dpd60#api
10000115,346,20240922,0,Rate36,美团月付,dpd,12,30,12,mob12_dpd30,h5,美团月付#mob12_dpd30#h5
10000115,347,20260217,0,Bank,微众银行,dpd,3,30,3,mob3_dpd30,api,微众银行#mob3_dpd30#api
10000116,348,20260104,1,Rate24,零钱罐,dpd,9,30,9,mob9_dpd30,api,零钱罐#mob9_dpd30#api
10000116,349,20240704,0,Rate24,零钱罐,fpd,,30,,fpd30,api,零钱罐#fpd30#api
10000116,349,20240704,1,Rate24,零钱罐,dpd,9,30,9,mob9_dpd30,api,零钱罐#mob9_dpd30#api
10000116,349,20240704,0,Rate36,拍拍贷,dpd,6,30,6,mob6_dpd30,h5,拍拍贷#mob6_dpd30#h5
10000116,350,20240622,-2,Bank,微众银行,dpd,3,60,3,mob3_dpd60,api,微众银行#mob3_dpd60#api
10000116,350,20240622,0,Bank,微众银行,dpd,9,60,9,mob9_dpd60,api,微众银行#mob9_dpd60#api
10000117,351,20250305,0,Rate24,分期乐,dpd,6,30,6,mob6_dpd30,api,分期乐#mob6_dpd30#api
10000117,352,20240427,0,Rate36,拍拍贷,dpd,12,60,12,mob12_dpd60,api,拍拍贷#mob12_dpd60#api
10000117,352,20240427,0,Bank,百信银行,dpd,12,30,12,mob12_dpd30,api,百信银行#mob12_dpd30#api
10000117,353,20241003,0,Rate36,拍拍贷,dpd,9,60,9,mob9_dpd60,api,拍拍贷#mob9_dpd60#api
10000117,353,20241003,0,Bank,微众银行,fpd,,30,,fpd30,api,微众银行#fpd30#api
10000117,353,20241003,0,Rate24,零钱罐,dpd,9,30,9,mob9_dpd30,小程序,零钱罐#mob9_dpd30#小程序
10000118,354,20250121,0,Bank,百信银行,dpd,9,30,9,mob9_dpd30,京东白条,百信银行#mob9_dpd30#京东白条
10000118,354,20250121,0,Bank,百信银行,dpd,9,30,9,mob9_dpd30,京东白条,百信银行#mob9_dpd30#京东白条
10000118,355,20260228,0,Rate24,零钱罐,dpd,6,60,6,mob6_dpd60,api,零钱罐#mob6_dpd60#api
10000118,355,20260228,0,Bank,百信银行,dpd,3,60,3,mob3_dpd60,京东白条,百信银行#mob3_dpd60#京东白条
10000118,355,20260228,0,Rate24,零钱罐,dpd,9,60,9,mob9_dpd60,api,零钱罐#mob9_dpd60#api
10000118,356,20260213,0,Bank,百信银行,dpd,3,60,3,mob3_dpd60,api,百信银行#mob3_dpd60#api
10000119,357,20240602,0,Bank,微众银行,dpd,6,60,6,mob6_dpd60,京东白条,微众银行#mob6_dpd60#京东白条
10000119,357,20240602,0,Bank,百信银行,fpd,,60,,fpd60,api,百信银行#fpd60#api
10000119,357,20240602,-2,Rate24,零钱罐,fpd,,30,,fpd30,api,零钱罐#fpd30#api
10000119,358,20251225,0,Rate36,拍拍贷,dpd,9,60,9,mob9_dpd60,h5,拍拍贷#mob9_dpd60#h5
10000119,358,20251225,-2,Rate36,美团月付,dpd,9,30,9,mob9_dpd30,api,美团月付#mob9_dpd30#api
10000119,359,20240506,0,Rate24,分期乐,dpd,6,30,6,mob6_dpd30,小程序,分期乐#mob6_dpd30#小程序
10000119,359,20240506,0,Rate24,零钱罐,fpd,,60,,fpd60,小程序,零钱罐#fpd60#小程序
10000120,360,20250815,0,Bank,百信银行,dpd,9,30,9,mob9_dpd30,京东白条,百信银行#mob9_dpd30#京东白条
10000120,360,20250815,0,Rate24,零钱罐,dpd,12,60,12,mob12_dpd60,api,零钱罐#mob12_dpd60#api
10000120,361,20251128,0,Rate36,美团月付,dpd,3,30,3,mob3_dpd30,h5,美团月付#mob3_dpd30#h5
10000120,361,20251128,0,Rate36,拍拍贷,fpd,,30,,fpd30,api,拍拍贷#fpd30#api
10000120,362,20251221,1,Rate36,美团月付,dpd,12,60,12,mob12_dpd60,api,美团月付#mob12_dpd60#api
10000120,362,20251221,0,Rate24,零钱罐,dpd,6,60,6,mob6_dpd60,小程序,零钱罐#mob6_dpd60#小程序
10000121,363,20240802,0,Rate36,美团月付,fpd,,30,,fpd30,api,美团月付#fpd30#api
10000121,363,20240802,1,Rate24,分期乐,dpd,6,30,6,mob6_dpd30,小程序,分期乐#mob6_dpd30#小程序
10000121,363,20240802,0,Bank,百信银行,dpd,6,60,6,mob6_dpd60,api,百信银行#mob6_dpd60#api
10000121,364,20251223,0,Rate24,分期乐,fpd,,60,,fpd60,api,分期乐#fpd60#api
10000121,364,20251223,0,Rate36,美团月付,dpd,6,30,6,mob6_dpd30,h5,美团月付#mob6_dpd30#h5
10000121,364,20251223,1,Rate24,零钱罐,dpd,9,60,9,mob9_dpd60,api,零钱罐#mob9_dpd60#api
10000121,365,20240505,1,Rate24,分期乐,dpd,12,60,12,mob12_dpd60,小程序,分期乐#mob12_dpd60#小程序
10000122,366,20250321,0,Rate24,分期乐,dpd,6,60,6,mob6_dpd60,小程序,分期乐#mob6_dpd60#小程序
10000122,366,20250321,-2,Rate24,分期乐,dpd,3,30,3,mob3_dpd30,小程序,分期乐#mob3_dpd30#小程序
10000122,367,20250218,0,Bank,微众银行,dpd,12,30,12,mob12_dpd30,api,微众银行#mob12_dpd30#api
10000122,367,20250218,0,Rate36,美团月付,dpd,3,60,3,mob3_dpd60,api,美团月付#mob3_dpd60#api
10000122,367,20250218,0,Rate36,拍拍贷,fpd,,60,,fpd60,api,拍拍贷#fpd60#api
10000122,368,20241009,0,Bank,微众银行,dpd,9,30,9,mob9_dpd30,api,微众银行#mob9_dpd30#api
10000122,368,20241009,0,Rate24,分期乐,dpd,6,30,6,mob6_dpd30,api,分期乐#mob6_dpd30#api
10000122,368,20241009,0,Bank,百信银行,dpd,6,60,6,mob6_dpd60,api,百信银行#mob6_dpd60#api
10000123,369,20240312,0,Rate36,美团月付,dpd,9,60,9,mob9_dpd60,h5,美团月付#mob9_dpd60#h5
10000123,370,20250904,-2,Rate24,零钱罐,dpd,12,60,12,mob12_dpd60,小程序,零钱罐#mob12_dpd60#小程序
10000123,370,20250904,1,Rate36,美团月付,fpd,,60,,fpd60,h5,美团月付#fpd60#h5
10000123,370,20250904,1,Rate24,分期乐,dpd,3,60,3,mob3_dpd60,api,分期乐#mob3_dpd60#api
10000123,371,20241128,-2,Bank,百信银行,dpd,9,30,9,mob9_dpd30,api,百信银行#mob9_dpd30#api
10000123,371,20241128,0,Bank,微众银行,dpd,9,60,9,mob9_dpd60,京东白条,微众银行#mob9_dpd60#京东白条
10000123,371,20241128,0,Rate36,美团月付,dpd,3,60,3,mob3_dpd60,api,美团月付#mob3_dpd60#api
10000124,372,20250607,-2,Bank,微众银行,fpd,,60,,fpd60,京东白条,微众银行#fpd60#京东白条
10000124,372,20250607,1,Bank,百信银行,dpd,6,60,6,mob6_dpd60,京东白条,百信银行#mob6_dpd60#京东白条
10000124,372,20250607,0,Rate36,拍拍贷,dpd,6,30,6,mob6_dpd30,h5,拍拍贷#mob6_dpd30#h5
10000124,373,20241209,1,Rate24,零钱罐,fpd,,60,,fpd60,小程序,零钱罐#fpd60#小程序
10000124,373,20241209,1,Bank,百信银行,dpd,3,30,3,mob3_dpd30,京东白条,百信银行#mob3_dpd30#京东白条
10000124,374,20241115,0,Bank,微众银行,fpd,,60,,fpd60,京东白条,微众银行#fpd60#京东白条
10000124,374,20241115,0,Rate36,拍拍贷,dpd,12,30,12,mob12_dpd30,h5,拍拍贷#mob12_dpd30#h5
10000124,374,20241115,0,Rate24,分期乐,dpd,3,60,3,mob3_dpd60,小程序,分期乐#mob3_dpd60#小程序
10000125,375,20251219,0,Bank,微众银行,dpd,6,60,6,mob6_dpd60,api,微众银行#mob6_dpd60#api
10000125,375,20251219,-2,Bank,百信银行,dpd,12,60,12,mob12_dpd60,api,百信银行#mob12_dpd60#api
10000125,376,20240515,0,Bank,百信银行,dpd,3,60,3,mob3_dpd60,京东白条,百信银行#mob3_dpd60#京东白条
10000125,377,20250815,-2,Rate36,美团月付,dpd,9,60,9,mob9_dpd60,api,美团月付#mob9_dpd60#api
10000126,378,20250817,0,Rate24,分期乐,dpd,6,30,6,mob6_dpd30,小程序,分期乐#mob6_dpd30#小程序
10000126,378,20250817,0,Rate36,美团月付,dpd,6,30,6,mob6_dpd30,h5,美团月付#mob6_dpd30#h5
10000126,378,20250817,0,Rate36,拍拍贷,dpd,12,60,12,mob12_dpd60,api,拍拍贷#mob12_dpd60#api
10000126,379,20241225,0,Rate24,零钱罐,dpd,6,30,6,mob6_dpd30,api,零钱罐#mob6_dpd30#api
10000126,380,20240912,1,Rate24,零钱罐,dpd,12,60,12,mob12_dpd60,小程序,零钱罐#mob12_dpd60#小程序
10000126,380,20240912,-2,Rate36,拍拍贷,dpd,6,60,6,mob6_dpd60,api,拍拍贷#mob6_dpd60#api
10000126,380,20240912,-2,Rate24,零钱罐,dpd,9,30,9,mob9_dpd30,api,零钱罐#mob9_dpd30#api
10000127,381,20240324,0,Rate24,零钱罐,dpd,12,30,12,mob12_dpd30,api,零钱罐#mob12_dpd30#api
10000127,382,20260123,1,Rate36,美团月付,fpd,,60,,fpd60,h5,美团月付#fpd60#h5
10000127,382,20260123,0,Rate36,美团月付,dpd,3,60,3,mob3_dpd60,h5,美团月付#mob3_dpd60#h5
10000127,382,20260123,1,Rate36,美团月付,dpd,9,30,9,mob9_dpd30,h5,美团月付#mob9_dpd30#h5
10000127,383,20260127,0,Bank,微众银行,dpd,12,30,12,mob12_dpd30,api,微众银行#mob12_dpd30#api
10000128,384,20240826,0,Rate36,拍拍贷,dpd,3,30,3,mob3_dpd30,api,拍拍贷#mob3_dpd30#api
10000128,385,20240323,0,Bank,百信银行,dpd,6,30,6,mob6_dpd30,京东白条,百信银行#mob6_dpd30#京东白条
10000128,385,20240323,0,Rate24,分期乐,dpd,9,60,9,mob9_dpd60,小程序,分期乐#mob9_dpd60#小程序
10000128,386,20240507,0,Rate24,零钱罐,fpd,,60,,fpd60,小程序,零钱罐#fpd60#小程序
10000129,387,20240422,0,Rate24,零钱罐,dpd,12,30,12,mob12_dpd30,小程序,零钱罐#mob12_dpd30#小程序
10000129,387,20240422,0,Bank,百信银行,dpd,3,60,3,mob3_dpd60,api,百信银行#mob3_dpd60#api
10000129,387,20240422,0,Bank,微众银行,dpd,6,60,6,mob6_dpd60,api,微众银行#mob6_dpd60#api
10000129,388,20251021,0,Rate36,拍拍贷,dpd,12,30,12,mob12_dpd30,api,拍拍贷#mob12_dpd30#api
10000129,389,20251209,0,Bank,微众银行,fpd,,30,,fpd30,京东白条,微众银行#fpd30#京东白条
10000129,389,20251209,0,Rate24,分期乐,dpd,3,30,3,mob3_dpd30,api,分期乐#mob3_dpd30#api
10000129,389,20251209,0,Bank,百信银行,dpd,12,60,12,mob12_dpd60,京东白条,百信银行#mob12_dpd60#京东白条
10000130,390,20240619,0,Bank,百信银行,dpd,12,60,12,mob12_dpd60,api,百信银行#mob12_dpd60#api
10000130,390,20240619,0,Rate24,分期乐,fpd,,30,,fpd30,小程序,分期乐#fpd30#小程序
10000130,391,20250808,0,Rate24,分期乐,dpd,3,30,3,mob3_dpd30,api,分期乐#mob3_dpd30#api
10000130,391,20250808,0,Rate24,分期乐,dpd,3,60,3,mob3_dpd60,小程序,分期乐#mob3_dpd60#小程序
10000130,391,20250808,0,Bank,微众银行,dpd,9,30,9,mob9_dpd30,api,微众银行#mob9_dpd30#api
10000130,392,20240715,-2,Bank,百信银行,dpd,9,30,9,mob9_dpd30,京东白条,百信银行#mob9_dpd30#京东白条
10000130,392,20240715,0,Bank,百信银行,dpd,6,60,6,mob6_dpd60,api,百信银行#mob6_dpd60#api
10000131,393,20241123,0,Rate36,拍拍贷,dpd,9,60,9,mob9_dpd60,api,拍拍贷#mob9_dpd60#api
10000131,393,20241123,0,Rate24,分期乐,fpd,,30,,fpd30,小程序,分期乐#fpd30#小程序
10000131,394,20250506,0,Rate24,零钱罐,dpd,12,30,12,mob12_dpd30,小程序,零钱罐#mob12_dpd30#小程序
10000131,395,20250810,0,Rate36,美团月付,dpd,3,60,3,mob3_dpd60,h5,美团月付#mob3_dpd60#h5
10000131,395,20250810,-2,Bank,微众银行,fpd,,30,,fpd30,api,微众银行#fpd30#api
10000132,396,20251123,0,Bank,微众银行,fpd,,30,,fpd30,api,微众银行#fpd30#api
10000132,397,20240413,0,Rate24,分期乐,dpd,12,60,12,mob12_dpd60,api,分期乐#mob12_dpd60#api
10000132,398,20240727,0,Rate36,美团月付,dpd,12,30,12,mob12_dpd30,api,美团月付#mob12_dpd30#api
10000132,398,20240727,0,Bank,微众银行,dpd,12,30,12,mob12_dpd30,京东白条,微众银行#mob12_dpd30#京东白条
10000133,399,20240901,0,Bank,百信银行,dpd,6,30,6,mob6_dpd30,京东白条,百信银行#mob6_dpd30#京东白条
10000133,399,20240901,0,Bank,微众银行,fpd,,30,,fpd30,京东白条,微众银行#fpd30#京东白条
10000133,399,20240901,0,Rate36,美团月付,dpd,9,60,9,mob9_dpd60,h5,美团月付#mob9_dpd60#h5
10000133,400,20241021,0,Rate24,零钱罐,dpd,3,30,3,mob3_dpd30,api,零钱罐#mob3_dpd30#api
10000133,401,20260223,0,Rate24,零钱罐,dpd,6,30,6,mob6_dpd30,小程序,零钱罐#mob6_dpd30#小程序
10000134,402,20250926,0,Bank,百信银行,fpd,,30,,fpd30,京东白条,百信银行#fpd30#京东白条
10000134,402,20250926,0,Bank,百信银行,dpd,9,60,9,mob9_dpd60,京东白条,百信银行#mob9_dpd60#京东白条
10000134,402,20250926,0,Rate24,零钱罐,dpd,6,30,6,mob6_dpd30,api,零钱罐#mob6_dpd30#api
10000134,403,20241005,0,Rate24,零钱罐,dpd,6,30,6,mob6_dpd30,小程序,零钱罐#mob6_dpd30#小程序
10000134,404,20260228,0,Bank,微众银行,fpd,,60,,fpd60,京东白条,微众银行#fpd60#京东白条
10000135,405,20250211,0,Rate24,分期乐,dpd,3,60,3,mob3_dpd60,小程序,分期乐#mob3_dpd60#小程序
10000135,405,20250211,0,Rate24,零钱罐,dpd,6,60,6,mob6_dpd60,小程序,零钱罐#mob6_dpd60#小程序
10000135,406,20250310,0,Rate24,零钱罐,fpd,,30,,fpd30,api,零钱罐#fpd30#api
10000135,406,20250310,0,Rate24,零钱罐,dpd,6,60,6,mob6_dpd60,小程序,零钱罐#mob6_dpd60#小程序
10000135,407,20250110,0,Rate24,零钱罐,dpd,3,60,3,mob3_dpd60,api,零钱罐#mob3_dpd60#api
10000135,407,20250110,0,Bank,百信银行,dpd,9,60,9,mob9_dpd60,api,百信银行#mob9_dpd60#api
10000135,407,20250110,0,Rate36,拍拍贷,fpd,,60,,fpd60,api,拍拍贷#fpd60#api
10000136,408,20240618,0,Bank,微众银行,dpd,9,30,9,mob9_dpd30,api,微众银行#mob9_dpd30#api
10000136,408,20240618,0,Rate24,分期乐,fpd,,30,,fpd30,api,分期乐#fpd30#api
10000136,408,20240618,0,Rate24,分期乐,dpd,3,30,3,mob3_dpd30,api,分期乐#mob3_dpd30#api
10000136,409,20260119,0,Rate24,零钱罐,dpd,3,30,3,mob3_dpd30,小程序,零钱罐#mob3_dpd30#小程序
10000136,410,20240314,0,Rate24,零钱罐,dpd,6,60,6,mob6_dpd60,api,零钱罐#mob6_dpd60#api
10000137,411,20240702,0,Rate36,拍拍贷,dpd,9,30,9,mob9_dpd30,h5,拍拍贷#mob9_dpd30#h5
10000137,412,20240828,1,Rate36,美团月付,fpd,,60,,fpd60,api,美团月付#fpd60#api
10000137,412,20240828,0,Rate36,拍拍贷,dpd,6,60,6,mob6_dpd60,api,拍拍贷#mob6_dpd60#api
10000137,413,20240907,0,Bank,百信银行,dpd,3,60,3,mob3_dpd60,api,百信银行#mob3_dpd60#api
10000137,413,20240907,0,Bank,微众银行,dpd,3,30,3,mob3_dpd30,京东白条,微众银行#mob3_dpd30#京东白条
10000138,414,20240603,1,Rate36,拍拍贷,dpd,3,60,3,mob3_dpd60,h5,拍拍贷#mob3_dpd60#h5
10000138,414,20240603,0,Bank,百信银行,dpd,9,60,9,mob9_dpd60,京东白条,百信银行#mob9_dpd60#京东白条
10000138,414,20240603,0,Rate24,零钱罐,fpd,,60,,fpd60,api,零钱罐#fpd60#api
10000138,415,20240317,0,Rate36,拍拍贷,fpd,,30,,fpd30,api,拍拍贷#fpd30#api
10000138,415,20240317,0,Rate36,拍拍贷,dpd,3,60,3,mob3_dpd60,h5,拍拍贷#mob3_dpd60#h5
10000138,415,20240317,0,Bank,百信银行,dpd,9,60,9,mob9_dpd60,京东白条,百信银行#mob9_dpd60#京东白条
10000138,416,20250712,0,Bank,微众银行,dpd,12,30,12,mob12_dpd30,api,微众银行#mob12_dpd30#api
10000138,416,20250712,0,Rate24,分期乐,dpd,6,30,6,mob6_dpd30,小程序,分期乐#mob6_dpd30#小程序
10000139,417,20260218,0,Bank,微众银行,dpd,9,30,9,mob9_dpd30,京东白条,微众银行#mob9_dpd30#京东白条
10000139,417,20260218,0,Bank,微众银行,dpd,3,30,3,mob3_dpd30,api,微众银行#mob3_dpd30#api
10000139,417,20260218,0,Rate36,美团月付,dpd,6,60,6,mob6_dpd60,h5,美团月付#mob6_dpd60#h5
10000139,418,20240525,0,Rate36,拍拍贷,dpd,3,30,3,mob3_dpd30,h5,拍拍贷#mob3_dpd30#h5
10000139,418,20240525,0,Rate24,分期乐,fpd,,30,,fpd30,api,分期乐#fpd30#api
10000139,418,20240525,0,Bank,微众银行,fpd,,60,,fpd60,api,微众银行#fpd60#api
10000139,419,20241003,0,Rate24,分期乐,dpd,9,30,9,mob9_dpd30,api,分期乐#mob9_dpd30#api
10000139,419,20241003,0,Bank,微众银行,dpd,6,60,6,mob6_dpd60,api,微众银行#mob6_dpd60#api
10000140,420,20250308,0,Bank,微众银行,dpd,12,60,12,mob12_dpd60,京东白条,微众银行#mob12_dpd60#京东白条
10000140,420,20250308,0,Rate24,零钱罐,dpd,6,30,6,mob6_dpd30,小程序,零钱罐#mob6_dpd30#小程序
10000140,421,20260115,0,Rate24,零钱罐,dpd,12,30,12,mob12_dpd30,api,零钱罐#mob12_dpd30#api
10000140,421,20260115,0,Rate24,分期乐,dpd,6,30,6,mob6_dpd30,api,分期乐#mob6_dpd30#api
10000140,422,20250723,0,Rate36,美团月付,dpd,9,30,9,mob9_dpd30,api,美团月付#mob9_dpd30#api
10000140,422,20250723,0,Rate36,美团月付,dpd,9,30,9,mob9_dpd30,api,美团月付#mob9_dpd30#api
10000141,423,20250917,0,Rate24,分期乐,dpd,3,60,3,mob3_dpd60,小程序,分期乐#mob3_dpd60#小程序
10000141,423,20250917,0,Rate24,分期乐,fpd,,60,,fpd60,api,分期乐#fpd60#api
10000141,424,20250411,0,Bank,百信银行,dpd,9,30,9,mob9_dpd30,api,百信银行#mob9_dpd30#api
10000141,424,20250411,0,Bank,微众银行,dpd,9,60,9,mob9_dpd60,京东白条,微众银行#mob9_dpd60#京东白条
10000141,424,20250411,0,Bank,微众银行,dpd,6,60,6,mob6_dpd60,api,微众银行#mob6_dpd60#api
10000141,425,20250118,0,Bank,微众银行,dpd,9,60,9,mob9_dpd60,api,微众银行#mob9_dpd60#api
10000141,425,20250118,0,Rate36,美团月付,dpd,12,60,12,mob12_dpd60,h5,美团月付#mob12_dpd60#h5
10000141,425,20250118,-2,Rate36,拍拍贷,dpd,12,30,12,mob12_dpd30,h5,拍拍贷#mob12_dpd30#h5
10000142,426,20240728,0,Bank,微众银行,dpd,12,60,12,mob12_dpd60,京东白条,微众银行#mob12_dpd60#京东白条
10000142,426,20240728,0,Bank,微众银行,fpd,,60,,fpd60,api,微众银行#fpd60#api
10000142,427,20251114,-2,Rate36,拍拍贷,dpd,6,30,6,mob6_dpd30,api,拍拍贷#mob6_dpd30#api
10000142,427,20251114,0,Bank,微众银行,dpd,9,30,9,mob9_dpd30,api,微众银行#mob9_dpd30#api
10000142,427,20251114,1,Rate36,拍拍贷,fpd,,60,,fpd60,api,拍拍贷#fpd60#api
10000142,428,20251025,0,Bank,微众银行,fpd,,30,,fpd30,京东白条,微众银行#fpd30#京东白条
10000142,428,20251025,0,Rate24,零钱罐,dpd,6,30,6,mob6_dpd30,api,零钱罐#mob6_dpd30#api
10000143,429,20240322,0,Rate36,拍拍贷,dpd,6,60,6,mob6_dpd60,h5,拍拍贷#mob6_dpd60#h5
10000143,429,20240322,0,Rate36,拍拍贷,fpd,,30,,fpd30,h5,拍拍贷#fpd30#h5
10000143,430,20250809,0,Bank,百信银行,fpd,,30,,fpd30,api,百信银行#fpd30#api
10000143,431,20240507,0,Rate36,拍拍贷,dpd,9,30,9,mob9_dpd30,h5,拍拍贷#mob9_dpd30#h5
10000144,432,20250822,0,Rate36,美团月付,dpd,9,60,9,mob9_dpd60,h5,美团月付#mob9_dpd60#h5
10000144,433,20251006,0,Rate36,美团月付,dpd,3,60,3,mob3_dpd60,h5,美团月付#mob3_dpd60#h5
10000144,433,20251006,0,Rate24,零钱罐,dpd,9,60,9,mob9_dpd60,api,零钱罐#mob9_dpd60#api
10000144,434,20240610,0,Bank,微众银行,fpd,,60,,fpd60,api,微众银行#fpd60#api
10000145,435,20250107,0,Bank,百信银行,dpd,12,60,12,mob12_dpd60,api,百信银行#mob12_dpd60#api
10000145,436,20240517,0,Rate24,分期乐,dpd,9,60,9,mob9_dpd60,小程序,分期乐#mob9_dpd60#小程序
10000145,436,20240517,0,Rate36,拍拍贷,dpd,3,60,3,mob3_dpd60,h5,拍拍贷#mob3_dpd60#h5
10000145,437,20250409,0,Rate24,零钱罐,dpd,9,30,9,mob9_dpd30,api,零钱罐#mob9_dpd30#api
10000145,437,20250409,0,Bank,微众银行,dpd,6,30,6,mob6_dpd30,api,微众银行#mob6_dpd30#api
10000146,438,20260119,0,Rate36,拍拍贷,fpd,,30,,fpd30,api,拍拍贷#fpd30#api
10000146,438,20260119,0,Rate24,分期乐,fpd,,30,,fpd30,小程序,分期乐#fpd30#小程序
10000146,439,20240427,-2,Rate24,零钱罐,dpd,12,60,12,mob12_dpd60,api,零钱罐#mob12_dpd60#api
10000146,440,20241224,-2,Rate36,美团月付,dpd,12,60,12,mob12_dpd60,api,美团月付#mob12_dpd60#api
10000146,440,20241224,0,Rate24,零钱罐,dpd,12,30,12,mob12_dpd30,小程序,零钱罐#mob12_dpd30#小程序
10000147,441,20260227,1,Bank,微众银行,dpd,6,60,6,mob6_dpd60,api,微众银行#mob6_dpd60#api
10000147,441,20260227,0,Rate36,美团月付,fpd,,30,,fpd30,h5,美团月付#fpd30#h5
10000147,441,20260227,0,Bank,微众银行,dpd,9,30,9,mob9_dpd30,京东白条,微众银行#mob9_dpd30#京东白条
10000147,442,20241001,0,Rate24,分期乐,dpd,12,60,12,mob12_dpd60,api,分期乐#mob12_dpd60#api
10000147,443,20240613,1,Rate24,分期乐,dpd,12,30,12,mob12_dpd30,小程序,分期乐#mob12_dpd30#小程序
10000147,443,20240613,0,Bank,微众银行,dpd,6,60,6,mob6_dpd60,api,微众银行#mob6_dpd60#api
10000147,443,20240613,0,Bank,微众银行,fpd,,30,,fpd30,api,微众银行#fpd30#api
10000148,444,20250207,-2,Rate36,美团月付,fpd,,30,,fpd30,api,美团月付#fpd30#api
10000148,445,20250326,0,Rate36,拍拍贷,dpd,12,60,12,mob12_dpd60,api,拍拍贷#mob12_dpd60#api
10000148,446,20250620,0,Rate36,拍拍贷,dpd,3,60,3,mob3_dpd60,api,拍拍贷#mob3_dpd60#api
10000148,446,20250620,0,Rate36,拍拍贷,fpd,,30,,fpd30,api,拍拍贷#fpd30#api
10000148,446,20250620,0,Bank,微众银行,fpd,,30,,fpd30,api,微众银行#fpd30#api
10000149,447,20241009,0,Rate36,拍拍贷,dpd,6,60,6,mob6_dpd60,h5,拍拍贷#mob6_dpd60#h5
10000149,447,20241009,0,Rate36,美团月付,dpd,12,60,12,mob12_dpd60,api,美团月付#mob12_dpd60#api
10000149,448,20260116,0,Rate24,零钱罐,dpd,12,60,12,mob12_dpd60,小程序,零钱罐#mob12_dpd60#小程序
10000149,449,20250317,0,Bank,百信银行,fpd,,30,,fpd30,京东白条,百信银行#fpd30#京东白条
10000149,449,20250317,0,Bank,微众银行,dpd,3,60,3,mob3_dpd60,京东白条,微众银行#mob3_dpd60#京东白条
10000150,450,20240914,0,Bank,微众银行,dpd,12,60,12,mob12_dpd60,api,微众银行#mob12_dpd60#api
10000150,450,20240914,0,Bank,百信银行,dpd,9,60,9,mob9_dpd60,京东白条,百信银行#mob9_dpd60#京东白条
10000150,451,20260214,1,Rate24,分期乐,dpd,12,60,12,mob12_dpd60,小程序,分期乐#mob12_dpd60#小程序
10000150,451,20260214,1,Rate36,美团月付,dpd,3,60,3,mob3_dpd60,api,美团月付#mob3_dpd60#api
10000150,452,20260102,1,Bank,百信银行,fpd,,60,,fpd60,api,百信银行#fpd60#api
10000150,452,20260102,1,Rate36,拍拍贷,dpd,3,30,3,mob3_dpd30,h5,拍拍贷#mob3_dpd30#h5
10000150,452,20260102,0,Rate36,拍拍贷,fpd,,30,,fpd30,api,拍拍贷#fpd30#api
10000151,453,20250213,0,Bank,百信银行,dpd,12,60,12,mob12_dpd60,京东白条,百信银行#mob12_dpd60#京东白条
10000151,453,20250213,0,Rate24,零钱罐,dpd,6,60,6,mob6_dpd60,小程序,零钱罐#mob6_dpd60#小程序
10000151,453,20250213,0,Bank,百信银行,dpd,12,30,12,mob12_dpd30,京东白条,百信银行#mob12_dpd30#京东白条
10000151,454,20240310,1,Rate24,零钱罐,dpd,9,30,9,mob9_dpd30,api,零钱罐#mob9_dpd30#api
10000151,454,20240310,1,Rate36,美团月付,dpd,9,30,9,mob9_dpd30,api,美团月付#mob9_dpd30#api
10000151,454,20240310,0,Bank,微众银行,dpd,12,30,12,mob12_dpd30,api,微众银行#mob12_dpd30#api
10000151,455,20250523,1,Rate36,美团月付,dpd,3,60,3,mob3_dpd60,h5,美团月付#mob3_dpd60#h5
10000151,455,20250523,0,Rate24,零钱罐,dpd,12,60,12,mob12_dpd60,小程序,零钱罐#mob12_dpd60#小程序
10000151,455,20250523,0,Rate36,美团月付,fpd,,60,,fpd60,api,美团月付#fpd60#api
10000152,456,20250425,1,Bank,微众银行,dpd,9,60,9,mob9_dpd60,京东白条,微众银行#mob9_dpd60#京东白条
10000152,456,20250425,0,Bank,微众银行,dpd,12,30,12,mob12_dpd30,京东白条,微众银行#mob12_dpd30#京东白条
10000152,456,20250425,0,Rate36,美团月付,dpd,3,60,3,mob3_dpd60,api,美团月付#mob3_dpd60#api
10000152,457,20240622,0,Rate36,美团月付,dpd,12,30,12,mob12_dpd30,api,美团月付#mob12_dpd30#api
10000152,457,20240622,1,Bank,百信银行,fpd,,60,,fpd60,api,百信银行#fpd60#api
10000152,458,20250601,1,Rate24,分期乐,fpd,,30,,fpd30,api,分期乐#fpd30#api
10000153,459,20251124,-2,Rate24,分期乐,fpd,,60,,fpd60,api,分期乐#fpd60#api
10000153,460,20240512,0,Rate36,美团月付,fpd,,30,,fpd30,h5,美团月付#fpd30#h5
10000153,461,20250812,0,Bank,百信银行,fpd,,30,,fpd30,京东白条,百信银行#fpd30#京东白条
10000153,461,20250812,0,Rate24,零钱罐,dpd,9,60,9,mob9_dpd60,api,零钱罐#mob9_dpd60#api
10000153,461,20250812,0,Rate24,零钱罐,dpd,12,60,12,mob12_dpd60,小程序,零钱罐#mob12_dpd60#小程序
10000154,462,20240627,0,Bank,微众银行,dpd,3,30,3,mob3_dpd30,京东白条,微众银行#mob3_dpd30#京东白条
10000154,462,20240627,0,Bank,百信银行,fpd,,60,,fpd60,京东白条,百信银行#fpd60#京东白条
10000154,463,20250825,1,Bank,微众银行,dpd,6,60,6,mob6_dpd60,京东白条,微众银行#mob6_dpd60#京东白条
10000154,464,20250102,0,Rate24,分期乐,dpd,6,30,6,mob6_dpd30,小程序,分期乐#mob6_dpd30#小程序
10000154,464,20250102,0,Bank,百信银行,dpd,6,30,6,mob6_dpd30,京东白条,百信银行#mob6_dpd30#京东白条
10000154,464,20250102,0,Rate24,零钱罐,fpd,,30,,fpd30,小程序,零钱罐#fpd30#小程序
10000155,465,20240311,0,Bank,百信银行,fpd,,30,,fpd30,京东白条,百信银行#fpd30#京东白条
10000155,465,20240311,0,Bank,百信银行,dpd,6,60,6,mob6_dpd60,京东白条,百信银行#mob6_dpd60#京东白条
10000155,465,20240311,0,Bank,百信银行,fpd,,60,,fpd60,京东白条,百信银行#fpd60#京东白条
10000155,466,20260221,0,Bank,百信银行,fpd,,30,,fpd30,京东白条,百信银行#fpd30#京东白条
10000155,466,20260221,0,Bank,微众银行,fpd,,60,,fpd60,京东白条,微众银行#fpd60#京东白条
10000155,467,20240616,0,Rate24,分期乐,fpd,,30,,fpd30,小程序,分期乐#fpd30#小程序
10000155,467,20240616,0,Rate24,零钱罐,dpd,9,60,9,mob9_dpd60,api,零钱罐#mob9_dpd60#api
10000156,468,20250508,-2,Bank,百信银行,dpd,6,30,6,mob6_dpd30,api,百信银行#mob6_dpd30#api
10000156,468,20250508,1,Bank,百信银行,dpd,12,60,12,mob12_dpd60,京东白条,百信银行#mob12_dpd60#京东白条
10000156,469,20240715,1,Rate36,美团月付,dpd,12,30,12,mob12_dpd30,api,美团月付#mob12_dpd30#api
10000156,469,20240715,0,Rate36,美团月付,dpd,3,60,3,mob3_dpd60,h5,美团月付#mob3_dpd60#h5
10000156,470,20260125,1,Rate36,美团月付,dpd,9,30,9,mob9_dpd30,api,美团月付#mob9_dpd30#api
10000157,471,20250807,0,Rate24,分期乐,dpd,9,30,9,mob9_dpd30,小程序,分期乐#mob9_dpd30#小程序
10000157,471,20250807,0,Bank,百信银行,fpd,,60,,fpd60,api,百信银行#fpd60#api
10000157,471,20250807,0,Bank,百信银行,dpd,6,30,6,mob6_dpd30,京东白条,百信银行#mob6_dpd30#京东白条
10000157,472,20251021,0,Bank,微众银行,dpd,6,30,6,mob6_dpd30,京东白条,微众银行#mob6_dpd30#京东白条
10000157,472,20251021,0,Bank,微众银行,dpd,3,30,3,mob3_dpd30,api,微众银行#mob3_dpd30#api
10000157,472,20251021,-2,Rate24,分期乐,dpd,9,30,9,mob9_dpd30,小程序,分期乐#mob9_dpd30#小程序
10000157,473,20250121,0,Bank,微众银行,dpd,3,30,3,mob3_dpd30,京东白条,微众银行#mob3_dpd30#京东白条
10000158,474,20250225,0,Bank,百信银行,dpd,3,60,3,mob3_dpd60,api,百信银行#mob3_dpd60#api
10000158,474,20250225,0,Rate24,零钱罐,dpd,3,60,3,mob3_dpd60,小程序,零钱罐#mob3_dpd60#小程序
10000158,474,20250225,0,Rate24,零钱罐,dpd,3,30,3,mob3_dpd30,小程序,零钱罐#mob3_dpd30#小程序
10000158,475,20250609,-2,Bank,微众银行,dpd,6,30,6,mob6_dpd30,api,微众银行#mob6_dpd30#api
10000158,475,20250609,-2,Rate36,拍拍贷,dpd,3,60,3,mob3_dpd60,h5,拍拍贷#mob3_dpd60#h5
10000158,476,20250907,0,Rate36,美团月付,fpd,,60,,fpd60,api,美团月付#fpd60#api
10000158,476,20250907,0,Rate24,零钱罐,dpd,3,30,3,mob3_dpd30,api,零钱罐#mob3_dpd30#api
10000159,477,20251116,0,Rate24,零钱罐,dpd,9,30,9,mob9_dpd30,api,零钱罐#mob9_dpd30#api
10000159,478,20240315,1,Rate36,美团月付,dpd,12,60,12,mob12_dpd60,api,美团月付#mob12_dpd60#api
10000159,479,20250612,0,Rate36,美团月付,dpd,6,60,6,mob6_dpd60,api,美团月付#mob6_dpd60#api
10000160,480,20240522,1,Rate24,零钱罐,dpd,6,30,6,mob6_dpd30,api,零钱罐#mob6_dpd30#api
10000160,480,20240522,0,Rate24,零钱罐,dpd,6,30,6,mob6_dpd30,api,零钱罐#mob6_dpd30#api
10000160,480,20240522,0,Rate24,零钱罐,dpd,9,30,9,mob9_dpd30,小程序,零钱罐#mob9_dpd30#小程序
10000160,481,20240923,1,Rate36,美团月付,dpd,12,60,12,mob12_dpd60,api,美团月付#mob12_dpd60#api
10000160,481,20240923,0,Bank,百信银行,dpd,9,30,9,mob9_dpd30,京东白条,百信银行#mob9_dpd30#京东白条
10000160,482,20251007,0,Bank,微众银行,dpd,9,60,9,mob9_dpd60,api,微众银行#mob9_dpd60#api
10000161,483,20240923,0,Bank,微众银行,dpd,6,30,6,mob6_dpd30,京东白条,微众银行#mob6_dpd30#京东白条
10000161,483,20240923,0,Rate24,分期乐,dpd,12,30,12,mob12_dpd30,小程序,分期乐#mob12_dpd30#小程序
10000161,484,20251007,0,Rate24,零钱罐,dpd,12,30,12,mob12_dpd30,api,零钱罐#mob12_dpd30#api
10000161,484,20251007,0,Bank,百信银行,dpd,12,60,12,mob12_dpd60,api,百信银行#mob12_dpd60#api
10000161,485,20250212,0,Rate24,分期乐,fpd,,30,,fpd30,小程序,分期乐#fpd30#小程序
10000162,486,20240801,0,Bank,百信银行,dpd,3,60,3,mob3_dpd60,api,百信银行#mob3_dpd60#api
10000162,487,20241110,0,Bank,百信银行,dpd,3,60,3,mob3_dpd60,京东白条,百信银行#mob3_dpd60#京东白条
10000162,487,20241110,0,Bank,微众银行,dpd,3,60,3,mob3_dpd60,api,微众银行#mob3_dpd60#api
10000162,487,20241110,0,Bank,微众银行,dpd,6,30,6,mob6_dpd30,京东白条,微众银行#mob6_dpd30#京东白条
10000162,488,20250327,0,Rate24,零钱罐,dpd,9,30,9,mob9_dpd30,小程序,零钱罐#mob9_dpd30#小程序
10000163,489,20250913,0,Rate36,拍拍贷,fpd,,60,,fpd60,h5,拍拍贷#fpd60#h5
10000163,490,20250520,1,Rate24,零钱罐,fpd,,60,,fpd60,api,零钱罐#fpd60#api
10000163,490,20250520,0,Rate24,分期乐,fpd,,60,,fpd60,小程序,分期乐#fpd60#小程序
10000163,490,20250520,0,Rate36,拍拍贷,dpd,6,30,6,mob6_dpd30,api,拍拍贷#mob6_dpd30#api
10000163,491,20260104,0,Rate24,零钱罐,dpd,3,60,3,mob3_dpd60,api,零钱罐#mob3_dpd60#api
10000163,491,20260104,0,Bank,百信银行,fpd,,30,,fpd30,京东白条,百信银行#fpd30#京东白条
10000164,492,20251118,0,Rate36,拍拍贷,dpd,6,30,6,mob6_dpd30,api,拍拍贷#mob6_dpd30#api
10000164,492,20251118,0,Rate36,拍拍贷,dpd,6,30,6,mob6_dpd30,h5,拍拍贷#mob6_dpd30#h5
10000164,493,20250911,0,Bank,微众银行,dpd,9,60,9,mob9_dpd60,api,微众银行#mob9_dpd60#api
10000164,493,20250911,0,Bank,百信银行,dpd,3,60,3,mob3_dpd60,京东白条,百信银行#mob3_dpd60#京东白条
10000164,494,20250521,1,Bank,百信银行,dpd,3,60,3,mob3_dpd60,api,百信银行#mob3_dpd60#api
10000165,495,20240926,0,Bank,微众银行,dpd,6,60,6,mob6_dpd60,京东白条,微众银行#mob6_dpd60#京东白条
10000165,496,20241215,0,Bank,微众银行,fpd,,30,,fpd30,京东白条,微众银行#fpd30#京东白条
10000165,496,20241215,1,Rate36,美团月付,dpd,3,60,3,mob3_dpd60,h5,美团月付#mob3_dpd60#h5
10000165,496,20241215,0,Rate24,零钱罐,dpd,6,30,6,mob6_dpd30,api,零钱罐#mob6_dpd30#api
10000165,497,20240503,0,Rate24,零钱罐,dpd,6,60,6,mob6_dpd60,api,零钱罐#mob6_dpd60#api
10000165,497,20240503,1,Rate36,美团月付,fpd,,30,,fpd30,h5,美团月付#fpd30#h5
10000166,498,20241114,0,Rate36,美团月付,dpd,6,30,6,mob6_dpd30,api,美团月付#mob6_dpd30#api
10000166,498,20241114,0,Rate24,零钱罐,dpd,3,30,3,mob3_dpd30,api,零钱罐#mob3_dpd30#api
10000166,498,20241114,0,Bank,百信银行,dpd,9,30,9,mob9_dpd30,京东白条,百信银行#mob9_dpd30#京东白条
10000166,499,20260104,-2,Rate36,拍拍贷,dpd,12,30,12,mob12_dpd30,api,拍拍贷#mob12_dpd30#api
10000166,500,20250113,0,Rate36,拍拍贷,dpd,6,30,6,mob6_dpd30,h5,拍拍贷#mob6_dpd30#h5
10000167,501,20240502,1,Rate36,拍拍贷,fpd,,60,,fpd60,api,拍拍贷#fpd60#api
10000167,501,20240502,-2,Rate24,分期乐,dpd,6,60,6,mob6_dpd60,小程序,分期乐#mob6_dpd60#小程序
10000167,502,20250618,0,Rate36,拍拍贷,dpd,3,30,3,mob3_dpd30,h5,拍拍贷#mob3_dpd30#h5
10000167,502,20250618,0,Bank,百信银行,dpd,12,60,12,mob12_dpd60,api,百信银行#mob12_dpd60#api
10000167,503,20260209,-2,Rate36,美团月付,dpd,3,60,3,mob3_dpd60,api,美团月付#mob3_dpd60#api
10000168,504,20251106,0,Rate24,零钱罐,fpd,,30,,fpd30,小程序,零钱罐#fpd30#小程序
10000168,505,20240901,0,Rate24,零钱罐,dpd,3,60,3,mob3_dpd60,api,零钱罐#mob3_dpd60#api
10000168,505,20240901,0,Rate24,分期乐,dpd,3,30,3,mob3_dpd30,小程序,分期乐#mob3_dpd30#小程序
10000168,505,20240901,0,Bank,微众银行,dpd,6,30,6,mob6_dpd30,京东白条,微众银行#mob6_dpd30#京东白条
10000168,506,20250125,0,Rate24,分期乐,dpd,9,30,9,mob9_dpd30,小程序,分期乐#mob9_dpd30#小程序
10000169,507,20250324,0,Bank,微众银行,dpd,3,30,3,mob3_dpd30,京东白条,微众银行#mob3_dpd30#京东白条
10000169,507,20250324,0,Rate36,拍拍贷,dpd,3,60,3,mob3_dpd60,h5,拍拍贷#mob3_dpd60#h5
10000169,508,20240823,0,Rate36,美团月付,dpd,12,60,12,mob12_dpd60,api,美团月付#mob12_dpd60#api
10000169,508,20240823,0,Bank,百信银行,dpd,9,30,9,mob9_dpd30,api,百信银行#mob9_dpd30#api
10000169,508,20240823,0,Rate36,拍拍贷,fpd,,60,,fpd60,api,拍拍贷#fpd60#api
10000169,509,20240902,0,Rate36,拍拍贷,dpd,9,60,9,mob9_dpd60,h5,拍拍贷#mob9_dpd60#h5
10000169,509,20240902,0,Rate36,美团月付,dpd,3,60,3,mob3_dpd60,h5,美团月付#mob3_dpd60#h5
10000169,509,20240902,0,Bank,百信银行,dpd,9,60,9,mob9_dpd60,api,百信银行#mob9_dpd60#api
10000170,510,20240810,0,Rate36,美团月付,dpd,9,30,9,mob9_dpd30,h5,美团月付#mob9_dpd30#h5
10000170,510,20240810,0,Rate36,美团月付,fpd,,60,,fpd60,api,美团月付#fpd60#api
10000170,511,20260228,0,Rate36,拍拍贷,dpd,9,30,9,mob9_dpd30,h5,拍拍贷#mob9_dpd30#h5
10000170,512,20250817,0,Bank,百信银行,dpd,9,60,9,mob9_dpd60,京东白条,百信银行#mob9_dpd60#京东白条
10000171,513,20251104,0,Rate24,零钱罐,dpd,6,60,6,mob6_dpd60,api,零钱罐#mob6_dpd60#api
10000171,513,20251104,0,Rate24,分期乐,dpd,6,60,6,mob6_dpd60,api,分期乐#mob6_dpd60#api
10000171,513,20251104,0,Bank,微众银行,dpd,9,30,9,mob9_dpd30,京东白条,微众银行#mob9_dpd30#京东白条
10000171,514,20251004,0,Bank,百信银行,dpd,12,30,12,mob12_dpd30,京东白条,百信银行#mob12_dpd30#京东白条
10000171,514,20251004,0,Bank,微众银行,dpd,6,60,6,mob6_dpd60,api,微众银行#mob6_dpd60#api
10000171,515,20260208,0,Rate36,拍拍贷,dpd,3,30,3,mob3_dpd30,api,拍拍贷#mob3_dpd30#api
10000172,516,20240528,0,Rate36,拍拍贷,dpd,12,60,12,mob12_dpd60,h5,拍拍贷#mob12_dpd60#h5
10000172,516,20240528,0,Bank,百信银行,dpd,9,60,9,mob9_dpd60,京东白条,百信银行#mob9_dpd60#京东白条
10000172,517,20251205,0,Bank,百信银行,dpd,6,30,6,mob6_dpd30,api,百信银行#mob6_dpd30#api
10000172,518,20240426,0,Rate24,分期乐,dpd,9,60,9,mob9_dpd60,api,分期乐#mob9_dpd60#api
10000172,518,20240426,0,Rate36,拍拍贷,dpd,6,30,6,mob6_dpd30,h5,拍拍贷#mob6_dpd30#h5
10000173,519,20250219,0,Rate36,美团月付,dpd,12,60,12,mob12_dpd60,api,美团月付#mob12_dpd60#api
10000173,519,20250219,0,Rate24,零钱罐,fpd,,60,,fpd60,api,零钱罐#fpd60#api
10000173,519,20250219,0,Rate24,零钱罐,dpd,3,60,3,mob3_dpd60,api,零钱罐#mob3_dpd60#api
10000173,520,20250526,0,Rate24,分期乐,dpd,6,60,6,mob6_dpd60,小程序,分期乐#mob6_dpd60#小程序
10000173,521,20241124,0,Rate24,零钱罐,dpd,3,60,3,mob3_dpd60,api,零钱罐#mob3_dpd60#api
10000173,521,20241124,0,Rate36,拍拍贷,dpd,6,60,6,mob6_dpd60,h5,拍拍贷#mob6_dpd60#h5
10000174,522,20240610,-2,Rate24,分期乐,dpd,9,30,9,mob9_dpd30,小程序,分期乐#mob9_dpd30#小程序
10000174,522,20240610,0,Rate36,拍拍贷,dpd,3,30,3,mob3_dpd30,h5,拍拍贷#mob3_dpd30#h5
10000174,523,20240724,1,Rate24,分期乐,dpd,3,60,3,mob3_dpd60,小程序,分期乐#mob3_dpd60#小程序
10000174,524,20251005,0,Rate24,零钱罐,dpd,6,30,6,mob6_dpd30,小程序,零钱罐#mob6_dpd30#小程序
10000174,524,20251005,0,Rate36,美团月付,dpd,3,60,3,mob3_dpd60,api,美团月付#mob3_dpd60#api
10000175,525,20241009,0,Bank,微众银行,dpd,9,30,9,mob9_dpd30,api,微众银行#mob9_dpd30#api
10000175,525,20241009,0,Bank,百信银行,dpd,3,30,3,mob3_dpd30,api,百信银行#mob3_dpd30#api
10000175,525,20241009,0,Rate36,拍拍贷,dpd,6,30,6,mob6_dpd30,h5,拍拍贷#mob6_dpd30#h5
10000175,526,20241006,0,Bank,百信银行,dpd,3,60,3,mob3_dpd60,api,百信银行#mob3_dpd60#api
10000175,526,20241006,0,Rate36,拍拍贷,dpd,3,30,3,mob3_dpd30,h5,拍拍贷#mob3_dpd30#h5
10000175,526,20241006,0,Bank,百信银行,dpd,9,30,9,mob9_dpd30,api,百信银行#mob9_dpd30#api
10000175,527,20260104,0,Rate24,零钱罐,dpd,9,60,9,mob9_dpd60,api,零钱罐#mob9_dpd60#api
10000175,527,20260104,0,Bank,百信银行,dpd,6,30,6,mob6_dpd30,京东白条,百信银行#mob6_dpd30#京东白条
10000176,528,20240603,0,Rate24,分期乐,fpd,,60,,fpd60,api,分期乐#fpd60#api
10000176,528,20240603,0,Rate36,拍拍贷,dpd,12,30,12,mob12_dpd30,h5,拍拍贷#mob12_dpd30#h5
10000176,528,20240603,0,Rate36,美团月付,dpd,12,30,12,mob12_dpd30,h5,美团月付#mob12_dpd30#h5
10000176,529,20251206,0,Rate24,分期乐,fpd,,30,,fpd30,api,分期乐#fpd30#api
10000176,529,20251206,0,Bank,微众银行,fpd,,30,,fpd30,api,微众银行#fpd30#api
10000176,529,20251206,0,Rate24,分期乐,dpd,9,60,9,mob9_dpd60,api,分期乐#mob9_dpd60#api
10000176,530,20260104,0,Bank,微众银行,dpd,12,30,12,mob12_dpd30,京东白条,微众银行#mob12_dpd30#京东白条
10000177,531,20250511,-2,Rate24,零钱罐,dpd,12,30,12,mob12_dpd30,api,零钱罐#mob12_dpd30#api
10000177,532,20240602,0,Rate36,美团月付,dpd,3,30,3,mob3_dpd30,api,美团月付#mob3_dpd30#api
10000177,533,20240602,0,Rate36,拍拍贷,dpd,9,60,9,mob9_dpd60,api,拍拍贷#mob9_dpd60#api
10000177,533,20240602,0,Bank,微众银行,dpd,6,30,6,mob6_dpd30,京东白条,微众银行#mob6_dpd30#京东白条
10000178,534,20240928,0,Rate24,分期乐,dpd,12,60,12,mob12_dpd60,api,分期乐#mob12_dpd60#api
10000178,534,20240928,1,Rate36,美团月付,dpd,12,30,12,mob12_dpd30,api,美团月付#mob12_dpd30#api
10000178,534,20240928,0,Bank,微众银行,dpd,12,30,12,mob12_dpd30,京东白条,微众银行#mob12_dpd30#京东白条
10000178,535,20250403,0,Rate36,拍拍贷,dpd,12,30,12,mob12_dpd30,h5,拍拍贷#mob12_dpd30#h5
10000178,535,20250403,0,Rate36,美团月付,dpd,9,30,9,mob9_dpd30,h5,美团月付#mob9_dpd30#h5
10000178,536,20240603,0,Rate24,零钱罐,fpd,,60,,fpd60,小程序,零钱罐#fpd60#小程序
10000178,536,20240603,0,Rate24,零钱罐,fpd,,60,,fpd60,api,零钱罐#fpd60#api
10000178,536,20240603,0,Bank,百信银行,fpd,,60,,fpd60,api,百信银行#fpd60#api
10000179,537,20250101,0,Rate36,拍拍贷,dpd,9,60,9,mob9_dpd60,api,拍拍贷#mob9_dpd60#api
10000179,537,20250101,0,Bank,微众银行,dpd,6,30,6,mob6_dpd30,api,微众银行#mob6_dpd30#api
10000179,538,20240504,0,Rate36,拍拍贷,dpd,6,60,6,mob6_dpd60,api,拍拍贷#mob6_dpd60#api
10000179,539,20250315,0,Rate24,零钱罐,dpd,12,60,12,mob12_dpd60,小程序,零钱罐#mob12_dpd60#小程序
10000180,540,20240324,0,Rate24,分期乐,dpd,9,30,9,mob9_dpd30,api,分期乐#mob9_dpd30#api
10000180,541,20250821,0,Rate36,拍拍贷,fpd,,30,,fpd30,h5,拍拍贷#fpd30#h5
10000180,541,20250821,0,Rate24,分期乐,dpd,3,30,3,mob3_dpd30,小程序,分期乐#mob3_dpd30#小程序
10000180,541,20250821,-2,Rate24,零钱罐,dpd,12,60,12,mob12_dpd60,小程序,零钱罐#mob12_dpd60#小程序
10000180,542,20240417,-2,Rate36,拍拍贷,dpd,3,60,3,mob3_dpd60,h5,拍拍贷#mob3_dpd60#h5
10000181,543,20240703,0,Rate36,拍拍贷,dpd,9,30,9,mob9_dpd30,api,拍拍贷#mob9_dpd30#api
10000181,543,20240703,1,Rate36,拍拍贷,dpd,3,60,3,mob3_dpd60,api,拍拍贷#mob3_dpd60#api
10000181,544,20240722,0,Rate24,零钱罐,dpd,12,60,12,mob12_dpd60,api,零钱罐#mob12_dpd60#api
10000181,544,20240722,0,Bank,微众银行,dpd,9,60,9,mob9_dpd60,api,微众银行#mob9_dpd60#api
10000181,545,20251002,0,Rate24,零钱罐,fpd,,30,,fpd30,小程序,零钱罐#fpd30#小程序
10000182,546,20240418,0,Rate36,美团月付,dpd,9,30,9,mob9_dpd30,h5,美团月付#mob9_dpd30#h5
10000182,547,20250112,0,Rate36,美团月付,dpd,3,60,3,mob3_dpd60,api,美团月付#mob3_dpd60#api
10000182,547,20250112,-2,Rate24,零钱罐,dpd,12,60,12,mob12_dpd60,小程序,零钱罐#mob12_dpd60#小程序
10000182,548,20250525,-2,Bank,微众银行,dpd,6,60,6,mob6_dpd60,api,微众银行#mob6_dpd60#api
10000182,548,20250525,-2,Bank,微众银行,dpd,9,30,9,mob9_dpd30,京东白条,微众银行#mob9_dpd30#京东白条
10000183,549,20250309,0,Rate36,拍拍贷,dpd,9,30,9,mob9_dpd30,api,拍拍贷#mob9_dpd30#api
10000183,549,20250309,1,Bank,微众银行,dpd,12,60,12,mob12_dpd60,京东白条,微众银行#mob12_dpd60#京东白条
10000183,550,20250718,0,Rate36,拍拍贷,dpd,3,60,3,mob3_dpd60,h5,拍拍贷#mob3_dpd60#h5
10000183,550,20250718,1,Rate24,零钱罐,dpd,9,60,9,mob9_dpd60,小程序,零钱罐#mob9_dpd60#小程序
10000183,551,20251013,0,Rate24,零钱罐,fpd,,60,,fpd60,api,零钱罐#fpd60#api
10000183,551,20251013,0,Rate24,零钱罐,dpd,9,30,9,mob9_dpd30,api,零钱罐#mob9_dpd30#api
10000183,551,20251013,0,Bank,微众银行,dpd,3,30,3,mob3_dpd30,京东白条,微众银行#mob3_dpd30#京东白条
10000184,552,20241215,-2,Bank,微众银行,dpd,3,30,3,mob3_dpd30,京东白条,微众银行#mob3_dpd30#京东白条
10000184,553,20251027,0,Bank,百信银行,dpd,6,60,6,mob6_dpd60,京东白条,百信银行#mob6_dpd60#京东白条
10000184,554,20241020,0,Rate36,美团月付,dpd,9,30,9,mob9_dpd30,h5,美团月付#mob9_dpd30#h5
10000184,554,20241020,0,Bank,微众银行,dpd,6,30,6,mob6_dpd30,京东白条,微众银行#mob6_dpd30#京东白条
10000184,554,20241020,0,Bank,百信银行,dpd,12,60,12,mob12_dpd60,api,百信银行#mob12_dpd60#api
10000185,555,20260212,1,Bank,微众银行,dpd,12,30,12,mob12_dpd30,京东白条,微众银行#mob12_dpd30#京东白条
10000185,556,20250313,0,Bank,微众银行,dpd,3,60,3,mob3_dpd60,京东白条,微众银行#mob3_dpd60#京东白条
10000185,556,20250313,0,Rate24,零钱罐,dpd,12,30,12,mob12_dpd30,api,零钱罐#mob12_dpd30#api
10000185,557,20250820,0,Rate36,美团月付,dpd,3,60,3,mob3_dpd60,api,美团月付#mob3_dpd60#api
10000186,558,20251210,0,Rate36,拍拍贷,dpd,12,60,12,mob12_dpd60,api,拍拍贷#mob12_dpd60#api
10000186,558,20251210,0,Rate24,零钱罐,dpd,3,60,3,mob3_dpd60,api,零钱罐#mob3_dpd60#api
10000186,558,20251210,1,Rate36,拍拍贷,dpd,9,30,9,mob9_dpd30,h5,拍拍贷#mob9_dpd30#h5
10000186,559,20251005,1,Rate36,美团月付,dpd,9,60,9,mob9_dpd60,api,美团月付#mob9_dpd60#api
10000186,560,20251114,0,Rate36,美团月付,dpd,3,30,3,mob3_dpd30,api,美团月付#mob3_dpd30#api
10000186,560,20251114,0,Rate36,美团月付,fpd,,30,,fpd30,h5,美团月付#fpd30#h5
10000186,560,20251114,0,Rate24,分期乐,dpd,3,30,3,mob3_dpd30,api,分期乐#mob3_dpd30#api
10000187,561,20250302,0,Rate24,分期乐,dpd,12,60,12,mob12_dpd60,小程序,分期乐#mob12_dpd60#小程序
10000187,561,20250302,0,Bank,微众银行,dpd,3,30,3,mob3_dpd30,京东白条,微众银行#mob3_dpd30#京东白条
10000187,561,20250302,-2,Rate24,零钱罐,dpd,9,60,9,mob9_dpd60,api,零钱罐#mob9_dpd60#api
10000187,562,20240405,0,Rate24,分期乐,dpd,12,60,12,mob12_dpd60,小程序,分期乐#mob12_dpd60#小程序
10000187,562,20240405,0,Rate36,拍拍贷,dpd,3,30,3,mob3_dpd30,api,拍拍贷#mob3_dpd30#api
10000187,563,20250212,0,Bank,百信银行,dpd,12,30,12,mob12_dpd30,api,百信银行#mob12_dpd30#api
10000187,563,20250212,0,Rate36,拍拍贷,dpd,12,60,12,mob12_dpd60,api,拍拍贷#mob12_dpd60#api
10000187,563,20250212,0,Bank,百信银行,dpd,3,60,3,mob3_dpd60,api,百信银行#mob3_dpd60#api
10000188,564,20240723,0,Bank,百信银行,dpd,3,60,3,mob3_dpd60,api,百信银行#mob3_dpd60#api
10000188,564,20240723,0,Rate36,美团月付,dpd,9,60,9,mob9_dpd60,api,美团月付#mob9_dpd60#api
10000188,565,20251222,0,Rate36,拍拍贷,dpd,6,60,6,mob6_dpd60,h5,拍拍贷#mob6_dpd60#h5
10000188,565,20251222,0,Rate24,零钱罐,dpd,6,60,6,mob6_dpd60,api,零钱罐#mob6_dpd60#api
10000188,565,20251222,0,Bank,微众银行,dpd,6,30,6,mob6_dpd30,京东白条,微众银行#mob6_dpd30#京东白条
10000188,566,20240808,0,Rate36,美团月付,dpd,12,60,12,mob12_dpd60,api,美团月付#mob12_dpd60#api
10000188,566,20240808,0,Bank,微众银行,dpd,9,30,9,mob9_dpd30,京东白条,微众银行#mob9_dpd30#京东白条
10000188,566,20240808,-2,Rate24,零钱罐,dpd,12,30,12,mob12_dpd30,api,零钱罐#mob12_dpd30#api
10000189,567,20240812,-2,Bank,百信银行,dpd,6,30,6,mob6_dpd30,api,百信银行#mob6_dpd30#api
10000189,568,20240805,0,Bank,微众银行,dpd,9,60,9,mob9_dpd60,api,微众银行#mob9_dpd60#api
10000189,568,20240805,0,Rate24,分期乐,dpd,12,60,12,mob12_dpd60,小程序,分期乐#mob12_dpd60#小程序
10000189,568,20240805,0,Bank,百信银行,dpd,6,60,6,mob6_dpd60,京东白条,百信银行#mob6_dpd60#京东白条
10000189,569,20250622,1,Rate24,零钱罐,dpd,3,60,3,mob3_dpd60,api,零钱罐#mob3_dpd60#api
10000189,569,20250622,-2,Rate36,拍拍贷,dpd,3,60,3,mob3_dpd60,api,拍拍贷#mob3_dpd60#api
10000189,569,20250622,0,Rate24,分期乐,fpd,,30,,fpd30,api,分期乐#fpd30#api
10000190,570,20250407,1,Rate24,分期乐,dpd,6,30,6,mob6_dpd30,api,分期乐#mob6_dpd30#api
10000190,570,20250407,0,Bank,微众银行,dpd,9,30,9,mob9_dpd30,京东白条,微众银行#mob9_dpd30#京东白条
10000190,570,20250407,-2,Rate36,拍拍贷,dpd,12,60,12,mob12_dpd60,h5,拍拍贷#mob12_dpd60#h5
10000190,571,20260123,0,Rate24,零钱罐,dpd,3,60,3,mob3_dpd60,api,零钱罐#mob3_dpd60#api
10000190,572,20241224,0,Rate24,零钱罐,dpd,12,30,12,mob12_dpd30,api,零钱罐#mob12_dpd30#api
10000191,573,20240920,0,Rate36,美团月付,dpd,3,60,3,mob3_dpd60,h5,美团月付#mob3_dpd60#h5
10000191,573,20240920,1,Bank,微众银行,dpd,9,60,9,mob9_dpd60,京东白条,微众银行#mob9_dpd60#京东白条
10000191,574,20240410,0,Rate24,分期乐,dpd,3,60,3,mob3_dpd60,api,分期乐#mob3_dpd60#api
10000191,574,20240410,0,Rate36,美团月付,dpd,9,30,9,mob9_dpd30,api,美团月付#mob9_dpd30#api
10000191,575,20240327,0,Bank,百信银行,dpd,3,60,3,mob3_dpd60,京东白条,百信银行#mob3_dpd60#京东白条
10000191,575,20240327,0,Bank,微众银行,dpd,6,30,6,mob6_dpd30,京东白条,微众银行#mob6_dpd30#京东白条
10000191,575,20240327,0,Rate36,美团月付,dpd,12,30,12,mob12_dpd30,api,美团月付#mob12_dpd30#api
10000192,576,20241120,-2,Rate24,分期乐,dpd,12,60,12,mob12_dpd60,api,分期乐#mob12_dpd60#api
10000192,576,20241120,0,Rate36,拍拍贷,dpd,6,60,6,mob6_dpd60,h5,拍拍贷#mob6_dpd60#h5
10000192,576,20241120,0,Rate24,分期乐,dpd,12,60,12,mob12_dpd60,小程序,分期乐#mob12_dpd60#小程序
10000192,577,20260119,0,Rate36,美团月付,fpd,,60,,fpd60,h5,美团月付#fpd60#h5
10000192,577,20260119,0,Rate36,拍拍贷,dpd,6,30,6,mob6_dpd30,api,拍拍贷#mob6_dpd30#api
10000192,578,20250324,0,Rate36,拍拍贷,fpd,,60,,fpd60,api,拍拍贷#fpd60#api
10000192,578,20250324,0,Rate24,零钱罐,dpd,6,30,6,mob6_dpd30,api,零钱罐#mob6_dpd30#api
10000192,578,20250324,1,Bank,百信银行,dpd,12,60,12,mob12_dpd60,京东白条,百信银行#mob12_dpd60#京东白条
10000193,579,20251225,-2,Rate36,美团月付,dpd,9,30,9,mob9_dpd30,api,美团月付#mob9_dpd30#api
10000193,579,20251225,0,Bank,微众银行,dpd,3,30,3,mob3_dpd30,api,微众银行#mob3_dpd30#api
10000193,580,20240503,0,Bank,百信银行,dpd,12,60,12,mob12_dpd60,api,百信银行#mob12_dpd60#api
10000193,581,20240525,0,Rate36,美团月付,dpd,6,30,6,mob6_dpd30,h5,美团月付#mob6_dpd30#h5
10000193,581,20240525,0,Bank,百信银行,fpd,,30,,fpd30,京东白条,百信银行#fpd30#京东白条
10000194,582,20251122,0,Rate36,拍拍贷,dpd,3,30,3,mob3_dpd30,h5,拍拍贷#mob3_dpd30#h5
10000194,582,20251122,0,Rate24,分期乐,dpd,6,30,6,mob6_dpd30,api,分期乐#mob6_dpd30#api
10000194,582,20251122,0,Bank,百信银行,fpd,,60,,fpd60,京东白条,百信银行#fpd60#京东白条
10000194,583,20240506,0,Rate36,拍拍贷,dpd,9,60,9,mob9_dpd60,h5,拍拍贷#mob9_dpd60#h5
10000194,583,20240506,1,Rate36,拍拍贷,dpd,9,30,9,mob9_dpd30,api,拍拍贷#mob9_dpd30#api
10000194,584,20240409,0,Rate24,零钱罐,dpd,3,30,3,mob3_dpd30,小程序,零钱罐#mob3_dpd30#小程序
10000194,584,20240409,0,Bank,微众银行,fpd,,60,,fpd60,api,微众银行#fpd60#api
10000195,585,20241222,0,Bank,微众银行,dpd,6,30,6,mob6_dpd30,api,微众银行#mob6_dpd30#api
10000195,585,20241222,0,Bank,微众银行,dpd,3,60,3,mob3_dpd60,京东白条,微众银行#mob3_dpd60#京东白条
10000195,585,20241222,0,Rate36,拍拍贷,fpd,,60,,fpd60,h5,拍拍贷#fpd60#h5
10000195,586,20260107,0,Bank,微众银行,dpd,9,60,9,mob9_dpd60,api,微众银行#mob9_dpd60#api
10000195,586,20260107,-2,Rate24,分期乐,dpd,6,60,6,mob6_dpd60,api,分期乐#mob6_dpd60#api
10000195,586,20260107,0,Rate24,分期乐,dpd,12,30,12,mob12_dpd30,api,分期乐#mob12_dpd30#api
10000195,587,20250713,0,Rate24,分期乐,fpd,,30,,fpd30,api,分期乐#fpd30#api
10000196,588,20240520,0,Rate36,美团月付,fpd,,60,,fpd60,h5,美团月付#fpd60#h5
10000196,588,20240520,-2,Rate24,分期乐,dpd,9,30,9,mob9_dpd30,api,分期乐#mob9_dpd30#api
10000196,589,20251119,1,Rate36,美团月付,dpd,3,60,3,mob3_dpd60,h5,美团月付#mob3_dpd60#h5
10000196,589,20251119,1,Rate36,拍拍贷,fpd,,60,,fpd60,h5,拍拍贷#fpd60#h5
10000196,589,20251119,0,Bank,百信银行,fpd,,60,,fpd60,api,百信银行#fpd60#api
10000196,590,20251126,0,Rate36,美团月付,dpd,9,60,9,mob9_dpd60,h5,美团月付#mob9_dpd60#h5
10000196,590,20251126,0,Bank,百信银行,dpd,12,30,12,mob12_dpd30,api,百信银行#mob12_dpd30#api
10000197,591,20251004,0,Rate24,零钱罐,fpd,,60,,fpd60,小程序,零钱罐#fpd60#小程序
10000197,592,20251209,0,Rate24,分期乐,dpd,9,30,9,mob9_dpd30,api,分期乐#mob9_dpd30#api
10000197,593,20240828,0,Bank,微众银行,fpd,,30,,fpd30,京东白条,微众银行#fpd30#京东白条
10000197,593,20240828,0,Rate36,拍拍贷,fpd,,30,,fpd30,api,拍拍贷#fpd30#api
10000198,594,20260216,1,Rate36,拍拍贷,dpd,12,60,12,mob12_dpd60,h5,拍拍贷#mob12_dpd60#h5
10000198,594,20260216,0,Bank,微众银行,dpd,6,60,6,mob6_dpd60,京东白条,微众银行#mob6_dpd60#京东白条
10000198,595,20241007,0,Rate24,分期乐,dpd,12,60,12,mob12_dpd60,小程序,分期乐#mob12_dpd60#小程序
10000198,595,20241007,0,Rate24,零钱罐,dpd,9,30,9,mob9_dpd30,api,零钱罐#mob9_dpd30#api
10000198,596,20251009,0,Bank,百信银行,dpd,12,30,12,mob12_dpd30,api,百信银行#mob12_dpd30#api
10000198,596,20251009,0,Bank,百信银行,dpd,9,30,9,mob9_dpd30,京东白条,百信银行#mob9_dpd30#京东白条
10000199,597,20250410,0,Bank,微众银行,dpd,6,60,6,mob6_dpd60,京东白条,微众银行#mob6_dpd60#京东白条
10000199,597,20250410,0,Bank,微众银行,dpd,3,30,3,mob3_dpd30,京东白条,微众银行#mob3_dpd30#京东白条
10000199,598,20250916,0,Rate24,零钱罐,fpd,,30,,fpd30,小程序,零钱罐#fpd30#小程序
10000199,598,20250916,0,Rate36,美团月付,dpd,6,30,6,mob6_dpd30,api,美团月付#mob6_dpd30#api
10000199,599,20250608,0,Rate36,美团月付,dpd,6,60,6,mob6_dpd60,api,美团月付#mob6_dpd60#api
10000199,599,20250608,0,Rate24,零钱罐,fpd,,30,,fpd30,小程序,零钱罐#fpd30#小程序
10000199,599,20250608,0,Rate24,零钱罐,dpd,3,60,3,mob3_dpd60,api,零钱罐#mob3_dpd60#api
10000200,600,20250618,0,Rate24,分期乐,dpd,9,60,9,mob9_dpd60,api,分期乐#mob9_dpd60#api
10000200,601,20250513,0,Rate36,美团月付,fpd,,30,,fpd30,h5,美团月付#fpd30#h5
10000200,602,20250918,0,Rate36,美团月付,dpd,3,30,3,mob3_dpd30,h5,美团月付#mob3_dpd30#h5
10000201,603,20250805,0,Rate24,零钱罐,dpd,3,60,3,mob3_dpd60,api,零钱罐#mob3_dpd60#api
10000201,603,20250805,0,Rate36,美团月付,dpd,3,60,3,mob3_dpd60,api,美团月付#mob3_dpd60#api
10000201,604,20240618,0,Rate36,拍拍贷,dpd,12,60,12,mob12_dpd60,api,拍拍贷#mob12_dpd60#api
10000201,604,20240618,0,Rate24,零钱罐,dpd,12,60,12,mob12_dpd60,小程序,零钱罐#mob12_dpd60#小程序
10000201,604,20240618,0,Rate24,零钱罐,dpd,3,30,3,mob3_dpd30,小程序,零钱罐#mob3_dpd30#小程序
10000201,605,20251026,0,Bank,微众银行,dpd,12,60,12,mob12_dpd60,京东白条,微众银行#mob12_dpd60#京东白条
10000201,605,20251026,0,Rate24,分期乐,dpd,6,60,6,mob6_dpd60,小程序,分期乐#mob6_dpd60#小程序
10000201,605,20251026,0,Rate36,拍拍贷,dpd,9,30,9,mob9_dpd30,api,拍拍贷#mob9_dpd30#api
10000202,606,20250304,0,Rate24,分期乐,dpd,12,30,12,mob12_dpd30,小程序,分期乐#mob12_dpd30#小程序
10000202,606,20250304,-2,Rate24,分期乐,dpd,9,60,9,mob9_dpd60,小程序,分期乐#mob9_dpd60#小程序
10000202,606,20250304,0,Rate36,美团月付,dpd,9,60,9,mob9_dpd60,api,美团月付#mob9_dpd60#api
10000202,607,20241010,1,Rate36,拍拍贷,dpd,9,60,9,mob9_dpd60,h5,拍拍贷#mob9_dpd60#h5
10000202,607,20241010,0,Rate36,美团月付,dpd,12,60,12,mob12_dpd60,h5,美团月付#mob12_dpd60#h5
10000202,608,20250320,0,Rate24,分期乐,dpd,9,30,9,mob9_dpd30,小程序,分期乐#mob9_dpd30#小程序
10000203,609,20260218,-2,Rate36,美团月付,dpd,6,30,6,mob6_dpd30,api,美团月付#mob6_dpd30#api
10000203,609,20260218,-2,Rate24,零钱罐,dpd,9,60,9,mob9_dpd60,api,零钱罐#mob9_dpd60#api
10000203,610,20251119,0,Rate24,零钱罐,fpd,,60,,fpd60,api,零钱罐#fpd60#api
10000203,610,20251119,1,Rate36,拍拍贷,dpd,9,60,9,mob9_dpd60,api,拍拍贷#mob9_dpd60#api
10000203,610,20251119,1,Rate36,美团月付,fpd,,30,,fpd30,api,美团月付#fpd30#api
10000203,611,20251116,0,Bank,百信银行,dpd,12,30,12,mob12_dpd30,api,百信银行#mob12_dpd30#api
10000203,611,20251116,0,Rate36,拍拍贷,dpd,6,30,6,mob6_dpd30,api,拍拍贷#mob6_dpd30#api
10000203,611,20251116,-2,Rate36,拍拍贷,dpd,9,30,9,mob9_dpd30,h5,拍拍贷#mob9_dpd30#h5
10000204,612,20250220,0,Rate24,分期乐,dpd,3,60,3,mob3_dpd60,小程序,分期乐#mob3_dpd60#小程序
10000204,613,20250918,0,Rate36,美团月付,dpd,9,60,9,mob9_dpd60,h5,美团月付#mob9_dpd60#h5
10000204,613,20250918,0,Bank,百信银行,dpd,6,60,6,mob6_dpd60,api,百信银行#mob6_dpd60#api
10000204,613,20250918,1,Rate36,拍拍贷,dpd,6,60,6,mob6_dpd60,api,拍拍贷#mob6_dpd60#api
10000204,614,20241203,0,Rate36,美团月付,dpd,6,30,6,mob6_dpd30,api,美团月付#mob6_dpd30#api
10000204,614,20241203,0,Rate36,拍拍贷,dpd,3,30,3,mob3_dpd30,api,拍拍贷#mob3_dpd30#api
10000205,615,20250722,0,Rate36,美团月付,dpd,6,30,6,mob6_dpd30,h5,美团月付#mob6_dpd30#h5
10000205,615,20250722,0,Rate36,拍拍贷,fpd,,30,,fpd30,h5,拍拍贷#fpd30#h5
10000205,615,20250722,0,Rate24,分期乐,fpd,,30,,fpd30,api,分期乐#fpd30#api
10000205,616,20250613,1,Bank,微众银行,dpd,9,30,9,mob9_dpd30,api,微众银行#mob9_dpd30#api
10000205,616,20250613,0,Rate36,美团月付,dpd,12,30,12,mob12_dpd30,api,美团月付#mob12_dpd30#api
10000205,617,20240802,0,Bank,百信银行,fpd,,30,,fpd30,api,百信银行#fpd30#api
10000206,618,20240912,0,Bank,微众银行,dpd,6,60,6,mob6_dpd60,api,微众银行#mob6_dpd60#api
10000206,618,20240912,-2,Bank,百信银行,dpd,9,60,9,mob9_dpd60,api,百信银行#mob9_dpd60#api
10000206,618,20240912,0,Rate36,美团月付,dpd,6,30,6,mob6_dpd30,h5,美团月付#mob6_dpd30#h5
10000206,619,20240413,0,Rate24,零钱罐,dpd,9,30,9,mob9_dpd30,api,零钱罐#mob9_dpd30#api
10000206,619,20240413,0,Rate36,拍拍贷,fpd,,30,,fpd30,h5,拍拍贷#fpd30#h5
10000206,619,20240413,0,Bank,微众银行,dpd,9,30,9,mob9_dpd30,京东白条,微众银行#mob9_dpd30#京东白条
10000206,620,20240603,0,Rate36,拍拍贷,dpd,6,60,6,mob6_dpd60,api,拍拍贷#mob6_dpd60#api
10000206,620,20240603,0,Bank,微众银行,dpd,12,60,12,mob12_dpd60,京东白条,微众银行#mob12_dpd60#京东白条
10000207,621,20250128,0,Rate36,拍拍贷,dpd,9,30,9,mob9_dpd30,api,拍拍贷#mob9_dpd30#api
10000207,621,20250128,0,Rate36,拍拍贷,dpd,9,60,9,mob9_dpd60,h5,拍拍贷#mob9_dpd60#h5
10000207,621,20250128,0,Rate24,分期乐,dpd,6,30,6,mob6_dpd30,api,分期乐#mob6_dpd30#api
10000207,622,20250207,0,Rate24,零钱罐,dpd,3,30,3,mob3_dpd30,api,零钱罐#mob3_dpd30#api
10000207,622,20250207,0,Rate24,分期乐,dpd,12,60,12,mob12_dpd60,api,分期乐#mob12_dpd60#api
10000207,622,20250207,0,Rate36,拍拍贷,dpd,6,60,6,mob6_dpd60,h5,拍拍贷#mob6_dpd60#h5
10000207,623,20240610,0,Bank,微众银行,fpd,,30,,fpd30,api,微众银行#fpd30#api
10000207,623,20240610,0,Bank,微众银行,dpd,6,30,6,mob6_dpd30,api,微众银行#mob6_dpd30#api
10000208,624,20250113,1,Bank,微众银行,dpd,12,30,12,mob12_dpd30,京东白条,微众银行#mob12_dpd30#京东白条
10000208,625,20250524,0,Rate24,零钱罐,dpd,9,30,9,mob9_dpd30,api,零钱罐#mob9_dpd30#api
10000208,625,20250524,0,Bank,百信银行,dpd,6,30,6,mob6_dpd30,京东白条,百信银行#mob6_dpd30#京东白条
10000208,626,20240821,0,Rate36,拍拍贷,dpd,9,30,9,mob9_dpd30,h5,拍拍贷#mob9_dpd30#h5
10000208,626,20240821,0,Bank,百信银行,dpd,6,30,6,mob6_dpd30,京东白条,百信银行#mob6_dpd30#京东白条
10000208,626,20240821,1,Rate36,拍拍贷,dpd,3,60,3,mob3_dpd60,h5,拍拍贷#mob3_dpd60#h5
10000209,627,20241122,0,Rate36,美团月付,dpd,12,30,12,mob12_dpd30,h5,美团月付#mob12_dpd30#h5
10000209,627,20241122,0,Rate24,零钱罐,fpd,,30,,fpd30,api,零钱罐#fpd30#api
10000209,628,20241107,0,Rate24,分期乐,dpd,6,30,6,mob6_dpd30,api,分期乐#mob6_dpd30#api
10000209,629,20250324,0,Rate36,拍拍贷,fpd,,30,,fpd30,api,拍拍贷#fpd30#api
10000209,629,20250324,0,Bank,微众银行,dpd,3,60,3,mob3_dpd60,api,微众银行#mob3_dpd60#api
10000209,629,20250324,1,Rate24,零钱罐,fpd,,60,,fpd60,api,零钱罐#fpd60#api
10000210,630,20241124,0,Bank,百信银行,dpd,3,30,3,mob3_dpd30,京东白条,百信银行#mob3_dpd30#京东白条
10000210,630,20241124,0,Bank,百信银行,dpd,6,60,6,mob6_dpd60,api,百信银行#mob6_dpd60#api
10000210,630,20241124,0,Rate36,拍拍贷,dpd,3,30,3,mob3_dpd30,api,拍拍贷#mob3_dpd30#api
10000210,631,20250813,0,Rate24,分期乐,fpd,,30,,fpd30,小程序,分期乐#fpd30#小程序
10000210,632,20241016,0,Rate24,零钱罐,dpd,12,60,12,mob12_dpd60,api,零钱罐#mob12_dpd60#api
10000210,632,20241016,1,Rate24,分期乐,dpd,6,60,6,mob6_dpd60,小程序,分期乐#mob6_dpd60#小程序
10000211,633,20250102,0,Rate24,零钱罐,dpd,9,60,9,mob9_dpd60,小程序,零钱罐#mob9_dpd60#小程序
10000211,633,20250102,0,Rate36,美团月付,fpd,,60,,fpd60,h5,美团月付#fpd60#h5
10000211,633,20250102,0,Rate24,零钱罐,fpd,,60,,fpd60,小程序,零钱罐#fpd60#小程序
10000211,634,20241222,1,Rate36,拍拍贷,dpd,9,30,9,mob9_dpd30,api,拍拍贷#mob9_dpd30#api
10000211,634,20241222,0,Rate36,美团月付,dpd,9,30,9,mob9_dpd30,h5,美团月付#mob9_dpd30#h5
10000211,634,20241222,1,Rate36,美团月付,dpd,3,60,3,mob3_dpd60,h5,美团月付#mob3_dpd60#h5
10000211,635,20240727,0,Rate36,美团月付,dpd,3,60,3,mob3_dpd60,h5,美团月付#mob3_dpd60#h5
10000211,635,20240727,0,Rate36,拍拍贷,dpd,6,30,6,mob6_dpd30,api,拍拍贷#mob6_dpd30#api
10000211,635,20240727,0,Rate36,拍拍贷,dpd,3,60,3,mob3_dpd60,h5,拍拍贷#mob3_dpd60#h5
10000212,636,20250714,0,Bank,微众银行,dpd,3,30,3,mob3_dpd30,api,微众银行#mob3_dpd30#api
10000212,636,20250714,0,Rate36,美团月付,dpd,12,30,12,mob12_dpd30,api,美团月付#mob12_dpd30#api
10000212,637,20240816,0,Rate36,美团月付,dpd,6,30,6,mob6_dpd30,h5,美团月付#mob6_dpd30#h5
10000212,638,20241014,0,Bank,微众银行,fpd,,60,,fpd60,api,微众银行#fpd60#api
10000212,638,20241014,0,Bank,微众银行,dpd,9,60,9,mob9_dpd60,京东白条,微众银行#mob9_dpd60#京东白条
10000212,638,20241014,0,Rate24,分期乐,dpd,3,30,3,mob3_dpd30,小程序,分期乐#mob3_dpd30#小程序
10000213,639,20251003,1,Rate24,零钱罐,dpd,6,60,6,mob6_dpd60,小程序,零钱罐#mob6_dpd60#小程序
10000213,639,20251003,0,Bank,微众银行,fpd,,60,,fpd60,api,微众银行#fpd60#api
10000213,640,20260118,0,Rate36,美团月付,dpd,9,30,9,mob9_dpd30,api,美团月付#mob9_dpd30#api
10000213,640,20260118,0,Bank,百信银行,fpd,,30,,fpd30,京东白条,百信银行#fpd30#京东白条
10000213,641,20250721,0,Rate24,分期乐,dpd,3,60,3,mob3_dpd60,小程序,分期乐#mob3_dpd60#小程序
10000213,641,20250721,0,Bank,百信银行,dpd,6,30,6,mob6_dpd30,京东白条,百信银行#mob6_dpd30#京东白条
10000214,642,20251226,0,Rate24,零钱罐,dpd,12,30,12,mob12_dpd30,小程序,零钱罐#mob12_dpd30#小程序
10000214,642,20251226,1,Rate24,零钱罐,dpd,9,30,9,mob9_dpd30,小程序,零钱罐#mob9_dpd30#小程序
10000214,643,20251127,0,Bank,微众银行,fpd,,30,,fpd30,api,微众银行#fpd30#api
10000214,644,20250214,-2,Rate36,美团月付,dpd,12,60,12,mob12_dpd60,h5,美团月付#mob12_dpd60#h5
10000215,645,20250927,0,Rate24,分期乐,fpd,,60,,fpd60,小程序,分期乐#fpd60#小程序
10000215,645,20250927,0,Rate24,零钱罐,fpd,,30,,fpd30,api,零钱罐#fpd30#api
10000215,646,20241015,0,Rate24,零钱罐,fpd,,60,,fpd60,小程序,零钱罐#fpd60#小程序
10000215,646,20241015,1,Rate36,拍拍贷,dpd,12,60,12,mob12_dpd60,api,拍拍贷#mob12_dpd60#api
10000215,646,20241015,0,Rate24,零钱罐,dpd,12,30,12,mob12_dpd30,小程序,零钱罐#mob12_dpd30#小程序
10000215,647,20250218,1,Rate36,拍拍贷,dpd,6,60,6,mob6_dpd60,h5,拍拍贷#mob6_dpd60#h5
10000216,648,20250317,-2,Bank,百信银行,dpd,9,30,9,mob9_dpd30,api,百信银行#mob9_dpd30#api
10000216,648,20250317,0,Rate36,拍拍贷,fpd,,30,,fpd30,h5,拍拍贷#fpd30#h5
10000216,648,20250317,0,Rate24,分期乐,dpd,9,30,9,mob9_dpd30,api,分期乐#mob9_dpd30#api
10000216,649,20260228,0,Rate24,分期乐,dpd,3,60,3,mob3_dpd60,小程序,分期乐#mob3_dpd60#小程序
10000216,649,20260228,-2,Rate24,零钱罐,dpd,3,30,3,mob3_dpd30,小程序,零钱罐#mob3_dpd30#小程序
10000216,650,20251121,0,Rate36,美团月付,dpd,12,60,12,mob12_dpd60,api,美团月付#mob12_dpd60#api
10000216,650,20251121,0,Rate36,美团月付,fpd,,30,,fpd30,h5,美团月付#fpd30#h5
10000217,651,20250204,0,Rate36,拍拍贷,dpd,9,30,9,mob9_dpd30,api,拍拍贷#mob9_dpd30#api
10000217,651,20250204,0,Rate24,零钱罐,dpd,12,60,12,mob12_dpd60,小程序,零钱罐#mob12_dpd60#小程序
10000217,652,20250603,-2,Rate36,拍拍贷,dpd,9,30,9,mob9_dpd30,api,拍拍贷#mob9_dpd30#api
10000217,652,20250603,1,Rate36,美团月付,dpd,6,30,6,mob6_dpd30,h5,美团月付#mob6_dpd30#h5
10000217,652,20250603,1,Bank,百信银行,dpd,6,60,6,mob6_dpd60,京东白条,百信银行#mob6_dpd60#京东白条
10000217,653,20240712,0,Bank,微众银行,dpd,3,30,3,mob3_dpd30,京东白条,微众银行#mob3_dpd30#京东白条
10000218,654,20251015,0,Rate24,零钱罐,fpd,,30,,fpd30,api,零钱罐#fpd30#api
10000218,654,20251015,0,Bank,微众银行,dpd,6,30,6,mob6_dpd30,京东白条,微众银行#mob6_dpd30#京东白条
10000218,654,20251015,0,Bank,微众银行,dpd,3,30,3,mob3_dpd30,api,微众银行#mob3_dpd30#api
10000218,655,20250419,0,Bank,百信银行,dpd,3,30,3,mob3_dpd30,京东白条,百信银行#mob3_dpd30#京东白条
10000218,656,20250314,-2,Rate36,美团月付,dpd,6,30,6,mob6_dpd30,h5,美团月付#mob6_dpd30#h5
10000218,656,20250314,0,Bank,微众银行,fpd,,60,,fpd60,api,微众银行#fpd60#api
10000218,656,20250314,0,Bank,微众银行,dpd,3,60,3,mob3_dpd60,京东白条,微众银行#mob3_dpd60#京东白条
10000219,657,20250915,0,Bank,百信银行,dpd,9,60,9,mob9_dpd60,京东白条,百信银行#mob9_dpd60#京东白条
10000219,658,20250626,0,Rate24,分期乐,dpd,9,60,9,mob9_dpd60,小程序,分期乐#mob9_dpd60#小程序
10000219,658,20250626,1,Rate24,零钱罐,dpd,6,60,6,mob6_dpd60,小程序,零钱罐#mob6_dpd60#小程序
10000219,658,20250626,0,Bank,百信银行,dpd,12,60,12,mob12_dpd60,api,百信银行#mob12_dpd60#api
10000219,659,20240410,0,Bank,微众银行,dpd,12,30,12,mob12_dpd30,京东白条,微众银行#mob12_dpd30#京东白条
10000219,659,20240410,0,Bank,微众银行,dpd,9,60,9,mob9_dpd60,京东白条,微众银行#mob9_dpd60#京东白条
10000219,659,20240410,-2,Rate36,拍拍贷,dpd,3,30,3,mob3_dpd30,api,拍拍贷#mob3_dpd30#api
10000220,660,20240914,0,Rate24,分期乐,dpd,6,60,6,mob6_dpd60,api,分期乐#mob6_dpd60#api
10000220,661,20240716,0,Rate36,拍拍贷,dpd,6,30,6,mob6_dpd30,api,拍拍贷#mob6_dpd30#api
10000220,662,20250814,0,Bank,百信银行,dpd,12,30,12,mob12_dpd30,京东白条,百信银行#mob12_dpd30#京东白条
10000220,662,20250814,0,Bank,微众银行,dpd,9,30,9,mob9_dpd30,api,微众银行#mob9_dpd30#api
10000220,662,20250814,0,Bank,百信银行,dpd,6,30,6,mob6_dpd30,api,百信银行#mob6_dpd30#api
10000221,663,20240328,0,Bank,微众银行,dpd,6,60,6,mob6_dpd60,京东白条,微众银行#mob6_dpd60#京东白条
10000221,663,20240328,0,Bank,微众银行,dpd,6,30,6,mob6_dpd30,京东白条,微众银行#mob6_dpd30#京东白条
10000221,663,20240328,0,Rate24,零钱罐,dpd,6,30,6,mob6_dpd30,小程序,零钱罐#mob6_dpd30#小程序
10000221,664,20240727,0,Rate36,拍拍贷,fpd,,60,,fpd60,api,拍拍贷#fpd60#api
10000221,665,20250515,0,Bank,百信银行,fpd,,30,,fpd30,api,百信银行#fpd30#api
10000221,665,20250515,0,Bank,百信银行,dpd,9,60,9,mob9_dpd60,api,百信银行#mob9_dpd60#api
10000221,665,20250515,0,Rate36,拍拍贷,dpd,12,30,12,mob12_dpd30,h5,拍拍贷#mob12_dpd30#h5
10000222,666,20250713,0,Bank,百信银行,dpd,3,30,3,mob3_dpd30,京东白条,百信银行#mob3_dpd30#京东白条
10000222,667,20250317,-2,Rate36,美团月付,dpd,12,30,12,mob12_dpd30,api,美团月付#mob12_dpd30#api
10000222,668,20251106,0,Bank,微众银行,dpd,3,30,3,mob3_dpd30,京东白条,微众银行#mob3_dpd30#京东白条
10000222,668,20251106,1,Bank,百信银行,dpd,6,30,6,mob6_dpd30,api,百信银行#mob6_dpd30#api
10000223,669,20260112,0,Bank,百信银行,dpd,12,30,12,mob12_dpd30,api,百信银行#mob12_dpd30#api
10000223,669,20260112,0,Rate36,拍拍贷,dpd,3,30,3,mob3_dpd30,api,拍拍贷#mob3_dpd30#api
10000223,669,20260112,0,Bank,微众银行,dpd,6,60,6,mob6_dpd60,api,微众银行#mob6_dpd60#api
10000223,670,20240607,0,Bank,百信银行,dpd,3,30,3,mob3_dpd30,京东白条,百信银行#mob3_dpd30#京东白条
10000223,670,20240607,0,Rate36,拍拍贷,dpd,12,60,12,mob12_dpd60,api,拍拍贷#mob12_dpd60#api
10000223,670,20240607,0,Rate24,零钱罐,dpd,12,60,12,mob12_dpd60,api,零钱罐#mob12_dpd60#api
10000223,671,20260105,0,Rate36,拍拍贷,dpd,6,30,6,mob6_dpd30,api,拍拍贷#mob6_dpd30#api
10000223,671,20260105,0,Bank,百信银行,dpd,12,30,12,mob12_dpd30,api,百信银行#mob12_dpd30#api
10000224,672,20250503,0,Bank,微众银行,fpd,,60,,fpd60,京东白条,微众银行#fpd60#京东白条
10000224,672,20250503,0,Rate36,美团月付,dpd,6,30,6,mob6_dpd30,h5,美团月付#mob6_dpd30#h5
10000224,672,20250503,0,Rate24,零钱罐,dpd,6,60,6,mob6_dpd60,api,零钱罐#mob6_dpd60#api
10000224,673,20250617,0,Rate24,零钱罐,fpd,,30,,fpd30,小程序,零钱罐#fpd30#小程序
10000224,673,20250617,0,Rate36,拍拍贷,dpd,3,30,3,mob3_dpd30,api,拍拍贷#mob3_dpd30#api
10000224,673,20250617,0,Rate36,美团月付,dpd,3,60,3,mob3_dpd60,h5,美团月付#mob3_dpd60#h5
10000224,674,20240501,0,Bank,微众银行,dpd,9,60,9,mob9_dpd60,京东白条,微众银行#mob9_dpd60#京东白条
10000224,674,20240501,0,Rate24,零钱罐,dpd,9,30,9,mob9_dpd30,api,零钱罐#mob9_dpd30#api
10000225,675,20250519,0,Bank,微众银行,fpd,,30,,fpd30,京东白条,微众银行#fpd30#京东白条
10000225,675,20250519,0,Rate24,分期乐,dpd,3,30,3,mob3_dpd30,api,分期乐#mob3_dpd30#api
10000225,676,20250813,1,Rate36,美团月付,dpd,9,30,9,mob9_dpd30,api,美团月付#mob9_dpd30#api
10000225,676,20250813,0,Rate24,分期乐,dpd,3,30,3,mob3_dpd30,api,分期乐#mob3_dpd30#api
10000225,676,20250813,0,Rate24,分期乐,dpd,6,30,6,mob6_dpd30,api,分期乐#mob6_dpd30#api
10000225,677,20250411,0,Bank,百信银行,dpd,12,30,12,mob12_dpd30,京东白条,百信银行#mob12_dpd30#京东白条
10000225,677,20250411,0,Rate36,拍拍贷,fpd,,60,,fpd60,api,拍拍贷#fpd60#api
10000225,677,20250411,0,Bank,微众银行,dpd,9,60,9,mob9_dpd60,京东白条,微众银行#mob9_dpd60#京东白条
10000226,678,20240522,0,Rate24,分期乐,dpd,3,30,3,mob3_dpd30,小程序,分期乐#mob3_dpd30#小程序
10000226,678,20240522,0,Rate36,拍拍贷,dpd,3,60,3,mob3_dpd60,h5,拍拍贷#mob3_dpd60#h5
10000226,678,20240522,0,Rate36,美团月付,fpd,,30,,fpd30,api,美团月付#fpd30#api
10000226,679,20250316,0,Rate36,拍拍贷,dpd,12,30,12,mob12_dpd30,h5,拍拍贷#mob12_dpd30#h5
10000226,679,20250316,1,Bank,微众银行,dpd,12,30,12,mob12_dpd30,京东白条,微众银行#mob12_dpd30#京东白条
10000226,679,20250316,0,Rate24,零钱罐,dpd,12,60,12,mob12_dpd60,小程序,零钱罐#mob12_dpd60#小程序
10000226,680,20260121,0,Rate36,美团月付,fpd,,30,,fpd30,api,美团月付#fpd30#api
10000226,680,20260121,0,Rate24,零钱罐,fpd,,60,,fpd60,小程序,零钱罐#fpd60#小程序
10000227,681,20250820,0,Bank,百信银行,dpd,12,60,12,mob12_dpd60,api,百信银行#mob12_dpd60#api
10000227,682,20240601,0,Bank,百信银行,dpd,9,60,9,mob9_dpd60,api,百信银行#mob9_dpd60#api
10000227,682,20240601,0,Rate24,零钱罐,dpd,3,60,3,mob3_dpd60,小程序,零钱罐#mob3_dpd60#小程序
10000227,682,20240601,0,Bank,微众银行,dpd,3,30,3,mob3_dpd30,api,微众银行#mob3_dpd30#api
10000227,683,20260207,-2,Rate24,分期乐,dpd,6,30,6,mob6_dpd30,api,分期乐#mob6_dpd30#api
10000227,683,20260207,1,Rate36,美团月付,dpd,9,60,9,mob9_dpd60,h5,美团月付#mob9_dpd60#h5
10000228,684,20260216,0,Rate24,零钱罐,dpd,9,30,9,mob9_dpd30,小程序,零钱罐#mob9_dpd30#小程序
10000228,684,20260216,0,Bank,微众银行,dpd,9,30,9,mob9_dpd30,京东白条,微众银行#mob9_dpd30#京东白条
10000228,684,20260216,0,Rate36,拍拍贷,dpd,6,30,6,mob6_dpd30,api,拍拍贷#mob6_dpd30#api
10000228,685,20240728,0,Bank,百信银行,dpd,3,30,3,mob3_dpd30,api,百信银行#mob3_dpd30#api
10000228,685,20240728,0,Bank,百信银行,dpd,3,60,3,mob3_dpd60,api,百信银行#mob3_dpd60#api
10000228,686,20251005,0,Rate36,美团月付,dpd,6,60,6,mob6_dpd60,api,美团月付#mob6_dpd60#api
10000229,687,20241203,0,Rate36,拍拍贷,fpd,,30,,fpd30,h5,拍拍贷#fpd30#h5
10000229,688,20250527,0,Rate36,拍拍贷,dpd,6,60,6,mob6_dpd60,h5,拍拍贷#mob6_dpd60#h5
10000229,688,20250527,0,Rate36,拍拍贷,dpd,6,60,6,mob6_dpd60,api,拍拍贷#mob6_dpd60#api
10000229,689,20250128,0,Rate24,零钱罐,fpd,,30,,fpd30,api,零钱罐#fpd30#api
10000229,689,20250128,0,Bank,百信银行,dpd,3,30,3,mob3_dpd30,京东白条,百信银行#mob3_dpd30#京东白条
10000230,690,20250905,0,Rate36,拍拍贷,dpd,9,60,9,mob9_dpd60,api,拍拍贷#mob9_dpd60#api
10000230,690,20250905,1,Bank,百信银行,dpd,9,30,9,mob9_dpd30,京东白条,百信银行#mob9_dpd30#京东白条
10000230,690,20250905,0,Bank,微众银行,dpd,9,30,9,mob9_dpd30,api,微众银行#mob9_dpd30#api
10000230,691,20260212,0,Bank,百信银行,dpd,3,30,3,mob3_dpd30,api,百信银行#mob3_dpd30#api
10000230,691,20260212,0,Rate36,拍拍贷,dpd,6,60,6,mob6_dpd60,api,拍拍贷#mob6_dpd60#api
10000230,691,20260212,0,Rate36,美团月付,dpd,12,60,12,mob12_dpd60,api,美团月付#mob12_dpd60#api
10000230,692,20251018,0,Rate36,拍拍贷,fpd,,30,,fpd30,h5,拍拍贷#fpd30#h5
10000230,692,20251018,1,Rate24,零钱罐,dpd,12,30,12,mob12_dpd30,api,零钱罐#mob12_dpd30#api
10000231,693,20260106,0,Rate36,美团月付,dpd,6,60,6,mob6_dpd60,api,美团月付#mob6_dpd60#api
10000231,694,20260110,0,Rate24,零钱罐,dpd,6,60,6,mob6_dpd60,api,零钱罐#mob6_dpd60#api
10000231,695,20240512,0,Rate24,分期乐,dpd,3,60,3,mob3_dpd60,api,分期乐#mob3_dpd60#api
10000231,695,20240512,0,Bank,百信银行,dpd,12,30,12,mob12_dpd30,京东白条,百信银行#mob12_dpd30#京东白条
10000231,695,20240512,0,Rate24,分期乐,fpd,,30,,fpd30,api,分期乐#fpd30#api
10000232,696,20240918,-2,Rate36,美团月付,dpd,12,30,12,mob12_dpd30,h5,美团月付#mob12_dpd30#h5
10000232,696,20240918,0,Bank,微众银行,dpd,3,30,3,mob3_dpd30,api,微众银行#mob3_dpd30#api
10000232,696,20240918,-2,Bank,百信银行,dpd,6,60,6,mob6_dpd60,京东白条,百信银行#mob6_dpd60#京东白条
10000232,697,20250809,-2,Rate24,零钱罐,dpd,12,60,12,mob12_dpd60,小程序,零钱罐#mob12_dpd60#小程序
10000232,697,20250809,0,Rate36,拍拍贷,dpd,3,60,3,mob3_dpd60,h5,拍拍贷#mob3_dpd60#h5
10000232,697,20250809,0,Rate24,分期乐,dpd,6,30,6,mob6_dpd30,api,分期乐#mob6_dpd30#api
10000232,698,20250512,0,Bank,微众银行,dpd,9,60,9,mob9_dpd60,api,微众银行#mob9_dpd60#api
10000232,698,20250512,0,Rate36,拍拍贷,fpd,,60,,fpd60,api,拍拍贷#fpd60#api
10000232,698,20250512,0,Bank,百信银行,dpd,3,30,3,mob3_dpd30,api,百信银行#mob3_dpd30#api
10000233,699,20240409,0,Bank,百信银行,fpd,,60,,fpd60,京东白条,百信银行#fpd60#京东白条
10000233,700,20240522,0,Rate36,美团月付,dpd,12,30,12,mob12_dpd30,h5,美团月付#mob12_dpd30#h5
10000233,700,20240522,0,Bank,百信银行,dpd,3,60,3,mob3_dpd60,api,百信银行#mob3_dpd60#api
10000233,700,20240522,0,Rate36,美团月付,dpd,9,30,9,mob9_dpd30,h5,美团月付#mob9_dpd30#h5
10000233,701,20250305,1,Rate24,零钱罐,dpd,6,60,6,mob6_dpd60,api,零钱罐#mob6_dpd60#api
10000234,702,20250507,0,Rate24,分期乐,dpd,12,60,12,mob12_dpd60,小程序,分期乐#mob12_dpd60#小程序
10000234,702,20250507,1,Rate36,拍拍贷,dpd,3,30,3,mob3_dpd30,api,拍拍贷#mob3_dpd30#api
10000234,702,20250507,1,Rate36,美团月付,dpd,3,60,3,mob3_dpd60,api,美团月付#mob3_dpd60#api
10000234,703,20240707,0,Bank,微众银行,dpd,6,60,6,mob6_dpd60,api,微众银行#mob6_dpd60#api
10000234,703,20240707,0,Rate36,美团月付,dpd,12,60,12,mob12_dpd60,h5,美团月付#mob12_dpd60#h5
10000234,703,20240707,0,Bank,微众银行,dpd,12,60,12,mob12_dpd60,京东白条,微众银行#mob12_dpd60#京东白条
10000234,704,20240726,0,Bank,百信银行,dpd,6,30,6,mob6_dpd30,api,百信银行#mob6_dpd30#api
10000235,705,20240627,0,Rate36,美团月付,dpd,6,30,6,mob6_dpd30,h5,美团月付#mob6_dpd30#h5
10000235,706,20250415,0,Rate24,零钱罐,dpd,9,30,9,mob9_dpd30,api,零钱罐#mob9_dpd30#api
10000235,706,20250415,0,Rate36,美团月付,dpd,6,60,6,mob6_dpd60,h5,美团月付#mob6_dpd60#h5
10000235,706,20250415,0,Rate36,拍拍贷,dpd,12,60,12,mob12_dpd60,h5,拍拍贷#mob12_dpd60#h5
10000235,707,20240305,0,Bank,百信银行,dpd,12,30,12,mob12_dpd30,api,百信银行#mob12_dpd30#api
10000235,707,20240305,0,Bank,微众银行,fpd,,60,,fpd60,api,微众银行#fpd60#api
10000236,708,20250422,0,Rate36,拍拍贷,dpd,6,60,6,mob6_dpd60,h5,拍拍贷#mob6_dpd60#h5
10000236,708,20250422,0,Rate24,分期乐,dpd,6,60,6,mob6_dpd60,小程序,分期乐#mob6_dpd60#小程序
10000236,708,20250422,1,Rate24,分期乐,fpd,,60,,fpd60,api,分期乐#fpd60#api
10000236,709,20250214,0,Bank,百信银行,dpd,12,30,12,mob12_dpd30,京东白条,百信银行#mob12_dpd30#京东白条
10000236,709,20250214,0,Bank,百信银行,dpd,12,30,12,mob12_dpd30,京东白条,百信银行#mob12_dpd30#京东白条
10000236,709,20250214,0,Bank,百信银行,dpd,3,30,3,mob3_dpd30,api,百信银行#mob3_dpd30#api
10000236,710,20250224,0,Rate36,拍拍贷,dpd,9,60,9,mob9_dpd60,api,拍拍贷#mob9_dpd60#api
10000236,710,20250224,-2,Rate36,拍拍贷,dpd,12,30,12,mob12_dpd30,api,拍拍贷#mob12_dpd30#api
10000236,710,20250224,0,Rate36,美团月付,dpd,3,60,3,mob3_dpd60,api,美团月付#mob3_dpd60#api
10000237,711,20250711,0,Rate24,分期乐,dpd,9,30,9,mob9_dpd30,小程序,分期乐#mob9_dpd30#小程序
10000237,712,20250328,0,Bank,微众银行,dpd,3,30,3,mob3_dpd30,京东白条,微众银行#mob3_dpd30#京东白条
10000237,712,20250328,0,Rate36,拍拍贷,dpd,12,30,12,mob12_dpd30,api,拍拍贷#mob12_dpd30#api
10000237,712,20250328,0,Rate24,零钱罐,dpd,9,30,9,mob9_dpd30,小程序,零钱罐#mob9_dpd30#小程序
10000237,713,20250823,0,Rate24,分期乐,dpd,6,60,6,mob6_dpd60,api,分期乐#mob6_dpd60#api
10000237,713,20250823,0,Rate24,零钱罐,dpd,9,30,9,mob9_dpd30,api,零钱罐#mob9_dpd30#api
10000237,713,20250823,1,Rate36,美团月付,dpd,6,60,6,mob6_dpd60,h5,美团月付#mob6_dpd60#h5
10000238,714,20250907,0,Rate24,零钱罐,fpd,,30,,fpd30,小程序,零钱罐#fpd30#小程序
10000238,714,20250907,0,Rate24,零钱罐,dpd,3,30,3,mob3_dpd30,api,零钱罐#mob3_dpd30#api
10000238,715,20260121,0,Rate24,零钱罐,dpd,6,30,6,mob6_dpd30,api,零钱罐#mob6_dpd30#api
10000238,715,20260121,0,Rate36,拍拍贷,dpd,3,30,3,mob3_dpd30,api,拍拍贷#mob3_dpd30#api
10000238,716,20251009,1,Bank,百信银行,fpd,,60,,fpd60,api,百信银行#fpd60#api
10000238,716,20251009,0,Bank,微众银行,fpd,,30,,fpd30,api,微众银行#fpd30#api
10000239,717,20250310,0,Bank,百信银行,dpd,6,30,6,mob6_dpd30,京东白条,百信银行#mob6_dpd30#京东白条
10000239,717,20250310,0,Rate36,拍拍贷,fpd,,60,,fpd60,api,拍拍贷#fpd60#api
10000239,718,20250208,-2,Rate24,分期乐,fpd,,60,,fpd60,api,分期乐#fpd60#api
10000239,719,20240820,0,Bank,百信银行,dpd,3,30,3,mob3_dpd30,京东白条,百信银行#mob3_dpd30#京东白条
10000240,720,20250508,0,Rate36,拍拍贷,dpd,3,60,3,mob3_dpd60,h5,拍拍贷#mob3_dpd60#h5
10000240,721,20240618,0,Rate36,美团月付,fpd,,30,,fpd30,h5,美团月付#fpd30#h5
10000240,721,20240618,0,Rate24,零钱罐,fpd,,30,,fpd30,小程序,零钱罐#fpd30#小程序
10000240,722,20260117,0,Rate24,零钱罐,fpd,,60,,fpd60,小程序,零钱罐#fpd60#小程序
10000241,723,20251122,0,Rate36,拍拍贷,dpd,3,60,3,mob3_dpd60,api,拍拍贷#mob3_dpd60#api
10000241,724,20240528,0,Rate24,零钱罐,fpd,,60,,fpd60,小程序,零钱罐#fpd60#小程序
10000241,724,20240528,-2,Rate24,零钱罐,dpd,12,30,12,mob12_dpd30,小程序,零钱罐#mob12_dpd30#小程序
10000241,724,20240528,0,Rate36,美团月付,dpd,9,60,9,mob9_dpd60,api,美团月付#mob9_dpd60#api
10000241,725,20250901,0,Rate36,拍拍贷,dpd,12,30,12,mob12_dpd30,api,拍拍贷#mob12_dpd30#api
10000241,725,20250901,-2,Rate36,拍拍贷,dpd,12,60,12,mob12_dpd60,h5,拍拍贷#mob12_dpd60#h5
10000242,726,20240528,1,Rate24,零钱罐,dpd,12,30,12,mob12_dpd30,api,零钱罐#mob12_dpd30#api
10000242,726,20240528,0,Bank,微众银行,dpd,6,60,6,mob6_dpd60,京东白条,微众银行#mob6_dpd60#京东白条
10000242,726,20240528,-2,Rate24,零钱罐,fpd,,30,,fpd30,小程序,零钱罐#fpd30#小程序
10000242,727,20250804,1,Rate24,分期乐,fpd,,60,,fpd60,api,分期乐#fpd60#api
10000242,728,20240515,1,Rate36,拍拍贷,dpd,9,30,9,mob9_dpd30,h5,拍拍贷#mob9_dpd30#h5
10000242,728,20240515,0,Bank,百信银行,dpd,9,30,9,mob9_dpd30,api,百信银行#mob9_dpd30#api
10000242,728,20240515,0,Rate36,拍拍贷,dpd,12,60,12,mob12_dpd60,api,拍拍贷#mob12_dpd60#api
10000243,729,20250210,-2,Bank,微众银行,dpd,6,30,6,mob6_dpd30,京东白条,微众银行#mob6_dpd30#京东白条
10000243,729,20250210,0,Bank,微众银行,dpd,3,60,3,mob3_dpd60,京东白条,微众银行#mob3_dpd60#京东白条
10000243,730,20250618,1,Rate24,分期乐,dpd,9,60,9,mob9_dpd60,api,分期乐#mob9_dpd60#api
10000243,730,20250618,-2,Rate36,美团月付,fpd,,30,,fpd30,h5,美团月付#fpd30#h5
10000243,730,20250618,0,Bank,微众银行,dpd,6,30,6,mob6_dpd30,api,微众银行#mob6_dpd30#api
10000243,731,20250821,1,Rate36,美团月付,dpd,9,60,9,mob9_dpd60,h5,美团月付#mob9_dpd60#h5
10000244,732,20250125,0,Rate24,分期乐,dpd,12,30,12,mob12_dpd30,小程序,分期乐#mob12_dpd30#小程序
10000244,732,20250125,0,Rate36,美团月付,fpd,,30,,fpd30,api,美团月付#fpd30#api
10000244,733,20260112,0,Bank,百信银行,dpd,6,60,6,mob6_dpd60,api,百信银行#mob6_dpd60#api
10000244,734,20250927,1,Rate24,分期乐,dpd,12,60,12,mob12_dpd60,api,分期乐#mob12_dpd60#api
10000244,734,20250927,0,Rate36,拍拍贷,dpd,12,30,12,mob12_dpd30,api,拍拍贷#mob12_dpd30#api
10000244,734,20250927,0,Rate36,美团月付,dpd,6,30,6,mob6_dpd30,api,美团月付#mob6_dpd30#api
10000245,735,20240710,0,Rate36,美团月付,fpd,,60,,fpd60,api,美团月付#fpd60#api
10000245,736,20250706,0,Bank,微众银行,dpd,3,60,3,mob3_dpd60,京东白条,微众银行#mob3_dpd60#京东白条
10000245,736,20250706,0,Rate24,分期乐,fpd,,30,,fpd30,小程序,分期乐#fpd30#小程序
10000245,737,20250811,-2,Rate24,分期乐,fpd,,30,,fpd30,小程序,分期乐#fpd30#小程序
10000246,738,20241115,0,Rate24,零钱罐,dpd,9,60,9,mob9_dpd60,小程序,零钱罐#mob9_dpd60#小程序
10000246,739,20250819,0,Bank,微众银行,dpd,3,30,3,mob3_dpd30,api,微众银行#mob3_dpd30#api
10000246,739,20250819,1,Rate36,拍拍贷,dpd,12,60,12,mob12_dpd60,api,拍拍贷#mob12_dpd60#api
10000246,740,20251224,0,Rate36,拍拍贷,dpd,9,60,9,mob9_dpd60,h5,拍拍贷#mob9_dpd60#h5
10000247,741,20251007,0,Bank,微众银行,dpd,9,30,9,mob9_dpd30,api,微众银行#mob9_dpd30#api
10000247,741,20251007,0,Rate36,美团月付,dpd,6,30,6,mob6_dpd30,api,美团月付#mob6_dpd30#api
10000247,741,20251007,0,Rate24,分期乐,fpd,,60,,fpd60,小程序,分期乐#fpd60#小程序
10000247,742,20250909,0,Rate36,拍拍贷,dpd,12,60,12,mob12_dpd60,api,拍拍贷#mob12_dpd60#api
10000247,742,20250909,1,Bank,百信银行,dpd,9,30,9,mob9_dpd30,京东白条,百信银行#mob9_dpd30#京东白条
10000247,743,20250627,0,Bank,百信银行,dpd,12,60,12,mob12_dpd60,京东白条,百信银行#mob12_dpd60#京东白条
10000248,744,20240913,0,Rate24,零钱罐,fpd,,60,,fpd60,api,零钱罐#fpd60#api
10000248,744,20240913,0,Rate36,拍拍贷,dpd,9,30,9,mob9_dpd30,api,拍拍贷#mob9_dpd30#api
10000248,744,20240913,0,Rate24,分期乐,dpd,9,30,9,mob9_dpd30,api,分期乐#mob9_dpd30#api
10000248,745,20251007,0,Rate36,拍拍贷,dpd,3,30,3,mob3_dpd30,api,拍拍贷#mob3_dpd30#api
10000248,745,20251007,0,Bank,百信银行,dpd,12,30,12,mob12_dpd30,京东白条,百信银行#mob12_dpd30#京东白条
10000248,745,20251007,0,Bank,微众银行,dpd,12,60,12,mob12_dpd60,api,微众银行#mob12_dpd60#api
10000248,746,20241128,0,Rate24,零钱罐,dpd,9,30,9,mob9_dpd30,api,零钱罐#mob9_dpd30#api
10000248,746,20241128,0,Rate36,拍拍贷,dpd,12,60,12,mob12_dpd60,api,拍拍贷#mob12_dpd60#api
10000248,746,20241128,0,Rate24,分期乐,dpd,3,30,3,mob3_dpd30,api,分期乐#mob3_dpd30#api
10000249,747,20250313,-2,Rate24,零钱罐,fpd,,60,,fpd60,小程序,零钱罐#fpd60#小程序
10000249,747,20250313,0,Bank,微众银行,dpd,9,30,9,mob9_dpd30,api,微众银行#mob9_dpd30#api
10000249,748,20241028,-2,Bank,微众银行,fpd,,60,,fpd60,api,微众银行#fpd60#api
10000249,748,20241028,0,Rate36,拍拍贷,dpd,6,60,6,mob6_dpd60,h5,拍拍贷#mob6_dpd60#h5
10000249,748,20241028,0,Bank,百信银行,dpd,6,30,6,mob6_dpd30,京东白条,百信银行#mob6_dpd30#京东白条
10000249,749,20241026,0,Bank,百信银行,fpd,,60,,fpd60,京东白条,百信银行#fpd60#京东白条
10000249,749,20241026,0,Bank,微众银行,dpd,6,30,6,mob6_dpd30,京东白条,微众银行#mob6_dpd30#京东白条
10000249,749,20241026,0,Bank,百信银行,fpd,,30,,fpd30,api,百信银行#fpd30#api
10000250,750,20240626,0,Rate36,美团月付,dpd,3,30,3,mob3_dpd30,api,美团月付#mob3_dpd30#api
10000250,750,20240626,0,Rate24,零钱罐,fpd,,60,,fpd60,api,零钱罐#fpd60#api
10000250,751,20260217,0,Rate24,分期乐,dpd,6,60,6,mob6_dpd60,小程序,分期乐#mob6_dpd60#小程序
10000250,751,20260217,0,Rate36,美团月付,fpd,,30,,fpd30,h5,美团月付#fpd30#h5
10000250,752,20240623,0,Rate24,分期乐,dpd,3,30,3,mob3_dpd30,api,分期乐#mob3_dpd30#api
10000250,752,20240623,-2,Bank,微众银行,dpd,9,60,9,mob9_dpd60,京东白条,微众银行#mob9_dpd60#京东白条
10000251,753,20240527,0,Rate36,美团月付,dpd,6,60,6,mob6_dpd60,api,美团月付#mob6_dpd60#api
10000251,753,20240527,-2,Bank,微众银行,dpd,3,60,3,mob3_dpd60,api,微众银行#mob3_dpd60#api
10000251,753,20240527,0,Bank,微众银行,dpd,6,60,6,mob6_dpd60,京东白条,微众银行#mob6_dpd60#京东白条
10000251,754,20260108,0,Rate24,分期乐,fpd,,60,,fpd60,api,分期乐#fpd60#api
10000251,754,20260108,1,Rate36,美团月付,dpd,3,60,3,mob3_dpd60,api,美团月付#mob3_dpd60#api
10000251,754,20260108,0,Rate24,零钱罐,dpd,3,30,3,mob3_dpd30,api,零钱罐#mob3_dpd30#api
10000251,755,20250402,0,Rate36,拍拍贷,dpd,12,60,12,mob12_dpd60,h5,拍拍贷#mob12_dpd60#h5
10000251,755,20250402,0,Bank,百信银行,dpd,9,30,9,mob9_dpd30,京东白条,百信银行#mob9_dpd30#京东白条
10000251,755,20250402,1,Bank,百信银行,dpd,6,30,6,mob6_dpd30,api,百信银行#mob6_dpd30#api
10000252,756,20250109,-2,Bank,微众银行,fpd,,30,,fpd30,京东白条,微众银行#fpd30#京东白条
10000252,756,20250109,0,Bank,微众银行,dpd,6,60,6,mob6_dpd60,api,微众银行#mob6_dpd60#api
10000252,756,20250109,0,Rate24,零钱罐,dpd,6,60,6,mob6_dpd60,小程序,零钱罐#mob6_dpd60#小程序
10000252,757,20250818,0,Bank,百信银行,dpd,3,60,3,mob3_dpd60,api,百信银行#mob3_dpd60#api
10000252,758,20241216,0,Bank,微众银行,dpd,3,30,3,mob3_dpd30,api,微众银行#mob3_dpd30#api
10000253,759,20240603,1,Bank,百信银行,dpd,12,30,12,mob12_dpd30,api,百信银行#mob12_dpd30#api
10000253,759,20240603,0,Rate36,美团月付,fpd,,30,,fpd30,h5,美团月付#fpd30#h5
10000253,759,20240603,1,Bank,百信银行,dpd,3,60,3,mob3_dpd60,api,百信银行#mob3_dpd60#api
10000253,760,20250816,0,Rate24,零钱罐,dpd,9,60,9,mob9_dpd60,小程序,零钱罐#mob9_dpd60#小程序
10000253,761,20240705,0,Rate36,美团月付,dpd,9,30,9,mob9_dpd30,api,美团月付#mob9_dpd30#api
10000254,762,20250415,0,Bank,微众银行,dpd,6,30,6,mob6_dpd30,api,微众银行#mob6_dpd30#api
10000254,762,20250415,0,Rate24,分期乐,dpd,6,30,6,mob6_dpd30,小程序,分期乐#mob6_dpd30#小程序
10000254,762,20250415,1,Rate36,美团月付,dpd,12,60,12,mob12_dpd60,api,美团月付#mob12_dpd60#api
10000254,763,20260117,0,Rate24,零钱罐,dpd,6,30,6,mob6_dpd30,小程序,零钱罐#mob6_dpd30#小程序
10000254,763,20260117,0,Bank,百信银行,dpd,3,30,3,mob3_dpd30,api,百信银行#mob3_dpd30#api
10000254,763,20260117,-2,Bank,百信银行,dpd,3,60,3,mob3_dpd60,api,百信银行#mob3_dpd60#api
10000254,764,20260118,0,Rate24,零钱罐,dpd,3,60,3,mob3_dpd60,小程序,零钱罐#mob3_dpd60#小程序
10000254,764,20260118,1,Bank,百信银行,dpd,12,60,12,mob12_dpd60,api,百信银行#mob12_dpd60#api
10000254,764,20260118,0,Rate36,美团月付,dpd,3,60,3,mob3_dpd60,api,美团月付#mob3_dpd60#api
10000255,765,20241112,0,Rate24,零钱罐,dpd,6,60,6,mob6_dpd60,小程序,零钱罐#mob6_dpd60#小程序
10000255,766,20250912,0,Bank,百信银行,dpd,12,30,12,mob12_dpd30,api,百信银行#mob12_dpd30#api
10000255,766,20250912,-2,Rate36,拍拍贷,fpd,,30,,fpd30,h5,拍拍贷#fpd30#h5
10000255,766,20250912,0,Bank,微众银行,fpd,,30,,fpd30,api,微众银行#fpd30#api
10000255,767,20250520,0,Bank,百信银行,fpd,,60,,fpd60,京东白条,百信银行#fpd60#京东白条
10000255,767,20250520,1,Rate36,拍拍贷,dpd,6,30,6,mob6_dpd30,api,拍拍贷#mob6_dpd30#api
10000255,767,20250520,0,Bank,百信银行,dpd,12,30,12,mob12_dpd30,京东白条,百信银行#mob12_dpd30#京东白条
10000256,768,20250221,0,Bank,微众银行,dpd,3,30,3,mob3_dpd30,京东白条,微众银行#mob3_dpd30#京东白条
10000256,768,20250221,0,Rate36,拍拍贷,dpd,9,60,9,mob9_dpd60,h5,拍拍贷#mob9_dpd60#h5
10000256,768,20250221,0,Rate36,美团月付,fpd,,30,,fpd30,api,美团月付#fpd30#api
10000256,769,20240623,0,Bank,百信银行,fpd,,30,,fpd30,京东白条,百信银行#fpd30#京东白条
10000256,769,20240623,0,Rate36,美团月付,fpd,,60,,fpd60,h5,美团月付#fpd60#h5
10000256,770,20241210,0,Rate24,分期乐,dpd,6,30,6,mob6_dpd30,api,分期乐#mob6_dpd30#api
10000257,771,20250612,-2,Rate36,拍拍贷,dpd,12,30,12,mob12_dpd30,h5,拍拍贷#mob12_dpd30#h5
10000257,771,20250612,0,Rate24,零钱罐,dpd,6,30,6,mob6_dpd30,小程序,零钱罐#mob6_dpd30#小程序
10000257,772,20260210,0,Rate36,拍拍贷,dpd,12,30,12,mob12_dpd30,h5,拍拍贷#mob12_dpd30#h5
10000257,773,20240315,1,Rate36,拍拍贷,fpd,,30,,fpd30,api,拍拍贷#fpd30#api
10000258,774,20250804,0,Bank,百信银行,fpd,,60,,fpd60,京东白条,百信银行#fpd60#京东白条
10000258,775,20251113,0,Bank,微众银行,dpd,9,30,9,mob9_dpd30,京东白条,微众银行#mob9_dpd30#京东白条
10000258,775,20251113,1,Rate24,零钱罐,fpd,,30,,fpd30,api,零钱罐#fpd30#api
10000258,775,20251113,0,Bank,百信银行,dpd,6,30,6,mob6_dpd30,京东白条,百信银行#mob6_dpd30#京东白条
10000258,776,20260106,0,Rate24,分期乐,dpd,6,30,6,mob6_dpd30,小程序,分期乐#mob6_dpd30#小程序
10000258,776,20260106,0,Rate24,零钱罐,dpd,9,30,9,mob9_dpd30,api,零钱罐#mob9_dpd30#api
10000258,776,20260106,-2,Rate24,分期乐,dpd,9,60,9,mob9_dpd60,api,分期乐#mob9_dpd60#api
10000259,777,20250115,0,Rate36,拍拍贷,fpd,,30,,fpd30,api,拍拍贷#fpd30#api
10000259,778,20240524,0,Bank,百信银行,dpd,6,60,6,mob6_dpd60,api,百信银行#mob6_dpd60#api
10000259,778,20240524,0,Rate36,美团月付,fpd,,60,,fpd60,api,美团月付#fpd60#api
10000259,779,20240928,0,Rate24,零钱罐,fpd,,60,,fpd60,小程序,零钱罐#fpd60#小程序
10000259,779,20240928,0,Rate24,零钱罐,dpd,6,30,6,mob6_dpd30,小程序,零钱罐#mob6_dpd30#小程序
10000259,779,20240928,0,Rate24,零钱罐,fpd,,60,,fpd60,api,零钱罐#fpd60#api
10000260,780,20251113,0,Bank,百信银行,dpd,6,30,6,mob6_dpd30,api,百信银行#mob6_dpd30#api
10000260,780,20251113,0,Bank,百信银行,dpd,6,30,6,mob6_dpd30,api,百信银行#mob6_dpd30#api
10000260,781,20251202,-2,Rate24,零钱罐,dpd,3,60,3,mob3_dpd60,api,零钱罐#mob3_dpd60#api
10000260,781,20251202,0,Bank,百信银行,dpd,3,30,3,mob3_dpd30,京东白条,百信银行#mob3_dpd30#京东白条
10000260,782,20250607,0,Bank,微众银行,dpd,9,60,9,mob9_dpd60,api,微众银行#mob9_dpd60#api
10000260,782,20250607,1,Rate24,零钱罐,dpd,9,60,9,mob9_dpd60,小程序,零钱罐#mob9_dpd60#小程序
10000261,783,20240503,0,Rate36,拍拍贷,dpd,3,30,3,mob3_dpd30,api,拍拍贷#mob3_dpd30#api
10000261,783,20240503,0,Rate24,零钱罐,dpd,9,30,9,mob9_dpd30,api,零钱罐#mob9_dpd30#api
10000261,783,20240503,0,Bank,百信银行,dpd,12,30,12,mob12_dpd30,京东白条,百信银行#mob12_dpd30#京东白条
10000261,784,20240522,0,Bank,百信银行,dpd,6,30,6,mob6_dpd30,京东白条,百信银行#mob6_dpd30#京东白条
10000261,785,20250228,0,Bank,微众银行,dpd,3,30,3,mob3_dpd30,api,微众银行#mob3_dpd30#api
10000261,785,20250228,-2,Bank,百信银行,fpd,,60,,fpd60,api,百信银行#fpd60#api
10000262,786,20250516,1,Bank,微众银行,dpd,6,30,6,mob6_dpd30,api,微众银行#mob6_dpd30#api
10000262,786,20250516,0,Rate24,零钱罐,dpd,12,60,12,mob12_dpd60,小程序,零钱罐#mob12_dpd60#小程序
10000262,786,20250516,0,Rate24,分期乐,dpd,9,30,9,mob9_dpd30,小程序,分期乐#mob9_dpd30#小程序
10000262,787,20240305,0,Rate24,分期乐,fpd,,60,,fpd60,小程序,分期乐#fpd60#小程序
10000262,787,20240305,0,Rate24,零钱罐,fpd,,60,,fpd60,小程序,零钱罐#fpd60#小程序
10000262,787,20240305,0,Rate36,美团月付,dpd,12,60,12,mob12_dpd60,api,美团月付#mob12_dpd60#api
10000262,788,20250701,0,Bank,微众银行,fpd,,30,,fpd30,京东白条,微众银行#fpd30#京东白条
10000262,788,20250701,0,Bank,微众银行,dpd,3,30,3,mob3_dpd30,京东白条,微众银行#mob3_dpd30#京东白条
10000263,789,20250428,0,Rate36,拍拍贷,dpd,9,30,9,mob9_dpd30,h5,拍拍贷#mob9_dpd30#h5
10000263,789,20250428,-2,Rate24,分期乐,dpd,3,60,3,mob3_dpd60,api,分期乐#mob3_dpd60#api
10000263,789,20250428,1,Bank,百信银行,dpd,6,60,6,mob6_dpd60,api,百信银行#mob6_dpd60#api
10000263,790,20240309,0,Bank,百信银行,dpd,6,30,6,mob6_dpd30,京东白条,百信银行#mob6_dpd30#京东白条
10000263,790,20240309,0,Rate36,美团月付,dpd,3,60,3,mob3_dpd60,h5,美团月付#mob3_dpd60#h5
10000263,791,20240504,1,Rate36,美团月付,fpd,,30,,fpd30,api,美团月付#fpd30#api
10000263,791,20240504,0,Rate36,拍拍贷,dpd,9,30,9,mob9_dpd30,h5,拍拍贷#mob9_dpd30#h5
10000263,791,20240504,0,Bank,微众银行,fpd,,30,,fpd30,api,微众银行#fpd30#api
10000264,792,20250105,0,Rate24,零钱罐,dpd,12,60,12,mob12_dpd60,api,零钱罐#mob12_dpd60#api
10000264,793,20250808,1,Rate36,美团月付,dpd,12,60,12,mob12_dpd60,api,美团月付#mob12_dpd60#api
10000264,794,20251019,0,Bank,百信银行,fpd,,60,,fpd60,api,百信银行#fpd60#api
10000265,795,20250125,0,Rate36,美团月付,dpd,12,30,12,mob12_dpd30,api,美团月付#mob12_dpd30#api
10000265,795,20250125,-2,Rate36,拍拍贷,fpd,,60,,fpd60,api,拍拍贷#fpd60#api
10000265,796,20241008,0,Bank,百信银行,fpd,,30,,fpd30,api,百信银行#fpd30#api
10000265,797,20260220,0,Rate36,拍拍贷,dpd,12,30,12,mob12_dpd30,h5,拍拍贷#mob12_dpd30#h5
10000266,798,20250202,0,Rate36,美团月付,dpd,9,60,9,mob9_dpd60,h5,美团月付#mob9_dpd60#h5
10000266,798,20250202,-2,Rate36,拍拍贷,fpd,,30,,fpd30,api,拍拍贷#fpd30#api
10000266,799,20241001,1,Rate36,拍拍贷,dpd,12,30,12,mob12_dpd30,h5,拍拍贷#mob12_dpd30#h5
10000266,799,20241001,0,Rate24,零钱罐,dpd,9,60,9,mob9_dpd60,小程序,零钱罐#mob9_dpd60#小程序
10000266,799,20241001,0,Rate24,零钱罐,dpd,6,30,6,mob6_dpd30,小程序,零钱罐#mob6_dpd30#小程序
10000266,800,20250102,1,Bank,微众银行,dpd,9,30,9,mob9_dpd30,京东白条,微众银行#mob9_dpd30#京东白条
10000266,800,20250102,0,Rate24,分期乐,fpd,,30,,fpd30,api,分期乐#fpd30#api
10000266,800,20250102,0,Bank,微众银行,dpd,3,60,3,mob3_dpd60,api,微众银行#mob3_dpd60#api
10000267,801,20240326,0,Bank,百信银行,dpd,9,60,9,mob9_dpd60,api,百信银行#mob9_dpd60#api
10000267,801,20240326,0,Rate36,拍拍贷,dpd,9,30,9,mob9_dpd30,api,拍拍贷#mob9_dpd30#api
10000267,802,20241017,1,Bank,百信银行,dpd,6,60,6,mob6_dpd60,api,百信银行#mob6_dpd60#api
10000267,803,20250323,0,Bank,百信银行,dpd,12,60,12,mob12_dpd60,京东白条,百信银行#mob12_dpd60#京东白条
10000268,804,20260101,0,Rate24,分期乐,dpd,12,30,12,mob12_dpd30,api,分期乐#mob12_dpd30#api
10000268,804,20260101,0,Rate36,拍拍贷,fpd,,60,,fpd60,api,拍拍贷#fpd60#api
10000268,804,20260101,0,Rate24,分期乐,dpd,12,60,12,mob12_dpd60,api,分期乐#mob12_dpd60#api
10000268,805,20250801,1,Rate36,美团月付,dpd,12,30,12,mob12_dpd30,api,美团月付#mob12_dpd30#api
10000268,806,20250924,0,Rate24,零钱罐,dpd,12,30,12,mob12_dpd30,小程序,零钱罐#mob12_dpd30#小程序
10000268,806,20250924,0,Bank,百信银行,dpd,3,60,3,mob3_dpd60,京东白条,百信银行#mob3_dpd60#京东白条
10000269,807,20250403,0,Rate24,分期乐,dpd,3,60,3,mob3_dpd60,小程序,分期乐#mob3_dpd60#小程序
10000269,808,20240505,0,Rate36,拍拍贷,fpd,,60,,fpd60,api,拍拍贷#fpd60#api
10000269,808,20240505,0,Rate36,拍拍贷,dpd,3,60,3,mob3_dpd60,h5,拍拍贷#mob3_dpd60#h5
10000269,808,20240505,0,Rate36,美团月付,dpd,9,30,9,mob9_dpd30,api,美团月付#mob9_dpd30#api
10000269,809,20241215,0,Rate24,分期乐,dpd,3,30,3,mob3_dpd30,api,分期乐#mob3_dpd30#api
10000269,809,20241215,0,Bank,微众银行,dpd,12,30,12,mob12_dpd30,京东白条,微众银行#mob12_dpd30#京东白条
10000270,810,20260217,1,Rate24,分期乐,dpd,12,30,12,mob12_dpd30,小程序,分期乐#mob12_dpd30#小程序
10000270,811,20240407,1,Rate36,拍拍贷,dpd,12,30,12,mob12_dpd30,h5,拍拍贷#mob12_dpd30#h5
10000270,811,20240407,0,Rate24,零钱罐,fpd,,30,,fpd30,小程序,零钱罐#fpd30#小程序
10000270,812,20251213,0,Rate24,零钱罐,dpd,3,30,3,mob3_dpd30,api,零钱罐#mob3_dpd30#api
10000270,812,20251213,0,Rate24,分期乐,fpd,,60,,fpd60,小程序,分期乐#fpd60#小程序
10000271,813,20250719,0,Rate36,美团月付,dpd,12,30,12,mob12_dpd30,h5,美团月付#mob12_dpd30#h5
10000271,813,20250719,0,Bank,百信银行,dpd,3,30,3,mob3_dpd30,京东白条,百信银行#mob3_dpd30#京东白条
10000271,814,20240913,0,Rate24,分期乐,dpd,6,60,6,mob6_dpd60,api,分期乐#mob6_dpd60#api
10000271,814,20240913,0,Rate24,零钱罐,dpd,9,60,9,mob9_dpd60,小程序,零钱罐#mob9_dpd60#小程序
10000271,815,20250911,-2,Bank,百信银行,dpd,9,60,9,mob9_dpd60,api,百信银行#mob9_dpd60#api
10000271,815,20250911,-2,Rate24,分期乐,dpd,3,30,3,mob3_dpd30,api,分期乐#mob3_dpd30#api
10000272,816,20251103,1,Rate36,美团月付,dpd,6,60,6,mob6_dpd60,api,美团月付#mob6_dpd60#api
10000272,816,20251103,0,Bank,百信银行,dpd,6,30,6,mob6_dpd30,api,百信银行#mob6_dpd30#api
10000272,816,20251103,1,Bank,百信银行,dpd,6,60,6,mob6_dpd60,京东白条,百信银行#mob6_dpd60#京东白条
10000272,817,20240413,0,Rate24,分期乐,dpd,6,30,6,mob6_dpd30,api,分期乐#mob6_dpd30#api
10000272,817,20240413,0,Bank,百信银行,dpd,9,30,9,mob9_dpd30,京东白条,百信银行#mob9_dpd30#京东白条
10000272,818,20240523,0,Bank,百信银行,fpd,,30,,fpd30,京东白条,百信银行#fpd30#京东白条
10000273,819,20250618,0,Bank,微众银行,dpd,12,60,12,mob12_dpd60,api,微众银行#mob12_dpd60#api
10000273,820,20260226,0,Bank,百信银行,dpd,9,30,9,mob9_dpd30,京东白条,百信银行#mob9_dpd30#京东白条
10000273,821,20240304,0,Rate24,分期乐,dpd,12,60,12,mob12_dpd60,api,分期乐#mob12_dpd60#api
10000274,822,20250601,0,Bank,百信银行,fpd,,60,,fpd60,api,百信银行#fpd60#api
10000274,823,20240616,0,Bank,微众银行,dpd,6,30,6,mob6_dpd30,api,微众银行#mob6_dpd30#api
10000274,823,20240616,0,Rate24,零钱罐,dpd,9,30,9,mob9_dpd30,小程序,零钱罐#mob9_dpd30#小程序
10000274,824,20250606,0,Rate24,分期乐,dpd,12,60,12,mob12_dpd60,api,分期乐#mob12_dpd60#api
10000274,824,20250606,0,Rate36,拍拍贷,dpd,9,60,9,mob9_dpd60,api,拍拍贷#mob9_dpd60#api
10000275,825,20250517,0,Bank,微众银行,fpd,,30,,fpd30,京东白条,微众银行#fpd30#京东白条
10000275,825,20250517,0,Bank,百信银行,fpd,,30,,fpd30,京东白条,百信银行#fpd30#京东白条
10000275,826,20240526,0,Bank,微众银行,fpd,,60,,fpd60,api,微众银行#fpd60#api
10000275,826,20240526,0,Rate36,美团月付,dpd,6,60,6,mob6_dpd60,api,美团月付#mob6_dpd60#api
10000275,827,20250710,0,Bank,百信银行,dpd,6,60,6,mob6_dpd60,api,百信银行#mob6_dpd60#api
10000275,827,20250710,0,Rate24,分期乐,dpd,12,30,12,mob12_dpd30,小程序,分期乐#mob12_dpd30#小程序
10000276,828,20251216,0,Bank,微众银行,fpd,,60,,fpd60,京东白条,微众银行#fpd60#京东白条
10000276,828,20251216,1,Rate24,分期乐,dpd,9,30,9,mob9_dpd30,小程序,分期乐#mob9_dpd30#小程序
10000276,828,20251216,0,Rate36,美团月付,dpd,3,60,3,mob3_dpd60,h5,美团月付#mob3_dpd60#h5
10000276,829,20251120,0,Rate24,分期乐,dpd,6,30,6,mob6_dpd30,小程序,分期乐#mob6_dpd30#小程序
10000276,829,20251120,0,Rate24,零钱罐,dpd,12,30,12,mob12_dpd30,api,零钱罐#mob12_dpd30#api
10000276,829,20251120,0,Rate24,零钱罐,dpd,9,60,9,mob9_dpd60,api,零钱罐#mob9_dpd60#api
10000276,830,20240305,0,Rate36,美团月付,dpd,12,30,12,mob12_dpd30,h5,美团月付#mob12_dpd30#h5
10000276,830,20240305,0,Rate24,零钱罐,dpd,12,30,12,mob12_dpd30,小程序,零钱罐#mob12_dpd30#小程序
10000277,831,20240826,1,Rate36,拍拍贷,dpd,3,30,3,mob3_dpd30,h5,拍拍贷#mob3_dpd30#h5
10000277,831,20240826,0,Rate36,美团月付,dpd,3,60,3,mob3_dpd60,api,美团月付#mob3_dpd60#api
10000277,831,20240826,0,Rate36,拍拍贷,fpd,,30,,fpd30,h5,拍拍贷#fpd30#h5
10000277,832,20240806,0,Rate36,美团月付,dpd,3,30,3,mob3_dpd30,api,美团月付#mob3_dpd30#api
10000277,833,20250123,0,Rate36,拍拍贷,fpd,,30,,fpd30,h5,拍拍贷#fpd30#h5
10000277,833,20250123,0,Rate24,零钱罐,dpd,9,60,9,mob9_dpd60,api,零钱罐#mob9_dpd60#api
10000278,834,20240619,0,Rate24,分期乐,dpd,9,30,9,mob9_dpd30,小程序,分期乐#mob9_dpd30#小程序
10000278,834,20240619,0,Bank,微众银行,fpd,,30,,fpd30,京东白条,微众银行#fpd30#京东白条
10000278,834,20240619,0,Rate24,分期乐,fpd,,30,,fpd30,小程序,分期乐#fpd30#小程序
10000278,835,20251104,0,Rate24,分期乐,dpd,12,60,12,mob12_dpd60,api,分期乐#mob12_dpd60#api
10000278,835,20251104,-2,Rate36,美团月付,dpd,12,60,12,mob12_dpd60,api,美团月付#mob12_dpd60#api
10000278,835,20251104,0,Bank,百信银行,dpd,3,30,3,mob3_dpd30,京东白条,百信银行#mob3_dpd30#京东白条
10000278,836,20250921,0,Rate24,零钱罐,dpd,6,30,6,mob6_dpd30,api,零钱罐#mob6_dpd30#api
10000279,837,20251006,0,Rate36,拍拍贷,dpd,3,30,3,mob3_dpd30,api,拍拍贷#mob3_dpd30#api
10000279,838,20240717,1,Rate36,美团月付,dpd,9,60,9,mob9_dpd60,api,美团月付#mob9_dpd60#api
10000279,839,20240327,1,Rate24,零钱罐,dpd,12,30,12,mob12_dpd30,api,零钱罐#mob12_dpd30#api
10000279,839,20240327,1,Rate24,分期乐,dpd,3,60,3,mob3_dpd60,小程序,分期乐#mob3_dpd60#小程序
10000279,839,20240327,0,Rate24,零钱罐,fpd,,30,,fpd30,小程序,零钱罐#fpd30#小程序
10000280,840,20251227,0,Rate36,美团月付,fpd,,30,,fpd30,h5,美团月付#fpd30#h5
10000280,841,20240925,1,Rate36,美团月付,dpd,6,30,6,mob6_dpd30,h5,美团月付#mob6_dpd30#h5
10000280,842,20250614,0,Bank,微众银行,fpd,,30,,fpd30,京东白条,微众银行#fpd30#京东白条
10000280,842,20250614,0,Bank,微众银行,dpd,6,60,6,mob6_dpd60,京东白条,微众银行#mob6_dpd60#京东白条
10000281,843,20251216,0,Rate36,美团月付,fpd,,60,,fpd60,api,美团月付#fpd60#api
10000281,844,20240309,0,Bank,百信银行,fpd,,60,,fpd60,api,百信银行#fpd60#api
10000281,845,20240326,0,Rate36,美团月付,dpd,9,60,9,mob9_dpd60,h5,美团月付#mob9_dpd60#h5
10000281,845,20240326,-2,Bank,微众银行,dpd,12,30,12,mob12_dpd30,api,微众银行#mob12_dpd30#api
10000281,845,20240326,0,Rate24,零钱罐,dpd,9,30,9,mob9_dpd30,api,零钱罐#mob9_dpd30#api
10000282,846,20240314,0,Rate36,拍拍贷,dpd,12,30,12,mob12_dpd30,h5,拍拍贷#mob12_dpd30#h5
10000282,846,20240314,0,Bank,微众银行,dpd,3,30,3,mob3_dpd30,api,微众银行#mob3_dpd30#api
10000282,847,20240622,-2,Bank,百信银行,dpd,6,60,6,mob6_dpd60,京东白条,百信银行#mob6_dpd60#京东白条
10000282,847,20240622,1,Rate36,拍拍贷,dpd,3,30,3,mob3_dpd30,h5,拍拍贷#mob3_dpd30#h5
10000282,847,20240622,0,Bank,微众银行,dpd,9,30,9,mob9_dpd30,api,微众银行#mob9_dpd30#api
10000282,848,20240411,1,Rate36,美团月付,dpd,9,60,9,mob9_dpd60,h5,美团月付#mob9_dpd60#h5
10000283,849,20251021,0,Rate24,零钱罐,dpd,12,60,12,mob12_dpd60,小程序,零钱罐#mob12_dpd60#小程序
10000283,849,20251021,0,Bank,微众银行,dpd,6,30,6,mob6_dpd30,京东白条,微众银行#mob6_dpd30#京东白条
10000283,850,20250507,0,Rate24,零钱罐,dpd,9,60,9,mob9_dpd60,api,零钱罐#mob9_dpd60#api
10000283,850,20250507,1,Rate24,零钱罐,dpd,12,60,12,mob12_dpd60,小程序,零钱罐#mob12_dpd60#小程序
10000283,851,20260221,-2,Bank,微众银行,dpd,3,30,3,mob3_dpd30,京东白条,微众银行#mob3_dpd30#京东白条
10000283,851,20260221,0,Rate36,美团月付,dpd,6,30,6,mob6_dpd30,api,美团月付#mob6_dpd30#api
10000283,851,20260221,-2,Rate24,分期乐,dpd,6,60,6,mob6_dpd60,api,分期乐#mob6_dpd60#api
10000284,852,20251002,0,Rate36,拍拍贷,dpd,12,60,12,mob12_dpd60,h5,拍拍贷#mob12_dpd60#h5
10000284,853,20260203,0,Bank,百信银行,dpd,9,30,9,mob9_dpd30,api,百信银行#mob9_dpd30#api
10000284,853,20260203,0,Rate24,零钱罐,dpd,9,30,9,mob9_dpd30,小程序,零钱罐#mob9_dpd30#小程序
10000284,853,20260203,0,Rate24,分期乐,dpd,6,60,6,mob6_dpd60,小程序,分期乐#mob6_dpd60#小程序
10000284,854,20240810,0,Rate36,拍拍贷,dpd,9,30,9,mob9_dpd30,api,拍拍贷#mob9_dpd30#api
10000285,855,20240914,0,Rate24,分期乐,dpd,6,30,6,mob6_dpd30,小程序,分期乐#mob6_dpd30#小程序
10000285,855,20240914,0,Rate24,零钱罐,fpd,,30,,fpd30,小程序,零钱罐#fpd30#小程序
10000285,856,20251120,0,Rate24,分期乐,dpd,9,60,9,mob9_dpd60,小程序,分期乐#mob9_dpd60#小程序
10000285,857,20240811,0,Rate36,拍拍贷,dpd,6,30,6,mob6_dpd30,api,拍拍贷#mob6_dpd30#api
10000285,857,20240811,0,Rate36,拍拍贷,dpd,6,60,6,mob6_dpd60,api,拍拍贷#mob6_dpd60#api
10000286,858,20240401,0,Bank,百信银行,fpd,,60,,fpd60,京东白条,百信银行#fpd60#京东白条
10000286,859,20250710,0,Rate36,拍拍贷,dpd,6,30,6,mob6_dpd30,api,拍拍贷#mob6_dpd30#api
10000286,860,20251013,-2,Rate24,零钱罐,fpd,,30,,fpd30,api,零钱罐#fpd30#api
10000286,860,20251013,0,Bank,微众银行,dpd,12,60,12,mob12_dpd60,京东白条,微众银行#mob12_dpd60#京东白条
10000286,860,20251013,0,Rate36,美团月付,dpd,6,30,6,mob6_dpd30,api,美团月付#mob6_dpd30#api
10000287,861,20260216,0,Rate36,拍拍贷,dpd,3,60,3,mob3_dpd60,api,拍拍贷#mob3_dpd60#api
10000287,862,20260119,0,Rate24,零钱罐,dpd,3,30,3,mob3_dpd30,小程序,零钱罐#mob3_dpd30#小程序
10000287,863,20240507,-2,Rate24,零钱罐,fpd,,60,,fpd60,小程序,零钱罐#fpd60#小程序
10000287,863,20240507,1,Rate36,拍拍贷,dpd,12,30,12,mob12_dpd30,h5,拍拍贷#mob12_dpd30#h5
10000287,863,20240507,-2,Rate24,分期乐,dpd,3,60,3,mob3_dpd60,api,分期乐#mob3_dpd60#api
10000288,864,20250918,0,Rate24,零钱罐,dpd,12,30,12,mob12_dpd30,api,零钱罐#mob12_dpd30#api
10000288,865,20251118,0,Bank,百信银行,dpd,3,60,3,mob3_dpd60,api,百信银行#mob3_dpd60#api
10000288,866,20250722,0,Rate36,美团月付,dpd,6,30,6,mob6_dpd30,h5,美团月付#mob6_dpd30#h5
10000288,866,20250722,0,Bank,百信银行,fpd,,30,,fpd30,京东白条,百信银行#fpd30#京东白条
10000289,867,20251015,0,Bank,微众银行,dpd,9,30,9,mob9_dpd30,api,微众银行#mob9_dpd30#api
10000289,867,20251015,0,Rate36,拍拍贷,dpd,3,60,3,mob3_dpd60,h5,拍拍贷#mob3_dpd60#h5
10000289,867,20251015,0,Rate24,零钱罐,dpd,3,60,3,mob3_dpd60,api,零钱罐#mob3_dpd60#api
10000289,868,20251123,0,Rate24,零钱罐,dpd,9,60,9,mob9_dpd60,小程序,零钱罐#mob9_dpd60#小程序
10000289,869,20250107,0,Bank,百信银行,fpd,,60,,fpd60,api,百信银行#fpd60#api
10000289,869,20250107,0,Bank,微众银行,dpd,6,30,6,mob6_dpd30,京东白条,微众银行#mob6_dpd30#京东白条
10000289,869,20250107,0,Bank,微众银行,dpd,3,60,3,mob3_dpd60,api,微众银行#mob3_dpd60#api
10000290,870,20240320,0,Rate24,零钱罐,dpd,6,30,6,mob6_dpd30,api,零钱罐#mob6_dpd30#api
10000290,870,20240320,0,Bank,百信银行,dpd,12,30,12,mob12_dpd30,api,百信银行#mob12_dpd30#api
10000290,870,20240320,0,Rate36,拍拍贷,dpd,3,30,3,mob3_dpd30,h5,拍拍贷#mob3_dpd30#h5
10000290,871,20250102,0,Bank,百信银行,dpd,6,30,6,mob6_dpd30,京东白条,百信银行#mob6_dpd30#京东白条
10000290,871,20250102,0,Rate24,分期乐,dpd,12,60,12,mob12_dpd60,小程序,分期乐#mob12_dpd60#小程序
10000290,872,20240703,0,Rate24,分期乐,dpd,6,60,6,mob6_dpd60,小程序,分期乐#mob6_dpd60#小程序
10000290,872,20240703,0,Bank,百信银行,dpd,6,30,6,mob6_dpd30,api,百信银行#mob6_dpd30#api
10000291,873,20240525,0,Rate24,分期乐,fpd,,30,,fpd30,小程序,分期乐#fpd30#小程序
10000291,873,20240525,0,Bank,百信银行,dpd,12,30,12,mob12_dpd30,api,百信银行#mob12_dpd30#api
10000291,874,20240514,0,Rate24,零钱罐,dpd,9,30,9,mob9_dpd30,小程序,零钱罐#mob9_dpd30#小程序
10000291,874,20240514,0,Rate24,零钱罐,fpd,,60,,fpd60,小程序,零钱罐#fpd60#小程序
10000291,875,20250718,0,Rate36,美团月付,dpd,12,30,12,mob12_dpd30,api,美团月付#mob12_dpd30#api
10000291,875,20250718,0,Rate24,分期乐,fpd,,30,,fpd30,小程序,分期乐#fpd30#小程序
10000292,876,20250317,0,Rate24,零钱罐,dpd,6,30,6,mob6_dpd30,小程序,零钱罐#mob6_dpd30#小程序
10000292,876,20250317,0,Bank,百信银行,fpd,,30,,fpd30,api,百信银行#fpd30#api
10000292,876,20250317,0,Rate36,拍拍贷,dpd,12,30,12,mob12_dpd30,h5,拍拍贷#mob12_dpd30#h5
10000292,877,20250320,0,Rate36,美团月付,fpd,,60,,fpd60,h5,美团月付#fpd60#h5
10000292,877,20250320,0,Rate24,零钱罐,fpd,,30,,fpd30,小程序,零钱罐#fpd30#小程序
10000292,877,20250320,1,Rate36,美团月付,dpd,6,60,6,mob6_dpd60,h5,美团月付#mob6_dpd60#h5
10000292,878,20250807,0,Bank,百信银行,dpd,6,30,6,mob6_dpd30,京东白条,百信银行#mob6_dpd30#京东白条
10000292,878,20250807,1,Rate36,拍拍贷,dpd,12,60,12,mob12_dpd60,api,拍拍贷#mob12_dpd60#api
10000293,879,20250405,0,Rate36,拍拍贷,dpd,3,30,3,mob3_dpd30,api,拍拍贷#mob3_dpd30#api
10000293,879,20250405,0,Rate36,拍拍贷,dpd,12,30,12,mob12_dpd30,api,拍拍贷#mob12_dpd30#api
10000293,879,20250405,0,Bank,微众银行,dpd,3,30,3,mob3_dpd30,api,微众银行#mob3_dpd30#api
10000293,880,20250602,-2,Bank,百信银行,dpd,9,30,9,mob9_dpd30,api,百信银行#mob9_dpd30#api
10000293,880,20250602,0,Bank,百信银行,dpd,6,60,6,mob6_dpd60,api,百信银行#mob6_dpd60#api
10000293,881,20240525,0,Rate36,拍拍贷,dpd,3,60,3,mob3_dpd60,h5,拍拍贷#mob3_dpd60#h5
10000294,882,20251107,-2,Rate24,分期乐,dpd,9,30,9,mob9_dpd30,api,分期乐#mob9_dpd30#api
10000294,883,20250117,0,Rate24,零钱罐,dpd,3,30,3,mob3_dpd30,api,零钱罐#mob3_dpd30#api
10000294,883,20250117,0,Rate36,拍拍贷,dpd,6,30,6,mob6_dpd30,api,拍拍贷#mob6_dpd30#api
10000294,884,20240613,0,Rate36,美团月付,dpd,6,60,6,mob6_dpd60,api,美团月付#mob6_dpd60#api
10000294,884,20240613,0,Rate24,分期乐,dpd,9,30,9,mob9_dpd30,小程序,分期乐#mob9_dpd30#小程序
10000295,885,20251005,1,Bank,微众银行,dpd,12,30,12,mob12_dpd30,api,微众银行#mob12_dpd30#api
10000295,885,20251005,1,Rate36,美团月付,dpd,6,30,6,mob6_dpd30,api,美团月付#mob6_dpd30#api
10000295,886,20250812,0,Rate36,拍拍贷,dpd,3,30,3,mob3_dpd30,api,拍拍贷#mob3_dpd30#api
10000295,886,20250812,0,Bank,百信银行,dpd,6,60,6,mob6_dpd60,api,百信银行#mob6_dpd60#api
10000295,886,20250812,1,Rate36,美团月付,dpd,6,60,6,mob6_dpd60,h5,美团月付#mob6_dpd60#h5
10000295,887,20240403,0,Rate24,零钱罐,dpd,3,30,3,mob3_dpd30,小程序,零钱罐#mob3_dpd30#小程序
10000295,887,20240403,-2,Rate36,拍拍贷,dpd,9,60,9,mob9_dpd60,api,拍拍贷#mob9_dpd60#api
10000295,887,20240403,0,Rate24,分期乐,dpd,12,60,12,mob12_dpd60,小程序,分期乐#mob12_dpd60#小程序
10000296,888,20240705,1,Bank,微众银行,dpd,12,30,12,mob12_dpd30,api,微众银行#mob12_dpd30#api
10000296,888,20240705,0,Rate24,零钱罐,fpd,,60,,fpd60,api,零钱罐#fpd60#api
10000296,889,20240304,0,Bank,百信银行,fpd,,30,,fpd30,京东白条,百信银行#fpd30#京东白条
10000296,889,20240304,0,Rate24,零钱罐,dpd,3,60,3,mob3_dpd60,api,零钱罐#mob3_dpd60#api
10000296,889,20240304,0,Bank,微众银行,fpd,,30,,fpd30,京东白条,微众银行#fpd30#京东白条
10000296,890,20240924,0,Rate36,美团月付,dpd,3,30,3,mob3_dpd30,h5,美团月付#mob3_dpd30#h5
10000297,891,20240516,0,Rate24,零钱罐,fpd,,60,,fpd60,小程序,零钱罐#fpd60#小程序
10000297,891,20240516,0,Rate24,零钱罐,dpd,12,30,12,mob12_dpd30,小程序,零钱罐#mob12_dpd30#小程序
10000297,891,20240516,0,Rate24,零钱罐,dpd,9,60,9,mob9_dpd60,api,零钱罐#mob9_dpd60#api
10000297,892,20250826,1,Rate36,美团月付,dpd,9,60,9,mob9_dpd60,h5,美团月付#mob9_dpd60#h5
10000297,892,20250826,0,Rate36,拍拍贷,dpd,9,60,9,mob9_dpd60,h5,拍拍贷#mob9_dpd60#h5
10000297,892,20250826,0,Rate36,美团月付,dpd,9,60,9,mob9_dpd60,api,美团月付#mob9_dpd60#api
10000297,893,20250313,0,Bank,百信银行,dpd,12,60,12,mob12_dpd60,京东白条,百信银行#mob12_dpd60#京东白条
10000298,894,20260206,0,Rate36,拍拍贷,dpd,6,30,6,mob6_dpd30,h5,拍拍贷#mob6_dpd30#h5
10000298,894,20260206,0,Rate36,拍拍贷,dpd,3,30,3,mob3_dpd30,h5,拍拍贷#mob3_dpd30#h5
10000298,894,20260206,0,Bank,微众银行,fpd,,30,,fpd30,京东白条,微众银行#fpd30#京东白条
10000298,895,20250818,0,Rate36,拍拍贷,dpd,6,60,6,mob6_dpd60,h5,拍拍贷#mob6_dpd60#h5
10000298,895,20250818,0,Rate24,分期乐,dpd,12,60,12,mob12_dpd60,小程序,分期乐#mob12_dpd60#小程序
10000298,896,20250527,1,Bank,微众银行,dpd,9,30,9,mob9_dpd30,京东白条,微众银行#mob9_dpd30#京东白条
10000298,896,20250527,0,Rate24,分期乐,dpd,6,60,6,mob6_dpd60,小程序,分期乐#mob6_dpd60#小程序
10000299,897,20250315,-2,Rate36,美团月付,fpd,,60,,fpd60,api,美团月付#fpd60#api
10000299,898,20240401,0,Rate24,分期乐,fpd,,30,,fpd30,api,分期乐#fpd30#api
10000299,898,20240401,0,Bank,微众银行,fpd,,60,,fpd60,api,微众银行#fpd60#api
10000299,898,20240401,0,Rate24,零钱罐,dpd,9,30,9,mob9_dpd30,小程序,零钱罐#mob9_dpd30#小程序
10000299,899,20240409,0,Bank,微众银行,dpd,9,30,9,mob9_dpd30,京东白条,微众银行#mob9_dpd30#京东白条
10000299,899,20240409,0,Bank,微众银行,dpd,12,30,12,mob12_dpd30,京东白条,微众银行#mob12_dpd30#京东白条
10000299,899,20240409,0,Bank,微众银行,fpd,,30,,fpd30,京东白条,微众银行#fpd30#京东白条
10000300,900,20250526,0,Rate36,美团月付,dpd,6,30,6,mob6_dpd30,api,美团月付#mob6_dpd30#api
10000300,900,20250526,0,Bank,百信银行,fpd,,30,,fpd30,api,百信银行#fpd30#api
10000300,901,20240315,0,Bank,微众银行,dpd,9,30,9,mob9_dpd30,api,微众银行#mob9_dpd30#api
10000300,902,20240427,0,Rate36,美团月付,fpd,,30,,fpd30,api,美团月付#fpd30#api
10000301,903,20240815,0,Rate24,分期乐,fpd,,60,,fpd60,api,分期乐#fpd60#api
10000301,903,20240815,0,Rate36,拍拍贷,fpd,,60,,fpd60,h5,拍拍贷#fpd60#h5
10000301,903,20240815,0,Bank,微众银行,dpd,9,60,9,mob9_dpd60,京东白条,微众银行#mob9_dpd60#京东白条
10000301,904,20251201,0,Rate24,零钱罐,fpd,,30,,fpd30,api,零钱罐#fpd30#api
10000301,904,20251201,0,Bank,百信银行,dpd,3,30,3,mob3_dpd30,api,百信银行#mob3_dpd30#api
10000301,904,20251201,0,Rate36,拍拍贷,dpd,12,30,12,mob12_dpd30,api,拍拍贷#mob12_dpd30#api
10000301,905,20250225,0,Bank,百信银行,dpd,6,30,6,mob6_dpd30,京东白条,百信银行#mob6_dpd30#京东白条
10000302,906,20250822,0,Rate36,拍拍贷,dpd,3,60,3,mob3_dpd60,api,拍拍贷#mob3_dpd60#api
10000302,907,20241221,0,Rate36,美团月付,dpd,9,30,9,mob9_dpd30,h5,美团月付#mob9_dpd30#h5
10000302,907,20241221,0,Bank,百信银行,fpd,,30,,fpd30,api,百信银行#fpd30#api
10000302,908,20240728,0,Bank,百信银行,dpd,3,30,3,mob3_dpd30,api,百信银行#mob3_dpd30#api
10000302,908,20240728,0,Rate24,零钱罐,fpd,,30,,fpd30,小程序,零钱罐#fpd30#小程序
10000303,909,20241106,0,Rate24,分期乐,dpd,3,30,3,mob3_dpd30,api,分期乐#mob3_dpd30#api
10000303,909,20241106,0,Bank,百信银行,fpd,,30,,fpd30,api,百信银行#fpd30#api
10000303,910,20240526,0,Bank,微众银行,dpd,12,30,12,mob12_dpd30,京东白条,微众银行#mob12_dpd30#京东白条
10000303,910,20240526,0,Bank,微众银行,dpd,9,30,9,mob9_dpd30,京东白条,微众银行#mob9_dpd30#京东白条
10000303,910,20240526,0,Rate24,分期乐,dpd,3,60,3,mob3_dpd60,api,分期乐#mob3_dpd60#api
10000303,911,20250907,0,Rate36,美团月付,dpd,9,60,9,mob9_dpd60,api,美团月付#mob9_dpd60#api
10000304,912,20240728,0,Bank,微众银行,dpd,12,60,12,mob12_dpd60,京东白条,微众银行#mob12_dpd60#京东白条
10000304,913,20241206,-2,Rate24,零钱罐,dpd,9,30,9,mob9_dpd30,api,零钱罐#mob9_dpd30#api
10000304,914,20260216,0,Rate36,拍拍贷,dpd,6,60,6,mob6_dpd60,api,拍拍贷#mob6_dpd60#api
10000304,914,20260216,-2,Rate36,美团月付,dpd,6,30,6,mob6_dpd30,h5,美团月付#mob6_dpd30#h5
10000305,915,20250523,0,Bank,百信银行,fpd,,30,,fpd30,api,百信银行#fpd30#api
10000305,916,20250203,0,Rate36,拍拍贷,dpd,3,30,3,mob3_dpd30,api,拍拍贷#mob3_dpd30#api
10000305,917,20250402,1,Rate24,零钱罐,dpd,9,60,9,mob9_dpd60,小程序,零钱罐#mob9_dpd60#小程序
10000306,918,20250924,0,Rate36,拍拍贷,dpd,12,60,12,mob12_dpd60,api,拍拍贷#mob12_dpd60#api
10000306,918,20250924,1,Bank,微众银行,dpd,9,30,9,mob9_dpd30,京东白条,微众银行#mob9_dpd30#京东白条
10000306,919,20240902,0,Rate36,拍拍贷,fpd,,30,,fpd30,api,拍拍贷#fpd30#api
10000306,920,20250618,1,Rate36,美团月付,dpd,6,60,6,mob6_dpd60,h5,美团月付#mob6_dpd60#h5
10000307,921,20251127,0,Bank,百信银行,dpd,12,60,12,mob12_dpd60,api,百信银行#mob12_dpd60#api
10000307,921,20251127,0,Bank,微众银行,dpd,3,30,3,mob3_dpd30,京东白条,微众银行#mob3_dpd30#京东白条
10000307,921,20251127,0,Rate24,零钱罐,dpd,3,30,3,mob3_dpd30,api,零钱罐#mob3_dpd30#api
10000307,922,20250418,-2,Rate24,分期乐,dpd,12,60,12,mob12_dpd60,小程序,分期乐#mob12_dpd60#小程序
10000307,922,20250418,0,Rate24,零钱罐,dpd,9,30,9,mob9_dpd30,api,零钱罐#mob9_dpd30#api
10000307,922,20250418,0,Bank,微众银行,dpd,6,30,6,mob6_dpd30,api,微众银行#mob6_dpd30#api
10000307,923,20250114,0,Rate24,零钱罐,dpd,6,60,6,mob6_dpd60,api,零钱罐#mob6_dpd60#api
10000307,923,20250114,0,Rate36,拍拍贷,dpd,12,30,12,mob12_dpd30,h5,拍拍贷#mob12_dpd30#h5
10000307,923,20250114,0,Bank,微众银行,dpd,3,60,3,mob3_dpd60,京东白条,微众银行#mob3_dpd60#京东白条
10000308,924,20240612,0,Bank,微众银行,dpd,6,60,6,mob6_dpd60,api,微众银行#mob6_dpd60#api
10000308,925,20240818,0,Bank,微众银行,dpd,6,30,6,mob6_dpd30,京东白条,微众银行#mob6_dpd30#京东白条
10000308,925,20240818,0,Bank,微众银行,dpd,9,30,9,mob9_dpd30,api,微众银行#mob9_dpd30#api
10000308,925,20240818,0,Rate24,分期乐,fpd,,30,,fpd30,小程序,分期乐#fpd30#小程序
10000308,926,20260117,0,Rate36,拍拍贷,dpd,9,30,9,mob9_dpd30,api,拍拍贷#mob9_dpd30#api
10000309,927,20250315,1,Bank,微众银行,dpd,12,60,12,mob12_dpd60,api,微众银行#mob12_dpd60#api
10000309,928,20241005,0,Bank,微众银行,dpd,12,60,12,mob12_dpd60,京东白条,微众银行#mob12_dpd60#京东白条
10000309,928,20241005,0,Rate36,拍拍贷,dpd,9,30,9,mob9_dpd30,api,拍拍贷#mob9_dpd30#api
10000309,929,20250119,0,Rate24,零钱罐,dpd,9,30,9,mob9_dpd30,api,零钱罐#mob9_dpd30#api
10000310,930,20250421,0,Bank,微众银行,dpd,9,30,9,mob9_dpd30,api,微众银行#mob9_dpd30#api
10000310,930,20250421,0,Rate24,零钱罐,dpd,9,60,9,mob9_dpd60,api,零钱罐#mob9_dpd60#api
10000310,931,20250320,0,Rate36,美团月付,dpd,6,60,6,mob6_dpd60,h5,美团月付#mob6_dpd60#h5
10000310,931,20250320,0,Rate36,拍拍贷,fpd,,60,,fpd60,h5,拍拍贷#fpd60#h5
10000310,931,20250320,1,Rate24,零钱罐,dpd,9,60,9,mob9_dpd60,api,零钱罐#mob9_dpd60#api
10000310,932,20250703,0,Rate24,零钱罐,dpd,12,30,12,mob12_dpd30,api,零钱罐#mob12_dpd30#api
10000310,932,20250703,0,Rate36,美团月付,dpd,3,30,3,mob3_dpd30,h5,美团月付#mob3_dpd30#h5
10000310,932,20250703,0,Rate24,分期乐,dpd,9,60,9,mob9_dpd60,api,分期乐#mob9_dpd60#api
10000311,933,20240920,0,Rate36,美团月付,dpd,6,60,6,mob6_dpd60,h5,美团月付#mob6_dpd60#h5
10000311,933,20240920,-2,Rate24,零钱罐,dpd,9,30,9,mob9_dpd30,api,零钱罐#mob9_dpd30#api
10000311,933,20240920,0,Bank,百信银行,dpd,9,60,9,mob9_dpd60,api,百信银行#mob9_dpd60#api
10000311,934,20250621,0,Rate36,拍拍贷,dpd,9,60,9,mob9_dpd60,h5,拍拍贷#mob9_dpd60#h5
10000311,935,20250106,0,Rate36,拍拍贷,dpd,3,60,3,mob3_dpd60,api,拍拍贷#mob3_dpd60#api
10000311,935,20250106,0,Rate36,拍拍贷,dpd,3,60,3,mob3_dpd60,h5,拍拍贷#mob3_dpd60#h5
10000312,936,20260124,1,Rate36,拍拍贷,fpd,,30,,fpd30,h5,拍拍贷#fpd30#h5
10000312,936,20260124,1,Rate36,美团月付,dpd,12,30,12,mob12_dpd30,h5,美团月付#mob12_dpd30#h5
10000312,937,20240615,0,Bank,微众银行,dpd,9,30,9,mob9_dpd30,京东白条,微众银行#mob9_dpd30#京东白条
10000312,937,20240615,0,Rate24,分期乐,dpd,12,30,12,mob12_dpd30,api,分期乐#mob12_dpd30#api
10000312,938,20240614,0,Rate36,美团月付,dpd,6,60,6,mob6_dpd60,h5,美团月付#mob6_dpd60#h5
10000312,938,20240614,-2,Bank,微众银行,dpd,9,30,9,mob9_dpd30,京东白条,微众银行#mob9_dpd30#京东白条
10000313,939,20250221,0,Rate36,美团月付,dpd,6,60,6,mob6_dpd60,api,美团月付#mob6_dpd60#api
10000313,940,20250315,0,Rate36,美团月付,fpd,,30,,fpd30,api,美团月付#fpd30#api
10000313,941,20250716,0,Rate24,分期乐,dpd,9,60,9,mob9_dpd60,小程序,分期乐#mob9_dpd60#小程序
10000313,941,20250716,0,Bank,微众银行,fpd,,30,,fpd30,京东白条,微众银行#fpd30#京东白条
10000314,942,20241209,-2,Bank,百信银行,dpd,6,30,6,mob6_dpd30,api,百信银行#mob6_dpd30#api
10000314,943,20251226,0,Bank,百信银行,dpd,12,30,12,mob12_dpd30,api,百信银行#mob12_dpd30#api
10000314,943,20251226,1,Bank,微众银行,dpd,12,30,12,mob12_dpd30,api,微众银行#mob12_dpd30#api
10000314,943,20251226,0,Rate36,拍拍贷,fpd,,30,,fpd30,h5,拍拍贷#fpd30#h5
10000314,944,20250228,1,Rate24,分期乐,dpd,3,60,3,mob3_dpd60,api,分期乐#mob3_dpd60#api
10000314,944,20250228,1,Bank,微众银行,dpd,12,30,12,mob12_dpd30,京东白条,微众银行#mob12_dpd30#京东白条
10000314,944,20250228,0,Bank,百信银行,dpd,12,60,12,mob12_dpd60,京东白条,百信银行#mob12_dpd60#京东白条
10000315,945,20240604,0,Rate36,拍拍贷,dpd,3,30,3,mob3_dpd30,h5,拍拍贷#mob3_dpd30#h5
10000315,946,20240521,0,Rate36,拍拍贷,dpd,9,60,9,mob9_dpd60,api,拍拍贷#mob9_dpd60#api
10000315,947,20260201,0,Rate36,美团月付,dpd,12,30,12,mob12_dpd30,api,美团月付#mob12_dpd30#api
10000315,947,20260201,0,Bank,百信银行,dpd,12,60,12,mob12_dpd60,api,百信银行#mob12_dpd60#api
10000315,947,20260201,0,Rate36,美团月付,dpd,12,60,12,mob12_dpd60,api,美团月付#mob12_dpd60#api
10000316,948,20240611,0,Bank,百信银行,fpd,,30,,fpd30,京东白条,百信银行#fpd30#京东白条
10000316,948,20240611,0,Bank,微众银行,fpd,,30,,fpd30,api,微众银行#fpd30#api
10000316,949,20260128,1,Rate36,拍拍贷,dpd,12,60,12,mob12_dpd60,api,拍拍贷#mob12_dpd60#api
10000316,949,20260128,0,Rate24,零钱罐,dpd,6,60,6,mob6_dpd60,小程序,零钱罐#mob6_dpd60#小程序
10000316,950,20240905,0,Rate24,分期乐,dpd,9,30,9,mob9_dpd30,api,分期乐#mob9_dpd30#api
10000316,950,20240905,0,Rate36,美团月付,fpd,,30,,fpd30,h5,美团月付#fpd30#h5
10000316,950,20240905,0,Bank,百信银行,fpd,,30,,fpd30,京东白条,百信银行#fpd30#京东白条
10000317,951,20240511,0,Rate24,分期乐,dpd,9,30,9,mob9_dpd30,小程序,分期乐#mob9_dpd30#小程序
10000317,952,20241007,0,Rate24,分期乐,dpd,9,60,9,mob9_dpd60,小程序,分期乐#mob9_dpd60#小程序
10000317,952,20241007,0,Bank,百信银行,dpd,3,60,3,mob3_dpd60,api,百信银行#mob3_dpd60#api
10000317,952,20241007,0,Rate24,分期乐,dpd,3,60,3,mob3_dpd60,小程序,分期乐#mob3_dpd60#小程序
10000317,953,20250521,0,Rate36,拍拍贷,dpd,6,60,6,mob6_dpd60,api,拍拍贷#mob6_dpd60#api
10000317,953,20250521,-2,Bank,微众银行,dpd,12,60,12,mob12_dpd60,api,微众银行#mob12_dpd60#api
10000317,953,20250521,1,Rate36,美团月付,dpd,6,30,6,mob6_dpd30,h5,美团月付#mob6_dpd30#h5
10000318,954,20250113,0,Rate36,美团月付,dpd,6,60,6,mob6_dpd60,h5,美团月付#mob6_dpd60#h5
10000318,955,20250917,1,Rate36,美团月付,dpd,12,60,12,mob12_dpd60,api,美团月付#mob12_dpd60#api
10000318,955,20250917,0,Rate36,拍拍贷,dpd,3,30,3,mob3_dpd30,api,拍拍贷#mob3_dpd30#api
10000318,956,20250527,1,Rate36,拍拍贷,fpd,,30,,fpd30,h5,拍拍贷#fpd30#h5
10000318,956,20250527,1,Bank,百信银行,dpd,9,60,9,mob9_dpd60,京东白条,百信银行#mob9_dpd60#京东白条
10000318,956,20250527,0,Rate36,美团月付,dpd,3,60,3,mob3_dpd60,api,美团月付#mob3_dpd60#api
10000319,957,20241215,1,Rate36,拍拍贷,dpd,6,30,6,mob6_dpd30,api,拍拍贷#mob6_dpd30#api
10000319,957,20241215,0,Rate24,分期乐,dpd,9,30,9,mob9_dpd30,小程序,分期乐#mob9_dpd30#小程序
10000319,957,20241215,0,Bank,百信银行,dpd,6,30,6,mob6_dpd30,京东白条,百信银行#mob6_dpd30#京东白条
10000319,958,20250621,0,Rate24,零钱罐,dpd,6,30,6,mob6_dpd30,小程序,零钱罐#mob6_dpd30#小程序
10000319,958,20250621,0,Rate24,分期乐,dpd,9,30,9,mob9_dpd30,api,分期乐#mob9_dpd30#api
10000319,958,20250621,0,Rate36,拍拍贷,dpd,3,30,3,mob3_dpd30,h5,拍拍贷#mob3_dpd30#h5
10000319,959,20260203,0,Rate24,分期乐,dpd,12,60,12,mob12_dpd60,api,分期乐#mob12_dpd60#api
10000319,959,20260203,0,Rate24,分期乐,dpd,3,30,3,mob3_dpd30,小程序,分期乐#mob3_dpd30#小程序
10000319,959,20260203,0,Bank,百信银行,dpd,6,30,6,mob6_dpd30,api,百信银行#mob6_dpd30#api
10000320,960,20241207,0,Bank,微众银行,fpd,,30,,fpd30,api,微众银行#fpd30#api
10000320,960,20241207,0,Bank,百信银行,dpd,9,60,9,mob9_dpd60,京东白条,百信银行#mob9_dpd60#京东白条
10000320,961,20240627,0,Rate36,美团月付,dpd,6,60,6,mob6_dpd60,api,美团月付#mob6_dpd60#api
10000320,962,20241225,0,Rate36,拍拍贷,dpd,3,30,3,mob3_dpd30,h5,拍拍贷#mob3_dpd30#h5
10000320,962,20241225,0,Bank,百信银行,dpd,12,60,12,mob12_dpd60,京东白条,百信银行#mob12_dpd60#京东白条
10000320,962,20241225,0,Rate24,零钱罐,dpd,6,30,6,mob6_dpd30,api,零钱罐#mob6_dpd30#api
10000321,963,20251119,0,Bank,百信银行,fpd,,30,,fpd30,京东白条,百信银行#fpd30#京东白条
10000321,964,20240811,1,Rate36,拍拍贷,dpd,3,30,3,mob3_dpd30,h5,拍拍贷#mob3_dpd30#h5
10000321,965,20260106,0,Rate36,拍拍贷,dpd,6,60,6,mob6_dpd60,h5,拍拍贷#mob6_dpd60#h5
10000322,966,20250524,0,Bank,微众银行,dpd,6,30,6,mob6_dpd30,api,微众银行#mob6_dpd30#api
10000322,967,20250522,1,Bank,微众银行,dpd,12,60,12,mob12_dpd60,京东白条,微众银行#mob12_dpd60#京东白条
10000322,967,20250522,0,Bank,百信银行,dpd,12,60,12,mob12_dpd60,api,百信银行#mob12_dpd60#api
10000322,968,20241007,0,Rate36,美团月付,dpd,9,30,9,mob9_dpd30,h5,美团月付#mob9_dpd30#h5
10000323,969,20260117,0,Bank,微众银行,fpd,,30,,fpd30,api,微众银行#fpd30#api
10000323,969,20260117,0,Rate36,拍拍贷,dpd,12,60,12,mob12_dpd60,h5,拍拍贷#mob12_dpd60#h5
10000323,969,20260117,0,Rate36,美团月付,fpd,,60,,fpd60,h5,美团月付#fpd60#h5
10000323,970,20240318,0,Bank,百信银行,dpd,3,60,3,mob3_dpd60,京东白条,百信银行#mob3_dpd60#京东白条
10000323,970,20240318,0,Rate24,分期乐,dpd,12,60,12,mob12_dpd60,api,分期乐#mob12_dpd60#api
10000323,970,20240318,0,Rate24,零钱罐,dpd,12,60,12,mob12_dpd60,api,零钱罐#mob12_dpd60#api
10000323,971,20241014,0,Bank,百信银行,dpd,9,30,9,mob9_dpd30,api,百信银行#mob9_dpd30#api
10000323,971,20241014,0,Bank,微众银行,fpd,,30,,fpd30,京东白条,微众银行#fpd30#京东白条
10000323,971,20241014,-2,Rate24,分期乐,dpd,3,30,3,mob3_dpd30,小程序,分期乐#mob3_dpd30#小程序
10000324,972,20250126,1,Rate36,美团月付,dpd,6,30,6,mob6_dpd30,api,美团月付#mob6_dpd30#api
10000324,972,20250126,0,Rate24,零钱罐,dpd,12,60,12,mob12_dpd60,api,零钱罐#mob12_dpd60#api
10000324,973,20250204,0,Rate36,拍拍贷,dpd,9,30,9,mob9_dpd30,api,拍拍贷#mob9_dpd30#api
10000324,973,20250204,0,Bank,微众银行,dpd,6,30,6,mob6_dpd30,api,微众银行#mob6_dpd30#api
10000324,974,20250208,0,Bank,微众银行,fpd,,60,,fpd60,api,微众银行#fpd60#api
10000324,974,20250208,-2,Rate36,拍拍贷,fpd,,30,,fpd30,h5,拍拍贷#fpd30#h5
10000324,974,20250208,1,Rate36,拍拍贷,dpd,12,60,12,mob12_dpd60,api,拍拍贷#mob12_dpd60#api
10000325,975,20240603,0,Bank,百信银行,dpd,9,60,9,mob9_dpd60,京东白条,百信银行#mob9_dpd60#京东白条
10000325,975,20240603,0,Rate36,拍拍贷,dpd,3,30,3,mob3_dpd30,h5,拍拍贷#mob3_dpd30#h5
10000325,975,20240603,0,Rate24,零钱罐,dpd,3,30,3,mob3_dpd30,api,零钱罐#mob3_dpd30#api
10000325,976,20240820,0,Rate24,零钱罐,dpd,6,60,6,mob6_dpd60,小程序,零钱罐#mob6_dpd60#小程序
10000325,976,20240820,1,Rate24,分期乐,dpd,6,30,6,mob6_dpd30,api,分期乐#mob6_dpd30#api
10000325,977,20240519,0,Rate24,零钱罐,dpd,12,60,12,mob12_dpd60,小程序,零钱罐#mob12_dpd60#小程序
10000325,977,20240519,1,Bank,微众银行,dpd,12,30,12,mob12_dpd30,京东白条,微众银行#mob12_dpd30#京东白条
10000325,977,20240519,0,Rate36,美团月付,dpd,12,60,12,mob12_dpd60,api,美团月付#mob12_dpd60#api
10000326,978,20250428,1,Rate36,美团月付,dpd,3,30,3,mob3_dpd30,h5,美团月付#mob3_dpd30#h5
10000326,978,20250428,0,Bank,微众银行,dpd,6,30,6,mob6_dpd30,api,微众银行#mob6_dpd30#api
10000326,978,20250428,-2,Bank,微众银行,dpd,6,60,6,mob6_dpd60,京东白条,微众银行#mob6_dpd60#京东白条
10000326,979,20241116,0,Bank,百信银行,dpd,9,30,9,mob9_dpd30,京东白条,百信银行#mob9_dpd30#京东白条
10000326,980,20250405,0,Rate36,拍拍贷,dpd,12,30,12,mob12_dpd30,api,拍拍贷#mob12_dpd30#api
10000326,980,20250405,0,Bank,百信银行,dpd,9,30,9,mob9_dpd30,api,百信银行#mob9_dpd30#api
10000327,981,20250513,0,Bank,百信银行,dpd,9,60,9,mob9_dpd60,api,百信银行#mob9_dpd60#api
10000327,982,20250703,0,Rate36,美团月付,dpd,12,60,12,mob12_dpd60,h5,美团月付#mob12_dpd60#h5
10000327,983,20250419,0,Rate36,美团月付,dpd,12,60,12,mob12_dpd60,h5,美团月付#mob12_dpd60#h5
10000327,983,20250419,0,Rate24,零钱罐,dpd,9,30,9,mob9_dpd30,小程序,零钱罐#mob9_dpd30#小程序
10000327,983,20250419,-2,Rate24,零钱罐,fpd,,60,,fpd60,api,零钱罐#fpd60#api
10000328,984,20250619,0,Bank,微众银行,dpd,6,30,6,mob6_dpd30,api,微众银行#mob6_dpd30#api
10000328,984,20250619,1,Rate36,拍拍贷,fpd,,60,,fpd60,api,拍拍贷#fpd60#api
10000328,984,20250619,1,Rate24,分期乐,dpd,9,60,9,mob9_dpd60,小程序,分期乐#mob9_dpd60#小程序
10000328,985,20250525,1,Bank,微众银行,dpd,12,30,12,mob12_dpd30,api,微众银行#mob12_dpd30#api
10000328,985,20250525,0,Bank,微众银行,dpd,3,30,3,mob3_dpd30,api,微众银行#mob3_dpd30#api
10000328,986,20250610,0,Rate24,分期乐,fpd,,60,,fpd60,api,分期乐#fpd60#api
10000328,986,20250610,0,Rate24,零钱罐,fpd,,30,,fpd30,小程序,零钱罐#fpd30#小程序
10000329,987,20250509,0,Rate24,分期乐,dpd,9,30,9,mob9_dpd30,api,分期乐#mob9_dpd30#api
10000329,987,20250509,0,Rate24,分期乐,fpd,,30,,fpd30,api,分期乐#fpd30#api
10000329,988,20241002,0,Rate36,拍拍贷,dpd,9,60,9,mob9_dpd60,h5,拍拍贷#mob9_dpd60#h5
10000329,988,20241002,0,Rate24,零钱罐,dpd,6,30,6,mob6_dpd30,api,零钱罐#mob6_dpd30#api
10000329,989,20240812,0,Bank,百信银行,dpd,3,60,3,mob3_dpd60,api,百信银行#mob3_dpd60#api
10000329,989,20240812,0,Rate24,零钱罐,dpd,9,30,9,mob9_dpd30,小程序,零钱罐#mob9_dpd30#小程序
10000329,989,20240812,0,Rate24,分期乐,dpd,12,60,12,mob12_dpd60,小程序,分期乐#mob12_dpd60#小程序
10000330,990,20250914,0,Bank,微众银行,dpd,6,30,6,mob6_dpd30,京东白条,微众银行#mob6_dpd30#京东白条
10000330,990,20250914,0,Rate36,美团月付,dpd,12,30,12,mob12_dpd30,api,美团月付#mob12_dpd30#api
10000330,991,20241122,0,Rate36,拍拍贷,dpd,3,60,3,mob3_dpd60,api,拍拍贷#mob3_dpd60#api
10000330,992,20250422,0,Rate24,零钱罐,dpd,3,60,3,mob3_dpd60,小程序,零钱罐#mob3_dpd60#小程序
10000330,992,20250422,0,Rate36,美团月付,dpd,3,30,3,mob3_dpd30,h5,美团月付#mob3_dpd30#h5
10000330,992,20250422,0,Bank,微众银行,dpd,12,60,12,mob12_dpd60,api,微众银行#mob12_dpd60#api
10000331,993,20240704,0,Rate24,分期乐,fpd,,60,,fpd60,api,分期乐#fpd60#api
10000331,993,20240704,0,Rate36,美团月付,dpd,3,30,3,mob3_dpd30,api,美团月付#mob3_dpd30#api
10000331,994,20250108,0,Bank,微众银行,dpd,12,30,12,mob12_dpd30,api,微众银行#mob12_dpd30#api
10000331,995,20250315,0,Rate36,美团月付,dpd,9,30,9,mob9_dpd30,h5,美团月付#mob9_dpd30#h5
10000332,996,20250610,1,Rate24,分期乐,dpd,9,30,9,mob9_dpd30,小程序,分期乐#mob9_dpd30#小程序
10000332,996,20250610,0,Rate36,拍拍贷,dpd,6,60,6,mob6_dpd60,h5,拍拍贷#mob6_dpd60#h5
10000332,997,20250301,1,Rate24,分期乐,dpd,3,30,3,mob3_dpd30,小程序,分期乐#mob3_dpd30#小程序
10000332,998,20241124,-2,Rate24,分期乐,dpd,3,60,3,mob3_dpd60,api,分期乐#mob3_dpd60#api
10000332,998,20241124,1,Rate24,分期乐,dpd,12,60,12,mob12_dpd60,api,分期乐#mob12_dpd60#api
10000332,998,20241124,-2,Rate36,美团月付,fpd,,30,,fpd30,h5,美团月付#fpd30#h5
10000333,999,20260221,0,Rate24,零钱罐,dpd,9,60,9,mob9_dpd60,小程序,零钱罐#mob9_dpd60#小程序
10000333,1000,20250315,0,Rate24,分期乐,dpd,3,30,3,mob3_dpd30,小程序,分期乐#mob3_dpd30#小程序
10000333,1001,20251009,0,Rate24,分期乐,dpd,3,30,3,mob3_dpd30,小程序,分期乐#mob3_dpd30#小程序
10000334,1002,20250824,0,Bank,百信银行,fpd,,60,,fpd60,api,百信银行#fpd60#api
10000334,1003,20250401,0,Bank,微众银行,dpd,6,30,6,mob6_dpd30,api,微众银行#mob6_dpd30#api
10000334,1004,20251213,-2,Rate36,美团月付,dpd,9,30,9,mob9_dpd30,api,美团月付#mob9_dpd30#api
10000334,1004,20251213,0,Rate36,拍拍贷,dpd,3,60,3,mob3_dpd60,h5,拍拍贷#mob3_dpd60#h5
10000334,1004,20251213,-2,Rate36,拍拍贷,fpd,,60,,fpd60,api,拍拍贷#fpd60#api
10000335,1005,20240623,0,Bank,百信银行,dpd,3,30,3,mob3_dpd30,api,百信银行#mob3_dpd30#api
10000335,1005,20240623,0,Rate36,拍拍贷,fpd,,60,,fpd60,api,拍拍贷#fpd60#api
10000335,1006,20260127,0,Rate36,美团月付,dpd,12,60,12,mob12_dpd60,h5,美团月付#mob12_dpd60#h5
10000335,1006,20260127,0,Rate36,拍拍贷,fpd,,60,,fpd60,h5,拍拍贷#fpd60#h5
10000335,1007,20251108,-2,Bank,微众银行,dpd,3,30,3,mob3_dpd30,api,微众银行#mob3_dpd30#api
10000335,1007,20251108,0,Rate36,拍拍贷,dpd,3,30,3,mob3_dpd30,api,拍拍贷#mob3_dpd30#api
10000335,1007,20251108,0,Bank,百信银行,dpd,3,60,3,mob3_dpd60,京东白条,百信银行#mob3_dpd60#京东白条
10000336,1008,20250319,0,Rate24,零钱罐,dpd,3,30,3,mob3_dpd30,小程序,零钱罐#mob3_dpd30#小程序
10000336,1009,20250806,0,Bank,百信银行,dpd,9,30,9,mob9_dpd30,api,百信银行#mob9_dpd30#api
10000336,1009,20250806,0,Rate24,分期乐,dpd,6,30,6,mob6_dpd30,小程序,分期乐#mob6_dpd30#小程序
10000336,1010,20250304,1,Bank,百信银行,dpd,3,30,3,mob3_dpd30,京东白条,百信银行#mob3_dpd30#京东白条
10000336,1010,20250304,0,Bank,微众银行,dpd,12,60,12,mob12_dpd60,api,微众银行#mob12_dpd60#api
10000336,1010,20250304,0,Rate36,美团月付,dpd,12,30,12,mob12_dpd30,api,美团月付#mob12_dpd30#api
10000337,1011,20240910,0,Rate36,拍拍贷,dpd,9,30,9,mob9_dpd30,h5,拍拍贷#mob9_dpd30#h5
10000337,1011,20240910,0,Rate36,拍拍贷,dpd,6,60,6,mob6_dpd60,h5,拍拍贷#mob6_dpd60#h5
10000337,1011,20240910,-2,Rate24,零钱罐,dpd,6,30,6,mob6_dpd30,api,零钱罐#mob6_dpd30#api
10000337,1012,20251025,1,Rate24,零钱罐,dpd,12,60,12,mob12_dpd60,api,零钱罐#mob12_dpd60#api
10000337,1013,20240820,0,Bank,微众银行,fpd,,60,,fpd60,api,微众银行#fpd60#api
10000338,1014,20241014,0,Bank,百信银行,dpd,6,60,6,mob6_dpd60,api,百信银行#mob6_dpd60#api
10000338,1015,20250308,1,Rate24,分期乐,dpd,6,60,6,mob6_dpd60,api,分期乐#mob6_dpd60#api
10000338,1015,20250308,-2,Bank,微众银行,dpd,12,60,12,mob12_dpd60,api,微众银行#mob12_dpd60#api
10000338,1015,20250308,0,Bank,微众银行,dpd,9,60,9,mob9_dpd60,api,微众银行#mob9_dpd60#api
10000338,1016,20251104,0,Bank,百信银行,dpd,3,60,3,mob3_dpd60,京东白条,百信银行#mob3_dpd60#京东白条
10000339,1017,20241208,0,Rate24,零钱罐,dpd,3,60,3,mob3_dpd60,api,零钱罐#mob3_dpd60#api
10000339,1017,20241208,0,Rate24,分期乐,fpd,,30,,fpd30,api,分期乐#fpd30#api
10000339,1018,20250205,0,Bank,微众银行,dpd,3,30,3,mob3_dpd30,京东白条,微众银行#mob3_dpd30#京东白条
10000339,1018,20250205,1,Bank,百信银行,dpd,3,60,3,mob3_dpd60,api,百信银行#mob3_dpd60#api
10000339,1019,20240306,0,Rate24,分期乐,dpd,9,60,9,mob9_dpd60,api,分期乐#mob9_dpd60#api
10000340,1020,20240520,0,Rate24,分期乐,dpd,6,60,6,mob6_dpd60,小程序,分期乐#mob6_dpd60#小程序
10000340,1020,20240520,0,Rate24,零钱罐,fpd,,60,,fpd60,api,零钱罐#fpd60#api
10000340,1021,20240404,0,Rate36,美团月付,dpd,3,60,3,mob3_dpd60,api,美团月付#mob3_dpd60#api
10000340,1021,20240404,0,Rate24,零钱罐,dpd,9,30,9,mob9_dpd30,小程序,零钱罐#mob9_dpd30#小程序
10000340,1022,20240402,0,Bank,微众银行,fpd,,30,,fpd30,api,微众银行#fpd30#api
10000340,1022,20240402,0,Rate24,分期乐,dpd,3,30,3,mob3_dpd30,api,分期乐#mob3_dpd30#api
10000341,1023,20251116,0,Bank,微众银行,fpd,,60,,fpd60,京东白条,微众银行#fpd60#京东白条
10000341,1023,20251116,1,Rate24,分期乐,dpd,12,60,12,mob12_dpd60,小程序,分期乐#mob12_dpd60#小程序
10000341,1023,20251116,0,Bank,微众银行,dpd,12,60,12,mob12_dpd60,api,微众银行#mob12_dpd60#api
10000341,1024,20251109,0,Bank,百信银行,dpd,12,30,12,mob12_dpd30,京东白条,百信银行#mob12_dpd30#京东白条
10000341,1024,20251109,0,Rate36,拍拍贷,dpd,9,30,9,mob9_dpd30,api,拍拍贷#mob9_dpd30#api
10000341,1024,20251109,1,Rate36,拍拍贷,dpd,12,30,12,mob12_dpd30,h5,拍拍贷#mob12_dpd30#h5
10000341,1025,20251013,0,Bank,百信银行,dpd,6,30,6,mob6_dpd30,api,百信银行#mob6_dpd30#api
10000342,1026,20240404,0,Bank,微众银行,dpd,12,60,12,mob12_dpd60,api,微众银行#mob12_dpd60#api
10000342,1027,20240406,-2,Rate36,拍拍贷,dpd,9,30,9,mob9_dpd30,h5,拍拍贷#mob9_dpd30#h5
10000342,1028,20240913,0,Rate24,零钱罐,dpd,12,60,12,mob12_dpd60,api,零钱罐#mob12_dpd60#api
10000342,1028,20240913,0,Rate36,美团月付,dpd,6,30,6,mob6_dpd30,api,美团月付#mob6_dpd30#api
10000342,1028,20240913,1,Rate24,零钱罐,fpd,,60,,fpd60,小程序,零钱罐#fpd60#小程序
10000343,1029,20250420,-2,Rate36,拍拍贷,dpd,6,30,6,mob6_dpd30,h5,拍拍贷#mob6_dpd30#h5
10000343,1029,20250420,0,Rate24,零钱罐,fpd,,30,,fpd30,小程序,零钱罐#fpd30#小程序
10000343,1029,20250420,0,Rate24,零钱罐,dpd,12,30,12,mob12_dpd30,小程序,零钱罐#mob12_dpd30#小程序
10000343,1030,20241112,0,Rate36,拍拍贷,dpd,6,60,6,mob6_dpd60,api,拍拍贷#mob6_dpd60#api
10000343,1030,20241112,0,Rate36,美团月付,dpd,12,60,12,mob12_dpd60,api,美团月付#mob12_dpd60#api
10000343,1031,20250216,0,Bank,百信银行,dpd,6,60,6,mob6_dpd60,api,百信银行#mob6_dpd60#api
10000343,1031,20250216,0,Bank,百信银行,fpd,,30,,fpd30,api,百信银行#fpd30#api
10000344,1032,20240715,1,Bank,百信银行,dpd,12,60,12,mob12_dpd60,京东白条,百信银行#mob12_dpd60#京东白条
10000344,1032,20240715,0,Rate24,分期乐,dpd,9,30,9,mob9_dpd30,小程序,分期乐#mob9_dpd30#小程序
10000344,1032,20240715,0,Rate36,美团月付,dpd,12,30,12,mob12_dpd30,h5,美团月付#mob12_dpd30#h5
10000344,1033,20250808,0,Bank,百信银行,dpd,9,60,9,mob9_dpd60,api,百信银行#mob9_dpd60#api
10000344,1033,20250808,0,Rate36,美团月付,dpd,9,30,9,mob9_dpd30,h5,美团月付#mob9_dpd30#h5
10000344,1033,20250808,0,Bank,百信银行,fpd,,60,,fpd60,api,百信银行#fpd60#api
10000344,1034,20241008,0,Rate36,拍拍贷,dpd,9,30,9,mob9_dpd30,h5,拍拍贷#mob9_dpd30#h5
10000344,1034,20241008,0,Rate36,拍拍贷,dpd,3,60,3,mob3_dpd60,h5,拍拍贷#mob3_dpd60#h5
10000345,1035,20240412,0,Bank,微众银行,dpd,3,30,3,mob3_dpd30,api,微众银行#mob3_dpd30#api
10000345,1035,20240412,0,Bank,百信银行,dpd,9,30,9,mob9_dpd30,api,百信银行#mob9_dpd30#api
10000345,1036,20250801,0,Rate36,美团月付,dpd,3,30,3,mob3_dpd30,api,美团月付#mob3_dpd30#api
10000345,1036,20250801,0,Rate24,零钱罐,fpd,,30,,fpd30,小程序,零钱罐#fpd30#小程序
10000345,1036,20250801,0,Bank,微众银行,dpd,9,60,9,mob9_dpd60,api,微众银行#mob9_dpd60#api
10000345,1037,20251220,0,Bank,微众银行,dpd,12,60,12,mob12_dpd60,api,微众银行#mob12_dpd60#api
10000345,1037,20251220,0,Rate24,分期乐,dpd,12,30,12,mob12_dpd30,小程序,分期乐#mob12_dpd30#小程序
10000346,1038,20240318,0,Rate24,零钱罐,dpd,9,30,9,mob9_dpd30,小程序,零钱罐#mob9_dpd30#小程序
10000346,1039,20250109,0,Rate36,拍拍贷,fpd,,60,,fpd60,api,拍拍贷#fpd60#api
10000346,1039,20250109,0,Bank,微众银行,dpd,3,60,3,mob3_dpd60,api,微众银行#mob3_dpd60#api
10000346,1040,20251011,0,Bank,微众银行,dpd,3,30,3,mob3_dpd30,京东白条,微众银行#mob3_dpd30#京东白条
10000346,1040,20251011,0,Bank,微众银行,dpd,12,60,12,mob12_dpd60,京东白条,微众银行#mob12_dpd60#京东白条
10000347,1041,20250710,0,Rate36,拍拍贷,dpd,6,30,6,mob6_dpd30,api,拍拍贷#mob6_dpd30#api
10000347,1041,20250710,0,Bank,微众银行,dpd,3,30,3,mob3_dpd30,京东白条,微众银行#mob3_dpd30#京东白条
10000347,1042,20251119,0,Rate24,零钱罐,dpd,6,60,6,mob6_dpd60,api,零钱罐#mob6_dpd60#api
10000347,1042,20251119,1,Rate24,零钱罐,dpd,9,30,9,mob9_dpd30,api,零钱罐#mob9_dpd30#api
10000347,1042,20251119,0,Rate24,分期乐,dpd,3,30,3,mob3_dpd30,api,分期乐#mob3_dpd30#api
10000347,1043,20241222,0,Bank,百信银行,dpd,3,30,3,mob3_dpd30,api,百信银行#mob3_dpd30#api
10000347,1043,20241222,0,Bank,微众银行,fpd,,60,,fpd60,京东白条,微众银行#fpd60#京东白条
10000348,1044,20241104,0,Rate24,分期乐,dpd,3,60,3,mob3_dpd60,小程序,分期乐#mob3_dpd60#小程序
10000348,1044,20241104,0,Bank,微众银行,dpd,12,30,12,mob12_dpd30,京东白条,微众银行#mob12_dpd30#京东白条
10000348,1044,20241104,0,Rate24,零钱罐,fpd,,30,,fpd30,小程序,零钱罐#fpd30#小程序
10000348,1045,20250812,0,Bank,微众银行,dpd,9,30,9,mob9_dpd30,api,微众银行#mob9_dpd30#api
10000348,1046,20240601,0,Rate24,分期乐,dpd,6,30,6,mob6_dpd30,小程序,分期乐#mob6_dpd30#小程序
10000349,1047,20240813,0,Rate24,零钱罐,dpd,12,30,12,mob12_dpd30,api,零钱罐#mob12_dpd30#api
10000349,1048,20250507,0,Bank,微众银行,dpd,3,30,3,mob3_dpd30,api,微众银行#mob3_dpd30#api
10000349,1048,20250507,0,Rate36,拍拍贷,dpd,6,60,6,mob6_dpd60,h5,拍拍贷#mob6_dpd60#h5
10000349,1049,20250710,0,Bank,百信银行,dpd,6,30,6,mob6_dpd30,api,百信银行#mob6_dpd30#api
10000349,1049,20250710,0,Bank,微众银行,dpd,3,60,3,mob3_dpd60,京东白条,微众银行#mob3_dpd60#京东白条
10000349,1049,20250710,0,Rate36,拍拍贷,dpd,9,30,9,mob9_dpd30,h5,拍拍贷#mob9_dpd30#h5
10000350,1050,20240513,0,Rate36,美团月付,dpd,6,60,6,mob6_dpd60,h5,美团月付#mob6_dpd60#h5
10000350,1050,20240513,0,Rate24,零钱罐,dpd,3,60,3,mob3_dpd60,api,零钱罐#mob3_dpd60#api
10000350,1050,20240513,0,Rate36,拍拍贷,dpd,12,30,12,mob12_dpd30,api,拍拍贷#mob12_dpd30#api
10000350,1051,20250310,0,Rate24,分期乐,dpd,9,30,9,mob9_dpd30,小程序,分期乐#mob9_dpd30#小程序
10000350,1051,20250310,0,Bank,百信银行,dpd,9,30,9,mob9_dpd30,京东白条,百信银行#mob9_dpd30#京东白条
10000350,1052,20241112,0,Bank,微众银行,dpd,3,60,3,mob3_dpd60,api,微众银行#mob3_dpd60#api
10000350,1052,20241112,0,Rate36,拍拍贷,dpd,12,60,12,mob12_dpd60,h5,拍拍贷#mob12_dpd60#h5
10000351,1053,20250322,0,Rate24,分期乐,fpd,,60,,fpd60,api,分期乐#fpd60#api
10000351,1053,20250322,0,Bank,百信银行,fpd,,30,,fpd30,api,百信银行#fpd30#api
10000351,1054,20260223,0,Rate24,分期乐,dpd,3,60,3,mob3_dpd60,api,分期乐#mob3_dpd60#api
10000351,1054,20260223,0,Rate36,拍拍贷,dpd,9,30,9,mob9_dpd30,h5,拍拍贷#mob9_dpd30#h5
10000351,1054,20260223,0,Rate36,美团月付,dpd,12,30,12,mob12_dpd30,api,美团月付#mob12_dpd30#api
10000351,1055,20240401,0,Rate36,美团月付,dpd,9,30,9,mob9_dpd30,api,美团月付#mob9_dpd30#api
10000351,1055,20240401,0,Bank,百信银行,fpd,,30,,fpd30,京东白条,百信银行#fpd30#京东白条
10000351,1055,20240401,0,Rate24,零钱罐,dpd,3,60,3,mob3_dpd60,api,零钱罐#mob3_dpd60#api
10000352,1056,20260211,1,Bank,微众银行,dpd,9,30,9,mob9_dpd30,京东白条,微众银行#mob9_dpd30#京东白条
10000352,1056,20260211,0,Rate36,拍拍贷,dpd,9,60,9,mob9_dpd60,api,拍拍贷#mob9_dpd60#api
10000352,1057,20250124,1,Rate36,美团月付,fpd,,60,,fpd60,h5,美团月付#fpd60#h5
10000352,1058,20250915,1,Rate24,分期乐,dpd,6,60,6,mob6_dpd60,小程序,分期乐#mob6_dpd60#小程序
10000353,1059,20250106,0,Rate24,零钱罐,dpd,3,30,3,mob3_dpd30,小程序,零钱罐#mob3_dpd30#小程序
10000353,1059,20250106,0,Rate36,美团月付,fpd,,60,,fpd60,api,美团月付#fpd60#api
10000353,1059,20250106,0,Bank,百信银行,dpd,12,30,12,mob12_dpd30,api,百信银行#mob12_dpd30#api
10000353,1060,20241017,-2,Rate36,拍拍贷,fpd,,30,,fpd30,h5,拍拍贷#fpd30#h5
10000353,1060,20241017,0,Rate36,拍拍贷,fpd,,30,,fpd30,api,拍拍贷#fpd30#api
10000353,1060,20241017,0,Bank,百信银行,dpd,9,60,9,mob9_dpd60,api,百信银行#mob9_dpd60#api
10000353,1061,20250905,0,Bank,微众银行,dpd,3,30,3,mob3_dpd30,京东白条,微众银行#mob3_dpd30#京东白条
10000353,1061,20250905,0,Rate36,美团月付,dpd,12,30,12,mob12_dpd30,api,美团月付#mob12_dpd30#api
10000353,1061,20250905,-2,Rate24,零钱罐,dpd,12,30,12,mob12_dpd30,api,零钱罐#mob12_dpd30#api
10000354,1062,20250701,1,Rate36,拍拍贷,dpd,6,60,6,mob6_dpd60,h5,拍拍贷#mob6_dpd60#h5
10000354,1062,20250701,0,Rate36,拍拍贷,dpd,9,60,9,mob9_dpd60,api,拍拍贷#mob9_dpd60#api
10000354,1062,20250701,0,Rate24,分期乐,fpd,,60,,fpd60,小程序,分期乐#fpd60#小程序
10000354,1063,20240618,0,Rate36,拍拍贷,fpd,,60,,fpd60,api,拍拍贷#fpd60#api
10000354,1064,20250715,0,Bank,微众银行,dpd,3,60,3,mob3_dpd60,api,微众银行#mob3_dpd60#api
10000354,1064,20250715,1,Rate24,零钱罐,dpd,12,30,12,mob12_dpd30,小程序,零钱罐#mob12_dpd30#小程序
10000354,1064,20250715,0,Rate36,美团月付,dpd,3,30,3,mob3_dpd30,api,美团月付#mob3_dpd30#api
10000355,1065,20250922,0,Bank,百信银行,dpd,9,60,9,mob9_dpd60,api,百信银行#mob9_dpd60#api
10000355,1065,20250922,0,Rate24,分期乐,dpd,6,60,6,mob6_dpd60,api,分期乐#mob6_dpd60#api
10000355,1066,20241210,0,Rate24,零钱罐,fpd,,30,,fpd30,api,零钱罐#fpd30#api
10000355,1066,20241210,-2,Rate24,分期乐,dpd,6,30,6,mob6_dpd30,小程序,分期乐#mob6_dpd30#小程序
10000355,1066,20241210,0,Bank,微众银行,dpd,12,60,12,mob12_dpd60,api,微众银行#mob12_dpd60#api
10000355,1067,20260124,0,Rate36,拍拍贷,dpd,9,30,9,mob9_dpd30,api,拍拍贷#mob9_dpd30#api
10000355,1067,20260124,-2,Rate24,零钱罐,dpd,12,30,12,mob12_dpd30,小程序,零钱罐#mob12_dpd30#小程序
10000355,1067,20260124,0,Rate24,零钱罐,dpd,9,60,9,mob9_dpd60,api,零钱罐#mob9_dpd60#api
10000356,1068,20250612,0,Bank,百信银行,fpd,,30,,fpd30,京东白条,百信银行#fpd30#京东白条
10000356,1068,20250612,1,Rate36,拍拍贷,dpd,3,30,3,mob3_dpd30,api,拍拍贷#mob3_dpd30#api
10000356,1068,20250612,1,Bank,百信银行,dpd,6,60,6,mob6_dpd60,api,百信银行#mob6_dpd60#api
10000356,1069,20241121,0,Rate36,拍拍贷,fpd,,60,,fpd60,api,拍拍贷#fpd60#api
10000356,1069,20241121,0,Rate24,分期乐,dpd,12,30,12,mob12_dpd30,api,分期乐#mob12_dpd30#api
10000356,1069,20241121,0,Rate36,拍拍贷,dpd,9,30,9,mob9_dpd30,api,拍拍贷#mob9_dpd30#api
10000356,1070,20240303,0,Bank,微众银行,dpd,3,60,3,mob3_dpd60,api,微众银行#mob3_dpd60#api
10000357,1071,20250703,0,Rate24,零钱罐,dpd,3,30,3,mob3_dpd30,api,零钱罐#mob3_dpd30#api
10000357,1072,20240822,0,Rate24,分期乐,dpd,9,30,9,mob9_dpd30,api,分期乐#mob9_dpd30#api
10000357,1073,20250924,0,Bank,百信银行,dpd,3,30,3,mob3_dpd30,api,百信银行#mob3_dpd30#api
10000357,1073,20250924,0,Rate36,美团月付,dpd,6,30,6,mob6_dpd30,api,美团月付#mob6_dpd30#api
10000357,1073,20250924,0,Rate24,零钱罐,fpd,,30,,fpd30,小程序,零钱罐#fpd30#小程序
10000358,1074,20250327,0,Rate36,拍拍贷,dpd,6,30,6,mob6_dpd30,api,拍拍贷#mob6_dpd30#api
10000358,1074,20250327,0,Bank,微众银行,dpd,12,30,12,mob12_dpd30,api,微众银行#mob12_dpd30#api
10000358,1074,20250327,0,Rate36,美团月付,dpd,6,60,6,mob6_dpd60,h5,美团月付#mob6_dpd60#h5
10000358,1075,20250210,0,Bank,百信银行,dpd,12,30,12,mob12_dpd30,京东白条,百信银行#mob12_dpd30#京东白条
10000358,1075,20250210,0,Rate24,零钱罐,dpd,6,30,6,mob6_dpd30,小程序,零钱罐#mob6_dpd30#小程序
10000358,1076,20240601,-2,Rate36,拍拍贷,dpd,9,60,9,mob9_dpd60,h5,拍拍贷#mob9_dpd60#h5
10000359,1077,20250828,1,Bank,微众银行,fpd,,60,,fpd60,京东白条,微众银行#fpd60#京东白条
10000359,1078,20240617,1,Rate36,美团月付,dpd,12,60,12,mob12_dpd60,api,美团月付#mob12_dpd60#api
10000359,1078,20240617,0,Rate36,拍拍贷,dpd,3,30,3,mob3_dpd30,h5,拍拍贷#mob3_dpd30#h5
10000359,1078,20240617,0,Rate36,美团月付,dpd,6,30,6,mob6_dpd30,h5,美团月付#mob6_dpd30#h5
10000359,1079,20250107,0,Bank,百信银行,dpd,6,60,6,mob6_dpd60,京东白条,百信银行#mob6_dpd60#京东白条
10000359,1079,20250107,0,Rate36,拍拍贷,dpd,12,30,12,mob12_dpd30,api,拍拍贷#mob12_dpd30#api
10000360,1080,20251122,1,Rate36,拍拍贷,dpd,12,30,12,mob12_dpd30,h5,拍拍贷#mob12_dpd30#h5
10000360,1080,20251122,0,Rate36,拍拍贷,dpd,6,30,6,mob6_dpd30,h5,拍拍贷#mob6_dpd30#h5
10000360,1080,20251122,-2,Bank,微众银行,fpd,,30,,fpd30,api,微众银行#fpd30#api
10000360,1081,20260126,0,Rate24,分期乐,fpd,,30,,fpd30,小程序,分期乐#fpd30#小程序
10000360,1082,20260208,0,Rate36,美团月付,dpd,9,30,9,mob9_dpd30,h5,美团月付#mob9_dpd30#h5
10000361,1083,20260122,1,Rate36,美团月付,fpd,,60,,fpd60,api,美团月付#fpd60#api
10000361,1083,20260122,0,Bank,微众银行,fpd,,30,,fpd30,京东白条,微众银行#fpd30#京东白条
10000361,1084,20250423,0,Rate36,拍拍贷,dpd,3,30,3,mob3_dpd30,api,拍拍贷#mob3_dpd30#api
10000361,1085,20240715,0,Bank,百信银行,fpd,,60,,fpd60,api,百信银行#fpd60#api
10000362,1086,20251118,1,Rate36,美团月付,dpd,12,30,12,mob12_dpd30,api,美团月付#mob12_dpd30#api
10000362,1086,20251118,0,Rate24,零钱罐,dpd,9,60,9,mob9_dpd60,小程序,零钱罐#mob9_dpd60#小程序
10000362,1087,20251008,0,Rate24,分期乐,dpd,12,60,12,mob12_dpd60,小程序,分期乐#mob12_dpd60#小程序
10000362,1087,20251008,-2,Bank,百信银行,dpd,9,30,9,mob9_dpd30,京东白条,百信银行#mob9_dpd30#京东白条
10000362,1087,20251008,0,Rate24,零钱罐,dpd,3,30,3,mob3_dpd30,api,零钱罐#mob3_dpd30#api
10000362,1088,20260227,0,Bank,百信银行,fpd,,30,,fpd30,api,百信银行#fpd30#api
10000362,1088,20260227,0,Rate24,分期乐,dpd,3,30,3,mob3_dpd30,api,分期乐#mob3_dpd30#api
10000362,1088,20260227,0,Rate24,分期乐,dpd,3,30,3,mob3_dpd30,小程序,分期乐#mob3_dpd30#小程序
10000363,1089,20250628,1,Rate24,分期乐,dpd,6,30,6,mob6_dpd30,api,分期乐#mob6_dpd30#api
10000363,1090,20240628,0,Rate24,分期乐,dpd,12,30,12,mob12_dpd30,小程序,分期乐#mob12_dpd30#小程序
10000363,1091,20250321,0,Bank,百信银行,dpd,3,60,3,mob3_dpd60,京东白条,百信银行#mob3_dpd60#京东白条
10000363,1091,20250321,0,Rate24,分期乐,dpd,9,60,9,mob9_dpd60,api,分期乐#mob9_dpd60#api
10000363,1091,20250321,0,Bank,百信银行,dpd,12,30,12,mob12_dpd30,京东白条,百信银行#mob12_dpd30#京东白条
10000364,1092,20250102,0,Rate36,美团月付,dpd,6,30,6,mob6_dpd30,h5,美团月付#mob6_dpd30#h5
10000364,1092,20250102,0,Rate24,零钱罐,fpd,,60,,fpd60,api,零钱罐#fpd60#api
10000364,1092,20250102,0,Rate24,零钱罐,dpd,9,30,9,mob9_dpd30,小程序,零钱罐#mob9_dpd30#小程序
10000364,1093,20251111,0,Rate24,零钱罐,dpd,12,30,12,mob12_dpd30,api,零钱罐#mob12_dpd30#api
10000364,1093,20251111,0,Rate36,拍拍贷,dpd,9,30,9,mob9_dpd30,h5,拍拍贷#mob9_dpd30#h5
10000364,1094,20241213,0,Rate36,美团月付,dpd,3,30,3,mob3_dpd30,api,美团月付#mob3_dpd30#api
10000364,1094,20241213,0,Rate24,零钱罐,dpd,3,30,3,mob3_dpd30,api,零钱罐#mob3_dpd30#api
10000364,1094,20241213,0,Bank,微众银行,dpd,9,60,9,mob9_dpd60,京东白条,微众银行#mob9_dpd60#京东白条
10000365,1095,20241027,0,Rate24,零钱罐,dpd,12,60,12,mob12_dpd60,api,零钱罐#mob12_dpd60#api
10000365,1096,20240416,1,Rate24,分期乐,dpd,12,30,12,mob12_dpd30,api,分期乐#mob12_dpd30#api
10000365,1096,20240416,0,Rate36,美团月付,dpd,3,30,3,mob3_dpd30,h5,美团月付#mob3_dpd30#h5
10000365,1096,20240416,0,Rate36,拍拍贷,dpd,3,30,3,mob3_dpd30,h5,拍拍贷#mob3_dpd30#h5
10000365,1097,20251116,0,Rate36,拍拍贷,dpd,12,60,12,mob12_dpd60,h5,拍拍贷#mob12_dpd60#h5
10000366,1098,20250905,0,Bank,微众银行,dpd,3,30,3,mob3_dpd30,api,微众银行#mob3_dpd30#api
10000366,1098,20250905,0,Rate36,拍拍贷,dpd,9,30,9,mob9_dpd30,h5,拍拍贷#mob9_dpd30#h5
10000366,1098,20250905,0,Bank,微众银行,fpd,,30,,fpd30,api,微众银行#fpd30#api
10000366,1099,20240323,0,Rate36,拍拍贷,fpd,,60,,fpd60,h5,拍拍贷#fpd60#h5
10000366,1099,20240323,0,Rate36,拍拍贷,dpd,9,60,9,mob9_dpd60,h5,拍拍贷#mob9_dpd60#h5
10000366,1099,20240323,-2,Bank,微众银行,fpd,,30,,fpd30,api,微众银行#fpd30#api
10000366,1100,20250110,0,Rate24,零钱罐,dpd,12,60,12,mob12_dpd60,api,零钱罐#mob12_dpd60#api
10000366,1100,20250110,0,Bank,微众银行,fpd,,60,,fpd60,京东白条,微众银行#fpd60#京东白条
10000366,1100,20250110,0,Rate24,零钱罐,dpd,6,30,6,mob6_dpd30,api,零钱罐#mob6_dpd30#api
10000367,1101,20250203,-2,Rate36,拍拍贷,dpd,6,60,6,mob6_dpd60,api,拍拍贷#mob6_dpd60#api
10000367,1102,20250228,0,Bank,百信银行,fpd,,30,,fpd30,京东白条,百信银行#fpd30#京东白条
10000367,1103,20260106,0,Rate24,零钱罐,dpd,6,30,6,mob6_dpd30,小程序,零钱罐#mob6_dpd30#小程序
10000367,1103,20260106,0,Rate24,零钱罐,fpd,,60,,fpd60,api,零钱罐#fpd60#api
10000368,1104,20240601,1,Rate36,美团月付,dpd,6,60,6,mob6_dpd60,api,美团月付#mob6_dpd60#api
10000368,1104,20240601,0,Rate36,美团月付,dpd,6,30,6,mob6_dpd30,h5,美团月付#mob6_dpd30#h5
10000368,1104,20240601,0,Rate24,零钱罐,dpd,3,30,3,mob3_dpd30,api,零钱罐#mob3_dpd30#api
10000368,1105,20241003,0,Bank,百信银行,dpd,6,60,6,mob6_dpd60,京东白条,百信银行#mob6_dpd60#京东白条
10000368,1106,20240713,0,Bank,百信银行,dpd,12,30,12,mob12_dpd30,api,百信银行#mob12_dpd30#api
10000368,1106,20240713,0,Bank,百信银行,dpd,9,30,9,mob9_dpd30,api,百信银行#mob9_dpd30#api
10000369,1107,20240803,0,Rate36,拍拍贷,dpd,3,30,3,mob3_dpd30,h5,拍拍贷#mob3_dpd30#h5
10000369,1107,20240803,0,Rate24,零钱罐,dpd,6,60,6,mob6_dpd60,小程序,零钱罐#mob6_dpd60#小程序
10000369,1108,20251224,1,Rate24,分期乐,dpd,6,30,6,mob6_dpd30,api,分期乐#mob6_dpd30#api
10000369,1108,20251224,0,Bank,微众银行,dpd,9,60,9,mob9_dpd60,京东白条,微众银行#mob9_dpd60#京东白条
10000369,1109,20260115,1,Rate36,美团月付,fpd,,60,,fpd60,h5,美团月付#fpd60#h5
10000370,1110,20240410,0,Bank,微众银行,dpd,3,30,3,mob3_dpd30,京东白条,微众银行#mob3_dpd30#京东白条
10000370,1110,20240410,1,Rate36,拍拍贷,fpd,,30,,fpd30,api,拍拍贷#fpd30#api
10000370,1110,20240410,0,Rate36,美团月付,dpd,9,30,9,mob9_dpd30,h5,美团月付#mob9_dpd30#h5
10000370,1111,20250601,0,Bank,微众银行,dpd,6,30,6,mob6_dpd30,api,微众银行#mob6_dpd30#api
10000370,1111,20250601,1,Rate36,拍拍贷,dpd,12,60,12,mob12_dpd60,api,拍拍贷#mob12_dpd60#api
10000370,1111,20250601,0,Rate24,零钱罐,dpd,12,60,12,mob12_dpd60,小程序,零钱罐#mob12_dpd60#小程序
10000370,1112,20240814,0,Rate24,零钱罐,dpd,12,30,12,mob12_dpd30,小程序,零钱罐#mob12_dpd30#小程序
10000370,1112,20240814,0,Bank,百信银行,dpd,3,60,3,mob3_dpd60,京东白条,百信银行#mob3_dpd60#京东白条
10000370,1112,20240814,0,Bank,百信银行,dpd,9,30,9,mob9_dpd30,京东白条,百信银行#mob9_dpd30#京东白条
10000371,1113,20240705,1,Rate36,拍拍贷,dpd,3,60,3,mob3_dpd60,h5,拍拍贷#mob3_dpd60#h5
10000371,1113,20240705,0,Rate36,美团月付,fpd,,30,,fpd30,h5,美团月付#fpd30#h5
10000371,1113,20240705,0,Bank,百信银行,dpd,6,60,6,mob6_dpd60,api,百信银行#mob6_dpd60#api
10000371,1114,20241028,0,Rate24,零钱罐,dpd,12,30,12,mob12_dpd30,小程序,零钱罐#mob12_dpd30#小程序
10000371,1114,20241028,1,Bank,微众银行,dpd,12,60,12,mob12_dpd60,京东白条,微众银行#mob12_dpd60#京东白条
10000371,1114,20241028,0,Rate24,分期乐,fpd,,30,,fpd30,api,分期乐#fpd30#api
10000371,1115,20240709,0,Rate24,零钱罐,dpd,3,60,3,mob3_dpd60,小程序,零钱罐#mob3_dpd60#小程序
10000372,1116,20250214,0,Rate24,零钱罐,dpd,9,60,9,mob9_dpd60,小程序,零钱罐#mob9_dpd60#小程序
10000372,1116,20250214,0,Rate36,美团月付,dpd,12,60,12,mob12_dpd60,h5,美团月付#mob12_dpd60#h5
10000372,1117,20260201,0,Rate24,分期乐,dpd,9,60,9,mob9_dpd60,小程序,分期乐#mob9_dpd60#小程序
10000372,1117,20260201,0,Rate24,分期乐,dpd,6,60,6,mob6_dpd60,小程序,分期乐#mob6_dpd60#小程序
10000372,1118,20250504,-2,Bank,百信银行,dpd,12,60,12,mob12_dpd60,京东白条,百信银行#mob12_dpd60#京东白条
10000372,1118,20250504,0,Rate36,拍拍贷,fpd,,30,,fpd30,api,拍拍贷#fpd30#api
10000373,1119,20250806,0,Rate36,美团月付,fpd,,30,,fpd30,h5,美团月付#fpd30#h5
10000373,1119,20250806,0,Bank,微众银行,dpd,9,60,9,mob9_dpd60,京东白条,微众银行#mob9_dpd60#京东白条
10000373,1119,20250806,0,Rate36,美团月付,dpd,3,30,3,mob3_dpd30,h5,美团月付#mob3_dpd30#h5
10000373,1120,20250202,0,Rate24,零钱罐,dpd,6,60,6,mob6_dpd60,小程序,零钱罐#mob6_dpd60#小程序
10000373,1120,20250202,0,Rate36,美团月付,dpd,9,30,9,mob9_dpd30,api,美团月付#mob9_dpd30#api
10000373,1120,20250202,-2,Rate24,零钱罐,dpd,3,60,3,mob3_dpd60,api,零钱罐#mob3_dpd60#api
10000373,1121,20240321,0,Rate24,分期乐,dpd,6,60,6,mob6_dpd60,小程序,分期乐#mob6_dpd60#小程序
10000374,1122,20240527,0,Bank,微众银行,dpd,12,30,12,mob12_dpd30,京东白条,微众银行#mob12_dpd30#京东白条
10000374,1122,20240527,0,Bank,微众银行,dpd,3,60,3,mob3_dpd60,api,微众银行#mob3_dpd60#api
10000374,1123,20240928,0,Bank,百信银行,fpd,,30,,fpd30,api,百信银行#fpd30#api
10000374,1124,20240808,-2,Rate36,拍拍贷,dpd,6,60,6,mob6_dpd60,h5,拍拍贷#mob6_dpd60#h5
10000374,1124,20240808,1,Rate36,拍拍贷,dpd,6,30,6,mob6_dpd30,api,拍拍贷#mob6_dpd30#api
10000375,1125,20251123,0,Rate24,分期乐,fpd,,60,,fpd60,小程序,分期乐#fpd60#小程序
10000375,1126,20251115,1,Rate36,拍拍贷,dpd,3,60,3,mob3_dpd60,api,拍拍贷#mob3_dpd60#api
10000375,1126,20251115,0,Rate36,拍拍贷,fpd,,30,,fpd30,h5,拍拍贷#fpd30#h5
10000375,1126,20251115,0,Rate24,零钱罐,dpd,3,30,3,mob3_dpd30,api,零钱罐#mob3_dpd30#api
10000375,1127,20251102,0,Bank,百信银行,dpd,3,60,3,mob3_dpd60,京东白条,百信银行#mob3_dpd60#京东白条
10000375,1127,20251102,0,Rate24,分期乐,dpd,6,60,6,mob6_dpd60,api,分期乐#mob6_dpd60#api
10000375,1127,20251102,0,Rate36,拍拍贷,dpd,3,60,3,mob3_dpd60,api,拍拍贷#mob3_dpd60#api
10000376,1128,20250603,1,Bank,百信银行,fpd,,30,,fpd30,api,百信银行#fpd30#api
10000376,1128,20250603,0,Bank,百信银行,dpd,3,30,3,mob3_dpd30,api,百信银行#mob3_dpd30#api
10000376,1128,20250603,0,Rate36,美团月付,dpd,12,30,12,mob12_dpd30,api,美团月付#mob12_dpd30#api
10000376,1129,20250416,0,Rate24,零钱罐,dpd,12,60,12,mob12_dpd60,api,零钱罐#mob12_dpd60#api
10000376,1129,20250416,0,Rate24,零钱罐,dpd,9,60,9,mob9_dpd60,api,零钱罐#mob9_dpd60#api
10000376,1130,20250612,0,Bank,微众银行,dpd,9,30,9,mob9_dpd30,api,微众银行#mob9_dpd30#api
10000376,1130,20250612,0,Bank,百信银行,dpd,3,30,3,mob3_dpd30,api,百信银行#mob3_dpd30#api
10000377,1131,20241201,0,Rate24,零钱罐,dpd,12,30,12,mob12_dpd30,api,零钱罐#mob12_dpd30#api
10000377,1131,20241201,0,Bank,百信银行,dpd,9,30,9,mob9_dpd30,京东白条,百信银行#mob9_dpd30#京东白条
10000377,1132,20250727,0,Rate36,美团月付,fpd,,30,,fpd30,api,美团月付#fpd30#api
10000377,1132,20250727,0,Rate24,零钱罐,dpd,6,30,6,mob6_dpd30,小程序,零钱罐#mob6_dpd30#小程序
10000377,1133,20251021,0,Rate24,零钱罐,fpd,,30,,fpd30,api,零钱罐#fpd30#api
10000378,1134,20250915,0,Bank,百信银行,fpd,,60,,fpd60,api,百信银行#fpd60#api
10000378,1134,20250915,0,Rate36,拍拍贷,dpd,6,60,6,mob6_dpd60,api,拍拍贷#mob6_dpd60#api
10000378,1134,20250915,0,Bank,百信银行,dpd,6,60,6,mob6_dpd60,京东白条,百信银行#mob6_dpd60#京东白条
10000378,1135,20250528,0,Rate24,零钱罐,fpd,,60,,fpd60,小程序,零钱罐#fpd60#小程序
10000378,1136,20240428,0,Bank,微众银行,dpd,9,30,9,mob9_dpd30,api,微众银行#mob9_dpd30#api
10000378,1136,20240428,0,Rate36,美团月付,dpd,9,30,9,mob9_dpd30,api,美团月付#mob9_dpd30#api
10000379,1137,20250828,0,Rate36,拍拍贷,fpd,,30,,fpd30,api,拍拍贷#fpd30#api
10000379,1137,20250828,0,Bank,百信银行,dpd,9,60,9,mob9_dpd60,京东白条,百信银行#mob9_dpd60#京东白条
10000379,1138,20241108,-2,Rate24,零钱罐,dpd,6,30,6,mob6_dpd30,api,零钱罐#mob6_dpd30#api
10000379,1138,20241108,0,Rate36,拍拍贷,dpd,6,60,6,mob6_dpd60,h5,拍拍贷#mob6_dpd60#h5
10000379,1138,20241108,0,Rate24,零钱罐,dpd,3,60,3,mob3_dpd60,小程序,零钱罐#mob3_dpd60#小程序
10000379,1139,20250825,0,Rate24,零钱罐,fpd,,30,,fpd30,小程序,零钱罐#fpd30#小程序
10000379,1139,20250825,0,Rate24,分期乐,dpd,6,60,6,mob6_dpd60,api,分期乐#mob6_dpd60#api
10000380,1140,20250315,1,Rate36,拍拍贷,dpd,12,30,12,mob12_dpd30,api,拍拍贷#mob12_dpd30#api
10000380,1141,20251221,1,Rate36,拍拍贷,dpd,9,60,9,mob9_dpd60,api,拍拍贷#mob9_dpd60#api
10000380,1141,20251221,0,Rate24,分期乐,fpd,,30,,fpd30,api,分期乐#fpd30#api
10000380,1141,20251221,0,Rate24,分期乐,dpd,6,30,6,mob6_dpd30,api,分期乐#mob6_dpd30#api
10000380,1142,20241125,0,Rate24,分期乐,dpd,9,30,9,mob9_dpd30,小程序,分期乐#mob9_dpd30#小程序
10000380,1142,20241125,0,Rate36,拍拍贷,dpd,6,30,6,mob6_dpd30,api,拍拍贷#mob6_dpd30#api
10000381,1143,20260105,1,Rate36,美团月付,fpd,,30,,fpd30,h5,美团月付#fpd30#h5
10000381,1143,20260105,0,Bank,微众银行,dpd,9,30,9,mob9_dpd30,api,微众银行#mob9_dpd30#api
10000381,1143,20260105,0,Rate24,零钱罐,fpd,,60,,fpd60,api,零钱罐#fpd60#api
10000381,1144,20251113,0,Rate24,分期乐,dpd,9,60,9,mob9_dpd60,api,分期乐#mob9_dpd60#api
10000381,1144,20251113,0,Rate36,拍拍贷,dpd,3,30,3,mob3_dpd30,api,拍拍贷#mob3_dpd30#api
10000381,1145,20241004,0,Bank,百信银行,dpd,9,60,9,mob9_dpd60,api,百信银行#mob9_dpd60#api
10000382,1146,20250208,0,Rate24,分期乐,dpd,9,30,9,mob9_dpd30,小程序,分期乐#mob9_dpd30#小程序
10000382,1146,20250208,0,Rate36,美团月付,dpd,6,30,6,mob6_dpd30,h5,美团月付#mob6_dpd30#h5
10000382,1146,20250208,0,Bank,微众银行,dpd,9,60,9,mob9_dpd60,api,微众银行#mob9_dpd60#api
10000382,1147,20250312,0,Rate36,美团月付,dpd,3,30,3,mob3_dpd30,api,美团月付#mob3_dpd30#api
10000382,1147,20250312,-2,Bank,微众银行,dpd,3,60,3,mob3_dpd60,京东白条,微众银行#mob3_dpd60#京东白条
10000382,1148,20250924,0,Bank,微众银行,fpd,,30,,fpd30,京东白条,微众银行#fpd30#京东白条
10000382,1148,20250924,0,Rate24,零钱罐,dpd,12,30,12,mob12_dpd30,api,零钱罐#mob12_dpd30#api
10000383,1149,20250725,0,Bank,微众银行,dpd,12,30,12,mob12_dpd30,京东白条,微众银行#mob12_dpd30#京东白条
10000383,1150,20251111,0,Bank,百信银行,dpd,9,60,9,mob9_dpd60,api,百信银行#mob9_dpd60#api
10000383,1151,20241110,1,Rate36,拍拍贷,dpd,9,60,9,mob9_dpd60,h5,拍拍贷#mob9_dpd60#h5
10000383,1151,20241110,0,Rate36,拍拍贷,dpd,6,60,6,mob6_dpd60,h5,拍拍贷#mob6_dpd60#h5
10000384,1152,20250315,-2,Rate36,美团月付,fpd,,60,,fpd60,h5,美团月付#fpd60#h5
10000384,1153,20250126,0,Rate24,零钱罐,fpd,,30,,fpd30,小程序,零钱罐#fpd30#小程序
10000384,1154,20251228,0,Rate36,拍拍贷,dpd,12,60,12,mob12_dpd60,api,拍拍贷#mob12_dpd60#api
10000385,1155,20241007,0,Bank,百信银行,dpd,6,30,6,mob6_dpd30,京东白条,百信银行#mob6_dpd30#京东白条
10000385,1155,20241007,0,Bank,百信银行,dpd,6,30,6,mob6_dpd30,api,百信银行#mob6_dpd30#api
10000385,1156,20250506,0,Rate24,零钱罐,dpd,3,60,3,mob3_dpd60,api,零钱罐#mob3_dpd60#api
10000385,1156,20250506,0,Bank,微众银行,fpd,,30,,fpd30,api,微众银行#fpd30#api
10000385,1156,20250506,0,Bank,微众银行,dpd,6,60,6,mob6_dpd60,京东白条,微众银行#mob6_dpd60#京东白条
10000385,1157,20240520,0,Bank,百信银行,dpd,6,60,6,mob6_dpd60,京东白条,百信银行#mob6_dpd60#京东白条
10000385,1157,20240520,0,Bank,微众银行,dpd,3,60,3,mob3_dpd60,api,微众银行#mob3_dpd60#api
10000386,1158,20251109,0,Rate24,分期乐,dpd,9,60,9,mob9_dpd60,api,分期乐#mob9_dpd60#api
10000386,1159,20241206,0,Rate36,拍拍贷,dpd,6,30,6,mob6_dpd30,h5,拍拍贷#mob6_dpd30#h5
10000386,1160,20241101,0,Rate24,零钱罐,dpd,6,60,6,mob6_dpd60,小程序,零钱罐#mob6_dpd60#小程序
10000386,1160,20241101,0,Rate24,零钱罐,fpd,,30,,fpd30,小程序,零钱罐#fpd30#小程序
10000386,1160,20241101,0,Bank,微众银行,dpd,9,60,9,mob9_dpd60,京东白条,微众银行#mob9_dpd60#京东白条
10000387,1161,20250412,0,Rate24,分期乐,dpd,6,60,6,mob6_dpd60,api,分期乐#mob6_dpd60#api
10000387,1161,20250412,0,Bank,微众银行,dpd,9,30,9,mob9_dpd30,京东白条,微众银行#mob9_dpd30#京东白条
10000387,1162,20250211,0,Bank,微众银行,dpd,3,30,3,mob3_dpd30,京东白条,微众银行#mob3_dpd30#京东白条
10000387,1162,20250211,0,Rate24,分期乐,dpd,3,30,3,mob3_dpd30,api,分期乐#mob3_dpd30#api
10000387,1163,20251116,0,Rate36,拍拍贷,fpd,,60,,fpd60,api,拍拍贷#fpd60#api
10000387,1163,20251116,0,Rate24,零钱罐,fpd,,60,,fpd60,小程序,零钱罐#fpd60#小程序
10000387,1163,20251116,-2,Rate24,零钱罐,fpd,,30,,fpd30,api,零钱罐#fpd30#api
10000388,1164,20250306,0,Bank,微众银行,dpd,3,60,3,mob3_dpd60,api,微众银行#mob3_dpd60#api
10000388,1164,20250306,-2,Rate24,零钱罐,dpd,12,60,12,mob12_dpd60,api,零钱罐#mob12_dpd60#api
10000388,1164,20250306,1,Rate24,分期乐,dpd,9,60,9,mob9_dpd60,小程序,分期乐#mob9_dpd60#小程序
10000388,1165,20250321,-2,Rate36,美团月付,fpd,,30,,fpd30,api,美团月付#fpd30#api
10000388,1165,20250321,0,Bank,百信银行,dpd,6,30,6,mob6_dpd30,京东白条,百信银行#mob6_dpd30#京东白条
10000388,1165,20250321,0,Rate36,拍拍贷,dpd,3,30,3,mob3_dpd30,api,拍拍贷#mob3_dpd30#api
10000388,1166,20240520,0,Rate36,拍拍贷,dpd,6,30,6,mob6_dpd30,api,拍拍贷#mob6_dpd30#api
10000388,1166,20240520,0,Rate24,零钱罐,fpd,,30,,fpd30,api,零钱罐#fpd30#api
10000388,1166,20240520,0,Bank,微众银行,fpd,,30,,fpd30,京东白条,微众银行#fpd30#京东白条
10000389,1167,20240313,0,Bank,微众银行,fpd,,30,,fpd30,api,微众银行#fpd30#api
10000389,1167,20240313,0,Bank,微众银行,dpd,6,30,6,mob6_dpd30,api,微众银行#mob6_dpd30#api
10000389,1167,20240313,1,Rate36,美团月付,dpd,6,60,6,mob6_dpd60,h5,美团月付#mob6_dpd60#h5
10000389,1168,20241206,0,Bank,微众银行,dpd,3,30,3,mob3_dpd30,京东白条,微众银行#mob3_dpd30#京东白条
10000389,1169,20260215,-2,Rate36,美团月付,dpd,6,60,6,mob6_dpd60,h5,美团月付#mob6_dpd60#h5
10000390,1170,20260119,0,Rate36,美团月付,dpd,12,30,12,mob12_dpd30,api,美团月付#mob12_dpd30#api
10000390,1170,20260119,1,Rate36,美团月付,dpd,3,30,3,mob3_dpd30,api,美团月付#mob3_dpd30#api
10000390,1171,20250611,0,Bank,百信银行,dpd,9,30,9,mob9_dpd30,京东白条,百信银行#mob9_dpd30#京东白条
10000390,1171,20250611,1,Rate36,拍拍贷,dpd,3,30,3,mob3_dpd30,h5,拍拍贷#mob3_dpd30#h5
10000390,1171,20250611,0,Rate36,拍拍贷,dpd,3,30,3,mob3_dpd30,h5,拍拍贷#mob3_dpd30#h5
10000390,1172,20250608,0,Rate24,零钱罐,fpd,,60,,fpd60,小程序,零钱罐#fpd60#小程序
10000390,1172,20250608,0,Bank,百信银行,fpd,,60,,fpd60,京东白条,百信银行#fpd60#京东白条
10000390,1172,20250608,0,Rate24,分期乐,dpd,3,30,3,mob3_dpd30,小程序,分期乐#mob3_dpd30#小程序
10000391,1173,20241215,0,Rate36,美团月付,dpd,9,30,9,mob9_dpd30,h5,美团月付#mob9_dpd30#h5
10000391,1174,20240710,0,Rate24,分期乐,fpd,,30,,fpd30,api,分期乐#fpd30#api
10000391,1175,20240312,0,Rate36,拍拍贷,dpd,3,30,3,mob3_dpd30,h5,拍拍贷#mob3_dpd30#h5
10000391,1175,20240312,0,Bank,百信银行,fpd,,60,,fpd60,京东白条,百信银行#fpd60#京东白条
10000391,1175,20240312,0,Bank,百信银行,dpd,3,60,3,mob3_dpd60,京东白条,百信银行#mob3_dpd60#京东白条
10000392,1176,20241110,0,Bank,微众银行,dpd,12,60,12,mob12_dpd60,京东白条,微众银行#mob12_dpd60#京东白条
10000392,1176,20241110,0,Rate36,拍拍贷,fpd,,30,,fpd30,api,拍拍贷#fpd30#api
10000392,1176,20241110,0,Rate24,分期乐,dpd,6,30,6,mob6_dpd30,小程序,分期乐#mob6_dpd30#小程序
10000392,1177,20241009,0,Rate36,美团月付,dpd,6,30,6,mob6_dpd30,h5,美团月付#mob6_dpd30#h5
10000392,1178,20240721,0,Bank,微众银行,dpd,3,60,3,mob3_dpd60,api,微众银行#mob3_dpd60#api
10000392,1178,20240721,0,Rate36,拍拍贷,dpd,3,30,3,mob3_dpd30,h5,拍拍贷#mob3_dpd30#h5
10000392,1178,20240721,0,Rate24,零钱罐,fpd,,30,,fpd30,小程序,零钱罐#fpd30#小程序
10000393,1179,20240913,0,Bank,百信银行,fpd,,30,,fpd30,api,百信银行#fpd30#api
10000393,1179,20240913,0,Bank,微众银行,dpd,3,60,3,mob3_dpd60,api,微众银行#mob3_dpd60#api
10000393,1180,20240314,1,Rate36,美团月付,dpd,3,60,3,mob3_dpd60,api,美团月付#mob3_dpd60#api
10000393,1181,20250519,0,Rate36,美团月付,fpd,,60,,fpd60,api,美团月付#fpd60#api
10000394,1182,20260111,0,Rate24,零钱罐,dpd,3,30,3,mob3_dpd30,api,零钱罐#mob3_dpd30#api
10000394,1182,20260111,0,Bank,百信银行,dpd,6,60,6,mob6_dpd60,api,百信银行#mob6_dpd60#api
10000394,1182,20260111,0,Rate24,零钱罐,fpd,,60,,fpd60,小程序,零钱罐#fpd60#小程序
10000394,1183,20250703,-2,Rate24,分期乐,dpd,9,30,9,mob9_dpd30,小程序,分期乐#mob9_dpd30#小程序
10000394,1184,20250124,0,Rate24,零钱罐,fpd,,30,,fpd30,api,零钱罐#fpd30#api
10000395,1185,20250102,0,Rate24,分期乐,dpd,6,60,6,mob6_dpd60,小程序,分期乐#mob6_dpd60#小程序
10000395,1185,20250102,0,Rate36,拍拍贷,dpd,6,30,6,mob6_dpd30,api,拍拍贷#mob6_dpd30#api
10000395,1185,20250102,0,Rate24,零钱罐,dpd,3,30,3,mob3_dpd30,小程序,零钱罐#mob3_dpd30#小程序
10000395,1186,20241017,0,Rate36,拍拍贷,dpd,9,60,9,mob9_dpd60,api,拍拍贷#mob9_dpd60#api
10000395,1186,20241017,0,Bank,微众银行,fpd,,30,,fpd30,api,微众银行#fpd30#api
10000395,1187,20240608,0,Bank,百信银行,dpd,3,30,3,mob3_dpd30,api,百信银行#mob3_dpd30#api
10000395,1187,20240608,0,Bank,百信银行,dpd,9,30,9,mob9_dpd30,京东白条,百信银行#mob9_dpd30#京东白条
10000395,1187,20240608,0,Rate24,分期乐,dpd,6,60,6,mob6_dpd60,api,分期乐#mob6_dpd60#api
10000396,1188,20250506,0,Bank,百信银行,fpd,,30,,fpd30,api,百信银行#fpd30#api
10000396,1189,20250402,1,Rate36,美团月付,dpd,9,30,9,mob9_dpd30,h5,美团月付#mob9_dpd30#h5
10000396,1189,20250402,0,Rate24,零钱罐,fpd,,30,,fpd30,api,零钱罐#fpd30#api
10000396,1189,20250402,0,Rate24,零钱罐,dpd,9,30,9,mob9_dpd30,api,零钱罐#mob9_dpd30#api
10000396,1190,20240326,0,Rate36,拍拍贷,fpd,,30,,fpd30,h5,拍拍贷#fpd30#h5
10000396,1190,20240326,0,Rate24,零钱罐,fpd,,30,,fpd30,小程序,零钱罐#fpd30#小程序
10000396,1190,20240326,1,Rate36,美团月付,dpd,6,60,6,mob6_dpd60,api,美团月付#mob6_dpd60#api
10000397,1191,20241213,1,Rate24,零钱罐,dpd,12,30,12,mob12_dpd30,小程序,零钱罐#mob12_dpd30#小程序
10000397,1191,20241213,0,Rate36,美团月付,dpd,9,30,9,mob9_dpd30,h5,美团月付#mob9_dpd30#h5
10000397,1191,20241213,0,Bank,百信银行,dpd,6,60,6,mob6_dpd60,api,百信银行#mob6_dpd60#api
10000397,1192,20240910,0,Rate24,分期乐,dpd,3,60,3,mob3_dpd60,api,分期乐#mob3_dpd60#api
10000397,1193,20240721,0,Rate36,美团月付,dpd,12,60,12,mob12_dpd60,api,美团月付#mob12_dpd60#api
10000398,1194,20250702,0,Rate24,分期乐,dpd,9,60,9,mob9_dpd60,小程序,分期乐#mob9_dpd60#小程序
10000398,1194,20250702,0,Bank,百信银行,fpd,,60,,fpd60,京东白条,百信银行#fpd60#京东白条
10000398,1194,20250702,1,Bank,百信银行,fpd,,60,,fpd60,api,百信银行#fpd60#api
10000398,1195,20250316,1,Rate24,零钱罐,dpd,3,60,3,mob3_dpd60,小程序,零钱罐#mob3_dpd60#小程序
10000398,1195,20250316,1,Rate36,美团月付,fpd,,30,,fpd30,api,美团月付#fpd30#api
10000398,1196,20250614,1,Bank,百信银行,fpd,,60,,fpd60,api,百信银行#fpd60#api
10000398,1196,20250614,0,Bank,微众银行,dpd,12,30,12,mob12_dpd30,api,微众银行#mob12_dpd30#api
10000399,1197,20250816,-2,Bank,微众银行,dpd,3,60,3,mob3_dpd60,api,微众银行#mob3_dpd60#api
10000399,1197,20250816,0,Rate36,拍拍贷,fpd,,60,,fpd60,h5,拍拍贷#fpd60#h5
10000399,1198,20260204,0,Bank,微众银行,dpd,12,60,12,mob12_dpd60,api,微众银行#mob12_dpd60#api
10000399,1199,20251027,-2,Rate24,零钱罐,dpd,3,30,3,mob3_dpd30,小程序,零钱罐#mob3_dpd30#小程序
10000399,1199,20251027,0,Bank,百信银行,fpd,,30,,fpd30,api,百信银行#fpd30#api
10000400,1200,20250507,0,Rate24,分期乐,dpd,9,30,9,mob9_dpd30,api,分期乐#mob9_dpd30#api
10000400,1200,20250507,0,Rate24,零钱罐,fpd,,30,,fpd30,api,零钱罐#fpd30#api
10000400,1201,20251219,0,Bank,微众银行,dpd,3,30,3,mob3_dpd30,京东白条,微众银行#mob3_dpd30#京东白条
10000400,1201,20251219,0,Rate24,分期乐,fpd,,30,,fpd30,api,分期乐#fpd30#api
10000400,1201,20251219,0,Bank,微众银行,dpd,6,60,6,mob6_dpd60,api,微众银行#mob6_dpd60#api
10000400,1202,20250221,1,Rate36,美团月付,dpd,12,60,12,mob12_dpd60,api,美团月付#mob12_dpd60#api
10000400,1202,20250221,0,Bank,微众银行,dpd,3,60,3,mob3_dpd60,api,微众银行#mob3_dpd60#api
10000401,1203,20260210,1,Rate36,拍拍贷,dpd,3,30,3,mob3_dpd30,h5,拍拍贷#mob3_dpd30#h5
10000401,1204,20250904,0,Rate36,美团月付,fpd,,30,,fpd30,api,美团月付#fpd30#api
10000401,1204,20250904,1,Rate24,零钱罐,dpd,6,60,6,mob6_dpd60,小程序,零钱罐#mob6_dpd60#小程序
10000401,1204,20250904,0,Rate24,零钱罐,dpd,6,60,6,mob6_dpd60,小程序,零钱罐#mob6_dpd60#小程序
10000401,1205,20250609,0,Bank,微众银行,dpd,6,60,6,mob6_dpd60,api,微众银行#mob6_dpd60#api
10000402,1206,20251223,0,Bank,微众银行,dpd,6,30,6,mob6_dpd30,api,微众银行#mob6_dpd30#api
10000402,1207,20250326,0,Rate36,拍拍贷,dpd,9,30,9,mob9_dpd30,h5,拍拍贷#mob9_dpd30#h5
10000402,1208,20250827,1,Rate24,分期乐,dpd,9,30,9,mob9_dpd30,api,分期乐#mob9_dpd30#api
10000402,1208,20250827,0,Rate36,拍拍贷,dpd,3,30,3,mob3_dpd30,api,拍拍贷#mob3_dpd30#api
10000402,1208,20250827,0,Bank,微众银行,fpd,,60,,fpd60,京东白条,微众银行#fpd60#京东白条
10000403,1209,20240907,0,Bank,微众银行,dpd,9,60,9,mob9_dpd60,api,微众银行#mob9_dpd60#api
10000403,1209,20240907,0,Bank,微众银行,fpd,,60,,fpd60,京东白条,微众银行#fpd60#京东白条
10000403,1210,20260217,0,Bank,微众银行,dpd,3,60,3,mob3_dpd60,api,微众银行#mob3_dpd60#api
10000403,1210,20260217,0,Bank,微众银行,fpd,,60,,fpd60,api,微众银行#fpd60#api
10000403,1210,20260217,0,Rate36,拍拍贷,dpd,6,30,6,mob6_dpd30,h5,拍拍贷#mob6_dpd30#h5
10000403,1211,20250505,0,Bank,微众银行,dpd,12,60,12,mob12_dpd60,api,微众银行#mob12_dpd60#api
10000403,1211,20250505,0,Bank,微众银行,dpd,6,60,6,mob6_dpd60,api,微众银行#mob6_dpd60#api
10000403,1211,20250505,0,Bank,百信银行,dpd,12,30,12,mob12_dpd30,京东白条,百信银行#mob12_dpd30#京东白条
10000404,1212,20250920,0,Rate36,拍拍贷,dpd,12,30,12,mob12_dpd30,api,拍拍贷#mob12_dpd30#api
10000404,1213,20250212,0,Bank,百信银行,dpd,12,30,12,mob12_dpd30,api,百信银行#mob12_dpd30#api
10000404,1214,20251120,0,Rate36,美团月付,fpd,,60,,fpd60,api,美团月付#fpd60#api
10000404,1214,20251120,0,Rate36,拍拍贷,fpd,,30,,fpd30,api,拍拍贷#fpd30#api
10000405,1215,20240420,0,Bank,微众银行,fpd,,60,,fpd60,京东白条,微众银行#fpd60#京东白条
10000405,1215,20240420,0,Bank,微众银行,fpd,,60,,fpd60,京东白条,微众银行#fpd60#京东白条
10000405,1216,20240528,1,Rate36,美团月付,dpd,9,30,9,mob9_dpd30,api,美团月付#mob9_dpd30#api
10000405,1217,20250314,0,Rate36,美团月付,dpd,9,30,9,mob9_dpd30,h5,美团月付#mob9_dpd30#h5
10000405,1217,20250314,0,Rate24,分期乐,dpd,3,30,3,mob3_dpd30,api,分期乐#mob3_dpd30#api
10000405,1217,20250314,0,Bank,百信银行,dpd,3,60,3,mob3_dpd60,京东白条,百信银行#mob3_dpd60#京东白条
10000406,1218,20250810,0,Rate24,零钱罐,fpd,,30,,fpd30,api,零钱罐#fpd30#api
10000406,1219,20251015,0,Rate36,拍拍贷,dpd,6,60,6,mob6_dpd60,api,拍拍贷#mob6_dpd60#api
10000406,1219,20251015,1,Rate24,分期乐,dpd,9,60,9,mob9_dpd60,api,分期乐#mob9_dpd60#api
10000406,1220,20250105,0,Rate24,零钱罐,fpd,,60,,fpd60,api,零钱罐#fpd60#api
10000406,1220,20250105,0,Bank,微众银行,dpd,9,60,9,mob9_dpd60,api,微众银行#mob9_dpd60#api
10000406,1220,20250105,0,Rate24,零钱罐,dpd,3,60,3,mob3_dpd60,小程序,零钱罐#mob3_dpd60#小程序
10000407,1221,20250604,0,Bank,微众银行,dpd,3,60,3,mob3_dpd60,api,微众银行#mob3_dpd60#api
10000407,1221,20250604,0,Bank,微众银行,fpd,,60,,fpd60,api,微众银行#fpd60#api
10000407,1222,20250415,0,Rate24,分期乐,dpd,9,60,9,mob9_dpd60,小程序,分期乐#mob9_dpd60#小程序
10000407,1222,20250415,0,Rate24,零钱罐,dpd,6,30,6,mob6_dpd30,api,零钱罐#mob6_dpd30#api
10000407,1222,20250415,0,Rate36,美团月付,dpd,9,60,9,mob9_dpd60,api,美团月付#mob9_dpd60#api
10000407,1223,20260224,0,Rate36,拍拍贷,dpd,6,30,6,mob6_dpd30,h5,拍拍贷#mob6_dpd30#h5
10000408,1224,20250615,1,Bank,微众银行,fpd,,60,,fpd60,京东白条,微众银行#fpd60#京东白条
10000408,1225,20250122,0,Rate36,美团月付,fpd,,30,,fpd30,api,美团月付#fpd30#api
10000408,1225,20250122,0,Rate24,零钱罐,dpd,3,60,3,mob3_dpd60,api,零钱罐#mob3_dpd60#api
10000408,1226,20260205,0,Bank,微众银行,dpd,3,30,3,mob3_dpd30,京东白条,微众银行#mob3_dpd30#京东白条
10000408,1226,20260205,0,Rate36,美团月付,fpd,,60,,fpd60,api,美团月付#fpd60#api
10000409,1227,20240513,0,Rate36,拍拍贷,dpd,9,60,9,mob9_dpd60,h5,拍拍贷#mob9_dpd60#h5
10000409,1227,20240513,0,Rate24,零钱罐,dpd,3,60,3,mob3_dpd60,小程序,零钱罐#mob3_dpd60#小程序
10000409,1227,20240513,0,Rate24,零钱罐,fpd,,60,,fpd60,api,零钱罐#fpd60#api
10000409,1228,20260218,0,Rate36,拍拍贷,fpd,,60,,fpd60,api,拍拍贷#fpd60#api
10000409,1228,20260218,0,Rate24,零钱罐,fpd,,30,,fpd30,小程序,零钱罐#fpd30#小程序
10000409,1229,20240610,0,Rate24,分期乐,dpd,9,60,9,mob9_dpd60,api,分期乐#mob9_dpd60#api
10000409,1229,20240610,0,Rate36,拍拍贷,dpd,6,30,6,mob6_dpd30,api,拍拍贷#mob6_dpd30#api
10000409,1229,20240610,-2,Rate24,分期乐,dpd,3,60,3,mob3_dpd60,api,分期乐#mob3_dpd60#api
10000410,1230,20240901,1,Rate36,美团月付,dpd,12,30,12,mob12_dpd30,h5,美团月付#mob12_dpd30#h5
10000410,1231,20251003,-2,Bank,微众银行,dpd,9,60,9,mob9_dpd60,api,微众银行#mob9_dpd60#api
10000410,1231,20251003,0,Rate36,美团月付,dpd,12,60,12,mob12_dpd60,api,美团月付#mob12_dpd60#api
10000410,1232,20250826,0,Rate36,美团月付,fpd,,60,,fpd60,h5,美团月付#fpd60#h5
10000410,1232,20250826,1,Rate24,零钱罐,dpd,6,60,6,mob6_dpd60,api,零钱罐#mob6_dpd60#api
10000411,1233,20260217,0,Rate24,零钱罐,dpd,3,60,3,mob3_dpd60,api,零钱罐#mob3_dpd60#api
10000411,1233,20260217,0,Rate36,拍拍贷,dpd,12,60,12,mob12_dpd60,api,拍拍贷#mob12_dpd60#api
10000411,1234,20250808,0,Rate24,分期乐,dpd,9,30,9,mob9_dpd30,小程序,分期乐#mob9_dpd30#小程序
10000411,1234,20250808,0,Bank,微众银行,fpd,,30,,fpd30,api,微众银行#fpd30#api
10000411,1235,20250608,0,Rate24,分期乐,dpd,9,60,9,mob9_dpd60,api,分期乐#mob9_dpd60#api
10000411,1235,20250608,0,Rate24,分期乐,dpd,3,60,3,mob3_dpd60,小程序,分期乐#mob3_dpd60#小程序
10000412,1236,20241102,0,Rate36,美团月付,dpd,3,30,3,mob3_dpd30,h5,美团月付#mob3_dpd30#h5
10000412,1236,20241102,1,Rate24,零钱罐,dpd,6,60,6,mob6_dpd60,小程序,零钱罐#mob6_dpd60#小程序
10000412,1236,20241102,0,Bank,百信银行,dpd,9,60,9,mob9_dpd60,京东白条,百信银行#mob9_dpd60#京东白条
10000412,1237,20240327,0,Rate24,零钱罐,dpd,3,30,3,mob3_dpd30,小程序,零钱罐#mob3_dpd30#小程序
10000412,1237,20240327,1,Rate24,分期乐,dpd,12,60,12,mob12_dpd60,小程序,分期乐#mob12_dpd60#小程序
10000412,1237,20240327,0,Rate36,美团月付,dpd,9,60,9,mob9_dpd60,h5,美团月付#mob9_dpd60#h5
10000412,1238,20240504,0,Rate36,美团月付,dpd,3,30,3,mob3_dpd30,h5,美团月付#mob3_dpd30#h5
10000413,1239,20241022,0,Bank,微众银行,dpd,12,30,12,mob12_dpd30,api,微众银行#mob12_dpd30#api
10000413,1240,20240307,0,Rate36,拍拍贷,fpd,,30,,fpd30,h5,拍拍贷#fpd30#h5
10000413,1241,20250310,0,Bank,百信银行,dpd,12,30,12,mob12_dpd30,京东白条,百信银行#mob12_dpd30#京东白条
10000413,1241,20250310,0,Rate24,零钱罐,dpd,12,30,12,mob12_dpd30,小程序,零钱罐#mob12_dpd30#小程序
10000413,1241,20250310,-2,Rate24,分期乐,dpd,6,30,6,mob6_dpd30,api,分期乐#mob6_dpd30#api
10000414,1242,20250908,0,Rate36,拍拍贷,fpd,,60,,fpd60,h5,拍拍贷#fpd60#h5
10000414,1242,20250908,0,Rate24,分期乐,dpd,3,60,3,mob3_dpd60,api,分期乐#mob3_dpd60#api
10000414,1243,20260224,0,Rate36,美团月付,dpd,3,30,3,mob3_dpd30,h5,美团月付#mob3_dpd30#h5
10000414,1244,20250201,0,Rate24,分期乐,dpd,9,30,9,mob9_dpd30,小程序,分期乐#mob9_dpd30#小程序
10000414,1244,20250201,-2,Bank,微众银行,dpd,6,60,6,mob6_dpd60,京东白条,微众银行#mob6_dpd60#京东白条
10000415,1245,20251210,0,Rate24,分期乐,dpd,6,60,6,mob6_dpd60,api,分期乐#mob6_dpd60#api
10000415,1246,20260208,0,Rate36,美团月付,fpd,,60,,fpd60,h5,美团月付#fpd60#h5
10000415,1247,20251108,0,Bank,百信银行,dpd,6,30,6,mob6_dpd30,京东白条,百信银行#mob6_dpd30#京东白条
10000415,1247,20251108,0,Rate24,分期乐,dpd,12,60,12,mob12_dpd60,api,分期乐#mob12_dpd60#api
10000415,1247,20251108,0,Rate36,美团月付,dpd,6,60,6,mob6_dpd60,api,美团月付#mob6_dpd60#api
10000416,1248,20250206,-2,Bank,百信银行,dpd,3,30,3,mob3_dpd30,api,百信银行#mob3_dpd30#api
10000416,1249,20241026,0,Rate24,分期乐,dpd,3,30,3,mob3_dpd30,小程序,分期乐#mob3_dpd30#小程序
10000416,1250,20260211,0,Rate36,美团月付,dpd,12,30,12,mob12_dpd30,api,美团月付#mob12_dpd30#api
10000417,1251,20240812,0,Bank,微众银行,dpd,3,30,3,mob3_dpd30,京东白条,微众银行#mob3_dpd30#京东白条
10000417,1251,20240812,0,Rate36,美团月付,dpd,6,30,6,mob6_dpd30,h5,美团月付#mob6_dpd30#h5
10000417,1252,20241211,0,Bank,微众银行,dpd,12,30,12,mob12_dpd30,api,微众银行#mob12_dpd30#api
10000417,1253,20240428,0,Bank,百信银行,dpd,9,60,9,mob9_dpd60,京东白条,百信银行#mob9_dpd60#京东白条
10000417,1253,20240428,0,Rate24,分期乐,fpd,,30,,fpd30,api,分期乐#fpd30#api
10000417,1253,20240428,0,Rate36,拍拍贷,dpd,12,30,12,mob12_dpd30,api,拍拍贷#mob12_dpd30#api
10000418,1254,20251010,0,Rate24,分期乐,dpd,6,30,6,mob6_dpd30,api,分期乐#mob6_dpd30#api
10000418,1254,20251010,-2,Bank,微众银行,dpd,6,30,6,mob6_dpd30,京东白条,微众银行#mob6_dpd30#京东白条
10000418,1254,20251010,0,Rate36,拍拍贷,fpd,,60,,fpd60,api,拍拍贷#fpd60#api
10000418,1255,20250610,-2,Rate36,拍拍贷,dpd,6,60,6,mob6_dpd60,h5,拍拍贷#mob6_dpd60#h5
10000418,1255,20250610,0,Rate24,分期乐,dpd,12,60,12,mob12_dpd60,小程序,分期乐#mob12_dpd60#小程序
10000418,1256,20240510,1,Rate24,零钱罐,fpd,,30,,fpd30,api,零钱罐#fpd30#api
10000418,1256,20240510,0,Rate24,分期乐,dpd,6,60,6,mob6_dpd60,小程序,分期乐#mob6_dpd60#小程序
10000418,1256,20240510,-2,Bank,百信银行,dpd,9,60,9,mob9_dpd60,京东白条,百信银行#mob9_dpd60#京东白条
10000419,1257,20240810,0,Bank,百信银行,dpd,3,60,3,mob3_dpd60,京东白条,百信银行#mob3_dpd60#京东白条
10000419,1257,20240810,0,Rate24,零钱罐,dpd,6,60,6,mob6_dpd60,小程序,零钱罐#mob6_dpd60#小程序
10000419,1257,20240810,0,Bank,微众银行,dpd,3,30,3,mob3_dpd30,京东白条,微众银行#mob3_dpd30#京东白条
10000419,1258,20250403,-2,Bank,微众银行,dpd,12,30,12,mob12_dpd30,京东白条,微众银行#mob12_dpd30#京东白条
10000419,1258,20250403,0,Bank,微众银行,dpd,12,30,12,mob12_dpd30,京东白条,微众银行#mob12_dpd30#京东白条
10000419,1259,20250317,0,Rate36,美团月付,dpd,3,30,3,mob3_dpd30,api,美团月付#mob3_dpd30#api
10000419,1259,20250317,0,Rate24,分期乐,dpd,3,30,3,mob3_dpd30,api,分期乐#mob3_dpd30#api
10000419,1259,20250317,0,Rate24,分期乐,dpd,6,30,6,mob6_dpd30,小程序,分期乐#mob6_dpd30#小程序
10000420,1260,20251001,-2,Rate36,美团月付,fpd,,60,,fpd60,api,美团月付#fpd60#api
10000420,1260,20251001,0,Rate36,拍拍贷,fpd,,60,,fpd60,api,拍拍贷#fpd60#api
10000420,1260,20251001,0,Rate36,美团月付,dpd,3,30,3,mob3_dpd30,h5,美团月付#mob3_dpd30#h5
10000420,1261,20240907,1,Rate36,拍拍贷,dpd,3,60,3,mob3_dpd60,api,拍拍贷#mob3_dpd60#api
10000420,1261,20240907,0,Rate24,分期乐,dpd,9,60,9,mob9_dpd60,api,分期乐#mob9_dpd60#api
10000420,1261,20240907,0,Rate24,分期乐,fpd,,30,,fpd30,小程序,分期乐#fpd30#小程序
10000420,1262,20260106,0,Bank,百信银行,dpd,6,30,6,mob6_dpd30,api,百信银行#mob6_dpd30#api
10000421,1263,20250109,0,Rate36,拍拍贷,fpd,,60,,fpd60,api,拍拍贷#fpd60#api
10000421,1264,20251022,0,Bank,百信银行,dpd,3,60,3,mob3_dpd60,api,百信银行#mob3_dpd60#api
10000421,1264,20251022,0,Rate36,拍拍贷,dpd,12,30,12,mob12_dpd30,h5,拍拍贷#mob12_dpd30#h5
10000421,1265,20240817,-2,Rate24,零钱罐,fpd,,30,,fpd30,api,零钱罐#fpd30#api
10000422,1266,20240328,0,Rate36,拍拍贷,dpd,3,60,3,mob3_dpd60,h5,拍拍贷#mob3_dpd60#h5
10000422,1266,20240328,0,Rate36,美团月付,dpd,3,60,3,mob3_dpd60,h5,美团月付#mob3_dpd60#h5
10000422,1266,20240328,1,Rate24,零钱罐,dpd,12,30,12,mob12_dpd30,api,零钱罐#mob12_dpd30#api
10000422,1267,20240410,0,Rate36,拍拍贷,dpd,12,60,12,mob12_dpd60,h5,拍拍贷#mob12_dpd60#h5
10000422,1268,20241126,0,Rate36,拍拍贷,dpd,3,30,3,mob3_dpd30,h5,拍拍贷#mob3_dpd30#h5
10000423,1269,20260102,0,Rate36,美团月付,fpd,,30,,fpd30,h5,美团月付#fpd30#h5
10000423,1270,20240415,0,Rate24,分期乐,dpd,12,30,12,mob12_dpd30,小程序,分期乐#mob12_dpd30#小程序
10000423,1271,20241123,0,Rate36,美团月付,dpd,9,30,9,mob9_dpd30,h5,美团月付#mob9_dpd30#h5
10000424,1272,20240515,0,Rate24,分期乐,dpd,3,30,3,mob3_dpd30,api,分期乐#mob3_dpd30#api
10000424,1272,20240515,1,Bank,微众银行,dpd,3,60,3,mob3_dpd60,京东白条,微众银行#mob3_dpd60#京东白条
10000424,1273,20260127,1,Rate36,美团月付,dpd,6,30,6,mob6_dpd30,api,美团月付#mob6_dpd30#api
10000424,1274,20250709,0,Bank,微众银行,dpd,12,30,12,mob12_dpd30,api,微众银行#mob12_dpd30#api
10000424,1274,20250709,1,Rate36,美团月付,dpd,12,60,12,mob12_dpd60,api,美团月付#mob12_dpd60#api
10000424,1274,20250709,1,Rate24,分期乐,dpd,9,30,9,mob9_dpd30,小程序,分期乐#mob9_dpd30#小程序
10000425,1275,20250901,0,Rate24,零钱罐,fpd,,60,,fpd60,小程序,零钱罐#fpd60#小程序
10000425,1275,20250901,0,Rate24,分期乐,dpd,9,60,9,mob9_dpd60,小程序,分期乐#mob9_dpd60#小程序
10000425,1276,20250822,0,Rate36,美团月付,fpd,,60,,fpd60,api,美团月付#fpd60#api
10000425,1276,20250822,1,Rate24,分期乐,dpd,12,30,12,mob12_dpd30,api,分期乐#mob12_dpd30#api
10000425,1277,20250602,0,Bank,百信银行,fpd,,60,,fpd60,api,百信银行#fpd60#api
10000425,1277,20250602,0,Rate36,美团月付,fpd,,60,,fpd60,h5,美团月付#fpd60#h5
10000426,1278,20250922,0,Bank,微众银行,dpd,12,60,12,mob12_dpd60,api,微众银行#mob12_dpd60#api
10000426,1278,20250922,0,Rate36,拍拍贷,dpd,3,60,3,mob3_dpd60,h5,拍拍贷#mob3_dpd60#h5
10000426,1279,20240321,0,Rate36,美团月付,dpd,3,30,3,mob3_dpd30,api,美团月付#mob3_dpd30#api
10000426,1279,20240321,0,Rate24,零钱罐,dpd,6,60,6,mob6_dpd60,api,零钱罐#mob6_dpd60#api
10000426,1279,20240321,0,Rate36,拍拍贷,dpd,9,60,9,mob9_dpd60,h5,拍拍贷#mob9_dpd60#h5
10000426,1280,20251124,1,Bank,微众银行,fpd,,60,,fpd60,api,微众银行#fpd60#api
10000426,1280,20251124,0,Rate24,分期乐,dpd,12,30,12,mob12_dpd30,小程序,分期乐#mob12_dpd30#小程序
10000426,1280,20251124,-2,Bank,微众银行,dpd,3,60,3,mob3_dpd60,api,微众银行#mob3_dpd60#api
10000427,1281,20250814,1,Rate36,美团月付,dpd,12,60,12,mob12_dpd60,api,美团月付#mob12_dpd60#api
10000427,1281,20250814,0,Rate36,美团月付,dpd,6,30,6,mob6_dpd30,h5,美团月付#mob6_dpd30#h5
10000427,1282,20250826,0,Rate24,零钱罐,dpd,6,30,6,mob6_dpd30,api,零钱罐#mob6_dpd30#api
10000427,1282,20250826,0,Rate36,拍拍贷,dpd,6,60,6,mob6_dpd60,h5,拍拍贷#mob6_dpd60#h5
10000427,1282,20250826,0,Rate36,美团月付,fpd,,60,,fpd60,h5,美团月付#fpd60#h5
10000427,1283,20241205,0,Rate36,美团月付,dpd,12,60,12,mob12_dpd60,h5,美团月付#mob12_dpd60#h5
10000427,1283,20241205,-2,Bank,百信银行,dpd,9,30,9,mob9_dpd30,京东白条,百信银行#mob9_dpd30#京东白条
10000427,1283,20241205,0,Rate24,零钱罐,dpd,6,60,6,mob6_dpd60,小程序,零钱罐#mob6_dpd60#小程序
10000428,1284,20251013,1,Bank,微众银行,dpd,6,60,6,mob6_dpd60,api,微众银行#mob6_dpd60#api
10000428,1284,20251013,-2,Bank,微众银行,dpd,9,30,9,mob9_dpd30,京东白条,微众银行#mob9_dpd30#京东白条
10000428,1285,20241204,0,Rate36,拍拍贷,dpd,12,30,12,mob12_dpd30,api,拍拍贷#mob12_dpd30#api
10000428,1285,20241204,1,Rate36,拍拍贷,dpd,3,30,3,mob3_dpd30,h5,拍拍贷#mob3_dpd30#h5
10000428,1286,20240422,0,Rate24,零钱罐,dpd,9,30,9,mob9_dpd30,api,零钱罐#mob9_dpd30#api
10000428,1286,20240422,0,Bank,百信银行,dpd,6,60,6,mob6_dpd60,api,百信银行#mob6_dpd60#api
10000429,1287,20251220,1,Rate36,拍拍贷,dpd,6,60,6,mob6_dpd60,api,拍拍贷#mob6_dpd60#api
10000429,1287,20251220,0,Rate24,零钱罐,dpd,6,60,6,mob6_dpd60,小程序,零钱罐#mob6_dpd60#小程序
10000429,1287,20251220,0,Rate24,零钱罐,fpd,,30,,fpd30,小程序,零钱罐#fpd30#小程序
10000429,1288,20240823,1,Rate24,零钱罐,dpd,6,30,6,mob6_dpd30,api,零钱罐#mob6_dpd30#api
10000429,1288,20240823,0,Rate36,拍拍贷,fpd,,30,,fpd30,h5,拍拍贷#fpd30#h5
10000429,1288,20240823,0,Bank,微众银行,dpd,3,60,3,mob3_dpd60,京东白条,微众银行#mob3_dpd60#京东白条
10000429,1289,20240522,1,Rate24,分期乐,dpd,9,30,9,mob9_dpd30,小程序,分期乐#mob9_dpd30#小程序
10000429,1289,20240522,0,Bank,百信银行,dpd,9,60,9,mob9_dpd60,京东白条,百信银行#mob9_dpd60#京东白条
10000430,1290,20250509,0,Bank,百信银行,dpd,9,60,9,mob9_dpd60,api,百信银行#mob9_dpd60#api
10000430,1290,20250509,0,Rate24,分期乐,fpd,,30,,fpd30,小程序,分期乐#fpd30#小程序
10000430,1290,20250509,0,Rate36,美团月付,dpd,3,30,3,mob3_dpd30,h5,美团月付#mob3_dpd30#h5
10000430,1291,20240802,0,Bank,百信银行,dpd,6,30,6,mob6_dpd30,京东白条,百信银行#mob6_dpd30#京东白条
10000430,1291,20240802,0,Rate36,拍拍贷,dpd,12,30,12,mob12_dpd30,api,拍拍贷#mob12_dpd30#api
10000430,1292,20251127,0,Bank,百信银行,dpd,3,30,3,mob3_dpd30,京东白条,百信银行#mob3_dpd30#京东白条
10000430,1292,20251127,0,Bank,百信银行,dpd,12,30,12,mob12_dpd30,京东白条,百信银行#mob12_dpd30#京东白条
10000431,1293,20250114,0,Rate24,零钱罐,dpd,3,30,3,mob3_dpd30,api,零钱罐#mob3_dpd30#api
10000431,1293,20250114,0,Rate24,分期乐,dpd,12,30,12,mob12_dpd30,小程序,分期乐#mob12_dpd30#小程序
10000431,1294,20240303,0,Bank,微众银行,dpd,6,60,6,mob6_dpd60,京东白条,微众银行#mob6_dpd60#京东白条
10000431,1294,20240303,0,Rate24,零钱罐,dpd,12,30,12,mob12_dpd30,api,零钱罐#mob12_dpd30#api
10000431,1294,20240303,0,Rate24,分期乐,dpd,9,30,9,mob9_dpd30,api,分期乐#mob9_dpd30#api
10000431,1295,20260126,0,Rate36,美团月付,fpd,,60,,fpd60,h5,美团月付#fpd60#h5
10000431,1295,20260126,0,Rate36,美团月付,dpd,6,60,6,mob6_dpd60,h5,美团月付#mob6_dpd60#h5
10000432,1296,20250328,0,Bank,微众银行,dpd,6,30,6,mob6_dpd30,api,微众银行#mob6_dpd30#api
10000432,1297,20240913,-2,Bank,百信银行,dpd,9,60,9,mob9_dpd60,京东白条,百信银行#mob9_dpd60#京东白条
10000432,1297,20240913,0,Rate36,拍拍贷,dpd,12,60,12,mob12_dpd60,h5,拍拍贷#mob12_dpd60#h5
10000432,1297,20240913,0,Rate36,拍拍贷,fpd,,60,,fpd60,h5,拍拍贷#fpd60#h5
10000432,1298,20250722,1,Bank,百信银行,dpd,9,30,9,mob9_dpd30,京东白条,百信银行#mob9_dpd30#京东白条
10000432,1298,20250722,0,Rate36,拍拍贷,dpd,9,60,9,mob9_dpd60,api,拍拍贷#mob9_dpd60#api
10000433,1299,20250302,0,Rate36,美团月付,dpd,9,30,9,mob9_dpd30,h5,美团月付#mob9_dpd30#h5
10000433,1300,20240303,1,Rate24,分期乐,dpd,12,30,12,mob12_dpd30,api,分期乐#mob12_dpd30#api
10000433,1300,20240303,0,Bank,微众银行,dpd,3,60,3,mob3_dpd60,api,微众银行#mob3_dpd60#api
10000433,1301,20250908,0,Rate36,拍拍贷,fpd,,60,,fpd60,h5,拍拍贷#fpd60#h5
10000433,1301,20250908,-2,Rate24,分期乐,dpd,12,30,12,mob12_dpd30,小程序,分期乐#mob12_dpd30#小程序
10000433,1301,20250908,0,Rate24,零钱罐,dpd,9,30,9,mob9_dpd30,api,零钱罐#mob9_dpd30#api
10000434,1302,20241219,0,Bank,百信银行,dpd,9,30,9,mob9_dpd30,api,百信银行#mob9_dpd30#api
10000434,1302,20241219,0,Bank,微众银行,fpd,,30,,fpd30,京东白条,微众银行#fpd30#京东白条
10000434,1303,20250704,0,Rate36,美团月付,dpd,6,60,6,mob6_dpd60,h5,美团月付#mob6_dpd60#h5
10000434,1304,20251201,0,Rate36,拍拍贷,dpd,12,30,12,mob12_dpd30,h5,拍拍贷#mob12_dpd30#h5
10000434,1304,20251201,1,Rate36,拍拍贷,fpd,,30,,fpd30,h5,拍拍贷#fpd30#h5
10000434,1304,20251201,0,Rate36,拍拍贷,dpd,12,30,12,mob12_dpd30,h5,拍拍贷#mob12_dpd30#h5
10000435,1305,20250519,0,Rate36,拍拍贷,dpd,9,60,9,mob9_dpd60,api,拍拍贷#mob9_dpd60#api
10000435,1305,20250519,0,Bank,百信银行,dpd,3,30,3,mob3_dpd30,京东白条,百信银行#mob3_dpd30#京东白条
10000435,1306,20250722,0,Rate36,美团月付,dpd,9,30,9,mob9_dpd30,api,美团月付#mob9_dpd30#api
10000435,1306,20250722,1,Rate36,美团月付,dpd,6,60,6,mob6_dpd60,h5,美团月付#mob6_dpd60#h5
10000435,1306,20250722,-2,Bank,百信银行,dpd,12,60,12,mob12_dpd60,api,百信银行#mob12_dpd60#api
10000435,1307,20240921,0,Bank,微众银行,fpd,,30,,fpd30,京东白条,微众银行#fpd30#京东白条
10000435,1307,20240921,0,Rate24,分期乐,dpd,3,60,3,mob3_dpd60,api,分期乐#mob3_dpd60#api
10000435,1307,20240921,0,Rate36,美团月付,dpd,9,60,9,mob9_dpd60,h5,美团月付#mob9_dpd60#h5
10000436,1308,20240823,1,Rate36,美团月付,dpd,3,60,3,mob3_dpd60,api,美团月付#mob3_dpd60#api
10000436,1308,20240823,0,Rate24,分期乐,dpd,9,30,9,mob9_dpd30,小程序,分期乐#mob9_dpd30#小程序
10000436,1309,20241223,0,Rate36,美团月付,fpd,,60,,fpd60,api,美团月付#fpd60#api
10000436,1309,20241223,0,Rate24,零钱罐,dpd,12,60,12,mob12_dpd60,小程序,零钱罐#mob12_dpd60#小程序
10000436,1309,20241223,-2,Rate36,美团月付,dpd,6,30,6,mob6_dpd30,api,美团月付#mob6_dpd30#api
10000436,1310,20251117,0,Rate24,分期乐,dpd,3,60,3,mob3_dpd60,小程序,分期乐#mob3_dpd60#小程序
10000436,1310,20251117,1,Bank,百信银行,dpd,12,60,12,mob12_dpd60,京东白条,百信银行#mob12_dpd60#京东白条
10000436,1310,20251117,1,Rate24,零钱罐,dpd,3,30,3,mob3_dpd30,api,零钱罐#mob3_dpd30#api
10000437,1311,20250315,0,Rate36,拍拍贷,fpd,,30,,fpd30,h5,拍拍贷#fpd30#h5
10000437,1311,20250315,1,Rate36,拍拍贷,dpd,9,30,9,mob9_dpd30,api,拍拍贷#mob9_dpd30#api
10000437,1312,20241124,1,Rate36,拍拍贷,dpd,12,30,12,mob12_dpd30,api,拍拍贷#mob12_dpd30#api
10000437,1312,20241124,0,Bank,微众银行,dpd,9,30,9,mob9_dpd30,京东白条,微众银行#mob9_dpd30#京东白条
10000437,1313,20250910,0,Rate36,拍拍贷,fpd,,60,,fpd60,api,拍拍贷#fpd60#api
10000437,1313,20250910,0,Bank,微众银行,dpd,3,60,3,mob3_dpd60,京东白条,微众银行#mob3_dpd60#京东白条
10000437,1313,20250910,1,Rate24,零钱罐,dpd,12,60,12,mob12_dpd60,小程序,零钱罐#mob12_dpd60#小程序
10000438,1314,20251103,0,Rate24,零钱罐,dpd,9,30,9,mob9_dpd30,小程序,零钱罐#mob9_dpd30#小程序
10000438,1315,20251222,0,Rate24,分期乐,fpd,,30,,fpd30,小程序,分期乐#fpd30#小程序
10000438,1315,20251222,0,Rate24,分期乐,dpd,12,30,12,mob12_dpd30,api,分期乐#mob12_dpd30#api
10000438,1316,20241008,0,Bank,百信银行,dpd,6,60,6,mob6_dpd60,api,百信银行#mob6_dpd60#api
10000438,1316,20241008,1,Rate24,零钱罐,dpd,9,60,9,mob9_dpd60,api,零钱罐#mob9_dpd60#api
10000439,1317,20250828,0,Rate36,拍拍贷,fpd,,60,,fpd60,h5,拍拍贷#fpd60#h5
10000439,1318,20250512,1,Bank,百信银行,dpd,6,30,6,mob6_dpd30,api,百信银行#mob6_dpd30#api
10000439,1319,20250124,1,Rate36,美团月付,dpd,12,60,12,mob12_dpd60,h5,美团月付#mob12_dpd60#h5
10000440,1320,20241202,0,Rate24,零钱罐,fpd,,30,,fpd30,小程序,零钱罐#fpd30#小程序
10000440,1320,20241202,0,Rate24,分期乐,dpd,3,30,3,mob3_dpd30,api,分期乐#mob3_dpd30#api
10000440,1320,20241202,0,Rate24,零钱罐,dpd,9,30,9,mob9_dpd30,api,零钱罐#mob9_dpd30#api
10000440,1321,20240519,0,Rate24,零钱罐,dpd,3,30,3,mob3_dpd30,api,零钱罐#mob3_dpd30#api
10000440,1321,20240519,0,Bank,百信银行,dpd,9,60,9,mob9_dpd60,京东白条,百信银行#mob9_dpd60#京东白条
10000440,1321,20240519,0,Rate24,分期乐,dpd,9,60,9,mob9_dpd60,api,分期乐#mob9_dpd60#api
10000440,1322,20240913,0,Bank,微众银行,dpd,12,60,12,mob12_dpd60,京东白条,微众银行#mob12_dpd60#京东白条
10000441,1323,20250413,0,Rate36,美团月付,dpd,6,60,6,mob6_dpd60,h5,美团月付#mob6_dpd60#h5
10000441,1323,20250413,0,Bank,微众银行,dpd,6,60,6,mob6_dpd60,京东白条,微众银行#mob6_dpd60#京东白条
10000441,1323,20250413,1,Rate36,美团月付,dpd,9,60,9,mob9_dpd60,api,美团月付#mob9_dpd60#api
10000441,1324,20251208,0,Bank,百信银行,dpd,6,30,6,mob6_dpd30,京东白条,百信银行#mob6_dpd30#京东白条
10000441,1324,20251208,0,Rate24,零钱罐,dpd,6,60,6,mob6_dpd60,小程序,零钱罐#mob6_dpd60#小程序
10000441,1324,20251208,0,Rate24,分期乐,dpd,3,60,3,mob3_dpd60,小程序,分期乐#mob3_dpd60#小程序
10000441,1325,20251128,0,Rate36,拍拍贷,fpd,,60,,fpd60,h5,拍拍贷#fpd60#h5
10000441,1325,20251128,0,Bank,百信银行,dpd,6,30,6,mob6_dpd30,api,百信银行#mob6_dpd30#api
10000441,1325,20251128,0,Rate24,零钱罐,dpd,6,60,6,mob6_dpd60,小程序,零钱罐#mob6_dpd60#小程序
10000442,1326,20240711,-2,Rate24,零钱罐,dpd,9,60,9,mob9_dpd60,小程序,零钱罐#mob9_dpd60#小程序
10000442,1326,20240711,0,Bank,微众银行,fpd,,30,,fpd30,api,微众银行#fpd30#api
10000442,1327,20250724,0,Bank,微众银行,dpd,9,30,9,mob9_dpd30,api,微众银行#mob9_dpd30#api
10000442,1327,20250724,0,Rate24,零钱罐,dpd,12,30,12,mob12_dpd30,小程序,零钱罐#mob12_dpd30#小程序
10000442,1327,20250724,0,Rate36,美团月付,dpd,6,60,6,mob6_dpd60,h5,美团月付#mob6_dpd60#h5
10000442,1328,20240512,0,Rate24,分期乐,fpd,,60,,fpd60,api,分期乐#fpd60#api
10000442,1328,20240512,0,Rate24,零钱罐,dpd,6,30,6,mob6_dpd30,小程序,零钱罐#mob6_dpd30#小程序
10000443,1329,20250702,1,Rate36,美团月付,dpd,12,30,12,mob12_dpd30,api,美团月付#mob12_dpd30#api
10000443,1330,20241125,1,Rate24,零钱罐,dpd,6,60,6,mob6_dpd60,小程序,零钱罐#mob6_dpd60#小程序
10000443,1330,20241125,0,Rate36,美团月付,dpd,12,60,12,mob12_dpd60,api,美团月付#mob12_dpd60#api
10000443,1331,20250106,0,Rate24,零钱罐,dpd,3,60,3,mob3_dpd60,小程序,零钱罐#mob3_dpd60#小程序
10000443,1331,20250106,0,Bank,微众银行,dpd,3,60,3,mob3_dpd60,京东白条,微众银行#mob3_dpd60#京东白条
10000443,1331,20250106,-2,Rate24,分期乐,dpd,3,60,3,mob3_dpd60,api,分期乐#mob3_dpd60#api
10000444,1332,20250808,0,Rate36,美团月付,dpd,9,60,9,mob9_dpd60,api,美团月付#mob9_dpd60#api
10000444,1333,20250125,0,Bank,微众银行,dpd,9,60,9,mob9_dpd60,api,微众银行#mob9_dpd60#api
10000444,1334,20251026,0,Rate36,美团月付,dpd,6,60,6,mob6_dpd60,api,美团月付#mob6_dpd60#api
10000444,1334,20251026,0,Rate24,零钱罐,dpd,3,30,3,mob3_dpd30,小程序,零钱罐#mob3_dpd30#小程序
10000445,1335,20250326,0,Rate24,分期乐,dpd,6,30,6,mob6_dpd30,小程序,分期乐#mob6_dpd30#小程序
10000445,1335,20250326,0,Rate24,分期乐,fpd,,30,,fpd30,小程序,分期乐#fpd30#小程序
10000445,1336,20260212,1,Rate36,美团月付,dpd,12,60,12,mob12_dpd60,api,美团月付#mob12_dpd60#api
10000445,1336,20260212,-2,Rate36,美团月付,dpd,6,30,6,mob6_dpd30,api,美团月付#mob6_dpd30#api
10000445,1337,20250622,0,Rate24,零钱罐,fpd,,30,,fpd30,小程序,零钱罐#fpd30#小程序
10000446,1338,20241010,0,Rate36,拍拍贷,dpd,9,60,9,mob9_dpd60,api,拍拍贷#mob9_dpd60#api
10000446,1338,20241010,0,Bank,微众银行,dpd,3,60,3,mob3_dpd60,京东白条,微众银行#mob3_dpd60#京东白条
10000446,1338,20241010,0,Rate36,拍拍贷,dpd,12,30,12,mob12_dpd30,h5,拍拍贷#mob12_dpd30#h5
10000446,1339,20250921,-2,Bank,微众银行,dpd,3,60,3,mob3_dpd60,京东白条,微众银行#mob3_dpd60#京东白条
10000446,1340,20241215,0,Bank,百信银行,dpd,12,30,12,mob12_dpd30,京东白条,百信银行#mob12_dpd30#京东白条
10000447,1341,20250302,0,Bank,百信银行,dpd,3,30,3,mob3_dpd30,api,百信银行#mob3_dpd30#api
10000447,1341,20250302,0,Rate36,拍拍贷,dpd,9,60,9,mob9_dpd60,api,拍拍贷#mob9_dpd60#api
10000447,1342,20240612,0,Rate24,分期乐,dpd,3,30,3,mob3_dpd30,小程序,分期乐#mob3_dpd30#小程序
10000447,1343,20240514,0,Rate24,分期乐,dpd,3,60,3,mob3_dpd60,api,分期乐#mob3_dpd60#api
10000447,1343,20240514,1,Rate36,拍拍贷,dpd,6,60,6,mob6_dpd60,api,拍拍贷#mob6_dpd60#api
10000447,1343,20240514,0,Rate24,分期乐,dpd,12,60,12,mob12_dpd60,小程序,分期乐#mob12_dpd60#小程序
10000448,1344,20250408,0,Bank,百信银行,fpd,,60,,fpd60,京东白条,百信银行#fpd60#京东白条
10000448,1344,20250408,0,Rate36,美团月付,dpd,12,30,12,mob12_dpd30,h5,美团月付#mob12_dpd30#h5
10000448,1345,20240711,-2,Rate36,美团月付,dpd,9,30,9,mob9_dpd30,api,美团月付#mob9_dpd30#api
10000448,1346,20260215,-2,Rate24,分期乐,dpd,9,60,9,mob9_dpd60,api,分期乐#mob9_dpd60#api
10000449,1347,20251102,0,Rate36,拍拍贷,dpd,12,60,12,mob12_dpd60,api,拍拍贷#mob12_dpd60#api
10000449,1348,20250705,-2,Rate36,拍拍贷,dpd,6,60,6,mob6_dpd60,h5,拍拍贷#mob6_dpd60#h5
10000449,1348,20250705,1,Bank,百信银行,dpd,6,60,6,mob6_dpd60,京东白条,百信银行#mob6_dpd60#京东白条
10000449,1349,20250822,0,Bank,百信银行,dpd,6,30,6,mob6_dpd30,api,百信银行#mob6_dpd30#api
10000450,1350,20250510,0,Rate24,零钱罐,dpd,12,60,12,mob12_dpd60,小程序,零钱罐#mob12_dpd60#小程序
10000450,1351,20240418,0,Bank,百信银行,dpd,6,60,6,mob6_dpd60,api,百信银行#mob6_dpd60#api
10000450,1352,20241216,0,Bank,微众银行,dpd,3,60,3,mob3_dpd60,京东白条,微众银行#mob3_dpd60#京东白条
10000451,1353,20250216,0,Bank,微众银行,dpd,9,30,9,mob9_dpd30,京东白条,微众银行#mob9_dpd30#京东白条
10000451,1354,20251212,0,Bank,百信银行,dpd,12,30,12,mob12_dpd30,京东白条,百信银行#mob12_dpd30#京东白条
10000451,1354,20251212,0,Bank,微众银行,dpd,6,60,6,mob6_dpd60,京东白条,微众银行#mob6_dpd60#京东白条
10000451,1355,20240814,-2,Bank,微众银行,fpd,,60,,fpd60,api,微众银行#fpd60#api
10000451,1355,20240814,1,Rate36,拍拍贷,dpd,9,60,9,mob9_dpd60,h5,拍拍贷#mob9_dpd60#h5
10000451,1355,20240814,0,Bank,微众银行,dpd,3,30,3,mob3_dpd30,api,微众银行#mob3_dpd30#api
10000452,1356,20250224,0,Rate36,美团月付,dpd,9,60,9,mob9_dpd60,api,美团月付#mob9_dpd60#api
10000452,1356,20250224,1,Rate36,拍拍贷,dpd,3,30,3,mob3_dpd30,h5,拍拍贷#mob3_dpd30#h5
10000452,1357,20241128,0,Bank,百信银行,fpd,,60,,fpd60,api,百信银行#fpd60#api
10000452,1357,20241128,0,Rate36,美团月付,dpd,9,30,9,mob9_dpd30,h5,美团月付#mob9_dpd30#h5
10000452,1358,20240608,0,Bank,微众银行,fpd,,60,,fpd60,京东白条,微众银行#fpd60#京东白条
10000453,1359,20240519,0,Bank,微众银行,dpd,3,30,3,mob3_dpd30,京东白条,微众银行#mob3_dpd30#京东白条
10000453,1359,20240519,0,Rate36,美团月付,fpd,,60,,fpd60,h5,美团月付#fpd60#h5
10000453,1359,20240519,1,Rate36,美团月付,dpd,6,30,6,mob6_dpd30,h5,美团月付#mob6_dpd30#h5
10000453,1360,20241128,0,Rate36,美团月付,dpd,3,30,3,mob3_dpd30,api,美团月付#mob3_dpd30#api
10000453,1361,20240401,0,Rate24,零钱罐,dpd,3,30,3,mob3_dpd30,小程序,零钱罐#mob3_dpd30#小程序
10000453,1361,20240401,0,Rate24,零钱罐,dpd,12,30,12,mob12_dpd30,小程序,零钱罐#mob12_dpd30#小程序
10000453,1361,20240401,0,Bank,百信银行,fpd,,30,,fpd30,京东白条,百信银行#fpd30#京东白条
10000454,1362,20240422,0,Bank,百信银行,fpd,,60,,fpd60,api,百信银行#fpd60#api
10000454,1363,20241114,-2,Bank,百信银行,fpd,,60,,fpd60,api,百信银行#fpd60#api
10000454,1364,20240728,1,Rate36,拍拍贷,dpd,9,30,9,mob9_dpd30,h5,拍拍贷#mob9_dpd30#h5
10000454,1364,20240728,0,Bank,微众银行,dpd,9,60,9,mob9_dpd60,京东白条,微众银行#mob9_dpd60#京东白条
10000454,1364,20240728,0,Rate24,分期乐,dpd,9,30,9,mob9_dpd30,小程序,分期乐#mob9_dpd30#小程序
10000455,1365,20250417,0,Bank,百信银行,dpd,6,60,6,mob6_dpd60,京东白条,百信银行#mob6_dpd60#京东白条
10000455,1366,20240324,0,Bank,微众银行,fpd,,60,,fpd60,京东白条,微众银行#fpd60#京东白条
10000455,1366,20240324,1,Rate36,拍拍贷,dpd,9,30,9,mob9_dpd30,api,拍拍贷#mob9_dpd30#api
10000455,1367,20241005,0,Rate24,零钱罐,dpd,12,60,12,mob12_dpd60,api,零钱罐#mob12_dpd60#api
10000456,1368,20250104,1,Rate24,分期乐,dpd,9,30,9,mob9_dpd30,小程序,分期乐#mob9_dpd30#小程序
10000456,1368,20250104,-2,Bank,微众银行,dpd,3,30,3,mob3_dpd30,京东白条,微众银行#mob3_dpd30#京东白条
10000456,1369,20260226,0,Rate36,拍拍贷,dpd,9,30,9,mob9_dpd30,h5,拍拍贷#mob9_dpd30#h5
10000456,1370,20250615,0,Rate36,拍拍贷,dpd,3,30,3,mob3_dpd30,h5,拍拍贷#mob3_dpd30#h5
10000457,1371,20251216,0,Rate24,零钱罐,fpd,,30,,fpd30,api,零钱罐#fpd30#api
10000457,1372,20241105,0,Rate36,美团月付,dpd,9,60,9,mob9_dpd60,api,美团月付#mob9_dpd60#api
10000457,1373,20250107,0,Rate36,美团月付,dpd,12,60,12,mob12_dpd60,h5,美团月付#mob12_dpd60#h5
10000457,1373,20250107,0,Rate36,拍拍贷,fpd,,30,,fpd30,h5,拍拍贷#fpd30#h5
10000457,1373,20250107,-2,Bank,百信银行,dpd,9,60,9,mob9_dpd60,京东白条,百信银行#mob9_dpd60#京东白条
10000458,1374,20250123,0,Rate24,分期乐,fpd,,60,,fpd60,api,分期乐#fpd60#api
10000458,1374,20250123,0,Bank,微众银行,dpd,6,60,6,mob6_dpd60,京东白条,微众银行#mob6_dpd60#京东白条
10000458,1374,20250123,1,Rate36,美团月付,dpd,3,30,3,mob3_dpd30,h5,美团月付#mob3_dpd30#h5
10000458,1375,20251209,0,Bank,百信银行,dpd,6,30,6,mob6_dpd30,京东白条,百信银行#mob6_dpd30#京东白条
10000458,1375,20251209,-2,Bank,微众银行,dpd,6,30,6,mob6_dpd30,京东白条,微众银行#mob6_dpd30#京东白条
10000458,1376,20260217,0,Rate24,分期乐,dpd,9,30,9,mob9_dpd30,小程序,分期乐#mob9_dpd30#小程序
10000459,1377,20260209,1,Rate36,拍拍贷,fpd,,30,,fpd30,h5,拍拍贷#fpd30#h5
10000459,1377,20260209,0,Bank,微众银行,dpd,9,60,9,mob9_dpd60,api,微众银行#mob9_dpd60#api
10000459,1377,20260209,0,Rate24,分期乐,dpd,6,30,6,mob6_dpd30,小程序,分期乐#mob6_dpd30#小程序
10000459,1378,20250908,0,Rate24,分期乐,fpd,,30,,fpd30,api,分期乐#fpd30#api
10000459,1378,20250908,0,Bank,百信银行,dpd,12,30,12,mob12_dpd30,京东白条,百信银行#mob12_dpd30#京东白条
10000459,1378,20250908,0,Rate36,美团月付,dpd,12,30,12,mob12_dpd30,h5,美团月付#mob12_dpd30#h5
10000459,1379,20250305,0,Rate36,美团月付,dpd,9,30,9,mob9_dpd30,h5,美团月付#mob9_dpd30#h5
10000459,1379,20250305,0,Bank,微众银行,dpd,9,30,9,mob9_dpd30,京东白条,微众银行#mob9_dpd30#京东白条
10000460,1380,20250327,0,Rate24,分期乐,fpd,,30,,fpd30,小程序,分期乐#fpd30#小程序
10000460,1381,20260227,0,Rate36,拍拍贷,dpd,12,60,12,mob12_dpd60,api,拍拍贷#mob12_dpd60#api
10000460,1381,20260227,1,Rate24,零钱罐,dpd,12,30,12,mob12_dpd30,api,零钱罐#mob12_dpd30#api
10000460,1381,20260227,0,Rate24,零钱罐,dpd,3,30,3,mob3_dpd30,api,零钱罐#mob3_dpd30#api
10000460,1382,20240904,0,Rate24,分期乐,dpd,3,60,3,mob3_dpd60,小程序,分期乐#mob3_dpd60#小程序
10000461,1383,20241110,0,Rate24,分期乐,fpd,,30,,fpd30,小程序,分期乐#fpd30#小程序
10000461,1384,20251216,0,Bank,百信银行,dpd,12,60,12,mob12_dpd60,api,百信银行#mob12_dpd60#api
10000461,1385,20241211,0,Bank,百信银行,dpd,9,30,9,mob9_dpd30,api,百信银行#mob9_dpd30#api
10000461,1385,20241211,-2,Bank,百信银行,dpd,6,30,6,mob6_dpd30,api,百信银行#mob6_dpd30#api
10000461,1385,20241211,0,Rate24,分期乐,dpd,9,60,9,mob9_dpd60,小程序,分期乐#mob9_dpd60#小程序
10000462,1386,20240821,0,Bank,百信银行,dpd,3,30,3,mob3_dpd30,京东白条,百信银行#mob3_dpd30#京东白条
10000462,1387,20250408,0,Bank,微众银行,dpd,6,30,6,mob6_dpd30,京东白条,微众银行#mob6_dpd30#京东白条
10000462,1387,20250408,0,Rate36,拍拍贷,dpd,9,30,9,mob9_dpd30,h5,拍拍贷#mob9_dpd30#h5
10000462,1387,20250408,0,Rate24,分期乐,dpd,6,60,6,mob6_dpd60,小程序,分期乐#mob6_dpd60#小程序
10000462,1388,20241002,0,Rate36,拍拍贷,dpd,3,60,3,mob3_dpd60,h5,拍拍贷#mob3_dpd60#h5
10000463,1389,20251210,0,Rate24,分期乐,fpd,,30,,fpd30,小程序,分期乐#fpd30#小程序
10000463,1389,20251210,0,Bank,微众银行,dpd,12,30,12,mob12_dpd30,api,微众银行#mob12_dpd30#api
10000463,1390,20251217,0,Rate24,分期乐,dpd,12,30,12,mob12_dpd30,小程序,分期乐#mob12_dpd30#小程序
10000463,1390,20251217,0,Bank,百信银行,dpd,6,30,6,mob6_dpd30,api,百信银行#mob6_dpd30#api
10000463,1390,20251217,0,Rate36,美团月付,fpd,,60,,fpd60,api,美团月付#fpd60#api
10000463,1391,20241006,0,Rate24,零钱罐,dpd,12,60,12,mob12_dpd60,api,零钱罐#mob12_dpd60#api
10000464,1392,20250323,1,Rate36,拍拍贷,dpd,12,60,12,mob12_dpd60,api,拍拍贷#mob12_dpd60#api
10000464,1392,20250323,0,Rate24,零钱罐,dpd,3,60,3,mob3_dpd60,api,零钱罐#mob3_dpd60#api
10000464,1392,20250323,0,Rate24,分期乐,dpd,9,30,9,mob9_dpd30,小程序,分期乐#mob9_dpd30#小程序
10000464,1393,20260201,0,Rate36,拍拍贷,dpd,3,60,3,mob3_dpd60,h5,拍拍贷#mob3_dpd60#h5
10000464,1393,20260201,0,Rate24,零钱罐,dpd,6,30,6,mob6_dpd30,小程序,零钱罐#mob6_dpd30#小程序
10000464,1393,20260201,0,Bank,百信银行,dpd,12,30,12,mob12_dpd30,京东白条,百信银行#mob12_dpd30#京东白条
10000464,1394,20250802,1,Rate36,拍拍贷,dpd,12,30,12,mob12_dpd30,h5,拍拍贷#mob12_dpd30#h5
10000465,1395,20240815,1,Rate36,美团月付,dpd,9,30,9,mob9_dpd30,api,美团月付#mob9_dpd30#api
10000465,1395,20240815,1,Rate36,美团月付,fpd,,60,,fpd60,api,美团月付#fpd60#api
10000465,1396,20250515,1,Rate36,美团月付,dpd,12,30,12,mob12_dpd30,api,美团月付#mob12_dpd30#api
10000465,1397,20250509,0,Rate36,拍拍贷,dpd,12,60,12,mob12_dpd60,h5,拍拍贷#mob12_dpd60#h5
10000465,1397,20250509,1,Rate36,拍拍贷,dpd,9,60,9,mob9_dpd60,api,拍拍贷#mob9_dpd60#api
10000465,1397,20250509,1,Rate36,美团月付,dpd,3,30,3,mob3_dpd30,h5,美团月付#mob3_dpd30#h5
10000466,1398,20250608,0,Rate36,美团月付,dpd,6,60,6,mob6_dpd60,h5,美团月付#mob6_dpd60#h5
10000466,1398,20250608,1,Bank,百信银行,dpd,12,30,12,mob12_dpd30,api,百信银行#mob12_dpd30#api
10000466,1398,20250608,1,Rate24,分期乐,dpd,12,60,12,mob12_dpd60,小程序,分期乐#mob12_dpd60#小程序
10000466,1399,20240302,0,Rate36,拍拍贷,dpd,6,30,6,mob6_dpd30,api,拍拍贷#mob6_dpd30#api
10000466,1399,20240302,0,Rate36,拍拍贷,dpd,12,30,12,mob12_dpd30,h5,拍拍贷#mob12_dpd30#h5
10000466,1400,20241019,1,Rate36,美团月付,dpd,9,30,9,mob9_dpd30,h5,美团月付#mob9_dpd30#h5
10000466,1400,20241019,0,Bank,百信银行,dpd,9,30,9,mob9_dpd30,api,百信银行#mob9_dpd30#api
10000466,1400,20241019,0,Bank,百信银行,dpd,3,60,3,mob3_dpd60,api,百信银行#mob3_dpd60#api
10000467,1401,20251111,0,Bank,微众银行,dpd,6,60,6,mob6_dpd60,京东白条,微众银行#mob6_dpd60#京东白条
10000467,1401,20251111,0,Bank,百信银行,dpd,9,60,9,mob9_dpd60,api,百信银行#mob9_dpd60#api
10000467,1402,20240804,1,Rate36,美团月付,dpd,9,60,9,mob9_dpd60,h5,美团月付#mob9_dpd60#h5
10000467,1402,20240804,0,Rate36,拍拍贷,dpd,6,60,6,mob6_dpd60,api,拍拍贷#mob6_dpd60#api
10000467,1403,20241012,1,Rate36,拍拍贷,fpd,,60,,fpd60,api,拍拍贷#fpd60#api
10000467,1403,20241012,0,Rate24,分期乐,dpd,6,60,6,mob6_dpd60,api,分期乐#mob6_dpd60#api
10000467,1403,20241012,0,Bank,百信银行,dpd,12,60,12,mob12_dpd60,api,百信银行#mob12_dpd60#api
10000468,1404,20241027,0,Bank,微众银行,dpd,6,60,6,mob6_dpd60,京东白条,微众银行#mob6_dpd60#京东白条
10000468,1404,20241027,0,Rate24,零钱罐,dpd,6,60,6,mob6_dpd60,api,零钱罐#mob6_dpd60#api
10000468,1405,20240708,0,Rate24,分期乐,dpd,9,60,9,mob9_dpd60,小程序,分期乐#mob9_dpd60#小程序
10000468,1406,20240626,0,Bank,百信银行,dpd,3,30,3,mob3_dpd30,京东白条,百信银行#mob3_dpd30#京东白条
10000468,1406,20240626,0,Rate36,美团月付,dpd,9,60,9,mob9_dpd60,api,美团月付#mob9_dpd60#api
10000469,1407,20241108,0,Rate24,零钱罐,dpd,9,60,9,mob9_dpd60,api,零钱罐#mob9_dpd60#api
10000469,1407,20241108,1,Rate36,拍拍贷,dpd,9,60,9,mob9_dpd60,api,拍拍贷#mob9_dpd60#api
10000469,1407,20241108,-2,Bank,百信银行,dpd,12,60,12,mob12_dpd60,api,百信银行#mob12_dpd60#api
10000469,1408,20251106,0,Rate36,美团月付,dpd,12,30,12,mob12_dpd30,api,美团月付#mob12_dpd30#api
10000469,1408,20251106,0,Rate24,分期乐,dpd,3,60,3,mob3_dpd60,小程序,分期乐#mob3_dpd60#小程序
10000469,1408,20251106,0,Bank,百信银行,dpd,9,30,9,mob9_dpd30,api,百信银行#mob9_dpd30#api
10000469,1409,20240308,-2,Bank,微众银行,dpd,6,30,6,mob6_dpd30,api,微众银行#mob6_dpd30#api
10000469,1409,20240308,0,Bank,百信银行,fpd,,30,,fpd30,京东白条,百信银行#fpd30#京东白条
10000469,1409,20240308,0,Rate24,零钱罐,dpd,9,30,9,mob9_dpd30,小程序,零钱罐#mob9_dpd30#小程序
10000470,1410,20240910,0,Rate36,美团月付,dpd,6,60,6,mob6_dpd60,api,美团月付#mob6_dpd60#api
10000470,1411,20240404,0,Bank,百信银行,dpd,12,30,12,mob12_dpd30,京东白条,百信银行#mob12_dpd30#京东白条
10000470,1412,20250417,0,Rate36,美团月付,dpd,6,60,6,mob6_dpd60,h5,美团月付#mob6_dpd60#h5
10000471,1413,20240910,1,Rate36,拍拍贷,dpd,9,60,9,mob9_dpd60,api,拍拍贷#mob9_dpd60#api
10000471,1413,20240910,0,Rate36,拍拍贷,dpd,3,30,3,mob3_dpd30,api,拍拍贷#mob3_dpd30#api
10000471,1414,20251021,0,Rate24,分期乐,dpd,12,60,12,mob12_dpd60,小程序,分期乐#mob12_dpd60#小程序
10000471,1415,20250514,0,Rate24,零钱罐,dpd,3,30,3,mob3_dpd30,小程序,零钱罐#mob3_dpd30#小程序
10000471,1415,20250514,0,Rate24,分期乐,dpd,3,30,3,mob3_dpd30,小程序,分期乐#mob3_dpd30#小程序
10000472,1416,20250913,1,Rate24,分期乐,dpd,9,30,9,mob9_dpd30,api,分期乐#mob9_dpd30#api
10000472,1417,20250614,0,Rate24,零钱罐,dpd,3,30,3,mob3_dpd30,api,零钱罐#mob3_dpd30#api
10000472,1417,20250614,0,Rate36,美团月付,fpd,,30,,fpd30,h5,美团月付#fpd30#h5
10000472,1417,20250614,-2,Rate24,分期乐,dpd,12,60,12,mob12_dpd60,api,分期乐#mob12_dpd60#api
10000472,1418,20250105,0,Bank,百信银行,dpd,9,30,9,mob9_dpd30,京东白条,百信银行#mob9_dpd30#京东白条
10000472,1418,20250105,0,Rate24,分期乐,dpd,12,60,12,mob12_dpd60,api,分期乐#mob12_dpd60#api
10000473,1419,20251120,0,Rate36,拍拍贷,dpd,6,30,6,mob6_dpd30,api,拍拍贷#mob6_dpd30#api
10000473,1419,20251120,-2,Bank,微众银行,dpd,9,60,9,mob9_dpd60,京东白条,微众银行#mob9_dpd60#京东白条
10000473,1420,20250203,0,Rate36,拍拍贷,dpd,3,60,3,mob3_dpd60,h5,拍拍贷#mob3_dpd60#h5
10000473,1420,20250203,0,Bank,微众银行,fpd,,60,,fpd60,京东白条,微众银行#fpd60#京东白条
10000473,1420,20250203,-2,Rate24,零钱罐,dpd,12,30,12,mob12_dpd30,api,零钱罐#mob12_dpd30#api
10000473,1421,20260121,1,Rate36,美团月付,dpd,6,60,6,mob6_dpd60,api,美团月付#mob6_dpd60#api
10000473,1421,20260121,-2,Rate24,零钱罐,dpd,3,60,3,mob3_dpd60,小程序,零钱罐#mob3_dpd60#小程序
10000473,1421,20260121,0,Bank,微众银行,dpd,6,60,6,mob6_dpd60,api,微众银行#mob6_dpd60#api
10000474,1422,20260228,0,Rate24,零钱罐,dpd,3,30,3,mob3_dpd30,api,零钱罐#mob3_dpd30#api
10000474,1423,20250522,-2,Bank,微众银行,dpd,6,30,6,mob6_dpd30,api,微众银行#mob6_dpd30#api
10000474,1423,20250522,0,Rate36,美团月付,dpd,12,30,12,mob12_dpd30,h5,美团月付#mob12_dpd30#h5
10000474,1424,20250713,-2,Bank,百信银行,dpd,12,30,12,mob12_dpd30,京东白条,百信银行#mob12_dpd30#京东白条
10000475,1425,20240909,0,Rate36,美团月付,dpd,6,60,6,mob6_dpd60,api,美团月付#mob6_dpd60#api
10000475,1425,20240909,1,Bank,微众银行,dpd,9,60,9,mob9_dpd60,京东白条,微众银行#mob9_dpd60#京东白条
10000475,1425,20240909,0,Rate24,零钱罐,dpd,12,60,12,mob12_dpd60,小程序,零钱罐#mob12_dpd60#小程序
10000475,1426,20251025,0,Bank,百信银行,fpd,,60,,fpd60,api,百信银行#fpd60#api
10000475,1426,20251025,0,Bank,微众银行,dpd,6,60,6,mob6_dpd60,京东白条,微众银行#mob6_dpd60#京东白条
10000475,1426,20251025,0,Rate36,美团月付,dpd,3,60,3,mob3_dpd60,h5,美团月付#mob3_dpd60#h5
10000475,1427,20250708,1,Rate36,拍拍贷,dpd,9,30,9,mob9_dpd30,api,拍拍贷#mob9_dpd30#api
10000475,1427,20250708,0,Rate24,分期乐,dpd,12,30,12,mob12_dpd30,api,分期乐#mob12_dpd30#api
10000476,1428,20251214,0,Bank,微众银行,dpd,6,30,6,mob6_dpd30,京东白条,微众银行#mob6_dpd30#京东白条
10000476,1428,20251214,-2,Rate36,拍拍贷,dpd,3,60,3,mob3_dpd60,h5,拍拍贷#mob3_dpd60#h5
10000476,1428,20251214,0,Rate36,美团月付,dpd,9,30,9,mob9_dpd30,api,美团月付#mob9_dpd30#api
10000476,1429,20240922,1,Bank,百信银行,dpd,12,30,12,mob12_dpd30,api,百信银行#mob12_dpd30#api
10000476,1429,20240922,1,Rate24,零钱罐,dpd,3,30,3,mob3_dpd30,api,零钱罐#mob3_dpd30#api
10000476,1430,20250926,0,Rate36,美团月付,dpd,3,30,3,mob3_dpd30,api,美团月付#mob3_dpd30#api
10000477,1431,20250226,0,Bank,百信银行,dpd,3,30,3,mob3_dpd30,api,百信银行#mob3_dpd30#api
10000477,1432,20240703,-2,Bank,百信银行,fpd,,60,,fpd60,京东白条,百信银行#fpd60#京东白条
10000477,1432,20240703,0,Bank,微众银行,fpd,,30,,fpd30,api,微众银行#fpd30#api
10000477,1432,20240703,0,Bank,百信银行,dpd,3,60,3,mob3_dpd60,api,百信银行#mob3_dpd60#api
10000477,1433,20240726,0,Rate36,美团月付,dpd,6,30,6,mob6_dpd30,h5,美团月付#mob6_dpd30#h5
10000478,1434,20250404,0,Bank,微众银行,fpd,,30,,fpd30,京东白条,微众银行#fpd30#京东白条
10000478,1434,20250404,0,Rate36,拍拍贷,fpd,,30,,fpd30,h5,拍拍贷#fpd30#h5
10000478,1434,20250404,0,Bank,微众银行,fpd,,60,,fpd60,api,微众银行#fpd60#api
10000478,1435,20241017,0,Rate36,拍拍贷,fpd,,30,,fpd30,api,拍拍贷#fpd30#api
10000478,1435,20241017,0,Rate36,美团月付,dpd,6,60,6,mob6_dpd60,h5,美团月付#mob6_dpd60#h5
10000478,1435,20241017,0,Bank,微众银行,dpd,12,30,12,mob12_dpd30,京东白条,微众银行#mob12_dpd30#京东白条
10000478,1436,20240527,0,Bank,百信银行,dpd,9,60,9,mob9_dpd60,京东白条,百信银行#mob9_dpd60#京东白条
10000478,1436,20240527,0,Rate24,零钱罐,fpd,,30,,fpd30,小程序,零钱罐#fpd30#小程序
10000479,1437,20250119,0,Rate36,美团月付,dpd,9,30,9,mob9_dpd30,api,美团月付#mob9_dpd30#api
10000479,1438,20250627,-2,Rate24,零钱罐,dpd,6,60,6,mob6_dpd60,api,零钱罐#mob6_dpd60#api
10000479,1438,20250627,0,Rate24,零钱罐,dpd,6,30,6,mob6_dpd30,api,零钱罐#mob6_dpd30#api
10000479,1438,20250627,1,Rate36,拍拍贷,dpd,12,30,12,mob12_dpd30,api,拍拍贷#mob12_dpd30#api
10000479,1439,20241010,0,Rate24,零钱罐,dpd,6,30,6,mob6_dpd30,api,零钱罐#mob6_dpd30#api
10000479,1439,20241010,-2,Bank,微众银行,dpd,9,60,9,mob9_dpd60,京东白条,微众银行#mob9_dpd60#京东白条
10000479,1439,20241010,0,Rate36,拍拍贷,fpd,,60,,fpd60,api,拍拍贷#fpd60#api
10000480,1440,20260109,0,Rate24,零钱罐,dpd,3,30,3,mob3_dpd30,小程序,零钱罐#mob3_dpd30#小程序
10000480,1441,20250910,0,Rate24,零钱罐,dpd,12,30,12,mob12_dpd30,小程序,零钱罐#mob12_dpd30#小程序
10000480,1441,20250910,0,Bank,百信银行,dpd,9,30,9,mob9_dpd30,京东白条,百信银行#mob9_dpd30#京东白条
10000480,1441,20250910,0,Rate24,分期乐,fpd,,60,,fpd60,小程序,分期乐#fpd60#小程序
10000480,1442,20250310,0,Bank,百信银行,dpd,3,60,3,mob3_dpd60,京东白条,百信银行#mob3_dpd60#京东白条
10000481,1443,20260120,1,Rate36,美团月付,dpd,9,30,9,mob9_dpd30,h5,美团月付#mob9_dpd30#h5
10000481,1443,20260120,0,Rate36,美团月付,dpd,12,30,12,mob12_dpd30,h5,美团月付#mob12_dpd30#h5
10000481,1443,20260120,1,Bank,百信银行,dpd,9,30,9,mob9_dpd30,api,百信银行#mob9_dpd30#api
10000481,1444,20250113,0,Rate24,分期乐,dpd,6,60,6,mob6_dpd60,小程序,分期乐#mob6_dpd60#小程序
10000481,1445,20240621,-2,Rate24,分期乐,dpd,9,30,9,mob9_dpd30,小程序,分期乐#mob9_dpd30#小程序
10000481,1445,20240621,-2,Rate24,分期乐,dpd,6,30,6,mob6_dpd30,api,分期乐#mob6_dpd30#api
10000482,1446,20240312,0,Rate36,拍拍贷,dpd,3,30,3,mob3_dpd30,api,拍拍贷#mob3_dpd30#api
10000482,1447,20260109,-2,Bank,百信银行,dpd,6,60,6,mob6_dpd60,api,百信银行#mob6_dpd60#api
10000482,1447,20260109,1,Bank,微众银行,fpd,,60,,fpd60,api,微众银行#fpd60#api
10000482,1448,20260206,0,Rate24,零钱罐,dpd,3,60,3,mob3_dpd60,api,零钱罐#mob3_dpd60#api
10000482,1448,20260206,0,Rate24,零钱罐,dpd,9,30,9,mob9_dpd30,小程序,零钱罐#mob9_dpd30#小程序
10000483,1449,20250816,0,Bank,百信银行,dpd,3,60,3,mob3_dpd60,api,百信银行#mob3_dpd60#api
10000483,1450,20240526,0,Bank,微众银行,dpd,12,60,12,mob12_dpd60,京东白条,微众银行#mob12_dpd60#京东白条
10000483,1450,20240526,0,Rate36,拍拍贷,fpd,,60,,fpd60,h5,拍拍贷#fpd60#h5
10000483,1451,20241025,0,Bank,微众银行,dpd,6,30,6,mob6_dpd30,api,微众银行#mob6_dpd30#api
10000483,1451,20241025,0,Bank,百信银行,dpd,12,30,12,mob12_dpd30,京东白条,百信银行#mob12_dpd30#京东白条
10000483,1451,20241025,0,Rate24,零钱罐,fpd,,30,,fpd30,api,零钱罐#fpd30#api
10000484,1452,20240308,0,Bank,百信银行,dpd,3,30,3,mob3_dpd30,京东白条,百信银行#mob3_dpd30#京东白条
10000484,1453,20240414,0,Rate24,零钱罐,dpd,6,30,6,mob6_dpd30,小程序,零钱罐#mob6_dpd30#小程序
10000484,1453,20240414,0,Rate24,零钱罐,dpd,9,30,9,mob9_dpd30,小程序,零钱罐#mob9_dpd30#小程序
10000484,1454,20240820,0,Rate24,分期乐,dpd,9,60,9,mob9_dpd60,小程序,分期乐#mob9_dpd60#小程序
10000484,1454,20240820,0,Rate24,零钱罐,dpd,3,30,3,mob3_dpd30,api,零钱罐#mob3_dpd30#api
10000484,1454,20240820,-2,Rate36,拍拍贷,dpd,9,30,9,mob9_dpd30,h5,拍拍贷#mob9_dpd30#h5
10000485,1455,20250418,0,Rate24,零钱罐,dpd,9,30,9,mob9_dpd30,小程序,零钱罐#mob9_dpd30#小程序
10000485,1455,20250418,-2,Rate36,拍拍贷,dpd,6,30,6,mob6_dpd30,api,拍拍贷#mob6_dpd30#api
10000485,1456,20240402,1,Rate24,零钱罐,dpd,3,60,3,mob3_dpd60,小程序,零钱罐#mob3_dpd60#小程序
10000485,1456,20240402,-2,Bank,百信银行,dpd,9,60,9,mob9_dpd60,京东白条,百信银行#mob9_dpd60#京东白条
10000485,1456,20240402,0,Bank,百信银行,dpd,6,30,6,mob6_dpd30,京东白条,百信银行#mob6_dpd30#京东白条
10000485,1457,20260217,0,Rate36,拍拍贷,dpd,3,30,3,mob3_dpd30,h5,拍拍贷#mob3_dpd30#h5
10000485,1457,20260217,0,Rate24,分期乐,dpd,9,30,9,mob9_dpd30,小程序,分期乐#mob9_dpd30#小程序
10000485,1457,20260217,1,Bank,微众银行,dpd,12,30,12,mob12_dpd30,api,微众银行#mob12_dpd30#api
10000486,1458,20250102,1,Rate24,零钱罐,dpd,9,60,9,mob9_dpd60,小程序,零钱罐#mob9_dpd60#小程序
10000486,1458,20250102,1,Rate36,拍拍贷,dpd,12,30,12,mob12_dpd30,h5,拍拍贷#mob12_dpd30#h5
10000486,1458,20250102,-2,Rate24,分期乐,dpd,3,30,3,mob3_dpd30,小程序,分期乐#mob3_dpd30#小程序
10000486,1459,20240904,0,Rate24,零钱罐,dpd,9,30,9,mob9_dpd30,小程序,零钱罐#mob9_dpd30#小程序
10000486,1460,20250319,0,Rate24,分期乐,dpd,6,30,6,mob6_dpd30,小程序,分期乐#mob6_dpd30#小程序
10000486,1460,20250319,1,Rate36,拍拍贷,dpd,3,60,3,mob3_dpd60,h5,拍拍贷#mob3_dpd60#h5
10000486,1460,20250319,0,Rate36,拍拍贷,dpd,12,30,12,mob12_dpd30,api,拍拍贷#mob12_dpd30#api
10000487,1461,20250903,0,Rate24,分期乐,dpd,3,30,3,mob3_dpd30,小程序,分期乐#mob3_dpd30#小程序
10000487,1461,20250903,1,Rate36,拍拍贷,dpd,9,30,9,mob9_dpd30,h5,拍拍贷#mob9_dpd30#h5
10000487,1461,20250903,0,Rate36,拍拍贷,dpd,3,30,3,mob3_dpd30,api,拍拍贷#mob3_dpd30#api
10000487,1462,20241010,-2,Rate36,拍拍贷,dpd,12,30,12,mob12_dpd30,api,拍拍贷#mob12_dpd30#api
10000487,1462,20241010,0,Bank,微众银行,dpd,12,60,12,mob12_dpd60,api,微众银行#mob12_dpd60#api
10000487,1462,20241010,0,Rate36,美团月付,dpd,12,60,12,mob12_dpd60,h5,美团月付#mob12_dpd60#h5
10000487,1463,20240417,0,Rate36,拍拍贷,fpd,,60,,fpd60,h5,拍拍贷#fpd60#h5
10000487,1463,20240417,0,Rate24,分期乐,dpd,12,30,12,mob12_dpd30,小程序,分期乐#mob12_dpd30#小程序
10000487,1463,20240417,0,Bank,微众银行,dpd,3,60,3,mob3_dpd60,京东白条,微众银行#mob3_dpd60#京东白条
10000488,1464,20240419,0,Bank,微众银行,fpd,,60,,fpd60,京东白条,微众银行#fpd60#京东白条
10000488,1465,20251113,0,Rate24,零钱罐,fpd,,60,,fpd60,小程序,零钱罐#fpd60#小程序
10000488,1465,20251113,1,Rate24,分期乐,dpd,9,60,9,mob9_dpd60,小程序,分期乐#mob9_dpd60#小程序
10000488,1465,20251113,0,Rate36,拍拍贷,dpd,3,60,3,mob3_dpd60,h5,拍拍贷#mob3_dpd60#h5
10000488,1466,20240503,0,Rate24,分期乐,dpd,3,30,3,mob3_dpd30,api,分期乐#mob3_dpd30#api
10000488,1466,20240503,0,Bank,微众银行,fpd,,60,,fpd60,api,微众银行#fpd60#api
10000489,1467,20250623,0,Rate24,零钱罐,dpd,6,30,6,mob6_dpd30,api,零钱罐#mob6_dpd30#api
10000489,1467,20250623,0,Bank,微众银行,dpd,12,30,12,mob12_dpd30,api,微众银行#mob12_dpd30#api
10000489,1468,20241227,0,Bank,微众银行,dpd,9,60,9,mob9_dpd60,京东白条,微众银行#mob9_dpd60#京东白条
10000489,1469,20250925,0,Rate24,零钱罐,dpd,3,30,3,mob3_dpd30,api,零钱罐#mob3_dpd30#api
10000490,1470,20240421,0,Rate24,分期乐,fpd,,60,,fpd60,api,分期乐#fpd60#api
10000490,1470,20240421,0,Bank,微众银行,fpd,,30,,fpd30,api,微众银行#fpd30#api
10000490,1470,20240421,0,Rate24,分期乐,fpd,,30,,fpd30,api,分期乐#fpd30#api
10000490,1471,20251212,0,Rate24,分期乐,dpd,3,30,3,mob3_dpd30,api,分期乐#mob3_dpd30#api
10000490,1471,20251212,0,Bank,微众银行,dpd,12,30,12,mob12_dpd30,api,微众银行#mob12_dpd30#api
10000490,1471,20251212,0,Rate36,拍拍贷,dpd,12,60,12,mob12_dpd60,api,拍拍贷#mob12_dpd60#api
10000490,1472,20250725,0,Bank,百信银行,dpd,3,30,3,mob3_dpd30,api,百信银行#mob3_dpd30#api
10000490,1472,20250725,0,Bank,百信银行,fpd,,30,,fpd30,京东白条,百信银行#fpd30#京东白条
10000491,1473,20250114,0,Rate24,分期乐,fpd,,30,,fpd30,小程序,分期乐#fpd30#小程序
10000491,1473,20250114,0,Rate36,拍拍贷,dpd,3,30,3,mob3_dpd30,api,拍拍贷#mob3_dpd30#api
10000491,1473,20250114,0,Rate36,拍拍贷,dpd,3,60,3,mob3_dpd60,h5,拍拍贷#mob3_dpd60#h5
10000491,1474,20240704,0,Rate24,分期乐,dpd,9,30,9,mob9_dpd30,api,分期乐#mob9_dpd30#api
10000491,1474,20240704,0,Rate36,美团月付,dpd,6,30,6,mob6_dpd30,api,美团月付#mob6_dpd30#api
10000491,1475,20260224,0,Rate36,美团月付,dpd,6,60,6,mob6_dpd60,api,美团月付#mob6_dpd60#api
10000491,1475,20260224,0,Rate24,分期乐,dpd,9,60,9,mob9_dpd60,小程序,分期乐#mob9_dpd60#小程序
10000491,1475,20260224,0,Rate24,零钱罐,dpd,6,60,6,mob6_dpd60,小程序,零钱罐#mob6_dpd60#小程序
10000492,1476,20241009,-2,Rate36,拍拍贷,dpd,12,60,12,mob12_dpd60,h5,拍拍贷#mob12_dpd60#h5
10000492,1477,20250227,1,Rate36,美团月付,fpd,,30,,fpd30,h5,美团月付#fpd30#h5
10000492,1477,20250227,0,Rate36,美团月付,dpd,3,30,3,mob3_dpd30,h5,美团月付#mob3_dpd30#h5
10000492,1477,20250227,0,Rate36,拍拍贷,fpd,,60,,fpd60,api,拍拍贷#fpd60#api
10000492,1478,20241211,0,Bank,微众银行,dpd,9,60,9,mob9_dpd60,api,微众银行#mob9_dpd60#api
10000493,1479,20240825,0,Rate36,美团月付,dpd,6,30,6,mob6_dpd30,api,美团月付#mob6_dpd30#api
10000493,1479,20240825,0,Rate24,分期乐,dpd,9,30,9,mob9_dpd30,小程序,分期乐#mob9_dpd30#小程序
10000493,1479,20240825,0,Rate36,拍拍贷,fpd,,60,,fpd60,h5,拍拍贷#fpd60#h5
10000493,1480,20241216,-2,Rate24,零钱罐,dpd,9,30,9,mob9_dpd30,api,零钱罐#mob9_dpd30#api
10000493,1481,20240614,0,Bank,百信银行,dpd,9,30,9,mob9_dpd30,api,百信银行#mob9_dpd30#api
10000493,1481,20240614,0,Bank,百信银行,dpd,12,30,12,mob12_dpd30,京东白条,百信银行#mob12_dpd30#京东白条
10000494,1482,20240309,0,Bank,微众银行,fpd,,60,,fpd60,京东白条,微众银行#fpd60#京东白条
10000494,1483,20240924,0,Rate36,拍拍贷,dpd,3,60,3,mob3_dpd60,api,拍拍贷#mob3_dpd60#api
10000494,1483,20240924,0,Rate36,拍拍贷,dpd,6,30,6,mob6_dpd30,h5,拍拍贷#mob6_dpd30#h5
10000494,1483,20240924,-2,Rate24,分期乐,dpd,9,30,9,mob9_dpd30,小程序,分期乐#mob9_dpd30#小程序
10000494,1484,20240502,1,Rate36,美团月付,dpd,12,60,12,mob12_dpd60,h5,美团月付#mob12_dpd60#h5
10000494,1484,20240502,1,Rate36,拍拍贷,dpd,6,30,6,mob6_dpd30,h5,拍拍贷#mob6_dpd30#h5
10000495,1485,20241214,0,Rate24,分期乐,dpd,3,30,3,mob3_dpd30,小程序,分期乐#mob3_dpd30#小程序
10000495,1486,20251111,0,Rate36,拍拍贷,fpd,,30,,fpd30,h5,拍拍贷#fpd30#h5
10000495,1486,20251111,0,Bank,百信银行,dpd,3,60,3,mob3_dpd60,京东白条,百信银行#mob3_dpd60#京东白条
10000495,1486,20251111,1,Rate36,美团月付,dpd,12,30,12,mob12_dpd30,api,美团月付#mob12_dpd30#api
10000495,1487,20240616,0,Rate36,拍拍贷,dpd,12,60,12,mob12_dpd60,h5,拍拍贷#mob12_dpd60#h5
10000496,1488,20240308,0,Rate36,拍拍贷,fpd,,30,,fpd30,api,拍拍贷#fpd30#api
10000496,1488,20240308,0,Rate36,拍拍贷,dpd,9,30,9,mob9_dpd30,api,拍拍贷#mob9_dpd30#api
10000496,1489,20240519,-2,Rate24,零钱罐,dpd,3,60,3,mob3_dpd60,小程序,零钱罐#mob3_dpd60#小程序
10000496,1489,20240519,0,Rate24,分期乐,dpd,3,60,3,mob3_dpd60,api,分期乐#mob3_dpd60#api
10000496,1490,20250311,0,Rate36,美团月付,dpd,12,30,12,mob12_dpd30,api,美团月付#mob12_dpd30#api
10000496,1490,20250311,1,Bank,微众银行,dpd,12,30,12,mob12_dpd30,api,微众银行#mob12_dpd30#api
10000497,1491,20240906,-2,Rate24,分期乐,fpd,,30,,fpd30,api,分期乐#fpd30#api
10000497,1491,20240906,1,Rate24,分期乐,dpd,12,60,12,mob12_dpd60,小程序,分期乐#mob12_dpd60#小程序
10000497,1491,20240906,0,Rate24,零钱罐,dpd,3,30,3,mob3_dpd30,小程序,零钱罐#mob3_dpd30#小程序
10000497,1492,20250206,0,Bank,微众银行,dpd,3,30,3,mob3_dpd30,京东白条,微众银行#mob3_dpd30#京东白条
10000497,1492,20250206,0,Bank,百信银行,dpd,9,60,9,mob9_dpd60,京东白条,百信银行#mob9_dpd60#京东白条
10000497,1493,20240320,0,Rate24,零钱罐,dpd,9,30,9,mob9_dpd30,api,零钱罐#mob9_dpd30#api
10000498,1494,20241008,0,Rate36,美团月付,dpd,9,30,9,mob9_dpd30,h5,美团月付#mob9_dpd30#h5
10000498,1494,20241008,-2,Rate36,拍拍贷,dpd,9,30,9,mob9_dpd30,api,拍拍贷#mob9_dpd30#api
10000498,1494,20241008,0,Rate36,拍拍贷,dpd,9,30,9,mob9_dpd30,h5,拍拍贷#mob9_dpd30#h5
10000498,1495,20241209,0,Rate24,分期乐,dpd,3,60,3,mob3_dpd60,api,分期乐#mob3_dpd60#api
10000498,1496,20250118,0,Rate36,拍拍贷,dpd,9,30,9,mob9_dpd30,api,拍拍贷#mob9_dpd30#api
10000498,1496,20250118,0,Rate24,分期乐,dpd,9,60,9,mob9_dpd60,api,分期乐#mob9_dpd60#api
10000499,1497,20250410,1,Rate24,零钱罐,dpd,3,60,3,mob3_dpd60,api,零钱罐#mob3_dpd60#api
10000499,1497,20250410,0,Rate24,分期乐,fpd,,30,,fpd30,小程序,分期乐#fpd30#小程序
10000499,1498,20250911,1,Rate24,零钱罐,dpd,6,60,6,mob6_dpd60,api,零钱罐#mob6_dpd60#api
10000499,1498,20250911,0,Rate36,拍拍贷,dpd,3,30,3,mob3_dpd30,h5,拍拍贷#mob3_dpd30#h5
10000499,1498,20250911,0,Rate36,拍拍贷,dpd,3,60,3,mob3_dpd60,h5,拍拍贷#mob3_dpd60#h5
10000499,1499,20250207,0,Rate24,分期乐,dpd,6,30,6,mob6_dpd30,小程序,分期乐#mob6_dpd30#小程序
10000499,1499,20250207,0,Bank,微众银行,fpd,,30,,fpd30,京东白条,微众银行#fpd30#京东白条
10000500,1500,20251110,-2,Rate36,拍拍贷,dpd,6,30,6,mob6_dpd30,api,拍拍贷#mob6_dpd30#api
10000500,1500,20251110,0,Rate36,拍拍贷,dpd,3,60,3,mob3_dpd60,api,拍拍贷#mob3_dpd60#api
10000500,1501,20250320,0,Rate24,分期乐,dpd,3,30,3,mob3_dpd30,小程序,分期乐#mob3_dpd30#小程序
10000500,1501,20250320,0,Rate36,拍拍贷,dpd,3,30,3,mob3_dpd30,h5,拍拍贷#mob3_dpd30#h5
10000500,1502,20240915,0,Rate36,美团月付,dpd,3,60,3,mob3_dpd60,h5,美团月付#mob3_dpd60#h5
10000501,1503,20240828,0,Rate36,拍拍贷,dpd,9,60,9,mob9_dpd60,api,拍拍贷#mob9_dpd60#api
10000501,1503,20240828,0,Bank,微众银行,dpd,9,30,9,mob9_dpd30,api,微众银行#mob9_dpd30#api
10000501,1503,20240828,0,Rate24,分期乐,fpd,,60,,fpd60,api,分期乐#fpd60#api
10000501,1504,20241022,0,Rate36,美团月付,fpd,,30,,fpd30,api,美团月付#fpd30#api
10000501,1504,20241022,0,Rate24,分期乐,dpd,3,30,3,mob3_dpd30,小程序,分期乐#mob3_dpd30#小程序
10000501,1505,20250501,0,Bank,百信银行,dpd,12,30,12,mob12_dpd30,api,百信银行#mob12_dpd30#api
10000501,1505,20250501,0,Rate36,拍拍贷,fpd,,60,,fpd60,api,拍拍贷#fpd60#api
10000501,1505,20250501,0,Bank,微众银行,dpd,6,60,6,mob6_dpd60,api,微众银行#mob6_dpd60#api
10000502,1506,20240811,0,Bank,百信银行,fpd,,30,,fpd30,京东白条,百信银行#fpd30#京东白条
10000502,1506,20240811,0,Rate24,分期乐,dpd,6,30,6,mob6_dpd30,api,分期乐#mob6_dpd30#api
10000502,1507,20251209,0,Bank,百信银行,fpd,,60,,fpd60,京东白条,百信银行#fpd60#京东白条
10000502,1507,20251209,0,Bank,微众银行,dpd,9,30,9,mob9_dpd30,京东白条,微众银行#mob9_dpd30#京东白条
10000502,1508,20250217,1,Rate36,拍拍贷,fpd,,30,,fpd30,h5,拍拍贷#fpd30#h5
10000502,1508,20250217,0,Rate24,零钱罐,dpd,6,60,6,mob6_dpd60,api,零钱罐#mob6_dpd60#api
10000503,1509,20251108,0,Rate36,拍拍贷,dpd,9,60,9,mob9_dpd60,api,拍拍贷#mob9_dpd60#api
10000503,1510,20250728,0,Bank,百信银行,fpd,,60,,fpd60,京东白条,百信银行#fpd60#京东白条
10000503,1510,20250728,0,Rate36,拍拍贷,dpd,9,60,9,mob9_dpd60,h5,拍拍贷#mob9_dpd60#h5
10000503,1511,20241109,1,Rate36,美团月付,fpd,,60,,fpd60,h5,美团月付#fpd60#h5
10000503,1511,20241109,0,Bank,微众银行,dpd,12,60,12,mob12_dpd60,api,微众银行#mob12_dpd60#api
10000504,1512,20240815,0,Bank,百信银行,dpd,12,60,12,mob12_dpd60,api,百信银行#mob12_dpd60#api
10000504,1512,20240815,0,Rate36,美团月付,dpd,3,60,3,mob3_dpd60,h5,美团月付#mob3_dpd60#h5
10000504,1513,20250804,0,Rate24,零钱罐,fpd,,30,,fpd30,api,零钱罐#fpd30#api
10000504,1513,20250804,-2,Bank,微众银行,dpd,6,30,6,mob6_dpd30,京东白条,微众银行#mob6_dpd30#京东白条
10000504,1513,20250804,0,Bank,微众银行,dpd,9,30,9,mob9_dpd30,京东白条,微众银行#mob9_dpd30#京东白条
10000504,1514,20241026,-2,Rate36,美团月付,dpd,3,60,3,mob3_dpd60,api,美团月付#mob3_dpd60#api
10000504,1514,20241026,0,Rate24,分期乐,dpd,12,60,12,mob12_dpd60,小程序,分期乐#mob12_dpd60#小程序
10000504,1514,20241026,0,Rate24,分期乐,dpd,6,30,6,mob6_dpd30,api,分期乐#mob6_dpd30#api
10000505,1515,20240826,0,Rate24,分期乐,dpd,6,30,6,mob6_dpd30,小程序,分期乐#mob6_dpd30#小程序
10000505,1516,20260123,0,Bank,微众银行,dpd,3,60,3,mob3_dpd60,京东白条,微众银行#mob3_dpd60#京东白条
10000505,1517,20250210,1,Rate36,美团月付,fpd,,60,,fpd60,h5,美团月付#fpd60#h5
10000505,1517,20250210,0,Bank,微众银行,dpd,12,30,12,mob12_dpd30,京东白条,微众银行#mob12_dpd30#京东白条
10000506,1518,20240402,0,Rate24,零钱罐,dpd,6,30,6,mob6_dpd30,小程序,零钱罐#mob6_dpd30#小程序
10000506,1518,20240402,1,Rate24,分期乐,dpd,6,60,6,mob6_dpd60,api,分期乐#mob6_dpd60#api
10000506,1519,20250220,1,Rate36,美团月付,dpd,3,30,3,mob3_dpd30,api,美团月付#mob3_dpd30#api
10000506,1519,20250220,0,Bank,百信银行,fpd,,60,,fpd60,京东白条,百信银行#fpd60#京东白条
10000506,1519,20250220,0,Bank,微众银行,dpd,6,60,6,mob6_dpd60,京东白条,微众银行#mob6_dpd60#京东白条
10000506,1520,20250213,0,Bank,百信银行,dpd,9,30,9,mob9_dpd30,api,百信银行#mob9_dpd30#api
10000506,1520,20250213,0,Rate36,美团月付,dpd,3,30,3,mob3_dpd30,h5,美团月付#mob3_dpd30#h5
10000506,1520,20250213,0,Bank,微众银行,fpd,,60,,fpd60,api,微众银行#fpd60#api
10000507,1521,20251128,-2,Bank,百信银行,fpd,,30,,fpd30,api,百信银行#fpd30#api
10000507,1521,20251128,0,Rate36,拍拍贷,dpd,12,30,12,mob12_dpd30,h5,拍拍贷#mob12_dpd30#h5
10000507,1522,20250820,0,Rate24,零钱罐,fpd,,60,,fpd60,api,零钱罐#fpd60#api
10000507,1522,20250820,0,Bank,微众银行,dpd,12,60,12,mob12_dpd60,api,微众银行#mob12_dpd60#api
10000507,1523,20240716,0,Bank,微众银行,dpd,3,60,3,mob3_dpd60,api,微众银行#mob3_dpd60#api
10000507,1523,20240716,1,Rate24,零钱罐,dpd,9,30,9,mob9_dpd30,小程序,零钱罐#mob9_dpd30#小程序
10000507,1523,20240716,-2,Bank,百信银行,dpd,12,30,12,mob12_dpd30,api,百信银行#mob12_dpd30#api
10000508,1524,20240628,0,Rate24,分期乐,dpd,9,60,9,mob9_dpd60,小程序,分期乐#mob9_dpd60#小程序
10000508,1524,20240628,0,Bank,微众银行,dpd,9,60,9,mob9_dpd60,api,微众银行#mob9_dpd60#api
10000508,1524,20240628,0,Rate24,分期乐,dpd,12,30,12,mob12_dpd30,api,分期乐#mob12_dpd30#api
10000508,1525,20250523,0,Bank,百信银行,fpd,,30,,fpd30,api,百信银行#fpd30#api
10000508,1525,20250523,0,Rate36,拍拍贷,fpd,,30,,fpd30,h5,拍拍贷#fpd30#h5
10000508,1526,20240413,0,Rate36,美团月付,dpd,6,60,6,mob6_dpd60,api,美团月付#mob6_dpd60#api
10000508,1526,20240413,0,Bank,微众银行,dpd,6,60,6,mob6_dpd60,京东白条,微众银行#mob6_dpd60#京东白条
10000508,1526,20240413,1,Rate36,美团月付,fpd,,30,,fpd30,h5,美团月付#fpd30#h5
10000509,1527,20241001,0,Rate24,分期乐,dpd,9,60,9,mob9_dpd60,小程序,分期乐#mob9_dpd60#小程序
10000509,1527,20241001,1,Rate36,拍拍贷,dpd,12,30,12,mob12_dpd30,h5,拍拍贷#mob12_dpd30#h5
10000509,1528,20240603,0,Rate36,美团月付,dpd,6,30,6,mob6_dpd30,h5,美团月付#mob6_dpd30#h5
10000509,1528,20240603,0,Rate36,美团月付,dpd,12,30,12,mob12_dpd30,h5,美团月付#mob12_dpd30#h5
10000509,1528,20240603,0,Rate36,美团月付,dpd,3,30,3,mob3_dpd30,h5,美团月付#mob3_dpd30#h5
10000509,1529,20240313,0,Rate36,拍拍贷,dpd,6,60,6,mob6_dpd60,api,拍拍贷#mob6_dpd60#api
10000509,1529,20240313,1,Rate36,美团月付,dpd,9,60,9,mob9_dpd60,h5,美团月付#mob9_dpd60#h5
10000510,1530,20260116,1,Bank,百信银行,fpd,,30,,fpd30,api,百信银行#fpd30#api
10000510,1530,20260116,0,Bank,微众银行,dpd,12,30,12,mob12_dpd30,api,微众银行#mob12_dpd30#api
10000510,1530,20260116,0,Bank,微众银行,dpd,6,60,6,mob6_dpd60,京东白条,微众银行#mob6_dpd60#京东白条
10000510,1531,20240501,0,Rate36,拍拍贷,dpd,6,30,6,mob6_dpd30,api,拍拍贷#mob6_dpd30#api
10000510,1531,20240501,0,Rate36,美团月付,fpd,,30,,fpd30,api,美团月付#fpd30#api
10000510,1532,20240304,0,Rate36,美团月付,dpd,12,30,12,mob12_dpd30,h5,美团月付#mob12_dpd30#h5
10000510,1532,20240304,0,Bank,百信银行,dpd,6,60,6,mob6_dpd60,京东白条,百信银行#mob6_dpd60#京东白条
10000510,1532,20240304,0,Rate36,拍拍贷,dpd,3,30,3,mob3_dpd30,h5,拍拍贷#mob3_dpd30#h5
10000511,1533,20260120,0,Bank,微众银行,fpd,,30,,fpd30,京东白条,微众银行#fpd30#京东白条
10000511,1533,20260120,0,Rate36,美团月付,dpd,9,30,9,mob9_dpd30,api,美团月付#mob9_dpd30#api
10000511,1534,20240722,0,Rate24,分期乐,dpd,9,60,9,mob9_dpd60,小程序,分期乐#mob9_dpd60#小程序
10000511,1535,20251001,0,Rate24,零钱罐,dpd,12,30,12,mob12_dpd30,小程序,零钱罐#mob12_dpd30#小程序
10000511,1535,20251001,1,Bank,微众银行,dpd,6,60,6,mob6_dpd60,api,微众银行#mob6_dpd60#api
10000511,1535,20251001,0,Rate36,拍拍贷,dpd,3,60,3,mob3_dpd60,api,拍拍贷#mob3_dpd60#api
10000512,1536,20240315,0,Rate24,分期乐,dpd,6,30,6,mob6_dpd30,小程序,分期乐#mob6_dpd30#小程序
10000512,1536,20240315,0,Rate24,分期乐,dpd,3,30,3,mob3_dpd30,小程序,分期乐#mob3_dpd30#小程序
10000512,1536,20240315,1,Rate36,美团月付,dpd,6,60,6,mob6_dpd60,h5,美团月付#mob6_dpd60#h5
10000512,1537,20240603,0,Rate24,分期乐,fpd,,60,,fpd60,api,分期乐#fpd60#api
10000512,1538,20240521,0,Rate36,美团月付,dpd,6,60,6,mob6_dpd60,h5,美团月付#mob6_dpd60#h5
10000512,1538,20240521,0,Rate36,美团月付,dpd,3,30,3,mob3_dpd30,h5,美团月付#mob3_dpd30#h5
10000513,1539,20250724,0,Rate24,分期乐,fpd,,60,,fpd60,api,分期乐#fpd60#api
10000513,1540,20250525,0,Rate36,拍拍贷,dpd,6,30,6,mob6_dpd30,h5,拍拍贷#mob6_dpd30#h5
10000513,1541,20250217,0,Rate36,美团月付,dpd,9,60,9,mob9_dpd60,h5,美团月付#mob9_dpd60#h5
10000513,1541,20250217,0,Bank,百信银行,dpd,3,60,3,mob3_dpd60,api,百信银行#mob3_dpd60#api
10000513,1541,20250217,0,Rate24,零钱罐,dpd,3,30,3,mob3_dpd30,小程序,零钱罐#mob3_dpd30#小程序
10000514,1542,20240818,0,Rate24,零钱罐,dpd,9,30,9,mob9_dpd30,小程序,零钱罐#mob9_dpd30#小程序
10000514,1542,20240818,0,Bank,百信银行,fpd,,60,,fpd60,api,百信银行#fpd60#api
10000514,1543,20240526,-2,Rate24,零钱罐,dpd,3,30,3,mob3_dpd30,小程序,零钱罐#mob3_dpd30#小程序
10000514,1543,20240526,0,Rate24,零钱罐,dpd,9,30,9,mob9_dpd30,小程序,零钱罐#mob9_dpd30#小程序
10000514,1544,20250418,0,Rate36,美团月付,fpd,,30,,fpd30,api,美团月付#fpd30#api
10000514,1544,20250418,0,Bank,微众银行,dpd,12,30,12,mob12_dpd30,京东白条,微众银行#mob12_dpd30#京东白条
10000515,1545,20240813,0,Rate24,零钱罐,dpd,6,60,6,mob6_dpd60,api,零钱罐#mob6_dpd60#api
10000515,1545,20240813,0,Rate36,拍拍贷,dpd,6,30,6,mob6_dpd30,api,拍拍贷#mob6_dpd30#api
10000515,1545,20240813,0,Bank,微众银行,fpd,,30,,fpd30,京东白条,微众银行#fpd30#京东白条
10000515,1546,20250522,0,Bank,百信银行,fpd,,60,,fpd60,京东白条,百信银行#fpd60#京东白条
10000515,1547,20250717,0,Bank,百信银行,dpd,9,30,9,mob9_dpd30,api,百信银行#mob9_dpd30#api
10000515,1547,20250717,0,Bank,百信银行,dpd,12,30,12,mob12_dpd30,api,百信银行#mob12_dpd30#api
10000515,1547,20250717,0,Bank,百信银行,dpd,6,60,6,mob6_dpd60,api,百信银行#mob6_dpd60#api
10000516,1548,20251124,0,Bank,百信银行,fpd,,60,,fpd60,api,百信银行#fpd60#api
10000516,1548,20251124,0,Bank,微众银行,dpd,9,60,9,mob9_dpd60,京东白条,微众银行#mob9_dpd60#京东白条
10000516,1549,20250215,0,Rate24,零钱罐,fpd,,30,,fpd30,api,零钱罐#fpd30#api
10000516,1550,20240325,1,Rate24,分期乐,dpd,9,60,9,mob9_dpd60,api,分期乐#mob9_dpd60#api
10000517,1551,20240902,0,Rate36,美团月付,dpd,6,30,6,mob6_dpd30,api,美团月付#mob6_dpd30#api
10000517,1552,20251102,0,Rate36,拍拍贷,dpd,12,60,12,mob12_dpd60,h5,拍拍贷#mob12_dpd60#h5
10000517,1553,20250303,0,Bank,微众银行,fpd,,30,,fpd30,api,微众银行#fpd30#api
10000517,1553,20250303,0,Rate36,美团月付,dpd,6,30,6,mob6_dpd30,h5,美团月付#mob6_dpd30#h5
10000518,1554,20250516,0,Rate24,零钱罐,fpd,,30,,fpd30,api,零钱罐#fpd30#api
10000518,1554,20250516,0,Rate36,美团月付,fpd,,30,,fpd30,api,美团月付#fpd30#api
10000518,1555,20250120,0,Rate36,拍拍贷,fpd,,30,,fpd30,api,拍拍贷#fpd30#api
10000518,1555,20250120,0,Bank,微众银行,dpd,9,30,9,mob9_dpd30,京东白条,微众银行#mob9_dpd30#京东白条
10000518,1556,20240607,0,Rate24,零钱罐,dpd,3,30,3,mob3_dpd30,小程序,零钱罐#mob3_dpd30#小程序
10000518,1556,20240607,0,Bank,微众银行,dpd,9,60,9,mob9_dpd60,api,微众银行#mob9_dpd60#api
10000518,1556,20240607,0,Bank,百信银行,dpd,3,60,3,mob3_dpd60,api,百信银行#mob3_dpd60#api
10000519,1557,20251205,0,Rate36,美团月付,dpd,3,60,3,mob3_dpd60,h5,美团月付#mob3_dpd60#h5
10000519,1558,20250925,0,Bank,微众银行,dpd,3,60,3,mob3_dpd60,api,微众银行#mob3_dpd60#api
10000519,1559,20260222,-2,Bank,百信银行,fpd,,60,,fpd60,api,百信银行#fpd60#api
10000519,1559,20260222,0,Rate24,零钱罐,dpd,9,60,9,mob9_dpd60,api,零钱罐#mob9_dpd60#api
10000519,1559,20260222,0,Bank,百信银行,dpd,6,30,6,mob6_dpd30,京东白条,百信银行#mob6_dpd30#京东白条
10000520,1560,20251119,1,Rate24,零钱罐,dpd,9,30,9,mob9_dpd30,api,零钱罐#mob9_dpd30#api
10000520,1560,20251119,0,Bank,百信银行,dpd,6,60,6,mob6_dpd60,京东白条,百信银行#mob6_dpd60#京东白条
10000520,1561,20240914,0,Rate24,零钱罐,dpd,6,60,6,mob6_dpd60,api,零钱罐#mob6_dpd60#api
10000520,1561,20240914,0,Bank,微众银行,dpd,12,30,12,mob12_dpd30,api,微众银行#mob12_dpd30#api
10000520,1562,20240912,0,Bank,微众银行,fpd,,60,,fpd60,api,微众银行#fpd60#api
10000520,1562,20240912,1,Rate36,美团月付,dpd,12,30,12,mob12_dpd30,h5,美团月付#mob12_dpd30#h5
10000521,1563,20240801,0,Rate24,分期乐,dpd,9,30,9,mob9_dpd30,小程序,分期乐#mob9_dpd30#小程序
10000521,1564,20260106,1,Rate36,拍拍贷,dpd,3,30,3,mob3_dpd30,api,拍拍贷#mob3_dpd30#api
10000521,1564,20260106,0,Bank,微众银行,dpd,9,60,9,mob9_dpd60,api,微众银行#mob9_dpd60#api
10000521,1565,20250426,0,Bank,百信银行,dpd,3,30,3,mob3_dpd30,京东白条,百信银行#mob3_dpd30#京东白条
10000521,1565,20250426,0,Bank,百信银行,dpd,3,30,3,mob3_dpd30,api,百信银行#mob3_dpd30#api
10000521,1565,20250426,0,Rate36,拍拍贷,dpd,3,30,3,mob3_dpd30,api,拍拍贷#mob3_dpd30#api
10000522,1566,20250110,0,Rate24,零钱罐,fpd,,30,,fpd30,小程序,零钱罐#fpd30#小程序
10000522,1566,20250110,0,Rate36,拍拍贷,dpd,3,30,3,mob3_dpd30,api,拍拍贷#mob3_dpd30#api
10000522,1566,20250110,0,Rate36,美团月付,dpd,9,30,9,mob9_dpd30,h5,美团月付#mob9_dpd30#h5
10000522,1567,20260220,0,Rate36,拍拍贷,fpd,,60,,fpd60,h5,拍拍贷#fpd60#h5
10000522,1567,20260220,-2,Bank,微众银行,dpd,3,30,3,mob3_dpd30,京东白条,微众银行#mob3_dpd30#京东白条
10000522,1568,20250520,1,Bank,百信银行,dpd,6,30,6,mob6_dpd30,京东白条,百信银行#mob6_dpd30#京东白条
10000523,1569,20251209,0,Rate24,零钱罐,dpd,6,30,6,mob6_dpd30,api,零钱罐#mob6_dpd30#api
10000523,1570,20260206,0,Rate24,分期乐,fpd,,60,,fpd60,小程序,分期乐#fpd60#小程序
10000523,1570,20260206,0,Rate36,美团月付,dpd,9,60,9,mob9_dpd60,api,美团月付#mob9_dpd60#api
10000523,1570,20260206,0,Bank,百信银行,dpd,12,30,12,mob12_dpd30,api,百信银行#mob12_dpd30#api
10000523,1571,20240420,0,Rate24,分期乐,dpd,3,30,3,mob3_dpd30,小程序,分期乐#mob3_dpd30#小程序
10000524,1572,20241103,1,Bank,百信银行,dpd,12,30,12,mob12_dpd30,京东白条,百信银行#mob12_dpd30#京东白条
10000524,1573,20250814,0,Rate24,零钱罐,dpd,3,30,3,mob3_dpd30,小程序,零钱罐#mob3_dpd30#小程序
10000524,1574,20251025,0,Rate24,零钱罐,dpd,12,30,12,mob12_dpd30,api,零钱罐#mob12_dpd30#api
10000524,1574,20251025,0,Bank,百信银行,fpd,,60,,fpd60,京东白条,百信银行#fpd60#京东白条
10000524,1574,20251025,0,Bank,微众银行,dpd,3,30,3,mob3_dpd30,京东白条,微众银行#mob3_dpd30#京东白条
10000525,1575,20240620,-2,Rate24,零钱罐,dpd,6,30,6,mob6_dpd30,api,零钱罐#mob6_dpd30#api
10000525,1575,20240620,-2,Bank,百信银行,dpd,6,60,6,mob6_dpd60,京东白条,百信银行#mob6_dpd60#京东白条
10000525,1575,20240620,0,Rate24,零钱罐,fpd,,30,,fpd30,小程序,零钱罐#fpd30#小程序
10000525,1576,20241022,0,Bank,百信银行,dpd,3,60,3,mob3_dpd60,api,百信银行#mob3_dpd60#api
10000525,1576,20241022,0,Rate36,拍拍贷,dpd,9,30,9,mob9_dpd30,api,拍拍贷#mob9_dpd30#api
10000525,1576,20241022,0,Rate24,零钱罐,fpd,,60,,fpd60,api,零钱罐#fpd60#api
10000525,1577,20250403,0,Rate36,美团月付,dpd,6,30,6,mob6_dpd30,h5,美团月付#mob6_dpd30#h5
10000525,1577,20250403,0,Bank,百信银行,fpd,,60,,fpd60,api,百信银行#fpd60#api
10000526,1578,20251006,0,Bank,百信银行,dpd,6,30,6,mob6_dpd30,京东白条,百信银行#mob6_dpd30#京东白条
10000526,1578,20251006,0,Rate24,零钱罐,dpd,12,30,12,mob12_dpd30,api,零钱罐#mob12_dpd30#api
10000526,1578,20251006,0,Rate24,零钱罐,dpd,9,30,9,mob9_dpd30,api,零钱罐#mob9_dpd30#api
10000526,1579,20240508,0,Bank,微众银行,dpd,12,30,12,mob12_dpd30,api,微众银行#mob12_dpd30#api
10000526,1579,20240508,-2,Bank,百信银行,dpd,9,60,9,mob9_dpd60,api,百信银行#mob9_dpd60#api
10000526,1580,20250509,0,Rate24,分期乐,dpd,12,60,12,mob12_dpd60,api,分期乐#mob12_dpd60#api
10000526,1580,20250509,0,Rate36,美团月付,dpd,9,30,9,mob9_dpd30,h5,美团月付#mob9_dpd30#h5
10000526,1580,20250509,0,Rate36,拍拍贷,dpd,6,60,6,mob6_dpd60,h5,拍拍贷#mob6_dpd60#h5
10000527,1581,20241006,0,Rate24,零钱罐,fpd,,30,,fpd30,api,零钱罐#fpd30#api
10000527,1581,20241006,0,Bank,微众银行,dpd,3,60,3,mob3_dpd60,api,微众银行#mob3_dpd60#api
10000527,1581,20241006,0,Rate36,拍拍贷,dpd,6,30,6,mob6_dpd30,h5,拍拍贷#mob6_dpd30#h5
10000527,1582,20240828,0,Bank,微众银行,dpd,12,30,12,mob12_dpd30,京东白条,微众银行#mob12_dpd30#京东白条
10000527,1582,20240828,0,Bank,百信银行,dpd,12,60,12,mob12_dpd60,api,百信银行#mob12_dpd60#api
10000527,1582,20240828,0,Rate36,美团月付,dpd,6,60,6,mob6_dpd60,h5,美团月付#mob6_dpd60#h5
10000527,1583,20250305,0,Bank,微众银行,dpd,9,30,9,mob9_dpd30,京东白条,微众银行#mob9_dpd30#京东白条
10000528,1584,20241220,0,Rate24,分期乐,dpd,12,60,12,mob12_dpd60,小程序,分期乐#mob12_dpd60#小程序
10000528,1585,20250617,0,Rate24,零钱罐,dpd,6,30,6,mob6_dpd30,小程序,零钱罐#mob6_dpd30#小程序
10000528,1585,20250617,0,Rate24,分期乐,dpd,3,30,3,mob3_dpd30,小程序,分期乐#mob3_dpd30#小程序
10000528,1585,20250617,0,Bank,百信银行,dpd,6,30,6,mob6_dpd30,京东白条,百信银行#mob6_dpd30#京东白条
10000528,1586,20241018,0,Rate24,零钱罐,dpd,12,30,12,mob12_dpd30,小程序,零钱罐#mob12_dpd30#小程序
10000529,1587,20251007,-2,Bank,百信银行,dpd,3,30,3,mob3_dpd30,api,百信银行#mob3_dpd30#api
10000529,1587,20251007,0,Rate36,美团月付,fpd,,30,,fpd30,api,美团月付#fpd30#api
10000529,1587,20251007,0,Bank,微众银行,fpd,,30,,fpd30,api,微众银行#fpd30#api
10000529,1588,20240409,0,Bank,微众银行,fpd,,30,,fpd30,api,微众银行#fpd30#api
10000529,1588,20240409,0,Rate36,拍拍贷,dpd,3,30,3,mob3_dpd30,h5,拍拍贷#mob3_dpd30#h5
10000529,1589,20251117,0,Rate24,分期乐,dpd,12,30,12,mob12_dpd30,api,分期乐#mob12_dpd30#api
10000530,1590,20240309,0,Bank,百信银行,dpd,6,30,6,mob6_dpd30,api,百信银行#mob6_dpd30#api
10000530,1590,20240309,0,Rate24,零钱罐,dpd,9,60,9,mob9_dpd60,api,零钱罐#mob9_dpd60#api
10000530,1590,20240309,0,Bank,百信银行,dpd,9,30,9,mob9_dpd30,api,百信银行#mob9_dpd30#api
10000530,1591,20250820,0,Rate36,拍拍贷,dpd,9,60,9,mob9_dpd60,api,拍拍贷#mob9_dpd60#api
10000530,1591,20250820,0,Rate24,零钱罐,fpd,,30,,fpd30,小程序,零钱罐#fpd30#小程序
10000530,1592,20241102,0,Bank,微众银行,dpd,3,60,3,mob3_dpd60,京东白条,微众银行#mob3_dpd60#京东白条
10000531,1593,20241203,0,Rate36,美团月付,dpd,9,30,9,mob9_dpd30,api,美团月付#mob9_dpd30#api
10000531,1593,20241203,0,Rate24,分期乐,dpd,6,30,6,mob6_dpd30,api,分期乐#mob6_dpd30#api
10000531,1593,20241203,0,Rate36,拍拍贷,dpd,9,30,9,mob9_dpd30,h5,拍拍贷#mob9_dpd30#h5
10000531,1594,20240321,0,Rate36,美团月付,dpd,12,30,12,mob12_dpd30,api,美团月付#mob12_dpd30#api
10000531,1594,20240321,1,Rate36,拍拍贷,fpd,,60,,fpd60,h5,拍拍贷#fpd60#h5
10000531,1594,20240321,0,Rate36,美团月付,dpd,3,60,3,mob3_dpd60,h5,美团月付#mob3_dpd60#h5
10000531,1595,20250718,0,Rate24,零钱罐,dpd,12,60,12,mob12_dpd60,小程序,零钱罐#mob12_dpd60#小程序
10000531,1595,20250718,0,Bank,百信银行,fpd,,60,,fpd60,api,百信银行#fpd60#api
10000532,1596,20240602,0,Rate36,美团月付,dpd,3,60,3,mob3_dpd60,h5,美团月付#mob3_dpd60#h5
10000532,1596,20240602,0,Rate36,美团月付,dpd,12,30,12,mob12_dpd30,h5,美团月付#mob12_dpd30#h5
10000532,1596,20240602,1,Rate24,分期乐,dpd,12,60,12,mob12_dpd60,api,分期乐#mob12_dpd60#api
10000532,1597,20250626,0,Rate36,拍拍贷,dpd,12,60,12,mob12_dpd60,h5,拍拍贷#mob12_dpd60#h5
10000532,1598,20250801,1,Rate36,美团月付,dpd,12,60,12,mob12_dpd60,api,美团月付#mob12_dpd60#api
10000532,1598,20250801,0,Rate24,分期乐,dpd,6,60,6,mob6_dpd60,api,分期乐#mob6_dpd60#api
10000532,1598,20250801,1,Rate36,美团月付,dpd,6,60,6,mob6_dpd60,api,美团月付#mob6_dpd60#api
10000533,1599,20251127,0,Rate36,美团月付,fpd,,30,,fpd30,api,美团月付#fpd30#api
10000533,1599,20251127,0,Rate24,分期乐,dpd,12,60,12,mob12_dpd60,小程序,分期乐#mob12_dpd60#小程序
10000533,1600,20250721,0,Rate24,分期乐,dpd,12,30,12,mob12_dpd30,api,分期乐#mob12_dpd30#api
10000533,1601,20241028,0,Bank,微众银行,dpd,3,30,3,mob3_dpd30,京东白条,微众银行#mob3_dpd30#京东白条
10000533,1601,20241028,0,Rate36,美团月付,dpd,3,60,3,mob3_dpd60,h5,美团月付#mob3_dpd60#h5
10000533,1601,20241028,0,Rate36,美团月付,dpd,9,30,9,mob9_dpd30,api,美团月付#mob9_dpd30#api
10000534,1602,20250827,-2,Rate24,零钱罐,dpd,3,60,3,mob3_dpd60,api,零钱罐#mob3_dpd60#api
10000534,1602,20250827,-2,Rate36,美团月付,dpd,3,30,3,mob3_dpd30,api,美团月付#mob3_dpd30#api
10000534,1602,20250827,1,Rate36,拍拍贷,dpd,6,60,6,mob6_dpd60,h5,拍拍贷#mob6_dpd60#h5
10000534,1603,20251009,0,Bank,百信银行,fpd,,30,,fpd30,京东白条,百信银行#fpd30#京东白条
10000534,1603,20251009,0,Rate24,零钱罐,fpd,,60,,fpd60,小程序,零钱罐#fpd60#小程序
10000534,1603,20251009,0,Rate36,美团月付,dpd,6,60,6,mob6_dpd60,api,美团月付#mob6_dpd60#api
10000534,1604,20241022,0,Rate36,拍拍贷,fpd,,30,,fpd30,api,拍拍贷#fpd30#api
10000534,1604,20241022,0,Rate36,拍拍贷,fpd,,30,,fpd30,h5,拍拍贷#fpd30#h5
10000535,1605,20240506,0,Rate24,分期乐,dpd,3,30,3,mob3_dpd30,api,分期乐#mob3_dpd30#api
10000535,1605,20240506,0,Rate24,分期乐,dpd,9,30,9,mob9_dpd30,小程序,分期乐#mob9_dpd30#小程序
10000535,1606,20251214,0,Bank,百信银行,dpd,3,60,3,mob3_dpd60,api,百信银行#mob3_dpd60#api
10000535,1606,20251214,0,Bank,微众银行,dpd,9,30,9,mob9_dpd30,京东白条,微众银行#mob9_dpd30#京东白条
10000535,1607,20240607,0,Rate36,美团月付,dpd,9,30,9,mob9_dpd30,api,美团月付#mob9_dpd30#api
10000536,1608,20250514,0,Rate24,零钱罐,dpd,3,30,3,mob3_dpd30,api,零钱罐#mob3_dpd30#api
10000536,1608,20250514,0,Rate24,零钱罐,dpd,6,30,6,mob6_dpd30,小程序,零钱罐#mob6_dpd30#小程序
10000536,1608,20250514,0,Rate36,拍拍贷,dpd,12,60,12,mob12_dpd60,api,拍拍贷#mob12_dpd60#api
10000536,1609,20240825,-2,Rate24,分期乐,dpd,12,30,12,mob12_dpd30,小程序,分期乐#mob12_dpd30#小程序
10000536,1610,20240613,-2,Rate24,分期乐,dpd,6,60,6,mob6_dpd60,api,分期乐#mob6_dpd60#api
10000536,1610,20240613,1,Bank,微众银行,dpd,12,30,12,mob12_dpd30,京东白条,微众银行#mob12_dpd30#京东白条
10000537,1611,20250903,0,Rate36,拍拍贷,dpd,6,60,6,mob6_dpd60,h5,拍拍贷#mob6_dpd60#h5
10000537,1611,20250903,0,Rate24,零钱罐,dpd,12,60,12,mob12_dpd60,api,零钱罐#mob12_dpd60#api
10000537,1612,20240610,0,Rate36,美团月付,fpd,,60,,fpd60,api,美团月付#fpd60#api
10000537,1612,20240610,0,Rate36,美团月付,fpd,,30,,fpd30,api,美团月付#fpd30#api
10000537,1612,20240610,0,Rate36,美团月付,dpd,12,30,12,mob12_dpd30,api,美团月付#mob12_dpd30#api
10000537,1613,20250723,0,Bank,微众银行,dpd,9,30,9,mob9_dpd30,api,微众银行#mob9_dpd30#api
10000537,1613,20250723,0,Rate24,零钱罐,dpd,3,60,3,mob3_dpd60,api,零钱罐#mob3_dpd60#api
10000538,1614,20250715,0,Bank,百信银行,dpd,9,30,9,mob9_dpd30,api,百信银行#mob9_dpd30#api
10000538,1614,20250715,0,Bank,微众银行,fpd,,30,,fpd30,京东白条,微众银行#fpd30#京东白条
10000538,1615,20240416,0,Bank,百信银行,dpd,6,60,6,mob6_dpd60,京东白条,百信银行#mob6_dpd60#京东白条
10000538,1615,20240416,1,Rate36,拍拍贷,fpd,,60,,fpd60,api,拍拍贷#fpd60#api
10000538,1615,20240416,-2,Rate24,分期乐,dpd,12,60,12,mob12_dpd60,api,分期乐#mob12_dpd60#api
10000538,1616,20240713,-2,Rate36,美团月付,dpd,3,30,3,mob3_dpd30,h5,美团月付#mob3_dpd30#h5
10000538,1616,20240713,0,Rate24,零钱罐,dpd,3,30,3,mob3_dpd30,api,零钱罐#mob3_dpd30#api
10000539,1617,20251009,0,Bank,百信银行,dpd,6,60,6,mob6_dpd60,api,百信银行#mob6_dpd60#api
10000539,1617,20251009,1,Rate36,美团月付,dpd,12,60,12,mob12_dpd60,h5,美团月付#mob12_dpd60#h5
10000539,1617,20251009,0,Rate36,拍拍贷,dpd,6,60,6,mob6_dpd60,h5,拍拍贷#mob6_dpd60#h5
10000539,1618,20250317,1,Rate36,美团月付,dpd,9,30,9,mob9_dpd30,h5,美团月付#mob9_dpd30#h5
10000539,1618,20250317,0,Rate24,分期乐,dpd,3,30,3,mob3_dpd30,api,分期乐#mob3_dpd30#api
10000539,1619,20240518,0,Bank,百信银行,dpd,3,30,3,mob3_dpd30,api,百信银行#mob3_dpd30#api
10000540,1620,20260226,0,Bank,微众银行,dpd,9,30,9,mob9_dpd30,api,微众银行#mob9_dpd30#api
10000540,1620,20260226,-2,Rate36,拍拍贷,fpd,,30,,fpd30,api,拍拍贷#fpd30#api
10000540,1621,20240918,0,Bank,微众银行,dpd,12,30,12,mob12_dpd30,api,微众银行#mob12_dpd30#api
10000540,1621,20240918,0,Bank,微众银行,dpd,6,30,6,mob6_dpd30,api,微众银行#mob6_dpd30#api
10000540,1621,20240918,1,Rate36,美团月付,dpd,12,60,12,mob12_dpd60,api,美团月付#mob12_dpd60#api
10000540,1622,20240328,0,Rate36,拍拍贷,dpd,3,30,3,mob3_dpd30,api,拍拍贷#mob3_dpd30#api
10000540,1622,20240328,0,Bank,百信银行,dpd,6,30,6,mob6_dpd30,京东白条,百信银行#mob6_dpd30#京东白条
10000540,1622,20240328,0,Bank,微众银行,dpd,12,30,12,mob12_dpd30,京东白条,微众银行#mob12_dpd30#京东白条
10000541,1623,20260124,1,Bank,百信银行,fpd,,30,,fpd30,京东白条,百信银行#fpd30#京东白条
10000541,1623,20260124,0,Rate36,美团月付,dpd,12,30,12,mob12_dpd30,api,美团月付#mob12_dpd30#api
10000541,1624,20240303,0,Rate24,分期乐,dpd,12,30,12,mob12_dpd30,api,分期乐#mob12_dpd30#api
10000541,1625,20250411,1,Bank,微众银行,fpd,,60,,fpd60,京东白条,微众银行#fpd60#京东白条
10000541,1625,20250411,-2,Bank,百信银行,dpd,12,30,12,mob12_dpd30,京东白条,百信银行#mob12_dpd30#京东白条
10000542,1626,20260211,1,Rate36,拍拍贷,fpd,,60,,fpd60,h5,拍拍贷#fpd60#h5
10000542,1627,20250401,0,Rate36,拍拍贷,dpd,12,30,12,mob12_dpd30,h5,拍拍贷#mob12_dpd30#h5
10000542,1627,20250401,-2,Rate24,分期乐,dpd,3,60,3,mob3_dpd60,api,分期乐#mob3_dpd60#api
10000542,1627,20250401,0,Bank,微众银行,dpd,3,30,3,mob3_dpd30,京东白条,微众银行#mob3_dpd30#京东白条
10000542,1628,20250506,0,Rate36,拍拍贷,dpd,3,60,3,mob3_dpd60,api,拍拍贷#mob3_dpd60#api
10000543,1629,20241222,0,Bank,微众银行,dpd,12,60,12,mob12_dpd60,api,微众银行#mob12_dpd60#api
10000543,1629,20241222,0,Bank,微众银行,dpd,9,30,9,mob9_dpd30,京东白条,微众银行#mob9_dpd30#京东白条
10000543,1629,20241222,0,Rate36,美团月付,dpd,3,60,3,mob3_dpd60,api,美团月付#mob3_dpd60#api
10000543,1630,20240610,1,Rate24,分期乐,dpd,9,60,9,mob9_dpd60,小程序,分期乐#mob9_dpd60#小程序
10000543,1630,20240610,0,Rate24,零钱罐,dpd,3,60,3,mob3_dpd60,api,零钱罐#mob3_dpd60#api
10000543,1630,20240610,0,Bank,微众银行,dpd,3,30,3,mob3_dpd30,京东白条,微众银行#mob3_dpd30#京东白条
10000543,1631,20250405,1,Rate24,零钱罐,dpd,6,30,6,mob6_dpd30,api,零钱罐#mob6_dpd30#api
10000544,1632,20251209,0,Rate24,分期乐,dpd,6,60,6,mob6_dpd60,小程序,分期乐#mob6_dpd60#小程序
10000544,1632,20251209,0,Rate36,美团月付,dpd,9,30,9,mob9_dpd30,api,美团月付#mob9_dpd30#api
10000544,1632,20251209,0,Bank,微众银行,dpd,6,60,6,mob6_dpd60,京东白条,微众银行#mob6_dpd60#京东白条
10000544,1633,20240508,0,Rate36,美团月付,dpd,9,60,9,mob9_dpd60,api,美团月付#mob9_dpd60#api
10000544,1633,20240508,0,Rate24,分期乐,dpd,12,30,12,mob12_dpd30,小程序,分期乐#mob12_dpd30#小程序
10000544,1634,20251205,0,Bank,百信银行,fpd,,30,,fpd30,api,百信银行#fpd30#api
10000545,1635,20241203,-2,Rate24,分期乐,dpd,12,60,12,mob12_dpd60,小程序,分期乐#mob12_dpd60#小程序
10000545,1636,20250322,1,Bank,微众银行,fpd,,60,,fpd60,api,微众银行#fpd60#api
10000545,1636,20250322,0,Rate36,拍拍贷,dpd,12,60,12,mob12_dpd60,api,拍拍贷#mob12_dpd60#api
10000545,1636,20250322,1,Bank,微众银行,dpd,12,30,12,mob12_dpd30,京东白条,微众银行#mob12_dpd30#京东白条
10000545,1637,20240624,-2,Rate24,零钱罐,dpd,9,60,9,mob9_dpd60,api,零钱罐#mob9_dpd60#api
10000546,1638,20250514,0,Bank,微众银行,dpd,6,60,6,mob6_dpd60,京东白条,微众银行#mob6_dpd60#京东白条
10000546,1638,20250514,0,Rate24,零钱罐,dpd,6,30,6,mob6_dpd30,api,零钱罐#mob6_dpd30#api
10000546,1638,20250514,0,Bank,微众银行,dpd,9,60,9,mob9_dpd60,api,微众银行#mob9_dpd60#api
10000546,1639,20240718,-2,Bank,百信银行,dpd,3,30,3,mob3_dpd30,api,百信银行#mob3_dpd30#api
10000546,1640,20240926,0,Rate36,美团月付,dpd,9,30,9,mob9_dpd30,h5,美团月付#mob9_dpd30#h5
10000546,1640,20240926,-2,Bank,百信银行,fpd,,60,,fpd60,api,百信银行#fpd60#api
10000546,1640,20240926,0,Rate24,零钱罐,dpd,6,30,6,mob6_dpd30,api,零钱罐#mob6_dpd30#api
10000547,1641,20250824,0,Bank,百信银行,fpd,,30,,fpd30,api,百信银行#fpd30#api
10000547,1641,20250824,0,Rate36,美团月付,dpd,6,60,6,mob6_dpd60,h5,美团月付#mob6_dpd60#h5
10000547,1641,20250824,0,Rate36,美团月付,fpd,,30,,fpd30,api,美团月付#fpd30#api
10000547,1642,20240401,0,Bank,百信银行,dpd,12,60,12,mob12_dpd60,api,百信银行#mob12_dpd60#api
10000547,1642,20240401,0,Rate24,分期乐,dpd,3,60,3,mob3_dpd60,api,分期乐#mob3_dpd60#api
10000547,1642,20240401,0,Rate36,美团月付,dpd,9,60,9,mob9_dpd60,api,美团月付#mob9_dpd60#api
10000547,1643,20250127,0,Rate36,拍拍贷,fpd,,30,,fpd30,api,拍拍贷#fpd30#api
10000548,1644,20250502,0,Bank,百信银行,dpd,12,60,12,mob12_dpd60,京东白条,百信银行#mob12_dpd60#京东白条
10000548,1644,20250502,0,Bank,微众银行,dpd,9,30,9,mob9_dpd30,京东白条,微众银行#mob9_dpd30#京东白条
10000548,1644,20250502,-2,Rate36,美团月付,dpd,12,30,12,mob12_dpd30,api,美团月付#mob12_dpd30#api
10000548,1645,20240601,1,Rate36,拍拍贷,fpd,,60,,fpd60,h5,拍拍贷#fpd60#h5
10000548,1645,20240601,0,Bank,微众银行,dpd,9,60,9,mob9_dpd60,京东白条,微众银行#mob9_dpd60#京东白条
10000548,1645,20240601,0,Bank,百信银行,dpd,6,30,6,mob6_dpd30,api,百信银行#mob6_dpd30#api
10000548,1646,20241012,0,Bank,百信银行,fpd,,60,,fpd60,api,百信银行#fpd60#api
10000548,1646,20241012,0,Rate24,零钱罐,dpd,3,60,3,mob3_dpd60,api,零钱罐#mob3_dpd60#api
10000548,1646,20241012,0,Rate36,拍拍贷,dpd,9,60,9,mob9_dpd60,api,拍拍贷#mob9_dpd60#api
10000549,1647,20241121,0,Rate36,拍拍贷,fpd,,30,,fpd30,h5,拍拍贷#fpd30#h5
10000549,1647,20241121,0,Rate24,零钱罐,dpd,6,30,6,mob6_dpd30,小程序,零钱罐#mob6_dpd30#小程序
10000549,1648,20250603,0,Rate36,美团月付,dpd,3,60,3,mob3_dpd60,api,美团月付#mob3_dpd60#api
10000549,1648,20250603,0,Bank,百信银行,dpd,12,60,12,mob12_dpd60,api,百信银行#mob12_dpd60#api
10000549,1648,20250603,1,Bank,百信银行,fpd,,30,,fpd30,api,百信银行#fpd30#api
10000549,1649,20260209,1,Bank,微众银行,dpd,6,60,6,mob6_dpd60,京东白条,微众银行#mob6_dpd60#京东白条
10000549,1649,20260209,0,Rate36,拍拍贷,dpd,9,30,9,mob9_dpd30,h5,拍拍贷#mob9_dpd30#h5
10000550,1650,20251108,0,Bank,百信银行,dpd,9,60,9,mob9_dpd60,京东白条,百信银行#mob9_dpd60#京东白条
10000550,1651,20240712,0,Bank,百信银行,dpd,6,30,6,mob6_dpd30,api,百信银行#mob6_dpd30#api
10000550,1652,20240328,1,Bank,百信银行,dpd,12,60,12,mob12_dpd60,京东白条,百信银行#mob12_dpd60#京东白条
10000550,1652,20240328,-2,Rate24,零钱罐,dpd,3,60,3,mob3_dpd60,小程序,零钱罐#mob3_dpd60#小程序
10000551,1653,20240410,0,Bank,微众银行,fpd,,30,,fpd30,api,微众银行#fpd30#api
10000551,1654,20250506,0,Rate24,零钱罐,dpd,12,30,12,mob12_dpd30,小程序,零钱罐#mob12_dpd30#小程序
10000551,1654,20250506,0,Rate24,零钱罐,dpd,6,60,6,mob6_dpd60,小程序,零钱罐#mob6_dpd60#小程序
10000551,1654,20250506,0,Rate24,分期乐,dpd,6,30,6,mob6_dpd30,小程序,分期乐#mob6_dpd30#小程序
10000551,1655,20240604,0,Bank,微众银行,dpd,6,60,6,mob6_dpd60,京东白条,微众银行#mob6_dpd60#京东白条
10000552,1656,20240806,0,Rate24,分期乐,dpd,9,60,9,mob9_dpd60,api,分期乐#mob9_dpd60#api
10000552,1656,20240806,0,Rate24,零钱罐,dpd,6,30,6,mob6_dpd30,api,零钱罐#mob6_dpd30#api
10000552,1657,20251104,1,Rate36,美团月付,dpd,12,30,12,mob12_dpd30,h5,美团月付#mob12_dpd30#h5
10000552,1658,20251117,0,Rate36,拍拍贷,dpd,9,60,9,mob9_dpd60,h5,拍拍贷#mob9_dpd60#h5
10000552,1658,20251117,0,Rate36,美团月付,dpd,6,30,6,mob6_dpd30,h5,美团月付#mob6_dpd30#h5
10000553,1659,20251112,0,Rate24,零钱罐,fpd,,30,,fpd30,小程序,零钱罐#fpd30#小程序
10000553,1659,20251112,1,Bank,百信银行,dpd,6,30,6,mob6_dpd30,京东白条,百信银行#mob6_dpd30#京东白条
10000553,1660,20240914,0,Bank,微众银行,dpd,9,60,9,mob9_dpd60,京东白条,微众银行#mob9_dpd60#京东白条
10000553,1660,20240914,0,Bank,百信银行,dpd,6,60,6,mob6_dpd60,京东白条,百信银行#mob6_dpd60#京东白条
10000553,1661,20250524,0,Rate24,零钱罐,dpd,12,60,12,mob12_dpd60,api,零钱罐#mob12_dpd60#api
10000554,1662,20250517,0,Bank,百信银行,dpd,12,30,12,mob12_dpd30,京东白条,百信银行#mob12_dpd30#京东白条
10000554,1663,20240705,0,Rate36,美团月付,fpd,,30,,fpd30,api,美团月付#fpd30#api
10000554,1663,20240705,0,Rate36,拍拍贷,dpd,3,60,3,mob3_dpd60,h5,拍拍贷#mob3_dpd60#h5
10000554,1663,20240705,-2,Bank,微众银行,fpd,,30,,fpd30,api,微众银行#fpd30#api
10000554,1664,20250411,1,Rate24,分期乐,dpd,6,60,6,mob6_dpd60,小程序,分期乐#mob6_dpd60#小程序
10000554,1664,20250411,0,Rate24,分期乐,dpd,9,60,9,mob9_dpd60,api,分期乐#mob9_dpd60#api
10000554,1664,20250411,0,Bank,微众银行,dpd,6,30,6,mob6_dpd30,api,微众银行#mob6_dpd30#api
10000555,1665,20250309,0,Bank,微众银行,dpd,3,30,3,mob3_dpd30,api,微众银行#mob3_dpd30#api
10000555,1665,20250309,0,Bank,微众银行,dpd,9,30,9,mob9_dpd30,api,微众银行#mob9_dpd30#api
10000555,1666,20241224,0,Bank,微众银行,dpd,3,60,3,mob3_dpd60,京东白条,微众银行#mob3_dpd60#京东白条
10000555,1666,20241224,0,Rate36,拍拍贷,dpd,9,30,9,mob9_dpd30,h5,拍拍贷#mob9_dpd30#h5
10000555,1667,20250909,0,Rate24,零钱罐,fpd,,30,,fpd30,小程序,零钱罐#fpd30#小程序
10000556,1668,20250704,0,Rate24,分期乐,dpd,9,60,9,mob9_dpd60,小程序,分期乐#mob9_dpd60#小程序
10000556,1668,20250704,0,Rate36,美团月付,dpd,9,60,9,mob9_dpd60,h5,美团月付#mob9_dpd60#h5
10000556,1668,20250704,1,Rate24,分期乐,dpd,6,60,6,mob6_dpd60,小程序,分期乐#mob6_dpd60#小程序
10000556,1669,20250321,1,Rate36,拍拍贷,fpd,,60,,fpd60,h5,拍拍贷#fpd60#h5
10000556,1669,20250321,0,Rate36,拍拍贷,dpd,12,60,12,mob12_dpd60,h5,拍拍贷#mob12_dpd60#h5
10000556,1669,20250321,-2,Rate36,美团月付,dpd,9,30,9,mob9_dpd30,api,美团月付#mob9_dpd30#api
10000556,1670,20250812,0,Rate36,拍拍贷,dpd,12,30,12,mob12_dpd30,api,拍拍贷#mob12_dpd30#api
10000556,1670,20250812,0,Rate24,零钱罐,fpd,,60,,fpd60,api,零钱罐#fpd60#api
10000557,1671,20250903,0,Rate24,零钱罐,dpd,9,30,9,mob9_dpd30,小程序,零钱罐#mob9_dpd30#小程序
10000557,1672,20250420,1,Bank,百信银行,dpd,9,60,9,mob9_dpd60,京东白条,百信银行#mob9_dpd60#京东白条
10000557,1672,20250420,0,Rate36,美团月付,fpd,,30,,fpd30,h5,美团月付#fpd30#h5
10000557,1672,20250420,0,Bank,微众银行,dpd,3,30,3,mob3_dpd30,京东白条,微众银行#mob3_dpd30#京东白条
10000557,1673,20240906,0,Rate24,零钱罐,dpd,6,60,6,mob6_dpd60,api,零钱罐#mob6_dpd60#api
10000557,1673,20240906,0,Rate36,美团月付,dpd,9,60,9,mob9_dpd60,h5,美团月付#mob9_dpd60#h5
10000558,1674,20250925,0,Rate24,零钱罐,dpd,3,30,3,mob3_dpd30,api,零钱罐#mob3_dpd30#api
10000558,1674,20250925,0,Bank,微众银行,dpd,6,30,6,mob6_dpd30,api,微众银行#mob6_dpd30#api
10000558,1674,20250925,1,Rate36,拍拍贷,dpd,9,60,9,mob9_dpd60,api,拍拍贷#mob9_dpd60#api
10000558,1675,20250824,-2,Rate24,分期乐,fpd,,30,,fpd30,api,分期乐#fpd30#api
10000558,1675,20250824,0,Rate24,零钱罐,dpd,3,60,3,mob3_dpd60,小程序,零钱罐#mob3_dpd60#小程序
10000558,1675,20250824,0,Rate24,零钱罐,fpd,,60,,fpd60,api,零钱罐#fpd60#api
10000558,1676,20260211,0,Rate36,拍拍贷,dpd,9,30,9,mob9_dpd30,h5,拍拍贷#mob9_dpd30#h5
10000558,1676,20260211,0,Rate36,拍拍贷,dpd,12,30,12,mob12_dpd30,h5,拍拍贷#mob12_dpd30#h5
10000559,1677,20240616,-2,Bank,微众银行,dpd,12,30,12,mob12_dpd30,api,微众银行#mob12_dpd30#api
10000559,1677,20240616,0,Bank,百信银行,fpd,,30,,fpd30,api,百信银行#fpd30#api
10000559,1678,20250116,1,Rate24,分期乐,fpd,,60,,fpd60,api,分期乐#fpd60#api
10000559,1678,20250116,0,Rate24,零钱罐,dpd,9,60,9,mob9_dpd60,小程序,零钱罐#mob9_dpd60#小程序
10000559,1679,20260119,0,Rate24,分期乐,dpd,9,60,9,mob9_dpd60,api,分期乐#mob9_dpd60#api
10000559,1679,20260119,0,Rate24,零钱罐,dpd,12,30,12,mob12_dpd30,api,零钱罐#mob12_dpd30#api
10000560,1680,20250302,0,Bank,微众银行,dpd,3,60,3,mob3_dpd60,api,微众银行#mob3_dpd60#api
10000560,1680,20250302,0,Rate36,拍拍贷,dpd,12,30,12,mob12_dpd30,h5,拍拍贷#mob12_dpd30#h5
10000560,1680,20250302,0,Rate24,分期乐,fpd,,60,,fpd60,api,分期乐#fpd60#api
10000560,1681,20260110,0,Bank,百信银行,dpd,6,30,6,mob6_dpd30,京东白条,百信银行#mob6_dpd30#京东白条
10000560,1681,20260110,0,Bank,微众银行,fpd,,30,,fpd30,api,微众银行#fpd30#api
10000560,1681,20260110,0,Rate24,零钱罐,dpd,6,60,6,mob6_dpd60,api,零钱罐#mob6_dpd60#api
10000560,1682,20240305,0,Bank,百信银行,dpd,9,60,9,mob9_dpd60,京东白条,百信银行#mob9_dpd60#京东白条
10000560,1682,20240305,0,Rate24,零钱罐,fpd,,30,,fpd30,小程序,零钱罐#fpd30#小程序
10000561,1683,20240320,-2,Rate36,拍拍贷,fpd,,30,,fpd30,h5,拍拍贷#fpd30#h5
10000561,1683,20240320,0,Rate36,美团月付,dpd,6,60,6,mob6_dpd60,api,美团月付#mob6_dpd60#api
10000561,1683,20240320,0,Rate24,零钱罐,dpd,12,30,12,mob12_dpd30,小程序,零钱罐#mob12_dpd30#小程序
10000561,1684,20251002,0,Bank,百信银行,dpd,9,30,9,mob9_dpd30,api,百信银行#mob9_dpd30#api
10000561,1684,20251002,0,Rate36,拍拍贷,dpd,12,30,12,mob12_dpd30,api,拍拍贷#mob12_dpd30#api
10000561,1684,20251002,0,Rate24,零钱罐,dpd,12,30,12,mob12_dpd30,小程序,零钱罐#mob12_dpd30#小程序
10000561,1685,20241115,0,Rate36,美团月付,dpd,3,30,3,mob3_dpd30,h5,美团月付#mob3_dpd30#h5
10000561,1685,20241115,0,Rate36,拍拍贷,fpd,,60,,fpd60,h5,拍拍贷#fpd60#h5
10000561,1685,20241115,-2,Rate36,美团月付,dpd,12,30,12,mob12_dpd30,api,美团月付#mob12_dpd30#api
10000562,1686,20250321,1,Rate36,美团月付,dpd,12,60,12,mob12_dpd60,h5,美团月付#mob12_dpd60#h5
10000562,1686,20250321,1,Rate36,拍拍贷,dpd,3,60,3,mob3_dpd60,api,拍拍贷#mob3_dpd60#api
10000562,1686,20250321,0,Rate24,零钱罐,dpd,6,30,6,mob6_dpd30,小程序,零钱罐#mob6_dpd30#小程序
10000562,1687,20250127,0,Rate24,分期乐,dpd,12,60,12,mob12_dpd60,小程序,分期乐#mob12_dpd60#小程序
10000562,1687,20250127,0,Bank,微众银行,dpd,12,30,12,mob12_dpd30,京东白条,微众银行#mob12_dpd30#京东白条
10000562,1687,20250127,0,Rate36,拍拍贷,dpd,9,30,9,mob9_dpd30,h5,拍拍贷#mob9_dpd30#h5
10000562,1688,20241209,0,Rate36,美团月付,fpd,,60,,fpd60,api,美团月付#fpd60#api
10000562,1688,20241209,0,Rate36,美团月付,dpd,6,30,6,mob6_dpd30,h5,美团月付#mob6_dpd30#h5
10000563,1689,20260101,0,Rate36,美团月付,fpd,,30,,fpd30,api,美团月付#fpd30#api
10000563,1690,20240521,0,Rate24,零钱罐,dpd,3,30,3,mob3_dpd30,小程序,零钱罐#mob3_dpd30#小程序
10000563,1691,20250901,0,Rate24,零钱罐,dpd,3,30,3,mob3_dpd30,小程序,零钱罐#mob3_dpd30#小程序
10000563,1691,20250901,0,Rate36,美团月付,dpd,6,60,6,mob6_dpd60,api,美团月付#mob6_dpd60#api
10000563,1691,20250901,0,Rate36,美团月付,dpd,12,30,12,mob12_dpd30,h5,美团月付#mob12_dpd30#h5
10000564,1692,20251202,0,Rate24,零钱罐,dpd,6,60,6,mob6_dpd60,api,零钱罐#mob6_dpd60#api
10000564,1693,20250628,0,Bank,百信银行,dpd,6,60,6,mob6_dpd60,api,百信银行#mob6_dpd60#api
10000564,1693,20250628,0,Rate36,美团月付,dpd,9,60,9,mob9_dpd60,api,美团月付#mob9_dpd60#api
10000564,1693,20250628,0,Bank,微众银行,fpd,,30,,fpd30,京东白条,微众银行#fpd30#京东白条
10000564,1694,20241225,0,Rate36,美团月付,fpd,,60,,fpd60,h5,美团月付#fpd60#h5
10000564,1694,20241225,0,Rate36,美团月付,dpd,3,30,3,mob3_dpd30,api,美团月付#mob3_dpd30#api
10000564,1694,20241225,0,Rate36,拍拍贷,dpd,9,30,9,mob9_dpd30,api,拍拍贷#mob9_dpd30#api
10000565,1695,20240620,0,Rate24,零钱罐,dpd,6,60,6,mob6_dpd60,小程序,零钱罐#mob6_dpd60#小程序
10000565,1695,20240620,0,Rate24,零钱罐,dpd,9,30,9,mob9_dpd30,api,零钱罐#mob9_dpd30#api
10000565,1696,20250724,0,Bank,百信银行,dpd,6,30,6,mob6_dpd30,api,百信银行#mob6_dpd30#api
10000565,1696,20250724,0,Rate36,美团月付,fpd,,30,,fpd30,h5,美团月付#fpd30#h5
10000565,1697,20250203,0,Bank,百信银行,dpd,6,60,6,mob6_dpd60,京东白条,百信银行#mob6_dpd60#京东白条
10000565,1697,20250203,0,Rate24,分期乐,dpd,3,30,3,mob3_dpd30,小程序,分期乐#mob3_dpd30#小程序
10000565,1697,20250203,1,Rate36,拍拍贷,dpd,9,60,9,mob9_dpd60,h5,拍拍贷#mob9_dpd60#h5
10000566,1698,20240603,0,Rate24,分期乐,dpd,3,30,3,mob3_dpd30,api,分期乐#mob3_dpd30#api
10000566,1698,20240603,0,Rate24,零钱罐,dpd,6,30,6,mob6_dpd30,小程序,零钱罐#mob6_dpd30#小程序
10000566,1698,20240603,0,Bank,百信银行,dpd,3,30,3,mob3_dpd30,api,百信银行#mob3_dpd30#api
10000566,1699,20241109,0,Bank,百信银行,dpd,12,60,12,mob12_dpd60,api,百信银行#mob12_dpd60#api
10000566,1700,20260201,0,Rate36,拍拍贷,dpd,12,30,12,mob12_dpd30,api,拍拍贷#mob12_dpd30#api
10000566,1700,20260201,1,Bank,百信银行,dpd,3,30,3,mob3_dpd30,api,百信银行#mob3_dpd30#api
10000567,1701,20240925,0,Bank,微众银行,dpd,6,30,6,mob6_dpd30,api,微众银行#mob6_dpd30#api
10000567,1701,20240925,0,Bank,微众银行,dpd,9,60,9,mob9_dpd60,api,微众银行#mob9_dpd60#api
10000567,1701,20240925,0,Bank,微众银行,dpd,3,30,3,mob3_dpd30,api,微众银行#mob3_dpd30#api
10000567,1702,20240702,0,Rate24,零钱罐,dpd,12,30,12,mob12_dpd30,api,零钱罐#mob12_dpd30#api
10000567,1702,20240702,0,Rate36,拍拍贷,dpd,6,60,6,mob6_dpd60,h5,拍拍贷#mob6_dpd60#h5
10000567,1702,20240702,-2,Rate36,拍拍贷,dpd,3,30,3,mob3_dpd30,h5,拍拍贷#mob3_dpd30#h5
10000567,1703,20250716,1,Rate36,美团月付,dpd,9,30,9,mob9_dpd30,api,美团月付#mob9_dpd30#api
10000568,1704,20240724,0,Rate24,零钱罐,dpd,3,30,3,mob3_dpd30,api,零钱罐#mob3_dpd30#api
10000568,1705,20260121,0,Bank,百信银行,dpd,9,60,9,mob9_dpd60,京东白条,百信银行#mob9_dpd60#京东白条
10000568,1706,20251107,0,Bank,百信银行,dpd,12,30,12,mob12_dpd30,京东白条,百信银行#mob12_dpd30#京东白条
10000568,1706,20251107,0,Rate24,分期乐,fpd,,60,,fpd60,api,分期乐#fpd60#api
10000568,1706,20251107,0,Bank,百信银行,dpd,9,60,9,mob9_dpd60,京东白条,百信银行#mob9_dpd60#京东白条
10000569,1707,20260214,0,Rate24,分期乐,dpd,3,30,3,mob3_dpd30,api,分期乐#mob3_dpd30#api
10000569,1707,20260214,0,Rate24,零钱罐,dpd,12,30,12,mob12_dpd30,api,零钱罐#mob12_dpd30#api
10000569,1708,20251216,0,Bank,百信银行,dpd,9,60,9,mob9_dpd60,京东白条,百信银行#mob9_dpd60#京东白条
10000569,1708,20251216,0,Bank,微众银行,fpd,,60,,fpd60,京东白条,微众银行#fpd60#京东白条
10000569,1708,20251216,-2,Bank,百信银行,fpd,,30,,fpd30,api,百信银行#fpd30#api
10000569,1709,20240822,0,Rate24,分期乐,dpd,3,30,3,mob3_dpd30,api,分期乐#mob3_dpd30#api
10000570,1710,20240812,0,Rate36,美团月付,dpd,6,60,6,mob6_dpd60,api,美团月付#mob6_dpd60#api
10000570,1711,20241108,0,Bank,百信银行,dpd,12,30,12,mob12_dpd30,api,百信银行#mob12_dpd30#api
10000570,1711,20241108,0,Rate36,拍拍贷,dpd,3,60,3,mob3_dpd60,h5,拍拍贷#mob3_dpd60#h5
10000570,1711,20241108,0,Rate24,分期乐,dpd,3,30,3,mob3_dpd30,小程序,分期乐#mob3_dpd30#小程序
10000570,1712,20250223,0,Rate36,美团月付,dpd,9,30,9,mob9_dpd30,h5,美团月付#mob9_dpd30#h5
10000570,1712,20250223,0,Rate24,分期乐,fpd,,30,,fpd30,小程序,分期乐#fpd30#小程序
10000570,1712,20250223,0,Bank,百信银行,dpd,6,30,6,mob6_dpd30,京东白条,百信银行#mob6_dpd30#京东白条
10000571,1713,20251225,1,Rate36,拍拍贷,fpd,,60,,fpd60,api,拍拍贷#fpd60#api
10000571,1714,20250814,0,Rate36,美团月付,dpd,9,60,9,mob9_dpd60,h5,美团月付#mob9_dpd60#h5
10000571,1714,20250814,0,Rate36,美团月付,dpd,3,60,3,mob3_dpd60,api,美团月付#mob3_dpd60#api
10000571,1715,20250601,0,Bank,百信银行,dpd,12,60,12,mob12_dpd60,api,百信银行#mob12_dpd60#api
10000572,1716,20251215,0,Rate36,拍拍贷,fpd,,60,,fpd60,api,拍拍贷#fpd60#api
10000572,1717,20250625,0,Rate24,零钱罐,dpd,6,30,6,mob6_dpd30,小程序,零钱罐#mob6_dpd30#小程序
10000572,1717,20250625,0,Rate24,零钱罐,fpd,,30,,fpd30,api,零钱罐#fpd30#api
10000572,1718,20241228,0,Bank,百信银行,dpd,3,30,3,mob3_dpd30,api,百信银行#mob3_dpd30#api
10000573,1719,20241212,0,Rate36,美团月付,dpd,3,60,3,mob3_dpd60,api,美团月付#mob3_dpd60#api
10000573,1719,20241212,0,Rate24,分期乐,fpd,,60,,fpd60,小程序,分期乐#fpd60#小程序
10000573,1719,20241212,0,Rate36,美团月付,dpd,6,30,6,mob6_dpd30,h5,美团月付#mob6_dpd30#h5
10000573,1720,20250305,0,Rate24,分期乐,dpd,9,30,9,mob9_dpd30,api,分期乐#mob9_dpd30#api
10000573,1721,20240517,-2,Rate36,拍拍贷,dpd,3,30,3,mob3_dpd30,h5,拍拍贷#mob3_dpd30#h5
10000573,1721,20240517,0,Bank,百信银行,fpd,,60,,fpd60,京东白条,百信银行#fpd60#京东白条
10000574,1722,20250824,0,Rate36,拍拍贷,dpd,6,30,6,mob6_dpd30,h5,拍拍贷#mob6_dpd30#h5
10000574,1722,20250824,0,Bank,微众银行,dpd,12,60,12,mob12_dpd60,api,微众银行#mob12_dpd60#api
10000574,1723,20250627,0,Bank,微众银行,dpd,3,30,3,mob3_dpd30,京东白条,微众银行#mob3_dpd30#京东白条
10000574,1723,20250627,0,Rate24,分期乐,dpd,6,30,6,mob6_dpd30,api,分期乐#mob6_dpd30#api
10000574,1723,20250627,0,Bank,微众银行,dpd,12,30,12,mob12_dpd30,api,微众银行#mob12_dpd30#api
10000574,1724,20250802,0,Rate24,分期乐,dpd,6,30,6,mob6_dpd30,小程序,分期乐#mob6_dpd30#小程序
10000575,1725,20250309,0,Rate24,零钱罐,dpd,12,60,12,mob12_dpd60,小程序,零钱罐#mob12_dpd60#小程序
10000575,1726,20250914,0,Rate24,零钱罐,dpd,3,60,3,mob3_dpd60,小程序,零钱罐#mob3_dpd60#小程序
10000575,1726,20250914,0,Rate36,美团月付,fpd,,30,,fpd30,api,美团月付#fpd30#api
10000575,1726,20250914,-2,Rate24,零钱罐,fpd,,30,,fpd30,小程序,零钱罐#fpd30#小程序
10000575,1727,20260103,0,Rate24,零钱罐,dpd,3,30,3,mob3_dpd30,小程序,零钱罐#mob3_dpd30#小程序
10000575,1727,20260103,0,Rate36,拍拍贷,dpd,12,60,12,mob12_dpd60,api,拍拍贷#mob12_dpd60#api
10000575,1727,20260103,0,Rate24,分期乐,dpd,12,60,12,mob12_dpd60,小程序,分期乐#mob12_dpd60#小程序
10000576,1728,20250425,0,Rate24,零钱罐,dpd,6,60,6,mob6_dpd60,api,零钱罐#mob6_dpd60#api
10000576,1729,20250104,0,Bank,微众银行,dpd,3,30,3,mob3_dpd30,api,微众银行#mob3_dpd30#api
10000576,1729,20250104,0,Rate36,美团月付,fpd,,60,,fpd60,api,美团月付#fpd60#api
10000576,1730,20240519,0,Rate24,分期乐,dpd,12,30,12,mob12_dpd30,api,分期乐#mob12_dpd30#api
10000577,1731,20250926,0,Rate24,分期乐,dpd,6,60,6,mob6_dpd60,小程序,分期乐#mob6_dpd60#小程序
10000577,1731,20250926,0,Bank,百信银行,dpd,12,60,12,mob12_dpd60,api,百信银行#mob12_dpd60#api
10000577,1732,20251220,1,Bank,百信银行,dpd,12,60,12,mob12_dpd60,京东白条,百信银行#mob12_dpd60#京东白条
10000577,1732,20251220,-2,Rate24,零钱罐,dpd,3,30,3,mob3_dpd30,小程序,零钱罐#mob3_dpd30#小程序
10000577,1732,20251220,-2,Bank,微众银行,dpd,6,60,6,mob6_dpd60,api,微众银行#mob6_dpd60#api
10000577,1733,20250722,1,Rate24,零钱罐,dpd,9,60,9,mob9_dpd60,小程序,零钱罐#mob9_dpd60#小程序
10000578,1734,20251108,0,Rate36,拍拍贷,dpd,3,60,3,mob3_dpd60,api,拍拍贷#mob3_dpd60#api
10000578,1734,20251108,0,Rate36,拍拍贷,dpd,6,30,6,mob6_dpd30,h5,拍拍贷#mob6_dpd30#h5
10000578,1735,20251124,1,Rate24,分期乐,dpd,3,60,3,mob3_dpd60,小程序,分期乐#mob3_dpd60#小程序
10000578,1736,20251012,0,Rate36,拍拍贷,fpd,,60,,fpd60,api,拍拍贷#fpd60#api
10000578,1736,20251012,0,Bank,百信银行,fpd,,60,,fpd60,api,百信银行#fpd60#api
10000579,1737,20250302,-2,Rate24,零钱罐,dpd,3,30,3,mob3_dpd30,小程序,零钱罐#mob3_dpd30#小程序
10000579,1738,20240511,0,Bank,百信银行,dpd,9,60,9,mob9_dpd60,京东白条,百信银行#mob9_dpd60#京东白条
10000579,1738,20240511,1,Rate36,拍拍贷,dpd,6,60,6,mob6_dpd60,h5,拍拍贷#mob6_dpd60#h5
10000579,1739,20240310,0,Bank,百信银行,dpd,3,30,3,mob3_dpd30,api,百信银行#mob3_dpd30#api
10000579,1739,20240310,0,Rate36,拍拍贷,dpd,6,60,6,mob6_dpd60,api,拍拍贷#mob6_dpd60#api
10000580,1740,20240715,0,Bank,微众银行,dpd,9,60,9,mob9_dpd60,京东白条,微众银行#mob9_dpd60#京东白条
10000580,1741,20250108,0,Rate24,分期乐,dpd,6,30,6,mob6_dpd30,api,分期乐#mob6_dpd30#api
10000580,1741,20250108,0,Rate36,拍拍贷,dpd,6,60,6,mob6_dpd60,api,拍拍贷#mob6_dpd60#api
10000580,1741,20250108,0,Rate24,分期乐,dpd,9,30,9,mob9_dpd30,api,分期乐#mob9_dpd30#api
10000580,1742,20250813,1,Rate36,拍拍贷,dpd,9,30,9,mob9_dpd30,api,拍拍贷#mob9_dpd30#api
10000580,1742,20250813,0,Rate24,零钱罐,dpd,9,30,9,mob9_dpd30,小程序,零钱罐#mob9_dpd30#小程序
10000580,1742,20250813,0,Rate36,拍拍贷,dpd,3,60,3,mob3_dpd60,h5,拍拍贷#mob3_dpd60#h5
10000581,1743,20250112,0,Bank,百信银行,dpd,6,30,6,mob6_dpd30,api,百信银行#mob6_dpd30#api
10000581,1743,20250112,0,Bank,百信银行,dpd,9,30,9,mob9_dpd30,京东白条,百信银行#mob9_dpd30#京东白条
10000581,1744,20240310,0,Rate36,美团月付,dpd,12,30,12,mob12_dpd30,api,美团月付#mob12_dpd30#api
10000581,1744,20240310,0,Bank,百信银行,fpd,,30,,fpd30,api,百信银行#fpd30#api
10000581,1744,20240310,0,Rate24,分期乐,dpd,6,60,6,mob6_dpd60,小程序,分期乐#mob6_dpd60#小程序
10000581,1745,20240820,0,Rate24,分期乐,dpd,3,30,3,mob3_dpd30,小程序,分期乐#mob3_dpd30#小程序
10000581,1745,20240820,0,Rate24,零钱罐,dpd,3,30,3,mob3_dpd30,小程序,零钱罐#mob3_dpd30#小程序
10000582,1746,20260209,0,Rate36,美团月付,fpd,,60,,fpd60,api,美团月付#fpd60#api
10000582,1746,20260209,1,Rate36,美团月付,dpd,12,30,12,mob12_dpd30,h5,美团月付#mob12_dpd30#h5
10000582,1746,20260209,-2,Rate36,拍拍贷,dpd,9,60,9,mob9_dpd60,api,拍拍贷#mob9_dpd60#api
10000582,1747,20260222,0,Rate36,美团月付,dpd,9,60,9,mob9_dpd60,h5,美团月付#mob9_dpd60#h5
10000582,1747,20260222,0,Bank,百信银行,dpd,3,60,3,mob3_dpd60,京东白条,百信银行#mob3_dpd60#京东白条
10000582,1748,20241208,0,Rate24,零钱罐,fpd,,60,,fpd60,api,零钱罐#fpd60#api
10000583,1749,20251025,0,Bank,微众银行,fpd,,30,,fpd30,api,微众银行#fpd30#api
10000583,1749,20251025,1,Bank,微众银行,dpd,12,30,12,mob12_dpd30,京东白条,微众银行#mob12_dpd30#京东白条
10000583,1750,20250811,0,Rate36,美团月付,dpd,9,30,9,mob9_dpd30,h5,美团月付#mob9_dpd30#h5
10000583,1750,20250811,0,Rate24,零钱罐,dpd,12,60,12,mob12_dpd60,api,零钱罐#mob12_dpd60#api
10000583,1750,20250811,0,Rate24,零钱罐,dpd,3,60,3,mob3_dpd60,小程序,零钱罐#mob3_dpd60#小程序
10000583,1751,20260102,0,Rate36,美团月付,dpd,12,60,12,mob12_dpd60,api,美团月付#mob12_dpd60#api
10000584,1752,20251205,0,Rate36,美团月付,dpd,12,60,12,mob12_dpd60,api,美团月付#mob12_dpd60#api
10000584,1752,20251205,0,Bank,微众银行,dpd,9,30,9,mob9_dpd30,京东白条,微众银行#mob9_dpd30#京东白条
10000584,1752,20251205,0,Bank,微众银行,fpd,,30,,fpd30,京东白条,微众银行#fpd30#京东白条
10000584,1753,20250623,1,Rate36,美团月付,dpd,12,60,12,mob12_dpd60,h5,美团月付#mob12_dpd60#h5
10000584,1753,20250623,-2,Rate36,拍拍贷,dpd,12,60,12,mob12_dpd60,h5,拍拍贷#mob12_dpd60#h5
10000584,1753,20250623,0,Rate36,美团月付,dpd,9,30,9,mob9_dpd30,api,美团月付#mob9_dpd30#api
10000584,1754,20241225,0,Rate36,美团月付,dpd,3,60,3,mob3_dpd60,api,美团月付#mob3_dpd60#api
10000584,1754,20241225,0,Rate24,分期乐,dpd,3,30,3,mob3_dpd30,小程序,分期乐#mob3_dpd30#小程序
10000584,1754,20241225,-2,Rate24,分期乐,dpd,12,60,12,mob12_dpd60,小程序,分期乐#mob12_dpd60#小程序
10000585,1755,20250606,-2,Rate24,分期乐,dpd,12,30,12,mob12_dpd30,api,分期乐#mob12_dpd30#api
10000585,1755,20250606,0,Bank,百信银行,fpd,,60,,fpd60,api,百信银行#fpd60#api
10000585,1756,20241017,0,Rate36,美团月付,fpd,,30,,fpd30,api,美团月付#fpd30#api
10000585,1756,20241017,0,Bank,微众银行,fpd,,60,,fpd60,api,微众银行#fpd60#api
10000585,1756,20241017,0,Bank,微众银行,dpd,3,60,3,mob3_dpd60,京东白条,微众银行#mob3_dpd60#京东白条
10000585,1757,20241117,0,Rate24,分期乐,dpd,9,60,9,mob9_dpd60,api,分期乐#mob9_dpd60#api
10000585,1757,20241117,0,Bank,微众银行,dpd,6,60,6,mob6_dpd60,api,微众银行#mob6_dpd60#api
10000585,1757,20241117,0,Bank,微众银行,dpd,9,30,9,mob9_dpd30,京东白条,微众银行#mob9_dpd30#京东白条
10000586,1758,20250504,1,Rate36,拍拍贷,dpd,12,60,12,mob12_dpd60,h5,拍拍贷#mob12_dpd60#h5
10000586,1759,20250413,0,Bank,百信银行,dpd,12,30,12,mob12_dpd30,api,百信银行#mob12_dpd30#api
10000586,1760,20250420,0,Rate36,拍拍贷,fpd,,30,,fpd30,h5,拍拍贷#fpd30#h5
10000586,1760,20250420,0,Rate24,零钱罐,dpd,3,30,3,mob3_dpd30,小程序,零钱罐#mob3_dpd30#小程序
10000587,1761,20241228,1,Rate24,零钱罐,dpd,9,30,9,mob9_dpd30,小程序,零钱罐#mob9_dpd30#小程序
10000587,1761,20241228,0,Bank,微众银行,fpd,,30,,fpd30,京东白条,微众银行#fpd30#京东白条
10000587,1761,20241228,0,Rate36,拍拍贷,dpd,9,30,9,mob9_dpd30,h5,拍拍贷#mob9_dpd30#h5
10000587,1762,20241224,0,Rate24,分期乐,fpd,,30,,fpd30,api,分期乐#fpd30#api
10000587,1762,20241224,0,Rate24,零钱罐,dpd,6,30,6,mob6_dpd30,小程序,零钱罐#mob6_dpd30#小程序
10000587,1763,20240303,0,Bank,百信银行,dpd,12,30,12,mob12_dpd30,京东白条,百信银行#mob12_dpd30#京东白条
10000587,1763,20240303,-2,Rate36,美团月付,dpd,3,30,3,mob3_dpd30,h5,美团月付#mob3_dpd30#h5
10000588,1764,20250507,0,Rate36,拍拍贷,dpd,3,60,3,mob3_dpd60,h5,拍拍贷#mob3_dpd60#h5
10000588,1764,20250507,0,Bank,微众银行,dpd,6,30,6,mob6_dpd30,京东白条,微众银行#mob6_dpd30#京东白条
10000588,1765,20250413,0,Rate24,分期乐,dpd,9,30,9,mob9_dpd30,小程序,分期乐#mob9_dpd30#小程序
10000588,1765,20250413,0,Rate24,零钱罐,fpd,,60,,fpd60,api,零钱罐#fpd60#api
10000588,1766,20260105,0,Rate24,零钱罐,dpd,9,60,9,mob9_dpd60,小程序,零钱罐#mob9_dpd60#小程序
10000588,1766,20260105,0,Rate24,分期乐,dpd,3,30,3,mob3_dpd30,api,分期乐#mob3_dpd30#api
10000589,1767,20250316,0,Rate36,拍拍贷,dpd,6,30,6,mob6_dpd30,h5,拍拍贷#mob6_dpd30#h5
10000589,1768,20250201,0,Rate36,美团月付,dpd,3,30,3,mob3_dpd30,h5,美团月付#mob3_dpd30#h5
10000589,1768,20250201,0,Rate24,分期乐,dpd,9,30,9,mob9_dpd30,api,分期乐#mob9_dpd30#api
10000589,1769,20240404,1,Rate24,零钱罐,dpd,9,60,9,mob9_dpd60,api,零钱罐#mob9_dpd60#api
10000590,1770,20240702,0,Bank,百信银行,dpd,6,30,6,mob6_dpd30,京东白条,百信银行#mob6_dpd30#京东白条
10000590,1771,20241109,0,Rate36,美团月付,dpd,12,30,12,mob12_dpd30,api,美团月付#mob12_dpd30#api
10000590,1771,20241109,0,Bank,百信银行,dpd,3,30,3,mob3_dpd30,api,百信银行#mob3_dpd30#api
10000590,1771,20241109,0,Bank,百信银行,dpd,9,60,9,mob9_dpd60,京东白条,百信银行#mob9_dpd60#京东白条
10000590,1772,20241222,0,Rate24,分期乐,dpd,9,60,9,mob9_dpd60,api,分期乐#mob9_dpd60#api
10000590,1772,20241222,0,Bank,微众银行,dpd,6,30,6,mob6_dpd30,京东白条,微众银行#mob6_dpd30#京东白条
10000591,1773,20241105,0,Bank,百信银行,fpd,,60,,fpd60,京东白条,百信银行#fpd60#京东白条
10000591,1773,20241105,0,Rate36,美团月付,dpd,6,30,6,mob6_dpd30,api,美团月付#mob6_dpd30#api
10000591,1774,20241228,0,Rate36,拍拍贷,dpd,6,30,6,mob6_dpd30,api,拍拍贷#mob6_dpd30#api
10000591,1774,20241228,0,Rate36,拍拍贷,dpd,6,60,6,mob6_dpd60,api,拍拍贷#mob6_dpd60#api
10000591,1775,20250908,0,Bank,百信银行,dpd,3,60,3,mob3_dpd60,api,百信银行#mob3_dpd60#api
10000592,1776,20240602,1,Rate36,拍拍贷,dpd,3,30,3,mob3_dpd30,api,拍拍贷#mob3_dpd30#api
10000592,1776,20240602,0,Rate36,美团月付,dpd,3,60,3,mob3_dpd60,api,美团月付#mob3_dpd60#api
10000592,1777,20241010,0,Rate36,美团月付,dpd,6,30,6,mob6_dpd30,h5,美团月付#mob6_dpd30#h5
10000592,1778,20240621,0,Bank,百信银行,dpd,9,30,9,mob9_dpd30,api,百信银行#mob9_dpd30#api
10000593,1779,20241003,0,Rate24,零钱罐,dpd,3,30,3,mob3_dpd30,小程序,零钱罐#mob3_dpd30#小程序
10000593,1779,20241003,0,Bank,百信银行,dpd,12,60,12,mob12_dpd60,京东白条,百信银行#mob12_dpd60#京东白条
10000593,1779,20241003,0,Bank,百信银行,dpd,3,30,3,mob3_dpd30,京东白条,百信银行#mob3_dpd30#京东白条
10000593,1780,20250703,0,Rate24,分期乐,dpd,6,30,6,mob6_dpd30,api,分期乐#mob6_dpd30#api
10000593,1780,20250703,0,Rate36,拍拍贷,dpd,9,60,9,mob9_dpd60,api,拍拍贷#mob9_dpd60#api
10000593,1781,20240424,0,Rate24,零钱罐,dpd,6,30,6,mob6_dpd30,api,零钱罐#mob6_dpd30#api
10000594,1782,20241117,0,Rate24,零钱罐,fpd,,60,,fpd60,api,零钱罐#fpd60#api
10000594,1782,20241117,0,Rate36,美团月付,fpd,,30,,fpd30,api,美团月付#fpd30#api
10000594,1782,20241117,0,Rate24,零钱罐,fpd,,30,,fpd30,小程序,零钱罐#fpd30#小程序
10000594,1783,20240310,0,Rate24,零钱罐,dpd,6,30,6,mob6_dpd30,api,零钱罐#mob6_dpd30#api
10000594,1783,20240310,0,Bank,微众银行,dpd,6,30,6,mob6_dpd30,api,微众银行#mob6_dpd30#api
10000594,1783,20240310,0,Bank,微众银行,dpd,6,60,6,mob6_dpd60,api,微众银行#mob6_dpd60#api
10000594,1784,20260122,0,Bank,微众银行,dpd,6,60,6,mob6_dpd60,京东白条,微众银行#mob6_dpd60#京东白条
10000595,1785,20250824,0,Rate36,拍拍贷,fpd,,30,,fpd30,api,拍拍贷#fpd30#api
10000595,1785,20250824,0,Bank,百信银行,dpd,6,60,6,mob6_dpd60,京东白条,百信银行#mob6_dpd60#京东白条
10000595,1785,20250824,0,Bank,百信银行,fpd,,30,,fpd30,京东白条,百信银行#fpd30#京东白条
10000595,1786,20240811,0,Rate24,分期乐,dpd,6,60,6,mob6_dpd60,小程序,分期乐#mob6_dpd60#小程序
10000595,1786,20240811,0,Rate24,零钱罐,dpd,9,30,9,mob9_dpd30,api,零钱罐#mob9_dpd30#api
10000595,1786,20240811,0,Bank,微众银行,dpd,6,30,6,mob6_dpd30,api,微众银行#mob6_dpd30#api
10000595,1787,20240716,1,Rate36,拍拍贷,dpd,12,30,12,mob12_dpd30,api,拍拍贷#mob12_dpd30#api
10000595,1787,20240716,0,Rate36,拍拍贷,fpd,,30,,fpd30,h5,拍拍贷#fpd30#h5
10000596,1788,20240501,0,Rate24,分期乐,dpd,12,60,12,mob12_dpd60,小程序,分期乐#mob12_dpd60#小程序
10000596,1788,20240501,0,Rate36,拍拍贷,dpd,12,30,12,mob12_dpd30,api,拍拍贷#mob12_dpd30#api
10000596,1788,20240501,0,Bank,百信银行,dpd,9,30,9,mob9_dpd30,api,百信银行#mob9_dpd30#api
10000596,1789,20250209,0,Bank,微众银行,dpd,12,30,12,mob12_dpd30,京东白条,微众银行#mob12_dpd30#京东白条
10000596,1790,20250917,0,Bank,微众银行,fpd,,30,,fpd30,京东白条,微众银行#fpd30#京东白条
10000597,1791,20250506,0,Bank,微众银行,dpd,9,30,9,mob9_dpd30,京东白条,微众银行#mob9_dpd30#京东白条
10000597,1791,20250506,0,Rate24,零钱罐,dpd,6,30,6,mob6_dpd30,小程序,零钱罐#mob6_dpd30#小程序
10000597,1791,20250506,-2,Rate36,美团月付,dpd,12,30,12,mob12_dpd30,h5,美团月付#mob12_dpd30#h5
10000597,1792,20251228,0,Bank,微众银行,fpd,,30,,fpd30,api,微众银行#fpd30#api
10000597,1792,20251228,0,Rate36,美团月付,dpd,3,30,3,mob3_dpd30,api,美团月付#mob3_dpd30#api
10000597,1792,20251228,0,Rate24,分期乐,dpd,6,30,6,mob6_dpd30,api,分期乐#mob6_dpd30#api
10000597,1793,20241128,0,Rate24,分期乐,dpd,9,30,9,mob9_dpd30,api,分期乐#mob9_dpd30#api
10000598,1794,20240908,0,Rate24,分期乐,dpd,6,30,6,mob6_dpd30,api,分期乐#mob6_dpd30#api
10000598,1794,20240908,0,Bank,百信银行,dpd,9,60,9,mob9_dpd60,api,百信银行#mob9_dpd60#api
10000598,1795,20250212,0,Rate36,拍拍贷,dpd,12,60,12,mob12_dpd60,api,拍拍贷#mob12_dpd60#api
10000598,1795,20250212,0,Rate24,分期乐,dpd,6,30,6,mob6_dpd30,api,分期乐#mob6_dpd30#api
10000598,1796,20240706,0,Bank,微众银行,dpd,3,30,3,mob3_dpd30,api,微众银行#mob3_dpd30#api
10000598,1796,20240706,0,Rate24,分期乐,dpd,6,60,6,mob6_dpd60,小程序,分期乐#mob6_dpd60#小程序
10000598,1796,20240706,0,Bank,百信银行,dpd,6,60,6,mob6_dpd60,api,百信银行#mob6_dpd60#api
10000599,1797,20260215,0,Bank,百信银行,dpd,6,60,6,mob6_dpd60,京东白条,百信银行#mob6_dpd60#京东白条
10000599,1797,20260215,0,Rate24,分期乐,dpd,9,30,9,mob9_dpd30,小程序,分期乐#mob9_dpd30#小程序
10000599,1797,20260215,0,Rate24,分期乐,dpd,12,60,12,mob12_dpd60,小程序,分期乐#mob12_dpd60#小程序
10000599,1798,20240704,0,Rate24,分期乐,dpd,9,30,9,mob9_dpd30,小程序,分期乐#mob9_dpd30#小程序
10000599,1799,20250211,0,Bank,微众银行,dpd,6,60,6,mob6_dpd60,api,微众银行#mob6_dpd60#api
10000599,1799,20250211,0,Rate24,零钱罐,dpd,9,30,9,mob9_dpd30,api,零钱罐#mob9_dpd30#api
10000599,1799,20250211,-2,Rate36,拍拍贷,fpd,,60,,fpd60,h5,拍拍贷#fpd60#h5
10000600,1800,20250316,0,Rate24,零钱罐,fpd,,30,,fpd30,api,零钱罐#fpd30#api
10000600,1801,20240418,0,Rate24,分期乐,dpd,12,30,12,mob12_dpd30,小程序,分期乐#mob12_dpd30#小程序
10000600,1801,20240418,0,Rate24,分期乐,dpd,6,30,6,mob6_dpd30,api,分期乐#mob6_dpd30#api
10000600,1801,20240418,0,Bank,微众银行,fpd,,30,,fpd30,api,微众银行#fpd30#api
10000600,1802,20250217,0,Bank,微众银行,dpd,3,30,3,mob3_dpd30,京东白条,微众银行#mob3_dpd30#京东白条
10000600,1802,20250217,0,Bank,百信银行,dpd,6,60,6,mob6_dpd60,api,百信银行#mob6_dpd60#api
10000600,1802,20250217,0,Bank,百信银行,dpd,6,30,6,mob6_dpd30,api,百信银行#mob6_dpd30#api
10000601,1803,20250107,0,Rate24,分期乐,dpd,9,30,9,mob9_dpd30,api,分期乐#mob9_dpd30#api
10000601,1803,20250107,0,Bank,微众银行,fpd,,60,,fpd60,京东白条,微众银行#fpd60#京东白条
10000601,1804,20240923,0,Rate36,拍拍贷,dpd,6,60,6,mob6_dpd60,h5,拍拍贷#mob6_dpd60#h5
10000601,1804,20240923,1,Rate36,拍拍贷,fpd,,30,,fpd30,h5,拍拍贷#fpd30#h5
10000601,1805,20240620,0,Bank,微众银行,fpd,,60,,fpd60,api,微众银行#fpd60#api
10000601,1805,20240620,0,Bank,百信银行,dpd,6,60,6,mob6_dpd60,京东白条,百信银行#mob6_dpd60#京东白条
10000601,1805,20240620,0,Bank,百信银行,dpd,3,60,3,mob3_dpd60,api,百信银行#mob3_dpd60#api
10000602,1806,20240422,0,Rate24,分期乐,dpd,12,60,12,mob12_dpd60,api,分期乐#mob12_dpd60#api
10000602,1807,20240314,0,Rate24,分期乐,fpd,,30,,fpd30,api,分期乐#fpd30#api
10000602,1807,20240314,-2,Rate24,分期乐,fpd,,30,,fpd30,api,分期乐#fpd30#api
10000602,1808,20250225,0,Bank,微众银行,fpd,,30,,fpd30,京东白条,微众银行#fpd30#京东白条
10000603,1809,20240511,0,Rate36,美团月付,dpd,6,30,6,mob6_dpd30,api,美团月付#mob6_dpd30#api
10000603,1809,20240511,0,Bank,百信银行,dpd,6,60,6,mob6_dpd60,京东白条,百信银行#mob6_dpd60#京东白条
10000603,1809,20240511,0,Bank,微众银行,dpd,9,60,9,mob9_dpd60,api,微众银行#mob9_dpd60#api
10000603,1810,20260223,0,Bank,百信银行,dpd,3,60,3,mob3_dpd60,api,百信银行#mob3_dpd60#api
10000603,1810,20260223,0,Bank,微众银行,dpd,3,30,3,mob3_dpd30,京东白条,微众银行#mob3_dpd30#京东白条
10000603,1810,20260223,0,Rate36,拍拍贷,dpd,12,30,12,mob12_dpd30,api,拍拍贷#mob12_dpd30#api
10000603,1811,20240806,0,Bank,微众银行,dpd,3,60,3,mob3_dpd60,京东白条,微众银行#mob3_dpd60#京东白条
10000603,1811,20240806,0,Rate36,拍拍贷,dpd,9,30,9,mob9_dpd30,api,拍拍贷#mob9_dpd30#api
10000604,1812,20250607,0,Rate36,美团月付,dpd,3,60,3,mob3_dpd60,h5,美团月付#mob3_dpd60#h5
10000604,1813,20250715,-2,Rate36,美团月付,dpd,6,60,6,mob6_dpd60,h5,美团月付#mob6_dpd60#h5
10000604,1814,20250216,0,Bank,微众银行,dpd,3,30,3,mob3_dpd30,api,微众银行#mob3_dpd30#api
10000604,1814,20250216,0,Rate24,分期乐,dpd,3,60,3,mob3_dpd60,小程序,分期乐#mob3_dpd60#小程序
10000605,1815,20251221,1,Rate24,零钱罐,fpd,,60,,fpd60,小程序,零钱罐#fpd60#小程序
10000605,1815,20251221,0,Rate36,美团月付,dpd,9,60,9,mob9_dpd60,api,美团月付#mob9_dpd60#api
10000605,1816,20240509,1,Rate36,美团月付,dpd,12,30,12,mob12_dpd30,h5,美团月付#mob12_dpd30#h5
10000605,1816,20240509,0,Rate36,美团月付,dpd,9,60,9,mob9_dpd60,api,美团月付#mob9_dpd60#api
10000605,1817,20240825,0,Rate24,分期乐,dpd,9,30,9,mob9_dpd30,小程序,分期乐#mob9_dpd30#小程序
10000605,1817,20240825,0,Rate24,分期乐,fpd,,60,,fpd60,小程序,分期乐#fpd60#小程序
10000606,1818,20240910,0,Rate24,分期乐,fpd,,60,,fpd60,api,分期乐#fpd60#api
10000606,1818,20240910,1,Rate36,美团月付,dpd,6,60,6,mob6_dpd60,api,美团月付#mob6_dpd60#api
10000606,1819,20240615,0,Rate24,分期乐,dpd,6,60,6,mob6_dpd60,api,分期乐#mob6_dpd60#api
10000606,1819,20240615,0,Rate24,零钱罐,dpd,9,30,9,mob9_dpd30,小程序,零钱罐#mob9_dpd30#小程序
10000606,1820,20241027,0,Rate36,拍拍贷,fpd,,30,,fpd30,api,拍拍贷#fpd30#api
10000606,1820,20241027,1,Rate36,拍拍贷,dpd,9,60,9,mob9_dpd60,api,拍拍贷#mob9_dpd60#api
10000607,1821,20241016,1,Rate36,拍拍贷,fpd,,30,,fpd30,api,拍拍贷#fpd30#api
10000607,1821,20241016,0,Rate24,零钱罐,dpd,6,30,6,mob6_dpd30,api,零钱罐#mob6_dpd30#api
10000607,1821,20241016,0,Rate24,分期乐,dpd,6,30,6,mob6_dpd30,小程序,分期乐#mob6_dpd30#小程序
10000607,1822,20250920,0,Bank,百信银行,dpd,3,60,3,mob3_dpd60,京东白条,百信银行#mob3_dpd60#京东白条
10000607,1823,20241026,1,Rate24,零钱罐,dpd,3,30,3,mob3_dpd30,api,零钱罐#mob3_dpd30#api
10000607,1823,20241026,0,Bank,微众银行,dpd,9,30,9,mob9_dpd30,京东白条,微众银行#mob9_dpd30#京东白条
10000607,1823,20241026,1,Bank,百信银行,dpd,12,60,12,mob12_dpd60,京东白条,百信银行#mob12_dpd60#京东白条
10000608,1824,20251228,0,Rate36,美团月付,dpd,9,60,9,mob9_dpd60,h5,美团月付#mob9_dpd60#h5
10000608,1824,20251228,0,Bank,百信银行,dpd,9,60,9,mob9_dpd60,京东白条,百信银行#mob9_dpd60#京东白条
10000608,1825,20250914,0,Rate24,分期乐,dpd,3,30,3,mob3_dpd30,小程序,分期乐#mob3_dpd30#小程序
10000608,1825,20250914,0,Rate24,零钱罐,dpd,3,30,3,mob3_dpd30,api,零钱罐#mob3_dpd30#api
10000608,1825,20250914,1,Rate24,分期乐,dpd,6,60,6,mob6_dpd60,小程序,分期乐#mob6_dpd60#小程序
10000608,1826,20251212,0,Rate24,零钱罐,dpd,3,30,3,mob3_dpd30,小程序,零钱罐#mob3_dpd30#小程序
10000609,1827,20240506,-2,Rate36,拍拍贷,dpd,3,30,3,mob3_dpd30,h5,拍拍贷#mob3_dpd30#h5
10000609,1828,20260216,1,Bank,百信银行,dpd,12,60,12,mob12_dpd60,api,百信银行#mob12_dpd60#api
10000609,1828,20260216,0,Rate24,分期乐,dpd,3,60,3,mob3_dpd60,api,分期乐#mob3_dpd60#api
10000609,1829,20250526,0,Bank,百信银行,fpd,,30,,fpd30,京东白条,百信银行#fpd30#京东白条
10000609,1829,20250526,0,Rate24,零钱罐,dpd,12,60,12,mob12_dpd60,小程序,零钱罐#mob12_dpd60#小程序
10000609,1829,20250526,0,Rate36,美团月付,dpd,6,60,6,mob6_dpd60,api,美团月付#mob6_dpd60#api
10000610,1830,20260214,1,Rate24,零钱罐,fpd,,60,,fpd60,api,零钱罐#fpd60#api
10000610,1830,20260214,0,Rate24,分期乐,dpd,3,30,3,mob3_dpd30,api,分期乐#mob3_dpd30#api
10000610,1830,20260214,0,Rate36,拍拍贷,dpd,6,30,6,mob6_dpd30,api,拍拍贷#mob6_dpd30#api
10000610,1831,20241110,0,Rate36,美团月付,dpd,9,30,9,mob9_dpd30,api,美团月付#mob9_dpd30#api
10000610,1832,20260104,0,Rate24,分期乐,dpd,9,60,9,mob9_dpd60,小程序,分期乐#mob9_dpd60#小程序
10000610,1832,20260104,0,Rate24,分期乐,dpd,6,60,6,mob6_dpd60,小程序,分期乐#mob6_dpd60#小程序
10000610,1832,20260104,1,Bank,百信银行,dpd,12,30,12,mob12_dpd30,京东白条,百信银行#mob12_dpd30#京东白条
10000611,1833,20250511,1,Rate36,拍拍贷,fpd,,60,,fpd60,api,拍拍贷#fpd60#api
10000611,1833,20250511,0,Rate36,美团月付,dpd,6,30,6,mob6_dpd30,api,美团月付#mob6_dpd30#api
10000611,1834,20240407,0,Rate24,分期乐,dpd,12,30,12,mob12_dpd30,小程序,分期乐#mob12_dpd30#小程序
10000611,1835,20241228,0,Rate24,分期乐,dpd,3,30,3,mob3_dpd30,小程序,分期乐#mob3_dpd30#小程序
10000611,1835,20241228,0,Rate24,分期乐,dpd,3,30,3,mob3_dpd30,api,分期乐#mob3_dpd30#api
10000612,1836,20240615,0,Rate36,拍拍贷,dpd,9,60,9,mob9_dpd60,api,拍拍贷#mob9_dpd60#api
10000612,1837,20260104,0,Rate36,拍拍贷,dpd,9,30,9,mob9_dpd30,api,拍拍贷#mob9_dpd30#api
10000612,1837,20260104,-2,Rate36,美团月付,dpd,9,60,9,mob9_dpd60,h5,美团月付#mob9_dpd60#h5
10000612,1838,20241002,0,Rate24,零钱罐,fpd,,30,,fpd30,api,零钱罐#fpd30#api
10000612,1838,20241002,1,Rate36,拍拍贷,dpd,12,60,12,mob12_dpd60,api,拍拍贷#mob12_dpd60#api
10000612,1838,20241002,0,Rate24,零钱罐,dpd,12,30,12,mob12_dpd30,api,零钱罐#mob12_dpd30#api
10000613,1839,20240824,0,Rate36,美团月付,dpd,9,60,9,mob9_dpd60,h5,美团月付#mob9_dpd60#h5
10000613,1839,20240824,0,Rate24,分期乐,fpd,,60,,fpd60,小程序,分期乐#fpd60#小程序
10000613,1839,20240824,0,Rate24,零钱罐,fpd,,30,,fpd30,api,零钱罐#fpd30#api
10000613,1840,20250427,0,Rate24,零钱罐,dpd,12,30,12,mob12_dpd30,api,零钱罐#mob12_dpd30#api
10000613,1840,20250427,1,Rate24,零钱罐,dpd,12,60,12,mob12_dpd60,api,零钱罐#mob12_dpd60#api
10000613,1840,20250427,0,Rate24,分期乐,dpd,3,60,3,mob3_dpd60,小程序,分期乐#mob3_dpd60#小程序
10000613,1841,20250122,0,Bank,微众银行,dpd,6,30,6,mob6_dpd30,京东白条,微众银行#mob6_dpd30#京东白条
10000613,1841,20250122,0,Rate36,美团月付,fpd,,60,,fpd60,api,美团月付#fpd60#api
10000614,1842,20240504,0,Rate36,拍拍贷,dpd,9,30,9,mob9_dpd30,h5,拍拍贷#mob9_dpd30#h5
10000614,1842,20240504,0,Bank,百信银行,dpd,6,30,6,mob6_dpd30,京东白条,百信银行#mob6_dpd30#京东白条
10000614,1843,20251003,0,Rate36,拍拍贷,dpd,6,60,6,mob6_dpd60,h5,拍拍贷#mob6_dpd60#h5
10000614,1843,20251003,0,Rate24,分期乐,dpd,3,60,3,mob3_dpd60,api,分期乐#mob3_dpd60#api
10000614,1843,20251003,0,Rate24,分期乐,dpd,12,30,12,mob12_dpd30,api,分期乐#mob12_dpd30#api
10000614,1844,20251106,0,Rate36,拍拍贷,dpd,6,60,6,mob6_dpd60,h5,拍拍贷#mob6_dpd60#h5
10000614,1844,20251106,0,Rate36,美团月付,fpd,,30,,fpd30,h5,美团月付#fpd30#h5
10000614,1844,20251106,-2,Rate24,分期乐,dpd,6,30,6,mob6_dpd30,api,分期乐#mob6_dpd30#api
10000615,1845,20250822,0,Bank,微众银行,dpd,6,60,6,mob6_dpd60,api,微众银行#mob6_dpd60#api
10000615,1845,20250822,1,Rate36,拍拍贷,dpd,12,30,12,mob12_dpd30,api,拍拍贷#mob12_dpd30#api
10000615,1846,20250522,0,Rate24,零钱罐,dpd,3,60,3,mob3_dpd60,小程序,零钱罐#mob3_dpd60#小程序
10000615,1846,20250522,-2,Bank,百信银行,dpd,6,30,6,mob6_dpd30,京东白条,百信银行#mob6_dpd30#京东白条
10000615,1847,20241224,0,Rate24,零钱罐,dpd,9,60,9,mob9_dpd60,小程序,零钱罐#mob9_dpd60#小程序
10000615,1847,20241224,0,Rate24,零钱罐,dpd,3,60,3,mob3_dpd60,小程序,零钱罐#mob3_dpd60#小程序
10000616,1848,20250403,0,Rate36,美团月付,dpd,3,30,3,mob3_dpd30,h5,美团月付#mob3_dpd30#h5
10000616,1848,20250403,1,Rate24,零钱罐,dpd,9,30,9,mob9_dpd30,api,零钱罐#mob9_dpd30#api
10000616,1849,20250305,-2,Rate36,拍拍贷,dpd,9,60,9,mob9_dpd60,api,拍拍贷#mob9_dpd60#api
10000616,1849,20250305,0,Rate24,分期乐,dpd,9,30,9,mob9_dpd30,小程序,分期乐#mob9_dpd30#小程序
10000616,1849,20250305,1,Rate36,美团月付,fpd,,30,,fpd30,api,美团月付#fpd30#api
10000616,1850,20240626,0,Rate36,拍拍贷,fpd,,30,,fpd30,api,拍拍贷#fpd30#api
10000616,1850,20240626,0,Rate24,分期乐,dpd,12,30,12,mob12_dpd30,api,分期乐#mob12_dpd30#api
10000616,1850,20240626,0,Rate24,零钱罐,dpd,9,30,9,mob9_dpd30,api,零钱罐#mob9_dpd30#api
10000617,1851,20240427,-2,Rate36,拍拍贷,dpd,9,30,9,mob9_dpd30,h5,拍拍贷#mob9_dpd30#h5
10000617,1851,20240427,0,Rate24,分期乐,dpd,12,60,12,mob12_dpd60,小程序,分期乐#mob12_dpd60#小程序
10000617,1852,20240921,0,Bank,微众银行,fpd,,30,,fpd30,京东白条,微众银行#fpd30#京东白条
10000617,1852,20240921,1,Rate36,美团月付,dpd,12,60,12,mob12_dpd60,api,美团月付#mob12_dpd60#api
10000617,1853,20250103,0,Bank,百信银行,dpd,6,30,6,mob6_dpd30,api,百信银行#mob6_dpd30#api
10000618,1854,20240602,0,Bank,微众银行,dpd,6,30,6,mob6_dpd30,京东白条,微众银行#mob6_dpd30#京东白条
10000618,1855,20240502,0,Rate24,零钱罐,dpd,6,30,6,mob6_dpd30,api,零钱罐#mob6_dpd30#api
10000618,1855,20240502,0,Rate24,零钱罐,fpd,,30,,fpd30,api,零钱罐#fpd30#api
10000618,1856,20251120,0,Rate24,零钱罐,dpd,12,30,12,mob12_dpd30,小程序,零钱罐#mob12_dpd30#小程序
10000618,1856,20251120,0,Bank,微众银行,dpd,9,30,9,mob9_dpd30,京东白条,微众银行#mob9_dpd30#京东白条
10000618,1856,20251120,0,Rate36,拍拍贷,dpd,12,30,12,mob12_dpd30,api,拍拍贷#mob12_dpd30#api
10000619,1857,20241124,0,Rate36,美团月付,dpd,12,30,12,mob12_dpd30,api,美团月付#mob12_dpd30#api
10000619,1857,20241124,0,Bank,微众银行,dpd,6,30,6,mob6_dpd30,京东白条,微众银行#mob6_dpd30#京东白条
10000619,1858,20250518,-2,Rate36,拍拍贷,dpd,3,60,3,mob3_dpd60,api,拍拍贷#mob3_dpd60#api
10000619,1859,20250308,0,Rate36,美团月付,dpd,9,30,9,mob9_dpd30,h5,美团月付#mob9_dpd30#h5
10000619,1859,20250308,0,Bank,百信银行,dpd,12,60,12,mob12_dpd60,京东白条,百信银行#mob12_dpd60#京东白条
10000619,1859,20250308,0,Rate24,零钱罐,dpd,9,30,9,mob9_dpd30,api,零钱罐#mob9_dpd30#api
10000620,1860,20250822,0,Rate36,拍拍贷,fpd,,30,,fpd30,h5,拍拍贷#fpd30#h5
10000620,1860,20250822,0,Bank,百信银行,dpd,6,60,6,mob6_dpd60,京东白条,百信银行#mob6_dpd60#京东白条
10000620,1860,20250822,1,Rate24,零钱罐,fpd,,60,,fpd60,api,零钱罐#fpd60#api
10000620,1861,20250802,0,Bank,百信银行,fpd,,30,,fpd30,api,百信银行#fpd30#api
10000620,1861,20250802,0,Bank,微众银行,fpd,,30,,fpd30,api,微众银行#fpd30#api
10000620,1861,20250802,1,Rate36,美团月付,dpd,12,30,12,mob12_dpd30,h5,美团月付#mob12_dpd30#h5
10000620,1862,20241024,0,Rate36,美团月付,dpd,9,30,9,mob9_dpd30,api,美团月付#mob9_dpd30#api
10000620,1862,20241024,0,Rate36,美团月付,dpd,9,60,9,mob9_dpd60,h5,美团月付#mob9_dpd60#h5
10000621,1863,20251125,1,Bank,百信银行,dpd,6,30,6,mob6_dpd30,京东白条,百信银行#mob6_dpd30#京东白条
10000621,1864,20241121,0,Bank,微众银行,dpd,6,60,6,mob6_dpd60,api,微众银行#mob6_dpd60#api
10000621,1865,20251125,-2,Bank,百信银行,dpd,6,60,6,mob6_dpd60,api,百信银行#mob6_dpd60#api
10000621,1865,20251125,0,Bank,微众银行,dpd,6,60,6,mob6_dpd60,京东白条,微众银行#mob6_dpd60#京东白条
10000621,1865,20251125,0,Rate36,美团月付,dpd,12,30,12,mob12_dpd30,api,美团月付#mob12_dpd30#api
10000622,1866,20241217,0,Rate24,零钱罐,dpd,6,30,6,mob6_dpd30,小程序,零钱罐#mob6_dpd30#小程序
10000622,1867,20240514,-2,Bank,微众银行,dpd,6,30,6,mob6_dpd30,京东白条,微众银行#mob6_dpd30#京东白条
10000622,1867,20240514,0,Bank,百信银行,dpd,9,60,9,mob9_dpd60,api,百信银行#mob9_dpd60#api
10000622,1867,20240514,0,Rate36,美团月付,dpd,3,60,3,mob3_dpd60,h5,美团月付#mob3_dpd60#h5
10000622,1868,20250910,-2,Bank,百信银行,dpd,9,30,9,mob9_dpd30,api,百信银行#mob9_dpd30#api
10000623,1869,20240326,0,Bank,微众银行,fpd,,30,,fpd30,api,微众银行#fpd30#api
10000623,1869,20240326,0,Rate24,零钱罐,dpd,6,60,6,mob6_dpd60,小程序,零钱罐#mob6_dpd60#小程序
10000623,1870,20250920,0,Bank,微众银行,fpd,,30,,fpd30,京东白条,微众银行#fpd30#京东白条
10000623,1870,20250920,0,Bank,微众银行,dpd,3,60,3,mob3_dpd60,京东白条,微众银行#mob3_dpd60#京东白条
10000623,1870,20250920,1,Rate36,拍拍贷,fpd,,30,,fpd30,h5,拍拍贷#fpd30#h5
10000623,1871,20240406,1,Rate24,分期乐,fpd,,30,,fpd30,小程序,分期乐#fpd30#小程序
10000623,1871,20240406,0,Bank,微众银行,dpd,12,60,12,mob12_dpd60,api,微众银行#mob12_dpd60#api
10000624,1872,20240727,0,Bank,微众银行,dpd,9,60,9,mob9_dpd60,京东白条,微众银行#mob9_dpd60#京东白条
10000624,1872,20240727,0,Rate36,美团月付,fpd,,30,,fpd30,h5,美团月付#fpd30#h5
10000624,1873,20250502,0,Bank,微众银行,dpd,12,30,12,mob12_dpd30,京东白条,微众银行#mob12_dpd30#京东白条
10000624,1873,20250502,0,Bank,百信银行,dpd,6,30,6,mob6_dpd30,api,百信银行#mob6_dpd30#api
10000624,1873,20250502,-2,Bank,微众银行,dpd,3,30,3,mob3_dpd30,京东白条,微众银行#mob3_dpd30#京东白条
10000624,1874,20260117,0,Rate36,美团月付,dpd,12,60,12,mob12_dpd60,h5,美团月付#mob12_dpd60#h5
10000624,1874,20260117,0,Rate36,拍拍贷,dpd,6,30,6,mob6_dpd30,h5,拍拍贷#mob6_dpd30#h5
10000624,1874,20260117,0,Rate24,零钱罐,fpd,,60,,fpd60,小程序,零钱罐#fpd60#小程序
10000625,1875,20241206,0,Bank,百信银行,dpd,3,30,3,mob3_dpd30,api,百信银行#mob3_dpd30#api
10000625,1876,20240519,1,Rate36,美团月付,fpd,,60,,fpd60,h5,美团月付#fpd60#h5
10000625,1877,20240812,0,Rate36,美团月付,dpd,9,60,9,mob9_dpd60,h5,美团月付#mob9_dpd60#h5
10000625,1877,20240812,1,Bank,百信银行,dpd,3,60,3,mob3_dpd60,api,百信银行#mob3_dpd60#api
10000626,1878,20251213,0,Rate36,美团月付,dpd,3,60,3,mob3_dpd60,h5,美团月付#mob3_dpd60#h5
10000626,1878,20251213,0,Rate24,零钱罐,dpd,12,60,12,mob12_dpd60,api,零钱罐#mob12_dpd60#api
10000626,1879,20250819,0,Bank,百信银行,dpd,9,60,9,mob9_dpd60,api,百信银行#mob9_dpd60#api
10000626,1880,20240522,0,Rate24,分期乐,dpd,9,30,9,mob9_dpd30,api,分期乐#mob9_dpd30#api
10000627,1881,20241211,0,Rate36,拍拍贷,dpd,6,60,6,mob6_dpd60,h5,拍拍贷#mob6_dpd60#h5
10000627,1882,20240928,0,Rate36,美团月付,dpd,9,60,9,mob9_dpd60,h5,美团月付#mob9_dpd60#h5
10000627,1882,20240928,-2,Rate24,分期乐,dpd,12,30,12,mob12_dpd30,api,分期乐#mob12_dpd30#api
10000627,1883,20240714,0,Rate36,拍拍贷,dpd,6,30,6,mob6_dpd30,h5,拍拍贷#mob6_dpd30#h5
10000628,1884,20251105,-2,Rate24,零钱罐,dpd,6,30,6,mob6_dpd30,小程序,零钱罐#mob6_dpd30#小程序
10000628,1884,20251105,0,Rate36,拍拍贷,dpd,6,30,6,mob6_dpd30,h5,拍拍贷#mob6_dpd30#h5
10000628,1885,20250501,0,Rate24,零钱罐,dpd,9,30,9,mob9_dpd30,小程序,零钱罐#mob9_dpd30#小程序
10000628,1885,20250501,0,Rate24,分期乐,dpd,9,60,9,mob9_dpd60,小程序,分期乐#mob9_dpd60#小程序
10000628,1885,20250501,0,Rate24,零钱罐,fpd,,60,,fpd60,小程序,零钱罐#fpd60#小程序
10000628,1886,20240706,0,Rate36,拍拍贷,dpd,6,30,6,mob6_dpd30,api,拍拍贷#mob6_dpd30#api
10000628,1886,20240706,0,Bank,百信银行,dpd,3,60,3,mob3_dpd60,京东白条,百信银行#mob3_dpd60#京东白条
10000629,1887,20250620,0,Rate24,零钱罐,dpd,3,30,3,mob3_dpd30,api,零钱罐#mob3_dpd30#api
10000629,1887,20250620,1,Rate36,拍拍贷,dpd,6,30,6,mob6_dpd30,h5,拍拍贷#mob6_dpd30#h5
10000629,1888,20241216,0,Bank,百信银行,dpd,12,60,12,mob12_dpd60,京东白条,百信银行#mob12_dpd60#京东白条
10000629,1888,20241216,0,Bank,百信银行,dpd,3,30,3,mob3_dpd30,api,百信银行#mob3_dpd30#api
10000629,1888,20241216,0,Rate36,美团月付,fpd,,30,,fpd30,api,美团月付#fpd30#api
10000629,1889,20240410,0,Rate24,零钱罐,dpd,3,30,3,mob3_dpd30,api,零钱罐#mob3_dpd30#api
10000629,1889,20240410,0,Rate36,美团月付,dpd,9,30,9,mob9_dpd30,h5,美团月付#mob9_dpd30#h5
10000629,1889,20240410,0,Rate24,分期乐,dpd,6,30,6,mob6_dpd30,小程序,分期乐#mob6_dpd30#小程序
10000630,1890,20250114,0,Rate24,零钱罐,fpd,,30,,fpd30,api,零钱罐#fpd30#api
10000630,1890,20250114,0,Rate36,美团月付,dpd,9,30,9,mob9_dpd30,api,美团月付#mob9_dpd30#api
10000630,1890,20250114,0,Bank,微众银行,dpd,12,60,12,mob12_dpd60,京东白条,微众银行#mob12_dpd60#京东白条
10000630,1891,20240724,1,Rate36,美团月付,dpd,12,60,12,mob12_dpd60,api,美团月付#mob12_dpd60#api
10000630,1892,20240817,0,Rate24,零钱罐,dpd,9,30,9,mob9_dpd30,小程序,零钱罐#mob9_dpd30#小程序
10000630,1892,20240817,0,Rate24,分期乐,dpd,3,60,3,mob3_dpd60,api,分期乐#mob3_dpd60#api
10000631,1893,20251202,0,Bank,微众银行,dpd,3,30,3,mob3_dpd30,京东白条,微众银行#mob3_dpd30#京东白条
10000631,1893,20251202,0,Rate36,美团月付,dpd,12,30,12,mob12_dpd30,h5,美团月付#mob12_dpd30#h5
10000631,1894,20250802,1,Rate24,分期乐,dpd,12,60,12,mob12_dpd60,api,分期乐#mob12_dpd60#api
10000631,1894,20250802,0,Bank,百信银行,fpd,,30,,fpd30,京东白条,百信银行#fpd30#京东白条
10000631,1895,20240614,0,Bank,微众银行,dpd,3,30,3,mob3_dpd30,京东白条,微众银行#mob3_dpd30#京东白条
10000631,1895,20240614,0,Rate36,美团月付,dpd,12,60,12,mob12_dpd60,api,美团月付#mob12_dpd60#api
10000632,1896,20251112,1,Rate36,美团月付,dpd,12,30,12,mob12_dpd30,api,美团月付#mob12_dpd30#api
10000632,1896,20251112,1,Bank,百信银行,dpd,12,30,12,mob12_dpd30,京东白条,百信银行#mob12_dpd30#京东白条
10000632,1897,20250424,0,Rate24,零钱罐,dpd,6,60,6,mob6_dpd60,小程序,零钱罐#mob6_dpd60#小程序
10000632,1898,20251117,1,Bank,微众银行,dpd,6,30,6,mob6_dpd30,京东白条,微众银行#mob6_dpd30#京东白条
10000632,1898,20251117,0,Bank,微众银行,fpd,,60,,fpd60,api,微众银行#fpd60#api
10000632,1898,20251117,0,Rate24,分期乐,dpd,12,60,12,mob12_dpd60,小程序,分期乐#mob12_dpd60#小程序
10000633,1899,20250822,-2,Rate24,零钱罐,dpd,3,30,3,mob3_dpd30,小程序,零钱罐#mob3_dpd30#小程序
10000633,1899,20250822,0,Bank,百信银行,dpd,12,30,12,mob12_dpd30,京东白条,百信银行#mob12_dpd30#京东白条
10000633,1899,20250822,0,Rate36,美团月付,fpd,,30,,fpd30,h5,美团月付#fpd30#h5
10000633,1900,20241117,0,Rate24,分期乐,fpd,,30,,fpd30,小程序,分期乐#fpd30#小程序
10000633,1901,20250310,0,Bank,百信银行,dpd,3,60,3,mob3_dpd60,京东白条,百信银行#mob3_dpd60#京东白条
10000633,1901,20250310,1,Rate36,美团月付,dpd,9,60,9,mob9_dpd60,h5,美团月付#mob9_dpd60#h5
10000633,1901,20250310,0,Rate36,拍拍贷,dpd,3,60,3,mob3_dpd60,api,拍拍贷#mob3_dpd60#api
10000634,1902,20250319,1,Rate36,拍拍贷,dpd,12,30,12,mob12_dpd30,h5,拍拍贷#mob12_dpd30#h5
10000634,1902,20250319,0,Bank,微众银行,dpd,3,60,3,mob3_dpd60,api,微众银行#mob3_dpd60#api
10000634,1903,20250818,1,Bank,百信银行,dpd,9,30,9,mob9_dpd30,api,百信银行#mob9_dpd30#api
10000634,1903,20250818,0,Rate36,美团月付,dpd,9,60,9,mob9_dpd60,api,美团月付#mob9_dpd60#api
10000634,1904,20240821,1,Rate24,分期乐,fpd,,60,,fpd60,api,分期乐#fpd60#api
10000635,1905,20241006,0,Rate36,拍拍贷,fpd,,30,,fpd30,h5,拍拍贷#fpd30#h5
10000635,1905,20241006,0,Rate24,零钱罐,dpd,6,60,6,mob6_dpd60,小程序,零钱罐#mob6_dpd60#小程序
10000635,1906,20240818,0,Rate36,拍拍贷,dpd,6,30,6,mob6_dpd30,h5,拍拍贷#mob6_dpd30#h5
10000635,1906,20240818,0,Rate36,拍拍贷,dpd,9,30,9,mob9_dpd30,api,拍拍贷#mob9_dpd30#api
10000635,1906,20240818,0,Rate24,零钱罐,dpd,12,30,12,mob12_dpd30,小程序,零钱罐#mob12_dpd30#小程序
10000635,1907,20241008,0,Rate24,分期乐,dpd,12,30,12,mob12_dpd30,api,分期乐#mob12_dpd30#api
10000635,1907,20241008,0,Bank,微众银行,dpd,9,60,9,mob9_dpd60,京东白条,微众银行#mob9_dpd60#京东白条
10000636,1908,20240623,0,Bank,百信银行,dpd,3,30,3,mob3_dpd30,京东白条,百信银行#mob3_dpd30#京东白条
10000636,1909,20240323,0,Rate36,拍拍贷,dpd,3,30,3,mob3_dpd30,api,拍拍贷#mob3_dpd30#api
10000636,1910,20260118,0,Rate24,零钱罐,dpd,9,30,9,mob9_dpd30,小程序,零钱罐#mob9_dpd30#小程序
10000636,1910,20260118,0,Rate36,拍拍贷,dpd,3,60,3,mob3_dpd60,h5,拍拍贷#mob3_dpd60#h5
10000637,1911,20240427,0,Rate36,拍拍贷,dpd,12,60,12,mob12_dpd60,api,拍拍贷#mob12_dpd60#api
10000637,1911,20240427,0,Bank,百信银行,fpd,,30,,fpd30,api,百信银行#fpd30#api
10000637,1911,20240427,0,Rate24,零钱罐,fpd,,60,,fpd60,api,零钱罐#fpd60#api
10000637,1912,20251216,0,Bank,微众银行,dpd,6,30,6,mob6_dpd30,api,微众银行#mob6_dpd30#api
10000637,1912,20251216,0,Bank,微众银行,dpd,6,30,6,mob6_dpd30,京东白条,微众银行#mob6_dpd30#京东白条
10000637,1913,20240301,0,Rate24,零钱罐,fpd,,30,,fpd30,api,零钱罐#fpd30#api
10000637,1913,20240301,0,Rate24,零钱罐,dpd,6,60,6,mob6_dpd60,api,零钱罐#mob6_dpd60#api
10000637,1913,20240301,0,Bank,百信银行,fpd,,30,,fpd30,京东白条,百信银行#fpd30#京东白条
10000638,1914,20250917,0,Rate36,美团月付,dpd,3,30,3,mob3_dpd30,api,美团月付#mob3_dpd30#api
10000638,1914,20250917,0,Bank,百信银行,dpd,3,30,3,mob3_dpd30,api,百信银行#mob3_dpd30#api
10000638,1915,20241022,1,Rate36,拍拍贷,dpd,12,60,12,mob12_dpd60,api,拍拍贷#mob12_dpd60#api
10000638,1915,20241022,0,Rate24,分期乐,fpd,,60,,fpd60,小程序,分期乐#fpd60#小程序
10000638,1915,20241022,0,Bank,百信银行,dpd,9,30,9,mob9_dpd30,京东白条,百信银行#mob9_dpd30#京东白条
10000638,1916,20250303,0,Rate36,拍拍贷,dpd,6,30,6,mob6_dpd30,api,拍拍贷#mob6_dpd30#api
10000639,1917,20240903,0,Rate24,分期乐,dpd,6,60,6,mob6_dpd60,api,分期乐#mob6_dpd60#api
10000639,1917,20240903,0,Bank,百信银行,dpd,6,60,6,mob6_dpd60,api,百信银行#mob6_dpd60#api
10000639,1917,20240903,-2,Bank,百信银行,dpd,3,60,3,mob3_dpd60,京东白条,百信银行#mob3_dpd60#京东白条
10000639,1918,20250208,0,Rate36,拍拍贷,dpd,12,60,12,mob12_dpd60,h5,拍拍贷#mob12_dpd60#h5
10000639,1918,20250208,0,Rate36,美团月付,fpd,,30,,fpd30,h5,美团月付#fpd30#h5
10000639,1919,20250124,0,Bank,微众银行,dpd,6,30,6,mob6_dpd30,京东白条,微众银行#mob6_dpd30#京东白条
10000640,1920,20250315,0,Rate36,美团月付,fpd,,60,,fpd60,api,美团月付#fpd60#api
10000640,1921,20241228,0,Bank,微众银行,dpd,3,30,3,mob3_dpd30,api,微众银行#mob3_dpd30#api
10000640,1921,20241228,0,Bank,百信银行,fpd,,60,,fpd60,api,百信银行#fpd60#api
10000640,1921,20241228,0,Rate36,拍拍贷,dpd,6,60,6,mob6_dpd60,api,拍拍贷#mob6_dpd60#api
10000640,1922,20250325,0,Rate24,分期乐,dpd,3,60,3,mob3_dpd60,api,分期乐#mob3_dpd60#api
10000640,1922,20250325,-2,Bank,百信银行,dpd,12,60,12,mob12_dpd60,京东白条,百信银行#mob12_dpd60#京东白条
10000640,1922,20250325,1,Rate36,拍拍贷,dpd,6,30,6,mob6_dpd30,api,拍拍贷#mob6_dpd30#api
10000641,1923,20251016,1,Rate24,分期乐,dpd,6,30,6,mob6_dpd30,小程序,分期乐#mob6_dpd30#小程序
10000641,1924,20250120,0,Rate24,零钱罐,dpd,6,60,6,mob6_dpd60,小程序,零钱罐#mob6_dpd60#小程序
10000641,1924,20250120,1,Rate24,零钱罐,dpd,6,60,6,mob6_dpd60,api,零钱罐#mob6_dpd60#api
10000641,1925,20241110,0,Rate36,拍拍贷,dpd,6,30,6,mob6_dpd30,h5,拍拍贷#mob6_dpd30#h5
10000642,1926,20240603,0,Rate24,零钱罐,dpd,9,30,9,mob9_dpd30,小程序,零钱罐#mob9_dpd30#小程序
10000642,1926,20240603,0,Rate24,零钱罐,dpd,3,30,3,mob3_dpd30,小程序,零钱罐#mob3_dpd30#小程序
10000642,1927,20241112,0,Rate36,拍拍贷,dpd,12,30,12,mob12_dpd30,api,拍拍贷#mob12_dpd30#api
10000642,1927,20241112,0,Bank,百信银行,dpd,6,30,6,mob6_dpd30,api,百信银行#mob6_dpd30#api
10000642,1928,20240617,0,Rate36,拍拍贷,dpd,9,60,9,mob9_dpd60,api,拍拍贷#mob9_dpd60#api
10000642,1928,20240617,0,Rate36,美团月付,fpd,,30,,fpd30,api,美团月付#fpd30#api
10000642,1928,20240617,0,Bank,微众银行,dpd,12,30,12,mob12_dpd30,京东白条,微众银行#mob12_dpd30#京东白条
10000643,1929,20240706,1,Rate36,拍拍贷,dpd,9,30,9,mob9_dpd30,h5,拍拍贷#mob9_dpd30#h5
10000643,1929,20240706,-2,Bank,百信银行,fpd,,30,,fpd30,京东白条,百信银行#fpd30#京东白条
10000643,1930,20260107,1,Bank,百信银行,dpd,6,60,6,mob6_dpd60,api,百信银行#mob6_dpd60#api
10000643,1931,20240501,0,Rate24,零钱罐,fpd,,30,,fpd30,小程序,零钱罐#fpd30#小程序
10000644,1932,20250221,0,Rate24,零钱罐,dpd,6,60,6,mob6_dpd60,小程序,零钱罐#mob6_dpd60#小程序
10000644,1933,20251126,-2,Bank,百信银行,dpd,12,30,12,mob12_dpd30,api,百信银行#mob12_dpd30#api
10000644,1933,20251126,0,Bank,百信银行,dpd,12,30,12,mob12_dpd30,api,百信银行#mob12_dpd30#api
10000644,1933,20251126,0,Rate24,分期乐,fpd,,60,,fpd60,小程序,分期乐#fpd60#小程序
10000644,1934,20260124,0,Bank,微众银行,dpd,9,30,9,mob9_dpd30,京东白条,微众银行#mob9_dpd30#京东白条
10000645,1935,20240611,0,Rate36,美团月付,dpd,12,30,12,mob12_dpd30,h5,美团月付#mob12_dpd30#h5
10000645,1936,20240617,0,Rate24,分期乐,dpd,6,60,6,mob6_dpd60,api,分期乐#mob6_dpd60#api
10000645,1936,20240617,0,Bank,百信银行,dpd,6,60,6,mob6_dpd60,api,百信银行#mob6_dpd60#api
10000645,1937,20241127,0,Rate36,美团月付,dpd,6,60,6,mob6_dpd60,api,美团月付#mob6_dpd60#api
10000646,1938,20250417,0,Rate24,零钱罐,fpd,,60,,fpd60,api,零钱罐#fpd60#api
10000646,1938,20250417,0,Bank,百信银行,fpd,,30,,fpd30,京东白条,百信银行#fpd30#京东白条
10000646,1939,20260209,1,Rate36,美团月付,dpd,9,30,9,mob9_dpd30,api,美团月付#mob9_dpd30#api
10000646,1939,20260209,0,Rate24,分期乐,fpd,,30,,fpd30,api,分期乐#fpd30#api
10000646,1940,20240710,0,Rate36,拍拍贷,dpd,3,30,3,mob3_dpd30,api,拍拍贷#mob3_dpd30#api
10000646,1940,20240710,0,Rate24,零钱罐,dpd,3,30,3,mob3_dpd30,小程序,零钱罐#mob3_dpd30#小程序
10000646,1940,20240710,1,Rate24,零钱罐,dpd,6,30,6,mob6_dpd30,api,零钱罐#mob6_dpd30#api
10000647,1941,20240621,0,Rate36,拍拍贷,dpd,12,30,12,mob12_dpd30,h5,拍拍贷#mob12_dpd30#h5
10000647,1941,20240621,0,Bank,微众银行,dpd,12,30,12,mob12_dpd30,京东白条,微众银行#mob12_dpd30#京东白条
10000647,1942,20240913,0,Bank,微众银行,fpd,,60,,fpd60,api,微众银行#fpd60#api
10000647,1942,20240913,0,Rate24,零钱罐,fpd,,60,,fpd60,api,零钱罐#fpd60#api
10000647,1942,20240913,1,Rate24,分期乐,dpd,9,30,9,mob9_dpd30,api,分期乐#mob9_dpd30#api
10000647,1943,20251124,0,Rate24,零钱罐,fpd,,30,,fpd30,api,零钱罐#fpd30#api
10000647,1943,20251124,0,Bank,百信银行,dpd,9,60,9,mob9_dpd60,京东白条,百信银行#mob9_dpd60#京东白条
10000648,1944,20240325,0,Rate36,美团月付,dpd,9,60,9,mob9_dpd60,h5,美团月付#mob9_dpd60#h5
10000648,1944,20240325,-2,Rate24,零钱罐,dpd,3,60,3,mob3_dpd60,小程序,零钱罐#mob3_dpd60#小程序
10000648,1945,20241202,0,Bank,微众银行,dpd,12,30,12,mob12_dpd30,api,微众银行#mob12_dpd30#api
10000648,1945,20241202,1,Rate36,美团月付,dpd,9,30,9,mob9_dpd30,h5,美团月付#mob9_dpd30#h5
10000648,1946,20240521,0,Rate24,零钱罐,dpd,6,60,6,mob6_dpd60,api,零钱罐#mob6_dpd60#api
10000648,1946,20240521,0,Rate24,分期乐,fpd,,30,,fpd30,小程序,分期乐#fpd30#小程序
10000648,1946,20240521,0,Bank,微众银行,fpd,,60,,fpd60,京东白条,微众银行#fpd60#京东白条
10000649,1947,20240611,0,Rate24,零钱罐,dpd,3,60,3,mob3_dpd60,api,零钱罐#mob3_dpd60#api
10000649,1948,20260115,0,Rate36,美团月付,dpd,9,30,9,mob9_dpd30,h5,美团月付#mob9_dpd30#h5
10000649,1949,20240308,0,Bank,微众银行,fpd,,30,,fpd30,api,微众银行#fpd30#api
10000649,1949,20240308,0,Rate24,分期乐,dpd,9,60,9,mob9_dpd60,api,分期乐#mob9_dpd60#api
10000650,1950,20241011,0,Rate24,分期乐,dpd,3,30,3,mob3_dpd30,api,分期乐#mob3_dpd30#api
10000650,1950,20241011,0,Rate24,分期乐,fpd,,30,,fpd30,api,分期乐#fpd30#api
10000650,1950,20241011,0,Rate36,美团月付,fpd,,60,,fpd60,h5,美团月付#fpd60#h5
10000650,1951,20251210,0,Bank,百信银行,dpd,3,60,3,mob3_dpd60,京东白条,百信银行#mob3_dpd60#京东白条
10000650,1952,20250502,-2,Rate36,美团月付,dpd,12,60,12,mob12_dpd60,h5,美团月付#mob12_dpd60#h5
10000650,1952,20250502,0,Rate36,拍拍贷,fpd,,30,,fpd30,api,拍拍贷#fpd30#api
10000651,1953,20240422,0,Rate24,零钱罐,fpd,,60,,fpd60,小程序,零钱罐#fpd60#小程序
10000651,1953,20240422,0,Rate24,零钱罐,dpd,6,60,6,mob6_dpd60,小程序,零钱罐#mob6_dpd60#小程序
10000651,1954,20250205,0,Bank,微众银行,dpd,3,30,3,mob3_dpd30,京东白条,微众银行#mob3_dpd30#京东白条
10000651,1954,20250205,0,Bank,百信银行,fpd,,60,,fpd60,api,百信银行#fpd60#api
10000651,1954,20250205,1,Rate36,美团月付,dpd,12,60,12,mob12_dpd60,api,美团月付#mob12_dpd60#api
10000651,1955,20260211,0,Rate24,零钱罐,dpd,3,30,3,mob3_dpd30,小程序,零钱罐#mob3_dpd30#小程序
10000651,1955,20260211,0,Rate24,零钱罐,dpd,12,30,12,mob12_dpd30,api,零钱罐#mob12_dpd30#api
10000651,1955,20260211,0,Bank,微众银行,dpd,12,30,12,mob12_dpd30,京东白条,微众银行#mob12_dpd30#京东白条
10000652,1956,20241206,0,Rate24,分期乐,dpd,6,30,6,mob6_dpd30,api,分期乐#mob6_dpd30#api
10000652,1956,20241206,0,Rate24,分期乐,dpd,6,30,6,mob6_dpd30,api,分期乐#mob6_dpd30#api
10000652,1956,20241206,0,Rate36,拍拍贷,dpd,6,60,6,mob6_dpd60,api,拍拍贷#mob6_dpd60#api
10000652,1957,20250305,0,Rate36,拍拍贷,fpd,,30,,fpd30,h5,拍拍贷#fpd30#h5
10000652,1957,20250305,1,Rate36,拍拍贷,fpd,,60,,fpd60,h5,拍拍贷#fpd60#h5
10000652,1958,20250311,0,Bank,百信银行,dpd,9,30,9,mob9_dpd30,api,百信银行#mob9_dpd30#api
10000653,1959,20250626,0,Bank,百信银行,dpd,6,30,6,mob6_dpd30,api,百信银行#mob6_dpd30#api
10000653,1960,20240727,0,Rate36,拍拍贷,dpd,6,60,6,mob6_dpd60,api,拍拍贷#mob6_dpd60#api
10000653,1960,20240727,0,Bank,微众银行,dpd,12,30,12,mob12_dpd30,京东白条,微众银行#mob12_dpd30#京东白条
10000653,1960,20240727,0,Rate36,美团月付,dpd,3,60,3,mob3_dpd60,api,美团月付#mob3_dpd60#api
10000653,1961,20251111,0,Bank,微众银行,fpd,,30,,fpd30,京东白条,微众银行#fpd30#京东白条
10000653,1961,20251111,0,Rate24,零钱罐,dpd,6,60,6,mob6_dpd60,小程序,零钱罐#mob6_dpd60#小程序
10000654,1962,20260215,1,Rate36,美团月付,dpd,6,60,6,mob6_dpd60,api,美团月付#mob6_dpd60#api
10000654,1962,20260215,0,Rate36,美团月付,dpd,9,60,9,mob9_dpd60,api,美团月付#mob9_dpd60#api
10000654,1962,20260215,0,Rate36,美团月付,dpd,3,30,3,mob3_dpd30,h5,美团月付#mob3_dpd30#h5
10000654,1963,20240628,1,Rate36,美团月付,dpd,12,60,12,mob12_dpd60,api,美团月付#mob12_dpd60#api
10000654,1964,20251007,0,Bank,微众银行,dpd,9,30,9,mob9_dpd30,京东白条,微众银行#mob9_dpd30#京东白条
10000654,1964,20251007,0,Rate36,美团月付,fpd,,60,,fpd60,h5,美团月付#fpd60#h5
10000655,1965,20251027,0,Rate24,零钱罐,dpd,6,60,6,mob6_dpd60,小程序,零钱罐#mob6_dpd60#小程序
10000655,1965,20251027,0,Bank,百信银行,fpd,,30,,fpd30,api,百信银行#fpd30#api
10000655,1966,20250803,0,Bank,微众银行,dpd,3,60,3,mob3_dpd60,api,微众银行#mob3_dpd60#api
10000655,1966,20250803,0,Bank,微众银行,dpd,9,30,9,mob9_dpd30,api,微众银行#mob9_dpd30#api
10000655,1966,20250803,0,Bank,微众银行,fpd,,60,,fpd60,京东白条,微众银行#fpd60#京东白条
10000655,1967,20241107,0,Rate36,美团月付,dpd,3,30,3,mob3_dpd30,api,美团月付#mob3_dpd30#api
10000655,1967,20241107,0,Rate24,分期乐,fpd,,30,,fpd30,小程序,分期乐#fpd30#小程序
10000656,1968,20250210,0,Rate24,分期乐,fpd,,60,,fpd60,api,分期乐#fpd60#api
10000656,1968,20250210,0,Bank,百信银行,dpd,12,30,12,mob12_dpd30,京东白条,百信银行#mob12_dpd30#京东白条
10000656,1968,20250210,0,Rate36,美团月付,fpd,,60,,fpd60,h5,美团月付#fpd60#h5
10000656,1969,20251102,0,Bank,微众银行,dpd,3,30,3,mob3_dpd30,京东白条,微众银行#mob3_dpd30#京东白条
10000656,1970,20240623,-2,Rate24,零钱罐,fpd,,60,,fpd60,小程序,零钱罐#fpd60#小程序
10000656,1970,20240623,-2,Bank,微众银行,fpd,,60,,fpd60,京东白条,微众银行#fpd60#京东白条
10000656,1970,20240623,0,Rate24,零钱罐,fpd,,30,,fpd30,api,零钱罐#fpd30#api
10000657,1971,20251024,0,Rate24,分期乐,fpd,,30,,fpd30,api,分期乐#fpd30#api
10000657,1971,20251024,-2,Bank,百信银行,dpd,6,30,6,mob6_dpd30,京东白条,百信银行#mob6_dpd30#京东白条
10000657,1971,20251024,-2,Rate24,零钱罐,dpd,3,30,3,mob3_dpd30,api,零钱罐#mob3_dpd30#api
10000657,1972,20260111,0,Rate36,美团月付,dpd,12,30,12,mob12_dpd30,api,美团月付#mob12_dpd30#api
10000657,1973,20250724,0,Rate36,拍拍贷,fpd,,60,,fpd60,h5,拍拍贷#fpd60#h5
10000657,1973,20250724,0,Bank,微众银行,dpd,6,60,6,mob6_dpd60,京东白条,微众银行#mob6_dpd60#京东白条
10000658,1974,20241122,1,Bank,百信银行,dpd,12,30,12,mob12_dpd30,api,百信银行#mob12_dpd30#api
10000658,1975,20250423,0,Rate36,美团月付,dpd,9,30,9,mob9_dpd30,api,美团月付#mob9_dpd30#api
10000658,1975,20250423,-2,Rate36,美团月付,dpd,3,30,3,mob3_dpd30,h5,美团月付#mob3_dpd30#h5
10000658,1975,20250423,0,Rate36,美团月付,dpd,9,30,9,mob9_dpd30,h5,美团月付#mob9_dpd30#h5
10000658,1976,20240423,0,Bank,百信银行,dpd,12,30,12,mob12_dpd30,api,百信银行#mob12_dpd30#api
10000658,1976,20240423,1,Rate24,零钱罐,dpd,3,60,3,mob3_dpd60,小程序,零钱罐#mob3_dpd60#小程序
10000658,1976,20240423,0,Rate36,拍拍贷,fpd,,30,,fpd30,api,拍拍贷#fpd30#api
10000659,1977,20260117,0,Rate36,美团月付,dpd,12,30,12,mob12_dpd30,h5,美团月付#mob12_dpd30#h5
10000659,1977,20260117,0,Rate24,分期乐,dpd,9,30,9,mob9_dpd30,api,分期乐#mob9_dpd30#api
10000659,1978,20241104,1,Rate24,分期乐,dpd,6,60,6,mob6_dpd60,小程序,分期乐#mob6_dpd60#小程序
10000659,1978,20241104,0,Rate24,零钱罐,fpd,,30,,fpd30,小程序,零钱罐#fpd30#小程序
10000659,1979,20240426,0,Rate36,拍拍贷,dpd,12,30,12,mob12_dpd30,h5,拍拍贷#mob12_dpd30#h5
10000659,1979,20240426,0,Bank,微众银行,dpd,12,30,12,mob12_dpd30,京东白条,微众银行#mob12_dpd30#京东白条
10000659,1979,20240426,0,Rate36,拍拍贷,fpd,,60,,fpd60,api,拍拍贷#fpd60#api
10000660,1980,20251018,0,Rate36,拍拍贷,dpd,3,30,3,mob3_dpd30,api,拍拍贷#mob3_dpd30#api
10000660,1980,20251018,0,Rate36,拍拍贷,dpd,9,30,9,mob9_dpd30,api,拍拍贷#mob9_dpd30#api
10000660,1980,20251018,0,Bank,百信银行,dpd,6,30,6,mob6_dpd30,京东白条,百信银行#mob6_dpd30#京东白条
10000660,1981,20250626,0,Bank,百信银行,fpd,,30,,fpd30,京东白条,百信银行#fpd30#京东白条
10000660,1982,20250527,0,Rate24,分期乐,dpd,12,60,12,mob12_dpd60,api,分期乐#mob12_dpd60#api
10000660,1982,20250527,0,Rate36,拍拍贷,dpd,3,60,3,mob3_dpd60,api,拍拍贷#mob3_dpd60#api
10000661,1983,20240406,0,Rate36,拍拍贷,dpd,12,60,12,mob12_dpd60,api,拍拍贷#mob12_dpd60#api
10000661,1984,20250912,0,Rate24,零钱罐,dpd,9,30,9,mob9_dpd30,api,零钱罐#mob9_dpd30#api
10000661,1985,20250606,0,Bank,百信银行,dpd,12,30,12,mob12_dpd30,api,百信银行#mob12_dpd30#api
10000661,1985,20250606,0,Bank,微众银行,dpd,3,30,3,mob3_dpd30,京东白条,微众银行#mob3_dpd30#京东白条
10000662,1986,20251002,-2,Rate36,美团月付,fpd,,30,,fpd30,h5,美团月付#fpd30#h5
10000662,1986,20251002,0,Bank,微众银行,fpd,,30,,fpd30,api,微众银行#fpd30#api
10000662,1986,20251002,0,Rate36,美团月付,dpd,3,30,3,mob3_dpd30,h5,美团月付#mob3_dpd30#h5
10000662,1987,20251028,0,Bank,微众银行,dpd,9,60,9,mob9_dpd60,京东白条,微众银行#mob9_dpd60#京东白条
10000662,1987,20251028,0,Rate24,零钱罐,dpd,3,30,3,mob3_dpd30,api,零钱罐#mob3_dpd30#api
10000662,1987,20251028,0,Rate24,分期乐,dpd,6,30,6,mob6_dpd30,api,分期乐#mob6_dpd30#api
10000662,1988,20240826,0,Rate24,零钱罐,dpd,9,60,9,mob9_dpd60,api,零钱罐#mob9_dpd60#api
10000663,1989,20240827,0,Rate36,美团月付,dpd,6,60,6,mob6_dpd60,api,美团月付#mob6_dpd60#api
10000663,1990,20260125,0,Rate24,分期乐,dpd,9,30,9,mob9_dpd30,api,分期乐#mob9_dpd30#api
10000663,1990,20260125,1,Bank,微众银行,dpd,9,60,9,mob9_dpd60,api,微众银行#mob9_dpd60#api
10000663,1991,20250319,0,Rate24,零钱罐,dpd,9,30,9,mob9_dpd30,小程序,零钱罐#mob9_dpd30#小程序
10000664,1992,20250115,0,Bank,百信银行,dpd,9,60,9,mob9_dpd60,api,百信银行#mob9_dpd60#api
10000664,1992,20250115,0,Bank,百信银行,fpd,,30,,fpd30,京东白条,百信银行#fpd30#京东白条
10000664,1993,20240928,0,Rate36,美团月付,fpd,,30,,fpd30,h5,美团月付#fpd30#h5
10000664,1994,20250616,-2,Rate24,零钱罐,dpd,12,30,12,mob12_dpd30,api,零钱罐#mob12_dpd30#api
10000664,1994,20250616,0,Rate24,零钱罐,dpd,3,30,3,mob3_dpd30,api,零钱罐#mob3_dpd30#api
10000664,1994,20250616,0,Rate24,分期乐,fpd,,60,,fpd60,小程序,分期乐#fpd60#小程序
10000665,1995,20250918,0,Rate24,分期乐,dpd,6,60,6,mob6_dpd60,api,分期乐#mob6_dpd60#api
10000665,1995,20250918,0,Rate36,拍拍贷,dpd,9,30,9,mob9_dpd30,h5,拍拍贷#mob9_dpd30#h5
10000665,1996,20240306,0,Rate24,零钱罐,dpd,3,30,3,mob3_dpd30,api,零钱罐#mob3_dpd30#api
10000665,1996,20240306,0,Bank,微众银行,dpd,9,60,9,mob9_dpd60,京东白条,微众银行#mob9_dpd60#京东白条
10000665,1997,20250421,0,Bank,百信银行,dpd,12,30,12,mob12_dpd30,api,百信银行#mob12_dpd30#api
10000665,1997,20250421,-2,Rate36,拍拍贷,fpd,,30,,fpd30,api,拍拍贷#fpd30#api
10000665,1997,20250421,0,Rate24,分期乐,dpd,12,30,12,mob12_dpd30,小程序,分期乐#mob12_dpd30#小程序
10000666,1998,20260223,0,Rate24,分期乐,fpd,,30,,fpd30,api,分期乐#fpd30#api
10000666,1999,20240919,0,Rate24,零钱罐,fpd,,30,,fpd30,小程序,零钱罐#fpd30#小程序
10000666,1999,20240919,0,Bank,微众银行,dpd,12,30,12,mob12_dpd30,api,微众银行#mob12_dpd30#api
10000666,2000,20240914,1,Rate36,美团月付,dpd,6,60,6,mob6_dpd60,h5,美团月付#mob6_dpd60#h5
10000667,2001,20251206,0,Rate24,零钱罐,fpd,,30,,fpd30,api,零钱罐#fpd30#api
10000667,2002,20240401,0,Bank,微众银行,dpd,12,30,12,mob12_dpd30,京东白条,微众银行#mob12_dpd30#京东白条
10000667,2003,20241218,0,Rate24,分期乐,dpd,6,60,6,mob6_dpd60,小程序,分期乐#mob6_dpd60#小程序
10000667,2003,20241218,0,Bank,微众银行,fpd,,30,,fpd30,京东白条,微众银行#fpd30#京东白条
10000668,2004,20250120,0,Bank,微众银行,dpd,9,60,9,mob9_dpd60,京东白条,微众银行#mob9_dpd60#京东白条
10000668,2005,20251022,0,Bank,百信银行,dpd,12,60,12,mob12_dpd60,api,百信银行#mob12_dpd60#api
10000668,2005,20251022,0,Bank,微众银行,dpd,3,30,3,mob3_dpd30,api,微众银行#mob3_dpd30#api
10000668,2005,20251022,0,Bank,百信银行,fpd,,60,,fpd60,api,百信银行#fpd60#api
10000668,2006,20240627,0,Bank,百信银行,dpd,6,30,6,mob6_dpd30,api,百信银行#mob6_dpd30#api
10000668,2006,20240627,0,Rate36,拍拍贷,dpd,6,60,6,mob6_dpd60,api,拍拍贷#mob6_dpd60#api
10000669,2007,20250114,0,Rate24,零钱罐,dpd,6,60,6,mob6_dpd60,api,零钱罐#mob6_dpd60#api
10000669,2008,20240624,0,Bank,微众银行,dpd,3,60,3,mob3_dpd60,api,微众银行#mob3_dpd60#api
10000669,2009,20250921,1,Bank,百信银行,dpd,12,30,12,mob12_dpd30,京东白条,百信银行#mob12_dpd30#京东白条
10000669,2009,20250921,0,Bank,微众银行,dpd,12,30,12,mob12_dpd30,京东白条,微众银行#mob12_dpd30#京东白条
10000669,2009,20250921,1,Bank,微众银行,dpd,12,60,12,mob12_dpd60,京东白条,微众银行#mob12_dpd60#京东白条
10000670,2010,20250608,1,Rate36,美团月付,dpd,12,60,12,mob12_dpd60,h5,美团月付#mob12_dpd60#h5
10000670,2011,20250224,-2,Rate24,零钱罐,fpd,,60,,fpd60,小程序,零钱罐#fpd60#小程序
10000670,2011,20250224,0,Bank,微众银行,dpd,6,60,6,mob6_dpd60,api,微众银行#mob6_dpd60#api
10000670,2012,20241202,0,Bank,百信银行,dpd,12,30,12,mob12_dpd30,京东白条,百信银行#mob12_dpd30#京东白条
10000670,2012,20241202,0,Rate24,分期乐,dpd,3,30,3,mob3_dpd30,api,分期乐#mob3_dpd30#api
10000670,2012,20241202,0,Rate24,零钱罐,dpd,3,30,3,mob3_dpd30,api,零钱罐#mob3_dpd30#api
10000671,2013,20240617,0,Bank,微众银行,fpd,,60,,fpd60,api,微众银行#fpd60#api
10000671,2013,20240617,1,Rate24,分期乐,dpd,6,60,6,mob6_dpd60,api,分期乐#mob6_dpd60#api
10000671,2013,20240617,1,Rate24,零钱罐,dpd,12,60,12,mob12_dpd60,小程序,零钱罐#mob12_dpd60#小程序
10000671,2014,20260127,0,Rate24,零钱罐,dpd,6,60,6,mob6_dpd60,api,零钱罐#mob6_dpd60#api
10000671,2014,20260127,0,Rate36,美团月付,dpd,3,30,3,mob3_dpd30,api,美团月付#mob3_dpd30#api
10000671,2015,20250619,0,Bank,百信银行,fpd,,30,,fpd30,api,百信银行#fpd30#api
10000672,2016,20241027,0,Bank,微众银行,dpd,3,30,3,mob3_dpd30,api,微众银行#mob3_dpd30#api
10000672,2016,20241027,0,Rate24,分期乐,dpd,9,30,9,mob9_dpd30,api,分期乐#mob9_dpd30#api
10000672,2017,20241202,0,Rate24,零钱罐,dpd,9,30,9,mob9_dpd30,api,零钱罐#mob9_dpd30#api
10000672,2017,20241202,0,Rate24,分期乐,dpd,12,30,12,mob12_dpd30,小程序,分期乐#mob12_dpd30#小程序
10000672,2018,20250815,0,Rate36,拍拍贷,fpd,,30,,fpd30,api,拍拍贷#fpd30#api
10000672,2018,20250815,0,Rate36,拍拍贷,dpd,12,30,12,mob12_dpd30,api,拍拍贷#mob12_dpd30#api
10000673,2019,20250822,0,Rate24,分期乐,dpd,12,60,12,mob12_dpd60,小程序,分期乐#mob12_dpd60#小程序
10000673,2020,20250218,1,Rate36,拍拍贷,fpd,,30,,fpd30,h5,拍拍贷#fpd30#h5
10000673,2020,20250218,0,Rate24,零钱罐,dpd,3,30,3,mob3_dpd30,小程序,零钱罐#mob3_dpd30#小程序
10000673,2021,20241025,0,Rate36,美团月付,dpd,12,30,12,mob12_dpd30,h5,美团月付#mob12_dpd30#h5
10000673,2021,20241025,0,Bank,百信银行,dpd,3,30,3,mob3_dpd30,api,百信银行#mob3_dpd30#api
10000673,2021,20241025,0,Rate24,分期乐,dpd,3,60,3,mob3_dpd60,小程序,分期乐#mob3_dpd60#小程序
10000674,2022,20250613,0,Bank,微众银行,dpd,9,60,9,mob9_dpd60,api,微众银行#mob9_dpd60#api
10000674,2023,20250620,1,Rate36,美团月付,dpd,6,30,6,mob6_dpd30,api,美团月付#mob6_dpd30#api
10000674,2023,20250620,-2,Rate36,拍拍贷,dpd,3,60,3,mob3_dpd60,h5,拍拍贷#mob3_dpd60#h5
10000674,2024,20250512,0,Rate36,美团月付,dpd,3,30,3,mob3_dpd30,api,美团月付#mob3_dpd30#api
10000674,2024,20250512,0,Rate36,拍拍贷,fpd,,60,,fpd60,api,拍拍贷#fpd60#api
10000675,2025,20240425,0,Rate24,分期乐,dpd,3,30,3,mob3_dpd30,小程序,分期乐#mob3_dpd30#小程序
10000675,2025,20240425,1,Rate24,分期乐,dpd,3,60,3,mob3_dpd60,api,分期乐#mob3_dpd60#api
10000675,2026,20250204,-2,Bank,百信银行,dpd,6,30,6,mob6_dpd30,api,百信银行#mob6_dpd30#api
10000675,2026,20250204,-2,Rate24,分期乐,fpd,,60,,fpd60,api,分期乐#fpd60#api
10000675,2026,20250204,0,Bank,微众银行,fpd,,60,,fpd60,京东白条,微众银行#fpd60#京东白条
10000675,2027,20250508,0,Rate36,拍拍贷,dpd,3,30,3,mob3_dpd30,api,拍拍贷#mob3_dpd30#api
10000675,2027,20250508,0,Rate36,美团月付,dpd,3,60,3,mob3_dpd60,api,美团月付#mob3_dpd60#api
10000675,2027,20250508,0,Rate24,零钱罐,dpd,12,30,12,mob12_dpd30,api,零钱罐#mob12_dpd30#api
10000676,2028,20260103,0,Rate36,美团月付,dpd,12,30,12,mob12_dpd30,h5,美团月付#mob12_dpd30#h5
10000676,2028,20260103,0,Bank,百信银行,dpd,12,60,12,mob12_dpd60,京东白条,百信银行#mob12_dpd60#京东白条
10000676,2028,20260103,0,Rate36,美团月付,dpd,12,30,12,mob12_dpd30,api,美团月付#mob12_dpd30#api
10000676,2029,20250320,0,Rate36,拍拍贷,dpd,6,30,6,mob6_dpd30,h5,拍拍贷#mob6_dpd30#h5
10000676,2030,20241107,0,Rate36,美团月付,dpd,9,60,9,mob9_dpd60,h5,美团月付#mob9_dpd60#h5
10000676,2030,20241107,0,Bank,百信银行,dpd,3,30,3,mob3_dpd30,api,百信银行#mob3_dpd30#api
10000677,2031,20250409,0,Bank,微众银行,dpd,9,60,9,mob9_dpd60,京东白条,微众银行#mob9_dpd60#京东白条
10000677,2032,20240724,0,Rate24,零钱罐,dpd,12,60,12,mob12_dpd60,小程序,零钱罐#mob12_dpd60#小程序
10000677,2033,20240511,0,Bank,微众银行,dpd,6,60,6,mob6_dpd60,京东白条,微众银行#mob6_dpd60#京东白条
10000677,2033,20240511,-2,Bank,百信银行,dpd,12,60,12,mob12_dpd60,api,百信银行#mob12_dpd60#api
10000677,2033,20240511,0,Rate24,分期乐,fpd,,60,,fpd60,api,分期乐#fpd60#api
10000678,2034,20250705,0,Rate24,分期乐,dpd,9,30,9,mob9_dpd30,api,分期乐#mob9_dpd30#api
10000678,2035,20260201,-2,Bank,微众银行,dpd,3,60,3,mob3_dpd60,api,微众银行#mob3_dpd60#api
10000678,2035,20260201,0,Bank,微众银行,dpd,12,60,12,mob12_dpd60,api,微众银行#mob12_dpd60#api
10000678,2036,20251107,0,Rate36,拍拍贷,dpd,12,30,12,mob12_dpd30,h5,拍拍贷#mob12_dpd30#h5
10000679,2037,20250526,1,Rate36,美团月付,dpd,9,60,9,mob9_dpd60,api,美团月付#mob9_dpd60#api
10000679,2038,20240316,0,Rate36,美团月付,dpd,9,60,9,mob9_dpd60,h5,美团月付#mob9_dpd60#h5
10000679,2039,20260228,1,Rate24,分期乐,dpd,12,30,12,mob12_dpd30,api,分期乐#mob12_dpd30#api
10000679,2039,20260228,0,Bank,微众银行,dpd,3,30,3,mob3_dpd30,京东白条,微众银行#mob3_dpd30#京东白条
10000680,2040,20250107,0,Rate36,拍拍贷,dpd,12,30,12,mob12_dpd30,h5,拍拍贷#mob12_dpd30#h5
10000680,2040,20250107,0,Bank,微众银行,fpd,,60,,fpd60,京东白条,微众银行#fpd60#京东白条
10000680,2041,20240910,0,Rate36,拍拍贷,dpd,12,60,12,mob12_dpd60,api,拍拍贷#mob12_dpd60#api
10000680,2041,20240910,0,Bank,微众银行,dpd,3,60,3,mob3_dpd60,api,微众银行#mob3_dpd60#api
10000680,2041,20240910,1,Rate24,分期乐,dpd,9,60,9,mob9_dpd60,小程序,分期乐#mob9_dpd60#小程序
10000680,2042,20251205,1,Rate36,拍拍贷,dpd,9,60,9,mob9_dpd60,api,拍拍贷#mob9_dpd60#api
10000681,2043,20250812,0,Rate24,零钱罐,dpd,3,30,3,mob3_dpd30,小程序,零钱罐#mob3_dpd30#小程序
10000681,2043,20250812,0,Rate36,美团月付,fpd,,60,,fpd60,api,美团月付#fpd60#api
10000681,2044,20250816,0,Bank,百信银行,fpd,,60,,fpd60,京东白条,百信银行#fpd60#京东白条
10000681,2044,20250816,0,Rate24,零钱罐,dpd,9,60,9,mob9_dpd60,小程序,零钱罐#mob9_dpd60#小程序
10000681,2044,20250816,0,Rate24,分期乐,dpd,9,60,9,mob9_dpd60,小程序,分期乐#mob9_dpd60#小程序
10000681,2045,20240923,0,Rate24,分期乐,dpd,9,30,9,mob9_dpd30,小程序,分期乐#mob9_dpd30#小程序
10000681,2045,20240923,0,Bank,微众银行,dpd,9,60,9,mob9_dpd60,京东白条,微众银行#mob9_dpd60#京东白条
10000681,2045,20240923,0,Rate24,分期乐,dpd,6,30,6,mob6_dpd30,api,分期乐#mob6_dpd30#api
10000682,2046,20260211,1,Rate36,拍拍贷,fpd,,60,,fpd60,h5,拍拍贷#fpd60#h5
10000682,2046,20260211,0,Rate24,零钱罐,fpd,,30,,fpd30,小程序,零钱罐#fpd30#小程序
10000682,2046,20260211,-2,Rate24,零钱罐,dpd,3,60,3,mob3_dpd60,api,零钱罐#mob3_dpd60#api
10000682,2047,20250122,0,Rate36,拍拍贷,dpd,12,30,12,mob12_dpd30,api,拍拍贷#mob12_dpd30#api
10000682,2047,20250122,1,Rate24,零钱罐,dpd,3,60,3,mob3_dpd60,api,零钱罐#mob3_dpd60#api
10000682,2048,20250318,0,Rate24,零钱罐,dpd,9,30,9,mob9_dpd30,小程序,零钱罐#mob9_dpd30#小程序
10000682,2048,20250318,0,Rate24,零钱罐,dpd,12,60,12,mob12_dpd60,小程序,零钱罐#mob12_dpd60#小程序
10000682,2048,20250318,0,Rate24,分期乐,dpd,6,60,6,mob6_dpd60,api,分期乐#mob6_dpd60#api
10000683,2049,20250909,0,Rate24,零钱罐,dpd,6,30,6,mob6_dpd30,小程序,零钱罐#mob6_dpd30#小程序
10000683,2049,20250909,0,Rate36,拍拍贷,dpd,12,60,12,mob12_dpd60,h5,拍拍贷#mob12_dpd60#h5
10000683,2050,20250626,-2,Rate24,零钱罐,dpd,3,60,3,mob3_dpd60,小程序,零钱罐#mob3_dpd60#小程序
10000683,2051,20240713,0,Rate24,零钱罐,dpd,6,60,6,mob6_dpd60,api,零钱罐#mob6_dpd60#api
10000683,2051,20240713,0,Rate36,拍拍贷,fpd,,30,,fpd30,h5,拍拍贷#fpd30#h5
10000684,2052,20241005,0,Rate24,分期乐,dpd,6,30,6,mob6_dpd30,小程序,分期乐#mob6_dpd30#小程序
10000684,2052,20241005,0,Rate36,美团月付,dpd,3,30,3,mob3_dpd30,h5,美团月付#mob3_dpd30#h5
10000684,2053,20241127,0,Rate36,美团月付,dpd,9,30,9,mob9_dpd30,api,美团月付#mob9_dpd30#api
10000684,2053,20241127,0,Rate24,零钱罐,dpd,3,30,3,mob3_dpd30,小程序,零钱罐#mob3_dpd30#小程序
10000684,2054,20260126,0,Rate36,拍拍贷,dpd,3,60,3,mob3_dpd60,h5,拍拍贷#mob3_dpd60#h5
10000684,2054,20260126,0,Bank,百信银行,fpd,,30,,fpd30,api,百信银行#fpd30#api
10000684,2054,20260126,0,Rate36,拍拍贷,dpd,3,30,3,mob3_dpd30,api,拍拍贷#mob3_dpd30#api
10000685,2055,20250802,0,Rate24,分期乐,dpd,3,60,3,mob3_dpd60,小程序,分期乐#mob3_dpd60#小程序
10000685,2055,20250802,0,Bank,微众银行,fpd,,60,,fpd60,京东白条,微众银行#fpd60#京东白条
10000685,2055,20250802,0,Rate36,美团月付,dpd,12,60,12,mob12_dpd60,api,美团月付#mob12_dpd60#api
10000685,2056,20241126,0,Bank,微众银行,dpd,3,30,3,mob3_dpd30,api,微众银行#mob3_dpd30#api
10000685,2056,20241126,0,Bank,微众银行,dpd,3,60,3,mob3_dpd60,京东白条,微众银行#mob3_dpd60#京东白条
10000685,2056,20241126,-2,Rate24,分期乐,fpd,,30,,fpd30,小程序,分期乐#fpd30#小程序
10000685,2057,20250827,0,Rate36,美团月付,dpd,3,30,3,mob3_dpd30,api,美团月付#mob3_dpd30#api
10000685,2057,20250827,0,Rate24,分期乐,dpd,9,60,9,mob9_dpd60,小程序,分期乐#mob9_dpd60#小程序
10000685,2057,20250827,0,Rate36,美团月付,dpd,3,30,3,mob3_dpd30,api,美团月付#mob3_dpd30#api
10000686,2058,20250824,0,Bank,百信银行,fpd,,60,,fpd60,京东白条,百信银行#fpd60#京东白条
10000686,2058,20250824,0,Bank,百信银行,fpd,,30,,fpd30,京东白条,百信银行#fpd30#京东白条
10000686,2058,20250824,1,Rate36,美团月付,fpd,,30,,fpd30,h5,美团月付#fpd30#h5
10000686,2059,20241208,0,Bank,微众银行,dpd,6,60,6,mob6_dpd60,京东白条,微众银行#mob6_dpd60#京东白条
10000686,2059,20241208,0,Rate24,分期乐,dpd,6,60,6,mob6_dpd60,小程序,分期乐#mob6_dpd60#小程序
10000686,2059,20241208,0,Rate36,美团月付,dpd,12,30,12,mob12_dpd30,h5,美团月付#mob12_dpd30#h5
10000686,2060,20241218,0,Rate36,美团月付,dpd,12,30,12,mob12_dpd30,h5,美团月付#mob12_dpd30#h5
10000686,2060,20241218,0,Rate36,拍拍贷,dpd,6,60,6,mob6_dpd60,api,拍拍贷#mob6_dpd60#api
10000686,2060,20241218,1,Rate24,分期乐,dpd,9,30,9,mob9_dpd30,api,分期乐#mob9_dpd30#api
10000687,2061,20251216,0,Rate24,零钱罐,dpd,3,60,3,mob3_dpd60,小程序,零钱罐#mob3_dpd60#小程序
10000687,2061,20251216,0,Bank,百信银行,fpd,,60,,fpd60,api,百信银行#fpd60#api
10000687,2061,20251216,0,Bank,百信银行,dpd,9,60,9,mob9_dpd60,京东白条,百信银行#mob9_dpd60#京东白条
10000687,2062,20250418,0,Rate36,拍拍贷,fpd,,60,,fpd60,h5,拍拍贷#fpd60#h5
10000687,2062,20250418,0,Rate36,拍拍贷,fpd,,60,,fpd60,h5,拍拍贷#fpd60#h5
10000687,2063,20240618,0,Rate24,零钱罐,dpd,12,60,12,mob12_dpd60,小程序,零钱罐#mob12_dpd60#小程序
10000688,2064,20250818,0,Rate36,美团月付,dpd,12,30,12,mob12_dpd30,h5,美团月付#mob12_dpd30#h5
10000688,2064,20250818,0,Bank,微众银行,dpd,6,30,6,mob6_dpd30,api,微众银行#mob6_dpd30#api
10000688,2064,20250818,-2,Rate24,零钱罐,fpd,,30,,fpd30,小程序,零钱罐#fpd30#小程序
10000688,2065,20250515,0,Rate24,零钱罐,dpd,6,30,6,mob6_dpd30,api,零钱罐#mob6_dpd30#api
10000688,2065,20250515,0,Bank,微众银行,dpd,6,60,6,mob6_dpd60,京东白条,微众银行#mob6_dpd60#京东白条
10000688,2065,20250515,0,Bank,微众银行,fpd,,60,,fpd60,api,微众银行#fpd60#api
10000688,2066,20250320,-2,Rate24,分期乐,dpd,9,60,9,mob9_dpd60,小程序,分期乐#mob9_dpd60#小程序
10000688,2066,20250320,0,Rate36,美团月付,fpd,,30,,fpd30,api,美团月付#fpd30#api
10000688,2066,20250320,0,Rate36,美团月付,dpd,12,60,12,mob12_dpd60,api,美团月付#mob12_dpd60#api
10000689,2067,20250815,1,Bank,百信银行,dpd,12,60,12,mob12_dpd60,京东白条,百信银行#mob12_dpd60#京东白条
10000689,2068,20251201,0,Rate24,分期乐,dpd,3,30,3,mob3_dpd30,api,分期乐#mob3_dpd30#api
10000689,2068,20251201,0,Bank,百信银行,dpd,3,60,3,mob3_dpd60,京东白条,百信银行#mob3_dpd60#京东白条
10000689,2068,20251201,1,Rate36,美团月付,dpd,6,60,6,mob6_dpd60,h5,美团月付#mob6_dpd60#h5
10000689,2069,20241001,0,Rate24,分期乐,fpd,,60,,fpd60,小程序,分期乐#fpd60#小程序
10000689,2069,20241001,0,Rate24,零钱罐,dpd,9,30,9,mob9_dpd30,api,零钱罐#mob9_dpd30#api
10000689,2069,20241001,0,Rate24,分期乐,dpd,12,30,12,mob12_dpd30,api,分期乐#mob12_dpd30#api
10000690,2070,20250127,0,Bank,微众银行,dpd,6,60,6,mob6_dpd60,京东白条,微众银行#mob6_dpd60#京东白条
10000690,2070,20250127,1,Rate24,零钱罐,dpd,9,60,9,mob9_dpd60,api,零钱罐#mob9_dpd60#api
10000690,2070,20250127,0,Bank,微众银行,fpd,,60,,fpd60,京东白条,微众银行#fpd60#京东白条
10000690,2071,20240726,0,Bank,百信银行,dpd,3,30,3,mob3_dpd30,京东白条,百信银行#mob3_dpd30#京东白条
10000690,2071,20240726,0,Rate24,零钱罐,dpd,12,30,12,mob12_dpd30,小程序,零钱罐#mob12_dpd30#小程序
10000690,2072,20250617,0,Rate24,分期乐,fpd,,30,,fpd30,小程序,分期乐#fpd30#小程序
10000691,2073,20241205,0,Rate24,零钱罐,fpd,,30,,fpd30,小程序,零钱罐#fpd30#小程序
10000691,2073,20241205,0,Rate36,美团月付,dpd,9,60,9,mob9_dpd60,h5,美团月付#mob9_dpd60#h5
10000691,2073,20241205,-2,Bank,百信银行,dpd,12,30,12,mob12_dpd30,京东白条,百信银行#mob12_dpd30#京东白条
10000691,2074,20241122,0,Rate36,拍拍贷,dpd,6,30,6,mob6_dpd30,api,拍拍贷#mob6_dpd30#api
10000691,2074,20241122,0,Rate24,分期乐,fpd,,60,,fpd60,小程序,分期乐#fpd60#小程序
10000691,2075,20250705,0,Bank,百信银行,fpd,,60,,fpd60,京东白条,百信银行#fpd60#京东白条
10000692,2076,20241211,0,Rate24,零钱罐,dpd,12,30,12,mob12_dpd30,api,零钱罐#mob12_dpd30#api
10000692,2077,20250210,0,Rate36,美团月付,fpd,,60,,fpd60,h5,美团月付#fpd60#h5
10000692,2077,20250210,1,Rate36,美团月付,dpd,12,60,12,mob12_dpd60,api,美团月付#mob12_dpd60#api
10000692,2077,20250210,1,Rate24,零钱罐,dpd,3,30,3,mob3_dpd30,api,零钱罐#mob3_dpd30#api
10000692,2078,20250101,1,Rate36,美团月付,dpd,12,30,12,mob12_dpd30,h5,美团月付#mob12_dpd30#h5
10000692,2078,20250101,0,Rate24,分期乐,dpd,9,60,9,mob9_dpd60,api,分期乐#mob9_dpd60#api
10000692,2078,20250101,0,Rate24,零钱罐,dpd,3,60,3,mob3_dpd60,api,零钱罐#mob3_dpd60#api
10000693,2079,20240923,0,Rate24,分期乐,fpd,,30,,fpd30,小程序,分期乐#fpd30#小程序
10000693,2079,20240923,0,Bank,百信银行,dpd,9,30,9,mob9_dpd30,api,百信银行#mob9_dpd30#api
10000693,2080,20240615,0,Rate36,美团月付,dpd,6,30,6,mob6_dpd30,api,美团月付#mob6_dpd30#api
10000693,2080,20240615,0,Bank,百信银行,fpd,,30,,fpd30,api,百信银行#fpd30#api
10000693,2081,20251009,1,Rate24,分期乐,dpd,6,60,6,mob6_dpd60,小程序,分期乐#mob6_dpd60#小程序
10000694,2082,20240515,0,Rate24,分期乐,fpd,,30,,fpd30,api,分期乐#fpd30#api
10000694,2082,20240515,0,Bank,百信银行,dpd,6,30,6,mob6_dpd30,京东白条,百信银行#mob6_dpd30#京东白条
10000694,2083,20241001,0,Rate36,美团月付,fpd,,30,,fpd30,api,美团月付#fpd30#api
10000694,2084,20250713,0,Rate24,分期乐,dpd,3,30,3,mob3_dpd30,api,分期乐#mob3_dpd30#api
10000695,2085,20240615,0,Bank,百信银行,dpd,3,60,3,mob3_dpd60,api,百信银行#mob3_dpd60#api
10000695,2086,20250610,1,Bank,微众银行,dpd,12,30,12,mob12_dpd30,api,微众银行#mob12_dpd30#api
10000695,2086,20250610,0,Rate36,拍拍贷,fpd,,60,,fpd60,h5,拍拍贷#fpd60#h5
10000695,2086,20250610,0,Bank,微众银行,dpd,6,30,6,mob6_dpd30,京东白条,微众银行#mob6_dpd30#京东白条
10000695,2087,20250824,0,Bank,微众银行,dpd,3,60,3,mob3_dpd60,api,微众银行#mob3_dpd60#api
10000695,2087,20250824,0,Rate36,拍拍贷,dpd,9,30,9,mob9_dpd30,h5,拍拍贷#mob9_dpd30#h5
10000695,2087,20250824,0,Bank,微众银行,dpd,9,60,9,mob9_dpd60,京东白条,微众银行#mob9_dpd60#京东白条
10000696,2088,20250607,0,Rate36,拍拍贷,dpd,6,60,6,mob6_dpd60,api,拍拍贷#mob6_dpd60#api
10000696,2089,20241004,0,Bank,微众银行,dpd,6,30,6,mob6_dpd30,京东白条,微众银行#mob6_dpd30#京东白条
10000696,2089,20241004,0,Rate36,美团月付,dpd,12,60,12,mob12_dpd60,api,美团月付#mob12_dpd60#api
10000696,2089,20241004,0,Rate24,零钱罐,dpd,3,30,3,mob3_dpd30,api,零钱罐#mob3_dpd30#api
10000696,2090,20240315,0,Bank,微众银行,fpd,,30,,fpd30,京东白条,微众银行#fpd30#京东白条
10000697,2091,20251225,0,Bank,微众银行,dpd,12,60,12,mob12_dpd60,api,微众银行#mob12_dpd60#api
10000697,2091,20251225,1,Rate36,拍拍贷,dpd,9,30,9,mob9_dpd30,api,拍拍贷#mob9_dpd30#api
10000697,2092,20241011,-2,Rate36,拍拍贷,dpd,6,60,6,mob6_dpd60,h5,拍拍贷#mob6_dpd60#h5
10000697,2093,20251002,1,Rate24,分期乐,dpd,12,30,12,mob12_dpd30,小程序,分期乐#mob12_dpd30#小程序
10000698,2094,20240728,0,Rate24,零钱罐,fpd,,60,,fpd60,api,零钱罐#fpd60#api
10000698,2094,20240728,-2,Rate24,分期乐,fpd,,60,,fpd60,小程序,分期乐#fpd60#小程序
10000698,2094,20240728,0,Rate24,零钱罐,fpd,,30,,fpd30,小程序,零钱罐#fpd30#小程序
10000698,2095,20240613,0,Rate36,拍拍贷,dpd,6,60,6,mob6_dpd60,api,拍拍贷#mob6_dpd60#api
10000698,2096,20250905,0,Rate24,分期乐,dpd,9,30,9,mob9_dpd30,小程序,分期乐#mob9_dpd30#小程序
10000699,2097,20260118,0,Rate36,美团月付,dpd,3,60,3,mob3_dpd60,h5,美团月付#mob3_dpd60#h5
10000699,2098,20251109,0,Bank,百信银行,dpd,9,60,9,mob9_dpd60,api,百信银行#mob9_dpd60#api
10000699,2098,20251109,0,Rate24,分期乐,dpd,9,60,9,mob9_dpd60,api,分期乐#mob9_dpd60#api
10000699,2099,20250927,0,Rate36,美团月付,fpd,,30,,fpd30,api,美团月付#fpd30#api
10000699,2099,20250927,0,Rate36,拍拍贷,dpd,3,30,3,mob3_dpd30,api,拍拍贷#mob3_dpd30#api
10000699,2099,20250927,0,Rate24,分期乐,dpd,3,30,3,mob3_dpd30,小程序,分期乐#mob3_dpd30#小程序
10000700,2100,20240809,0,Bank,百信银行,dpd,12,30,12,mob12_dpd30,api,百信银行#mob12_dpd30#api
10000700,2101,20251216,0,Rate24,零钱罐,dpd,6,30,6,mob6_dpd30,小程序,零钱罐#mob6_dpd30#小程序
10000700,2102,20250716,0,Rate24,零钱罐,dpd,6,60,6,mob6_dpd60,小程序,零钱罐#mob6_dpd60#小程序
10000700,2102,20250716,0,Bank,百信银行,dpd,9,30,9,mob9_dpd30,京东白条,百信银行#mob9_dpd30#京东白条
10000701,2103,20240707,0,Bank,微众银行,dpd,6,30,6,mob6_dpd30,api,微众银行#mob6_dpd30#api
10000701,2103,20240707,0,Rate24,分期乐,dpd,9,30,9,mob9_dpd30,api,分期乐#mob9_dpd30#api
10000701,2103,20240707,0,Rate36,美团月付,dpd,3,60,3,mob3_dpd60,h5,美团月付#mob3_dpd60#h5
10000701,2104,20240614,0,Rate36,拍拍贷,fpd,,60,,fpd60,h5,拍拍贷#fpd60#h5
10000701,2104,20240614,0,Rate36,拍拍贷,dpd,12,30,12,mob12_dpd30,h5,拍拍贷#mob12_dpd30#h5
10000701,2105,20251104,1,Rate36,拍拍贷,dpd,9,30,9,mob9_dpd30,h5,拍拍贷#mob9_dpd30#h5
10000701,2105,20251104,0,Rate36,拍拍贷,dpd,6,30,6,mob6_dpd30,h5,拍拍贷#mob6_dpd30#h5
10000701,2105,20251104,0,Rate24,零钱罐,fpd,,60,,fpd60,api,零钱罐#fpd60#api
10000702,2106,20240919,0,Bank,微众银行,fpd,,30,,fpd30,京东白条,微众银行#fpd30#京东白条
10000702,2106,20240919,0,Bank,百信银行,fpd,,30,,fpd30,京东白条,百信银行#fpd30#京东白条
10000702,2107,20250922,0,Rate24,分期乐,dpd,6,30,6,mob6_dpd30,api,分期乐#mob6_dpd30#api
10000702,2107,20250922,1,Rate36,美团月付,dpd,12,60,12,mob12_dpd60,h5,美团月付#mob12_dpd60#h5
10000702,2107,20250922,0,Rate36,美团月付,dpd,3,30,3,mob3_dpd30,h5,美团月付#mob3_dpd30#h5
10000702,2108,20240627,0,Rate36,美团月付,fpd,,30,,fpd30,api,美团月付#fpd30#api
10000702,2108,20240627,0,Rate24,零钱罐,dpd,9,30,9,mob9_dpd30,小程序,零钱罐#mob9_dpd30#小程序
10000703,2109,20240910,0,Rate36,拍拍贷,dpd,12,60,12,mob12_dpd60,api,拍拍贷#mob12_dpd60#api
10000703,2109,20240910,0,Bank,百信银行,dpd,9,60,9,mob9_dpd60,京东白条,百信银行#mob9_dpd60#京东白条
10000703,2110,20240908,0,Rate36,拍拍贷,dpd,12,60,12,mob12_dpd60,api,拍拍贷#mob12_dpd60#api
10000703,2110,20240908,0,Bank,微众银行,dpd,12,60,12,mob12_dpd60,京东白条,微众银行#mob12_dpd60#京东白条
10000703,2111,20240916,0,Rate36,拍拍贷,dpd,12,30,12,mob12_dpd30,api,拍拍贷#mob12_dpd30#api
10000704,2112,20250720,0,Rate24,零钱罐,dpd,3,30,3,mob3_dpd30,api,零钱罐#mob3_dpd30#api
10000704,2112,20250720,0,Rate24,零钱罐,dpd,3,30,3,mob3_dpd30,api,零钱罐#mob3_dpd30#api
10000704,2113,20251228,0,Rate24,分期乐,fpd,,30,,fpd30,小程序,分期乐#fpd30#小程序
10000704,2114,20251201,1,Rate36,美团月付,fpd,,60,,fpd60,h5,美团月付#fpd60#h5
10000704,2114,20251201,0,Rate24,分期乐,dpd,9,30,9,mob9_dpd30,小程序,分期乐#mob9_dpd30#小程序
10000704,2114,20251201,-2,Rate24,零钱罐,dpd,9,30,9,mob9_dpd30,小程序,零钱罐#mob9_dpd30#小程序
10000705,2115,20250807,0,Bank,微众银行,dpd,3,60,3,mob3_dpd60,京东白条,微众银行#mob3_dpd60#京东白条
10000705,2115,20250807,0,Rate24,分期乐,dpd,12,60,12,mob12_dpd60,api,分期乐#mob12_dpd60#api
10000705,2116,20240708,0,Rate24,零钱罐,dpd,12,30,12,mob12_dpd30,api,零钱罐#mob12_dpd30#api
10000705,2116,20240708,0,Bank,微众银行,dpd,6,60,6,mob6_dpd60,京东白条,微众银行#mob6_dpd60#京东白条
10000705,2117,20260208,0,Rate36,美团月付,dpd,3,60,3,mob3_dpd60,h5,美团月付#mob3_dpd60#h5
10000705,2117,20260208,0,Rate24,零钱罐,dpd,12,60,12,mob12_dpd60,api,零钱罐#mob12_dpd60#api
10000706,2118,20250413,-2,Rate24,分期乐,dpd,3,30,3,mob3_dpd30,api,分期乐#mob3_dpd30#api
10000706,2118,20250413,0,Rate24,分期乐,dpd,3,30,3,mob3_dpd30,api,分期乐#mob3_dpd30#api
10000706,2118,20250413,1,Rate36,美团月付,dpd,12,60,12,mob12_dpd60,h5,美团月付#mob12_dpd60#h5
10000706,2119,20250425,1,Rate36,美团月付,dpd,12,60,12,mob12_dpd60,api,美团月付#mob12_dpd60#api
10000706,2120,20250701,1,Rate24,分期乐,dpd,3,60,3,mob3_dpd60,api,分期乐#mob3_dpd60#api
10000706,2120,20250701,0,Rate36,美团月付,dpd,12,30,12,mob12_dpd30,api,美团月付#mob12_dpd30#api
10000707,2121,20250923,0,Bank,微众银行,dpd,9,60,9,mob9_dpd60,api,微众银行#mob9_dpd60#api
10000707,2121,20250923,0,Rate24,零钱罐,fpd,,30,,fpd30,小程序,零钱罐#fpd30#小程序
10000707,2122,20260118,0,Bank,微众银行,dpd,6,30,6,mob6_dpd30,京东白条,微众银行#mob6_dpd30#京东白条
10000707,2123,20250418,0,Bank,百信银行,dpd,3,30,3,mob3_dpd30,京东白条,百信银行#mob3_dpd30#京东白条
10000708,2124,20250519,0,Rate36,拍拍贷,fpd,,30,,fpd30,api,拍拍贷#fpd30#api
10000708,2124,20250519,1,Bank,微众银行,dpd,9,30,9,mob9_dpd30,京东白条,微众银行#mob9_dpd30#京东白条
10000708,2124,20250519,1,Bank,微众银行,dpd,6,30,6,mob6_dpd30,api,微众银行#mob6_dpd30#api
10000708,2125,20250804,0,Rate36,拍拍贷,dpd,6,30,6,mob6_dpd30,h5,拍拍贷#mob6_dpd30#h5
10000708,2125,20250804,1,Rate24,零钱罐,dpd,3,60,3,mob3_dpd60,小程序,零钱罐#mob3_dpd60#小程序
10000708,2126,20240921,0,Bank,百信银行,dpd,12,60,12,mob12_dpd60,api,百信银行#mob12_dpd60#api
10000708,2126,20240921,1,Bank,微众银行,dpd,9,60,9,mob9_dpd60,京东白条,微众银行#mob9_dpd60#京东白条
10000709,2127,20241007,0,Bank,百信银行,dpd,9,30,9,mob9_dpd30,京东白条,百信银行#mob9_dpd30#京东白条
10000709,2127,20241007,0,Rate24,零钱罐,dpd,12,30,12,mob12_dpd30,小程序,零钱罐#mob12_dpd30#小程序
10000709,2127,20241007,0,Bank,百信银行,dpd,6,30,6,mob6_dpd30,api,百信银行#mob6_dpd30#api
10000709,2128,20250615,0,Rate36,美团月付,dpd,12,60,12,mob12_dpd60,h5,美团月付#mob12_dpd60#h5
10000709,2129,20240419,0,Bank,微众银行,dpd,12,30,12,mob12_dpd30,京东白条,微众银行#mob12_dpd30#京东白条
10000709,2129,20240419,0,Bank,百信银行,dpd,3,30,3,mob3_dpd30,api,百信银行#mob3_dpd30#api
10000709,2129,20240419,0,Rate36,美团月付,dpd,12,60,12,mob12_dpd60,h5,美团月付#mob12_dpd60#h5
10000710,2130,20241017,0,Rate24,零钱罐,dpd,3,60,3,mob3_dpd60,小程序,零钱罐#mob3_dpd60#小程序
10000710,2130,20241017,0,Rate36,拍拍贷,dpd,9,60,9,mob9_dpd60,h5,拍拍贷#mob9_dpd60#h5
10000710,2130,20241017,0,Bank,微众银行,fpd,,60,,fpd60,api,微众银行#fpd60#api
10000710,2131,20250810,0,Rate24,零钱罐,dpd,9,60,9,mob9_dpd60,小程序,零钱罐#mob9_dpd60#小程序
10000710,2131,20250810,0,Bank,百信银行,dpd,3,60,3,mob3_dpd60,api,百信银行#mob3_dpd60#api
10000710,2132,20260212,0,Bank,百信银行,fpd,,60,,fpd60,api,百信银行#fpd60#api
10000710,2132,20260212,0,Rate36,美团月付,dpd,9,30,9,mob9_dpd30,api,美团月付#mob9_dpd30#api
10000711,2133,20250314,0,Rate36,拍拍贷,dpd,12,30,12,mob12_dpd30,h5,拍拍贷#mob12_dpd30#h5
10000711,2133,20250314,0,Rate36,拍拍贷,dpd,9,30,9,mob9_dpd30,h5,拍拍贷#mob9_dpd30#h5
10000711,2133,20250314,0,Bank,百信银行,dpd,12,30,12,mob12_dpd30,京东白条,百信银行#mob12_dpd30#京东白条
10000711,2134,20241202,0,Rate36,美团月付,dpd,6,30,6,mob6_dpd30,api,美团月付#mob6_dpd30#api
10000711,2134,20241202,1,Rate36,拍拍贷,fpd,,30,,fpd30,h5,拍拍贷#fpd30#h5
10000711,2134,20241202,0,Bank,百信银行,dpd,9,30,9,mob9_dpd30,京东白条,百信银行#mob9_dpd30#京东白条
10000711,2135,20250121,0,Bank,百信银行,fpd,,30,,fpd30,京东白条,百信银行#fpd30#京东白条
10000711,2135,20250121,0,Bank,百信银行,dpd,9,30,9,mob9_dpd30,京东白条,百信银行#mob9_dpd30#京东白条
10000712,2136,20250703,0,Bank,百信银行,dpd,12,60,12,mob12_dpd60,api,百信银行#mob12_dpd60#api
10000712,2137,20250413,0,Rate24,零钱罐,fpd,,30,,fpd30,小程序,零钱罐#fpd30#小程序
10000712,2137,20250413,0,Rate24,零钱罐,fpd,,30,,fpd30,小程序,零钱罐#fpd30#小程序
10000712,2137,20250413,0,Rate36,拍拍贷,dpd,3,30,3,mob3_dpd30,api,拍拍贷#mob3_dpd30#api
10000712,2138,20240319,0,Rate36,美团月付,dpd,12,30,12,mob12_dpd30,api,美团月付#mob12_dpd30#api
10000712,2138,20240319,0,Rate36,拍拍贷,dpd,3,30,3,mob3_dpd30,h5,拍拍贷#mob3_dpd30#h5
10000712,2138,20240319,0,Rate36,拍拍贷,dpd,9,60,9,mob9_dpd60,h5,拍拍贷#mob9_dpd60#h5
10000713,2139,20250303,0,Rate36,美团月付,dpd,3,30,3,mob3_dpd30,h5,美团月付#mob3_dpd30#h5
10000713,2139,20250303,0,Rate24,分期乐,fpd,,60,,fpd60,小程序,分期乐#fpd60#小程序
10000713,2140,20241228,0,Rate36,美团月付,dpd,3,30,3,mob3_dpd30,h5,美团月付#mob3_dpd30#h5
10000713,2141,20250711,0,Rate36,拍拍贷,dpd,6,30,6,mob6_dpd30,api,拍拍贷#mob6_dpd30#api
10000713,2141,20250711,0,Rate24,零钱罐,dpd,6,60,6,mob6_dpd60,api,零钱罐#mob6_dpd60#api
10000714,2142,20251201,0,Rate24,零钱罐,dpd,3,60,3,mob3_dpd60,小程序,零钱罐#mob3_dpd60#小程序
10000714,2142,20251201,0,Rate36,拍拍贷,dpd,12,60,12,mob12_dpd60,h5,拍拍贷#mob12_dpd60#h5
10000714,2143,20260219,0,Rate36,拍拍贷,dpd,6,30,6,mob6_dpd30,api,拍拍贷#mob6_dpd30#api
10000714,2143,20260219,0,Bank,微众银行,dpd,9,30,9,mob9_dpd30,京东白条,微众银行#mob9_dpd30#京东白条
10000714,2144,20250516,0,Bank,百信银行,fpd,,30,,fpd30,京东白条,百信银行#fpd30#京东白条
10000714,2144,20250516,0,Rate24,分期乐,dpd,9,30,9,mob9_dpd30,api,分期乐#mob9_dpd30#api
10000715,2145,20241118,0,Bank,微众银行,dpd,3,30,3,mob3_dpd30,京东白条,微众银行#mob3_dpd30#京东白条
10000715,2145,20241118,-2,Bank,百信银行,dpd,3,60,3,mob3_dpd60,api,百信银行#mob3_dpd60#api
10000715,2146,20250122,0,Rate24,零钱罐,dpd,6,60,6,mob6_dpd60,小程序,零钱罐#mob6_dpd60#小程序
10000715,2146,20250122,0,Rate24,零钱罐,dpd,3,60,3,mob3_dpd60,小程序,零钱罐#mob3_dpd60#小程序
10000715,2147,20240714,0,Rate36,拍拍贷,dpd,3,30,3,mob3_dpd30,api,拍拍贷#mob3_dpd30#api
10000715,2147,20240714,0,Bank,百信银行,dpd,12,60,12,mob12_dpd60,京东白条,百信银行#mob12_dpd60#京东白条
10000716,2148,20260124,1,Rate24,零钱罐,dpd,9,30,9,mob9_dpd30,小程序,零钱罐#mob9_dpd30#小程序
10000716,2148,20260124,1,Rate36,拍拍贷,fpd,,60,,fpd60,h5,拍拍贷#fpd60#h5
10000716,2149,20251111,0,Bank,百信银行,dpd,9,60,9,mob9_dpd60,api,百信银行#mob9_dpd60#api
10000716,2149,20251111,0,Bank,百信银行,dpd,6,30,6,mob6_dpd30,京东白条,百信银行#mob6_dpd30#京东白条
10000716,2150,20251116,0,Rate36,拍拍贷,fpd,,60,,fpd60,api,拍拍贷#fpd60#api
10000716,2150,20251116,0,Rate36,美团月付,dpd,6,30,6,mob6_dpd30,api,美团月付#mob6_dpd30#api
10000716,2150,20251116,0,Rate24,分期乐,dpd,6,30,6,mob6_dpd30,api,分期乐#mob6_dpd30#api
10000717,2151,20241005,0,Rate24,分期乐,dpd,6,30,6,mob6_dpd30,api,分期乐#mob6_dpd30#api
10000717,2152,20241018,-2,Bank,百信银行,fpd,,60,,fpd60,京东白条,百信银行#fpd60#京东白条
10000717,2152,20241018,0,Rate24,分期乐,dpd,3,30,3,mob3_dpd30,api,分期乐#mob3_dpd30#api
10000717,2153,20251108,0,Rate24,分期乐,dpd,6,30,6,mob6_dpd30,小程序,分期乐#mob6_dpd30#小程序
10000718,2154,20250420,1,Rate36,拍拍贷,dpd,9,30,9,mob9_dpd30,h5,拍拍贷#mob9_dpd30#h5
10000718,2154,20250420,0,Rate36,美团月付,dpd,6,60,6,mob6_dpd60,h5,美团月付#mob6_dpd60#h5
10000718,2154,20250420,0,Bank,微众银行,dpd,9,30,9,mob9_dpd30,api,微众银行#mob9_dpd30#api
10000718,2155,20250723,0,Rate24,分期乐,dpd,6,30,6,mob6_dpd30,api,分期乐#mob6_dpd30#api
10000718,2155,20250723,0,Rate24,零钱罐,dpd,9,30,9,mob9_dpd30,api,零钱罐#mob9_dpd30#api
10000718,2155,20250723,0,Rate24,分期乐,fpd,,30,,fpd30,小程序,分期乐#fpd30#小程序
10000718,2156,20250225,0,Rate24,零钱罐,dpd,12,60,12,mob12_dpd60,api,零钱罐#mob12_dpd60#api
10000718,2156,20250225,0,Rate24,零钱罐,dpd,9,60,9,mob9_dpd60,api,零钱罐#mob9_dpd60#api
10000718,2156,20250225,0,Rate24,分期乐,dpd,12,30,12,mob12_dpd30,api,分期乐#mob12_dpd30#api
10000719,2157,20250127,0,Rate36,拍拍贷,dpd,6,30,6,mob6_dpd30,api,拍拍贷#mob6_dpd30#api
10000719,2157,20250127,0,Rate36,美团月付,dpd,3,60,3,mob3_dpd60,h5,美团月付#mob3_dpd60#h5
10000719,2158,20250604,1,Bank,微众银行,dpd,3,60,3,mob3_dpd60,api,微众银行#mob3_dpd60#api
10000719,2159,20251004,0,Rate24,分期乐,dpd,12,30,12,mob12_dpd30,小程序,分期乐#mob12_dpd30#小程序
10000719,2159,20251004,0,Rate24,零钱罐,dpd,6,30,6,mob6_dpd30,api,零钱罐#mob6_dpd30#api
10000719,2159,20251004,0,Bank,百信银行,dpd,3,30,3,mob3_dpd30,京东白条,百信银行#mob3_dpd30#京东白条
10000720,2160,20241126,0,Rate36,美团月付,dpd,9,30,9,mob9_dpd30,api,美团月付#mob9_dpd30#api
10000720,2161,20251011,0,Rate24,零钱罐,dpd,12,30,12,mob12_dpd30,api,零钱罐#mob12_dpd30#api
10000720,2161,20251011,0,Rate24,零钱罐,fpd,,30,,fpd30,api,零钱罐#fpd30#api
10000720,2162,20240801,0,Rate36,美团月付,dpd,3,30,3,mob3_dpd30,h5,美团月付#mob3_dpd30#h5
10000720,2162,20240801,0,Rate24,分期乐,dpd,12,30,12,mob12_dpd30,api,分期乐#mob12_dpd30#api
10000721,2163,20241209,0,Rate36,美团月付,dpd,12,60,12,mob12_dpd60,api,美团月付#mob12_dpd60#api
10000721,2164,20251224,0,Rate24,零钱罐,dpd,3,60,3,mob3_dpd60,小程序,零钱罐#mob3_dpd60#小程序
10000721,2165,20260110,0,Bank,百信银行,fpd,,30,,fpd30,京东白条,百信银行#fpd30#京东白条
10000721,2165,20260110,0,Rate24,零钱罐,dpd,12,30,12,mob12_dpd30,小程序,零钱罐#mob12_dpd30#小程序
10000721,2165,20260110,0,Rate36,拍拍贷,dpd,12,60,12,mob12_dpd60,api,拍拍贷#mob12_dpd60#api
10000722,2166,20260103,0,Bank,微众银行,dpd,3,60,3,mob3_dpd60,京东白条,微众银行#mob3_dpd60#京东白条
10000722,2167,20241021,0,Bank,百信银行,dpd,12,30,12,mob12_dpd30,api,百信银行#mob12_dpd30#api
10000722,2167,20241021,0,Bank,微众银行,dpd,12,30,12,mob12_dpd30,api,微众银行#mob12_dpd30#api
10000722,2167,20241021,-2,Rate36,美团月付,dpd,12,30,12,mob12_dpd30,h5,美团月付#mob12_dpd30#h5
10000722,2168,20251106,0,Rate24,分期乐,dpd,3,60,3,mob3_dpd60,api,分期乐#mob3_dpd60#api
10000722,2168,20251106,0,Rate36,美团月付,dpd,3,30,3,mob3_dpd30,h5,美团月付#mob3_dpd30#h5
10000722,2168,20251106,0,Rate36,美团月付,fpd,,30,,fpd30,h5,美团月付#fpd30#h5
10000723,2169,20260110,0,Rate24,分期乐,dpd,9,30,9,mob9_dpd30,api,分期乐#mob9_dpd30#api
10000723,2169,20260110,0,Rate24,零钱罐,dpd,6,60,6,mob6_dpd60,小程序,零钱罐#mob6_dpd60#小程序
10000723,2170,20260201,0,Rate24,分期乐,dpd,9,60,9,mob9_dpd60,api,分期乐#mob9_dpd60#api
10000723,2170,20260201,0,Rate24,分期乐,fpd,,30,,fpd30,小程序,分期乐#fpd30#小程序
10000723,2171,20240317,0,Rate24,分期乐,dpd,12,30,12,mob12_dpd30,api,分期乐#mob12_dpd30#api
10000723,2171,20240317,0,Rate24,分期乐,dpd,9,30,9,mob9_dpd30,api,分期乐#mob9_dpd30#api
10000723,2171,20240317,0,Bank,微众银行,dpd,9,30,9,mob9_dpd30,京东白条,微众银行#mob9_dpd30#京东白条
10000724,2172,20250813,0,Bank,百信银行,fpd,,30,,fpd30,api,百信银行#fpd30#api
10000724,2172,20250813,1,Bank,百信银行,dpd,12,60,12,mob12_dpd60,京东白条,百信银行#mob12_dpd60#京东白条
10000724,2173,20260225,0,Rate24,分期乐,dpd,6,60,6,mob6_dpd60,api,分期乐#mob6_dpd60#api
10000724,2173,20260225,1,Rate36,拍拍贷,dpd,6,30,6,mob6_dpd30,api,拍拍贷#mob6_dpd30#api
10000724,2173,20260225,0,Rate24,分期乐,dpd,9,60,9,mob9_dpd60,api,分期乐#mob9_dpd60#api
10000724,2174,20250910,0,Bank,微众银行,dpd,3,30,3,mob3_dpd30,京东白条,微众银行#mob3_dpd30#京东白条
10000725,2175,20240806,0,Rate36,拍拍贷,fpd,,60,,fpd60,api,拍拍贷#fpd60#api
10000725,2175,20240806,0,Rate24,零钱罐,dpd,9,60,9,mob9_dpd60,api,零钱罐#mob9_dpd60#api
10000725,2176,20250905,1,Rate36,美团月付,dpd,12,30,12,mob12_dpd30,api,美团月付#mob12_dpd30#api
10000725,2176,20250905,1,Rate24,分期乐,dpd,12,60,12,mob12_dpd60,小程序,分期乐#mob12_dpd60#小程序
10000725,2176,20250905,0,Bank,百信银行,dpd,12,30,12,mob12_dpd30,api,百信银行#mob12_dpd30#api
10000725,2177,20240506,0,Bank,微众银行,dpd,3,60,3,mob3_dpd60,api,微众银行#mob3_dpd60#api
10000725,2177,20240506,1,Rate36,美团月付,fpd,,30,,fpd30,api,美团月付#fpd30#api
10000726,2178,20250213,-2,Bank,百信银行,dpd,3,30,3,mob3_dpd30,京东白条,百信银行#mob3_dpd30#京东白条
10000726,2179,20250603,0,Bank,微众银行,fpd,,30,,fpd30,京东白条,微众银行#fpd30#京东白条
10000726,2179,20250603,0,Rate36,美团月付,dpd,12,60,12,mob12_dpd60,h5,美团月付#mob12_dpd60#h5
10000726,2180,20250112,0,Bank,微众银行,dpd,6,30,6,mob6_dpd30,京东白条,微众银行#mob6_dpd30#京东白条
10000726,2180,20250112,0,Rate24,分期乐,dpd,3,30,3,mob3_dpd30,api,分期乐#mob3_dpd30#api
10000727,2181,20250724,0,Rate36,美团月付,dpd,9,30,9,mob9_dpd30,api,美团月付#mob9_dpd30#api
10000727,2181,20250724,0,Rate36,拍拍贷,dpd,6,30,6,mob6_dpd30,h5,拍拍贷#mob6_dpd30#h5
10000727,2181,20250724,-2,Rate36,美团月付,dpd,6,60,6,mob6_dpd60,h5,美团月付#mob6_dpd60#h5
10000727,2182,20240822,0,Bank,百信银行,dpd,3,30,3,mob3_dpd30,京东白条,百信银行#mob3_dpd30#京东白条
10000727,2182,20240822,0,Rate24,分期乐,dpd,3,30,3,mob3_dpd30,api,分期乐#mob3_dpd30#api
10000727,2183,20250518,0,Rate24,零钱罐,fpd,,30,,fpd30,小程序,零钱罐#fpd30#小程序
10000728,2184,20250626,1,Rate24,分期乐,dpd,12,60,12,mob12_dpd60,api,分期乐#mob12_dpd60#api
10000728,2184,20250626,1,Rate36,美团月付,dpd,6,30,6,mob6_dpd30,h5,美团月付#mob6_dpd30#h5
10000728,2185,20250622,0,Rate36,美团月付,dpd,12,60,12,mob12_dpd60,h5,美团月付#mob12_dpd60#h5
10000728,2185,20250622,0,Rate24,分期乐,dpd,3,30,3,mob3_dpd30,api,分期乐#mob3_dpd30#api
10000728,2185,20250622,0,Bank,微众银行,fpd,,60,,fpd60,api,微众银行#fpd60#api
10000728,2186,20240919,-2,Bank,百信银行,dpd,3,60,3,mob3_dpd60,api,百信银行#mob3_dpd60#api
10000728,2186,20240919,0,Bank,微众银行,fpd,,60,,fpd60,api,微众银行#fpd60#api
10000729,2187,20241025,1,Rate36,拍拍贷,dpd,12,60,12,mob12_dpd60,h5,拍拍贷#mob12_dpd60#h5
10000729,2188,20240904,0,Rate36,拍拍贷,dpd,3,60,3,mob3_dpd60,api,拍拍贷#mob3_dpd60#api
10000729,2188,20240904,0,Rate24,零钱罐,dpd,9,30,9,mob9_dpd30,api,零钱罐#mob9_dpd30#api
10000729,2188,20240904,0,Bank,百信银行,dpd,6,60,6,mob6_dpd60,api,百信银行#mob6_dpd60#api
10000729,2189,20250223,1,Rate24,零钱罐,dpd,12,30,12,mob12_dpd30,api,零钱罐#mob12_dpd30#api
10000729,2189,20250223,0,Bank,微众银行,dpd,6,60,6,mob6_dpd60,api,微众银行#mob6_dpd60#api
10000729,2189,20250223,-2,Rate24,零钱罐,dpd,3,60,3,mob3_dpd60,api,零钱罐#mob3_dpd60#api
10000730,2190,20250509,0,Rate24,零钱罐,dpd,12,30,12,mob12_dpd30,api,零钱罐#mob12_dpd30#api
10000730,2190,20250509,1,Rate36,美团月付,dpd,3,30,3,mob3_dpd30,api,美团月付#mob3_dpd30#api
10000730,2190,20250509,0,Rate24,零钱罐,fpd,,60,,fpd60,api,零钱罐#fpd60#api
10000730,2191,20241121,0,Bank,微众银行,fpd,,30,,fpd30,京东白条,微众银行#fpd30#京东白条
10000730,2192,20241226,0,Bank,百信银行,dpd,3,30,3,mob3_dpd30,京东白条,百信银行#mob3_dpd30#京东白条
10000730,2192,20241226,0,Bank,微众银行,dpd,3,30,3,mob3_dpd30,api,微众银行#mob3_dpd30#api
10000731,2193,20240914,0,Rate36,拍拍贷,dpd,6,60,6,mob6_dpd60,api,拍拍贷#mob6_dpd60#api
10000731,2193,20240914,1,Bank,百信银行,dpd,9,30,9,mob9_dpd30,api,百信银行#mob9_dpd30#api
10000731,2193,20240914,0,Rate36,美团月付,dpd,9,30,9,mob9_dpd30,api,美团月付#mob9_dpd30#api
10000731,2194,20240803,0,Rate24,零钱罐,fpd,,30,,fpd30,api,零钱罐#fpd30#api
10000731,2194,20240803,0,Bank,百信银行,dpd,3,30,3,mob3_dpd30,京东白条,百信银行#mob3_dpd30#京东白条
10000731,2195,20250611,0,Rate36,美团月付,dpd,6,60,6,mob6_dpd60,h5,美团月付#mob6_dpd60#h5
10000732,2196,20251012,0,Bank,微众银行,dpd,3,60,3,mob3_dpd60,京东白条,微众银行#mob3_dpd60#京东白条
10000732,2196,20251012,0,Rate36,美团月付,dpd,9,60,9,mob9_dpd60,api,美团月付#mob9_dpd60#api
10000732,2196,20251012,0,Rate36,美团月付,dpd,6,60,6,mob6_dpd60,h5,美团月付#mob6_dpd60#h5
10000732,2197,20240927,0,Bank,微众银行,dpd,3,30,3,mob3_dpd30,京东白条,微众银行#mob3_dpd30#京东白条
10000732,2197,20240927,1,Rate24,分期乐,dpd,6,30,6,mob6_dpd30,api,分期乐#mob6_dpd30#api
10000732,2198,20251127,0,Bank,百信银行,dpd,6,60,6,mob6_dpd60,京东白条,百信银行#mob6_dpd60#京东白条
10000732,2198,20251127,0,Bank,百信银行,dpd,3,60,3,mob3_dpd60,京东白条,百信银行#mob3_dpd60#京东白条
10000733,2199,20250416,0,Rate24,分期乐,dpd,3,60,3,mob3_dpd60,小程序,分期乐#mob3_dpd60#小程序
10000733,2199,20250416,0,Bank,微众银行,fpd,,30,,fpd30,api,微众银行#fpd30#api
10000733,2199,20250416,1,Rate24,分期乐,dpd,6,60,6,mob6_dpd60,api,分期乐#mob6_dpd60#api
10000733,2200,20240727,0,Rate36,美团月付,dpd,9,30,9,mob9_dpd30,api,美团月付#mob9_dpd30#api
10000733,2201,20241113,0,Rate36,拍拍贷,dpd,12,60,12,mob12_dpd60,api,拍拍贷#mob12_dpd60#api
10000733,2201,20241113,0,Bank,微众银行,dpd,12,60,12,mob12_dpd60,京东白条,微众银行#mob12_dpd60#京东白条
10000734,2202,20240312,0,Bank,百信银行,dpd,6,30,6,mob6_dpd30,京东白条,百信银行#mob6_dpd30#京东白条
10000734,2202,20240312,0,Rate36,拍拍贷,dpd,9,30,9,mob9_dpd30,h5,拍拍贷#mob9_dpd30#h5
10000734,2202,20240312,0,Rate24,零钱罐,fpd,,60,,fpd60,小程序,零钱罐#fpd60#小程序
10000734,2203,20240324,0,Rate36,美团月付,dpd,3,30,3,mob3_dpd30,api,美团月付#mob3_dpd30#api
10000734,2204,20241119,0,Rate24,分期乐,dpd,12,30,12,mob12_dpd30,小程序,分期乐#mob12_dpd30#小程序
10000734,2204,20241119,1,Rate36,美团月付,dpd,9,30,9,mob9_dpd30,h5,美团月付#mob9_dpd30#h5
10000734,2204,20241119,0,Rate36,拍拍贷,fpd,,30,,fpd30,api,拍拍贷#fpd30#api
10000735,2205,20250115,0,Bank,微众银行,dpd,9,30,9,mob9_dpd30,api,微众银行#mob9_dpd30#api
10000735,2205,20250115,0,Bank,微众银行,dpd,9,30,9,mob9_dpd30,api,微众银行#mob9_dpd30#api
10000735,2205,20250115,0,Bank,微众银行,dpd,6,30,6,mob6_dpd30,api,微众银行#mob6_dpd30#api
10000735,2206,20251013,0,Bank,微众银行,dpd,9,30,9,mob9_dpd30,api,微众银行#mob9_dpd30#api
10000735,2207,20240620,0,Rate24,零钱罐,dpd,6,30,6,mob6_dpd30,api,零钱罐#mob6_dpd30#api
10000736,2208,20251122,0,Bank,百信银行,dpd,6,30,6,mob6_dpd30,api,百信银行#mob6_dpd30#api
10000736,2208,20251122,0,Rate24,零钱罐,dpd,12,60,12,mob12_dpd60,小程序,零钱罐#mob12_dpd60#小程序
10000736,2208,20251122,0,Bank,百信银行,dpd,6,30,6,mob6_dpd30,京东白条,百信银行#mob6_dpd30#京东白条
10000736,2209,20240814,-2,Bank,微众银行,fpd,,60,,fpd60,京东白条,微众银行#fpd60#京东白条
10000736,2209,20240814,0,Rate36,美团月付,dpd,3,60,3,mob3_dpd60,api,美团月付#mob3_dpd60#api
10000736,2210,20240601,-2,Rate24,分期乐,dpd,12,30,12,mob12_dpd30,小程序,分期乐#mob12_dpd30#小程序
10000737,2211,20250703,1,Rate24,零钱罐,dpd,6,60,6,mob6_dpd60,api,零钱罐#mob6_dpd60#api
10000737,2212,20250905,0,Bank,微众银行,dpd,6,30,6,mob6_dpd30,api,微众银行#mob6_dpd30#api
10000737,2213,20250513,0,Rate36,美团月付,dpd,6,30,6,mob6_dpd30,api,美团月付#mob6_dpd30#api
10000738,2214,20240518,0,Rate24,零钱罐,dpd,12,60,12,mob12_dpd60,小程序,零钱罐#mob12_dpd60#小程序
10000738,2215,20240523,0,Rate36,拍拍贷,fpd,,60,,fpd60,api,拍拍贷#fpd60#api
10000738,2215,20240523,0,Rate36,美团月付,fpd,,60,,fpd60,api,美团月付#fpd60#api
10000738,2215,20240523,0,Rate36,拍拍贷,fpd,,60,,fpd60,h5,拍拍贷#fpd60#h5
10000738,2216,20241207,0,Rate24,零钱罐,dpd,9,30,9,mob9_dpd30,api,零钱罐#mob9_dpd30#api
10000739,2217,20250123,0,Rate24,分期乐,dpd,6,30,6,mob6_dpd30,小程序,分期乐#mob6_dpd30#小程序
10000739,2217,20250123,-2,Bank,微众银行,dpd,12,30,12,mob12_dpd30,京东白条,微众银行#mob12_dpd30#京东白条
10000739,2217,20250123,0,Rate24,分期乐,dpd,3,60,3,mob3_dpd60,小程序,分期乐#mob3_dpd60#小程序
10000739,2218,20260219,0,Rate36,拍拍贷,dpd,3,30,3,mob3_dpd30,api,拍拍贷#mob3_dpd30#api
10000739,2219,20240902,0,Rate24,分期乐,fpd,,30,,fpd30,小程序,分期乐#fpd30#小程序
10000739,2219,20240902,0,Rate36,拍拍贷,dpd,6,60,6,mob6_dpd60,h5,拍拍贷#mob6_dpd60#h5
10000739,2219,20240902,0,Bank,百信银行,dpd,9,30,9,mob9_dpd30,api,百信银行#mob9_dpd30#api
10000740,2220,20240710,1,Rate36,拍拍贷,dpd,9,30,9,mob9_dpd30,api,拍拍贷#mob9_dpd30#api
10000740,2220,20240710,0,Rate36,拍拍贷,fpd,,30,,fpd30,api,拍拍贷#fpd30#api
10000740,2221,20260109,0,Rate24,分期乐,dpd,9,60,9,mob9_dpd60,api,分期乐#mob9_dpd60#api
10000740,2222,20240625,0,Rate36,拍拍贷,fpd,,60,,fpd60,h5,拍拍贷#fpd60#h5
10000741,2223,20240326,0,Rate24,零钱罐,dpd,6,30,6,mob6_dpd30,小程序,零钱罐#mob6_dpd30#小程序
10000741,2223,20240326,0,Bank,微众银行,dpd,3,30,3,mob3_dpd30,api,微众银行#mob3_dpd30#api
10000741,2224,20250123,0,Bank,微众银行,dpd,9,60,9,mob9_dpd60,api,微众银行#mob9_dpd60#api
10000741,2224,20250123,1,Rate24,零钱罐,dpd,12,60,12,mob12_dpd60,api,零钱罐#mob12_dpd60#api
10000741,2224,20250123,0,Bank,百信银行,fpd,,30,,fpd30,京东白条,百信银行#fpd30#京东白条
10000741,2225,20241215,0,Bank,微众银行,dpd,6,60,6,mob6_dpd60,api,微众银行#mob6_dpd60#api
10000742,2226,20250514,-2,Bank,微众银行,dpd,9,30,9,mob9_dpd30,api,微众银行#mob9_dpd30#api
10000742,2226,20250514,0,Bank,百信银行,dpd,6,60,6,mob6_dpd60,京东白条,百信银行#mob6_dpd60#京东白条
10000742,2226,20250514,0,Rate36,拍拍贷,dpd,9,60,9,mob9_dpd60,h5,拍拍贷#mob9_dpd60#h5
10000742,2227,20251209,0,Bank,微众银行,dpd,9,30,9,mob9_dpd30,京东白条,微众银行#mob9_dpd30#京东白条
10000742,2228,20260122,0,Rate36,拍拍贷,dpd,9,60,9,mob9_dpd60,api,拍拍贷#mob9_dpd60#api
10000742,2228,20260122,0,Bank,百信银行,dpd,3,60,3,mob3_dpd60,京东白条,百信银行#mob3_dpd60#京东白条
10000743,2229,20240903,0,Rate36,美团月付,dpd,3,30,3,mob3_dpd30,api,美团月付#mob3_dpd30#api
10000743,2230,20260208,0,Rate24,分期乐,dpd,3,30,3,mob3_dpd30,小程序,分期乐#mob3_dpd30#小程序
10000743,2231,20250604,0,Bank,微众银行,dpd,6,30,6,mob6_dpd30,api,微众银行#mob6_dpd30#api
10000743,2231,20250604,0,Rate24,分期乐,fpd,,30,,fpd30,小程序,分期乐#fpd30#小程序
10000744,2232,20240414,0,Rate24,分期乐,dpd,6,30,6,mob6_dpd30,api,分期乐#mob6_dpd30#api
10000744,2232,20240414,0,Bank,百信银行,dpd,9,30,9,mob9_dpd30,api,百信银行#mob9_dpd30#api
10000744,2233,20260109,-2,Rate24,零钱罐,dpd,9,30,9,mob9_dpd30,小程序,零钱罐#mob9_dpd30#小程序
10000744,2234,20240606,-2,Rate24,零钱罐,dpd,3,30,3,mob3_dpd30,api,零钱罐#mob3_dpd30#api
10000744,2234,20240606,0,Rate24,分期乐,dpd,3,30,3,mob3_dpd30,小程序,分期乐#mob3_dpd30#小程序
10000745,2235,20250511,0,Rate36,拍拍贷,dpd,6,30,6,mob6_dpd30,h5,拍拍贷#mob6_dpd30#h5
10000745,2235,20250511,0,Bank,百信银行,dpd,6,30,6,mob6_dpd30,api,百信银行#mob6_dpd30#api
10000745,2235,20250511,0,Rate36,拍拍贷,dpd,3,60,3,mob3_dpd60,h5,拍拍贷#mob3_dpd60#h5
10000745,2236,20250925,0,Bank,百信银行,dpd,3,60,3,mob3_dpd60,api,百信银行#mob3_dpd60#api
10000745,2236,20250925,-2,Bank,百信银行,dpd,3,30,3,mob3_dpd30,京东白条,百信银行#mob3_dpd30#京东白条
10000745,2237,20240816,0,Rate36,拍拍贷,dpd,12,60,12,mob12_dpd60,h5,拍拍贷#mob12_dpd60#h5
10000745,2237,20240816,0,Bank,百信银行,dpd,9,30,9,mob9_dpd30,api,百信银行#mob9_dpd30#api
10000746,2238,20240924,1,Bank,微众银行,dpd,3,60,3,mob3_dpd60,api,微众银行#mob3_dpd60#api
10000746,2238,20240924,1,Bank,百信银行,dpd,9,60,9,mob9_dpd60,京东白条,百信银行#mob9_dpd60#京东白条
10000746,2238,20240924,0,Rate36,拍拍贷,dpd,9,60,9,mob9_dpd60,h5,拍拍贷#mob9_dpd60#h5
10000746,2239,20250226,-2,Rate24,零钱罐,fpd,,30,,fpd30,小程序,零钱罐#fpd30#小程序
10000746,2239,20250226,0,Bank,百信银行,dpd,9,30,9,mob9_dpd30,京东白条,百信银行#mob9_dpd30#京东白条
10000746,2240,20251226,0,Bank,微众银行,dpd,6,60,6,mob6_dpd60,京东白条,微众银行#mob6_dpd60#京东白条
10000746,2240,20251226,0,Bank,百信银行,dpd,12,30,12,mob12_dpd30,京东白条,百信银行#mob12_dpd30#京东白条
10000746,2240,20251226,1,Rate36,美团月付,dpd,9,60,9,mob9_dpd60,api,美团月付#mob9_dpd60#api
10000747,2241,20240810,0,Bank,百信银行,fpd,,60,,fpd60,api,百信银行#fpd60#api
10000747,2242,20250625,0,Rate24,分期乐,dpd,6,30,6,mob6_dpd30,api,分期乐#mob6_dpd30#api
10000747,2242,20250625,1,Rate24,零钱罐,fpd,,60,,fpd60,api,零钱罐#fpd60#api
10000747,2243,20250126,0,Rate36,美团月付,dpd,12,60,12,mob12_dpd60,h5,美团月付#mob12_dpd60#h5
10000747,2243,20250126,0,Bank,微众银行,fpd,,30,,fpd30,api,微众银行#fpd30#api
10000747,2243,20250126,1,Rate24,零钱罐,dpd,12,60,12,mob12_dpd60,api,零钱罐#mob12_dpd60#api
10000748,2244,20240527,0,Rate24,零钱罐,fpd,,30,,fpd30,api,零钱罐#fpd30#api
10000748,2244,20240527,0,Rate24,零钱罐,dpd,12,60,12,mob12_dpd60,api,零钱罐#mob12_dpd60#api
10000748,2244,20240527,0,Bank,微众银行,dpd,6,30,6,mob6_dpd30,api,微众银行#mob6_dpd30#api
10000748,2245,20250810,0,Rate24,零钱罐,dpd,12,30,12,mob12_dpd30,api,零钱罐#mob12_dpd30#api
10000748,2246,20251007,0,Rate36,拍拍贷,dpd,6,30,6,mob6_dpd30,api,拍拍贷#mob6_dpd30#api
10000748,2246,20251007,0,Rate24,零钱罐,dpd,12,30,12,mob12_dpd30,小程序,零钱罐#mob12_dpd30#小程序
10000749,2247,20250417,0,Bank,微众银行,dpd,12,30,12,mob12_dpd30,api,微众银行#mob12_dpd30#api
10000749,2248,20240727,1,Rate36,拍拍贷,dpd,6,30,6,mob6_dpd30,h5,拍拍贷#mob6_dpd30#h5
10000749,2249,20240626,0,Rate24,分期乐,dpd,3,30,3,mob3_dpd30,api,分期乐#mob3_dpd30#api
10000750,2250,20250116,0,Bank,微众银行,fpd,,30,,fpd30,api,微众银行#fpd30#api
10000750,2250,20250116,0,Rate24,分期乐,fpd,,30,,fpd30,小程序,分期乐#fpd30#小程序
10000750,2250,20250116,-2,Rate24,分期乐,fpd,,60,,fpd60,小程序,分期乐#fpd60#小程序
10000750,2251,20250305,0,Bank,百信银行,fpd,,60,,fpd60,京东白条,百信银行#fpd60#京东白条
10000750,2251,20250305,0,Rate36,拍拍贷,dpd,12,60,12,mob12_dpd60,h5,拍拍贷#mob12_dpd60#h5
10000750,2252,20250412,-2,Bank,微众银行,dpd,9,60,9,mob9_dpd60,京东白条,微众银行#mob9_dpd60#京东白条
10000751,2253,20240820,0,Rate36,拍拍贷,dpd,12,30,12,mob12_dpd30,h5,拍拍贷#mob12_dpd30#h5
10000751,2253,20240820,0,Rate24,分期乐,dpd,6,60,6,mob6_dpd60,小程序,分期乐#mob6_dpd60#小程序
10000751,2253,20240820,0,Bank,微众银行,dpd,9,30,9,mob9_dpd30,京东白条,微众银行#mob9_dpd30#京东白条
10000751,2254,20250316,1,Rate36,美团月付,fpd,,30,,fpd30,h5,美团月付#fpd30#h5
10000751,2254,20250316,0,Rate36,美团月付,fpd,,30,,fpd30,api,美团月付#fpd30#api
10000751,2254,20250316,0,Rate36,美团月付,dpd,6,60,6,mob6_dpd60,api,美团月付#mob6_dpd60#api
10000751,2255,20241010,0,Bank,微众银行,dpd,12,60,12,mob12_dpd60,api,微众银行#mob12_dpd60#api
10000752,2256,20250710,0,Bank,微众银行,dpd,9,60,9,mob9_dpd60,api,微众银行#mob9_dpd60#api
10000752,2257,20251002,0,Rate36,拍拍贷,dpd,3,60,3,mob3_dpd60,api,拍拍贷#mob3_dpd60#api
10000752,2257,20251002,0,Bank,百信银行,fpd,,60,,fpd60,api,百信银行#fpd60#api
10000752,2257,20251002,1,Rate36,拍拍贷,fpd,,30,,fpd30,api,拍拍贷#fpd30#api
10000752,2258,20250609,0,Bank,微众银行,dpd,6,30,6,mob6_dpd30,api,微众银行#mob6_dpd30#api
10000752,2258,20250609,0,Bank,百信银行,dpd,3,60,3,mob3_dpd60,京东白条,百信银行#mob3_dpd60#京东白条
10000752,2258,20250609,0,Bank,微众银行,dpd,12,30,12,mob12_dpd30,api,微众银行#mob12_dpd30#api
10000753,2259,20240319,0,Rate36,拍拍贷,dpd,12,30,12,mob12_dpd30,h5,拍拍贷#mob12_dpd30#h5
10000753,2260,20260207,0,Bank,百信银行,dpd,6,60,6,mob6_dpd60,京东白条,百信银行#mob6_dpd60#京东白条
10000753,2261,20240328,0,Rate24,零钱罐,dpd,6,30,6,mob6_dpd30,api,零钱罐#mob6_dpd30#api
10000753,2261,20240328,0,Rate36,拍拍贷,dpd,6,60,6,mob6_dpd60,api,拍拍贷#mob6_dpd60#api
10000754,2262,20260203,0,Bank,微众银行,dpd,3,30,3,mob3_dpd30,京东白条,微众银行#mob3_dpd30#京东白条
10000754,2263,20240317,0,Rate36,美团月付,dpd,12,30,12,mob12_dpd30,h5,美团月付#mob12_dpd30#h5
10000754,2264,20250314,0,Bank,微众银行,fpd,,30,,fpd30,京东白条,微众银行#fpd30#京东白条
10000754,2264,20250314,0,Rate36,拍拍贷,dpd,12,60,12,mob12_dpd60,api,拍拍贷#mob12_dpd60#api
10000755,2265,20240524,-2,Rate36,拍拍贷,dpd,6,60,6,mob6_dpd60,api,拍拍贷#mob6_dpd60#api
10000755,2265,20240524,0,Rate36,美团月付,dpd,3,30,3,mob3_dpd30,api,美团月付#mob3_dpd30#api
10000755,2265,20240524,0,Rate24,分期乐,dpd,6,60,6,mob6_dpd60,小程序,分期乐#mob6_dpd60#小程序
10000755,2266,20240525,0,Rate24,分期乐,dpd,3,60,3,mob3_dpd60,api,分期乐#mob3_dpd60#api
10000755,2267,20250716,0,Rate36,拍拍贷,fpd,,30,,fpd30,api,拍拍贷#fpd30#api
10000755,2267,20250716,1,Rate24,零钱罐,dpd,12,60,12,mob12_dpd60,api,零钱罐#mob12_dpd60#api
10000756,2268,20250818,0,Rate36,拍拍贷,dpd,6,60,6,mob6_dpd60,h5,拍拍贷#mob6_dpd60#h5
10000756,2269,20240520,0,Rate24,分期乐,fpd,,60,,fpd60,api,分期乐#fpd60#api
10000756,2269,20240520,0,Rate24,分期乐,dpd,12,30,12,mob12_dpd30,小程序,分期乐#mob12_dpd30#小程序
10000756,2270,20260215,0,Bank,微众银行,dpd,9,60,9,mob9_dpd60,京东白条,微众银行#mob9_dpd60#京东白条
10000756,2270,20260215,0,Rate36,拍拍贷,dpd,9,60,9,mob9_dpd60,api,拍拍贷#mob9_dpd60#api
10000756,2270,20260215,0,Rate24,零钱罐,dpd,6,30,6,mob6_dpd30,api,零钱罐#mob6_dpd30#api
10000757,2271,20241006,1,Rate36,拍拍贷,dpd,12,30,12,mob12_dpd30,h5,拍拍贷#mob12_dpd30#h5
10000757,2272,20241013,0,Rate24,分期乐,fpd,,60,,fpd60,小程序,分期乐#fpd60#小程序
10000757,2273,20241007,0,Rate24,零钱罐,dpd,9,60,9,mob9_dpd60,api,零钱罐#mob9_dpd60#api
10000758,2274,20250214,0,Rate24,零钱罐,fpd,,30,,fpd30,小程序,零钱罐#fpd30#小程序
10000758,2275,20240718,1,Bank,百信银行,dpd,6,60,6,mob6_dpd60,api,百信银行#mob6_dpd60#api
10000758,2276,20250106,0,Rate24,分期乐,fpd,,30,,fpd30,小程序,分期乐#fpd30#小程序
10000759,2277,20240807,0,Bank,百信银行,dpd,3,30,3,mob3_dpd30,api,百信银行#mob3_dpd30#api
10000759,2277,20240807,0,Rate36,美团月付,fpd,,60,,fpd60,h5,美团月付#fpd60#h5
10000759,2278,20240424,0,Bank,微众银行,fpd,,60,,fpd60,京东白条,微众银行#fpd60#京东白条
10000759,2279,20241111,0,Bank,微众银行,dpd,9,60,9,mob9_dpd60,api,微众银行#mob9_dpd60#api
10000759,2279,20241111,-2,Rate24,零钱罐,fpd,,30,,fpd30,小程序,零钱罐#fpd30#小程序
10000760,2280,20250706,0,Rate24,零钱罐,dpd,3,30,3,mob3_dpd30,api,零钱罐#mob3_dpd30#api
10000760,2280,20250706,0,Rate36,美团月付,dpd,3,30,3,mob3_dpd30,h5,美团月付#mob3_dpd30#h5
10000760,2280,20250706,0,Rate24,零钱罐,dpd,3,30,3,mob3_dpd30,api,零钱罐#mob3_dpd30#api
10000760,2281,20250920,0,Bank,百信银行,fpd,,60,,fpd60,京东白条,百信银行#fpd60#京东白条
10000760,2281,20250920,0,Bank,百信银行,dpd,9,60,9,mob9_dpd60,京东白条,百信银行#mob9_dpd60#京东白条
10000760,2282,20241121,0,Rate24,分期乐,dpd,3,60,3,mob3_dpd60,小程序,分期乐#mob3_dpd60#小程序
10000760,2282,20241121,0,Bank,微众银行,fpd,,30,,fpd30,京东白条,微众银行#fpd30#京东白条
10000760,2282,20241121,0,Bank,百信银行,dpd,3,60,3,mob3_dpd60,京东白条,百信银行#mob3_dpd60#京东白条
10000761,2283,20241024,0,Bank,微众银行,dpd,6,30,6,mob6_dpd30,京东白条,微众银行#mob6_dpd30#京东白条
10000761,2283,20241024,1,Rate24,零钱罐,fpd,,60,,fpd60,小程序,零钱罐#fpd60#小程序
10000761,2284,20250922,-2,Rate24,分期乐,dpd,3,60,3,mob3_dpd60,api,分期乐#mob3_dpd60#api
10000761,2284,20250922,-2,Rate36,美团月付,dpd,3,60,3,mob3_dpd60,api,美团月付#mob3_dpd60#api
10000761,2285,20250728,0,Rate36,美团月付,dpd,3,60,3,mob3_dpd60,h5,美团月付#mob3_dpd60#h5
10000761,2285,20250728,0,Bank,百信银行,dpd,6,30,6,mob6_dpd30,京东白条,百信银行#mob6_dpd30#京东白条
10000762,2286,20251017,1,Bank,微众银行,dpd,9,60,9,mob9_dpd60,api,微众银行#mob9_dpd60#api
10000762,2286,20251017,0,Rate36,拍拍贷,dpd,3,60,3,mob3_dpd60,api,拍拍贷#mob3_dpd60#api
10000762,2286,20251017,0,Rate24,零钱罐,dpd,6,30,6,mob6_dpd30,小程序,零钱罐#mob6_dpd30#小程序
10000762,2287,20251209,0,Rate36,拍拍贷,dpd,9,30,9,mob9_dpd30,h5,拍拍贷#mob9_dpd30#h5
10000762,2287,20251209,0,Rate36,拍拍贷,fpd,,30,,fpd30,h5,拍拍贷#fpd30#h5
10000762,2287,20251209,0,Bank,百信银行,dpd,9,30,9,mob9_dpd30,api,百信银行#mob9_dpd30#api
10000762,2288,20251025,-2,Rate24,零钱罐,fpd,,30,,fpd30,api,零钱罐#fpd30#api
10000763,2289,20260108,0,Rate36,拍拍贷,dpd,12,30,12,mob12_dpd30,api,拍拍贷#mob12_dpd30#api
10000763,2290,20241209,-2,Rate24,分期乐,dpd,3,60,3,mob3_dpd60,api,分期乐#mob3_dpd60#api
10000763,2290,20241209,0,Rate36,美团月付,fpd,,30,,fpd30,h5,美团月付#fpd30#h5
10000763,2291,20241224,0,Bank,百信银行,dpd,9,30,9,mob9_dpd30,京东白条,百信银行#mob9_dpd30#京东白条
10000763,2291,20241224,1,Rate36,拍拍贷,fpd,,60,,fpd60,h5,拍拍贷#fpd60#h5
10000764,2292,20241025,0,Rate24,零钱罐,dpd,6,30,6,mob6_dpd30,api,零钱罐#mob6_dpd30#api
10000764,2293,20240810,0,Rate24,分期乐,fpd,,30,,fpd30,小程序,分期乐#fpd30#小程序
10000764,2294,20250821,0,Rate36,美团月付,dpd,9,30,9,mob9_dpd30,api,美团月付#mob9_dpd30#api
10000765,2295,20250826,-2,Bank,微众银行,dpd,9,30,9,mob9_dpd30,api,微众银行#mob9_dpd30#api
10000765,2295,20250826,0,Rate36,拍拍贷,dpd,3,60,3,mob3_dpd60,api,拍拍贷#mob3_dpd60#api
10000765,2295,20250826,0,Bank,微众银行,dpd,3,30,3,mob3_dpd30,api,微众银行#mob3_dpd30#api
10000765,2296,20251023,0,Rate24,分期乐,dpd,12,30,12,mob12_dpd30,api,分期乐#mob12_dpd30#api
10000765,2297,20240701,0,Bank,微众银行,dpd,6,30,6,mob6_dpd30,京东白条,微众银行#mob6_dpd30#京东白条
10000765,2297,20240701,0,Rate24,分期乐,fpd,,30,,fpd30,api,分期乐#fpd30#api
10000766,2298,20250219,0,Rate36,美团月付,dpd,3,30,3,mob3_dpd30,h5,美团月付#mob3_dpd30#h5
10000766,2298,20250219,1,Bank,微众银行,dpd,9,30,9,mob9_dpd30,京东白条,微众银行#mob9_dpd30#京东白条
10000766,2298,20250219,0,Rate36,美团月付,fpd,,60,,fpd60,h5,美团月付#fpd60#h5
10000766,2299,20240805,1,Rate36,拍拍贷,dpd,12,30,12,mob12_dpd30,h5,拍拍贷#mob12_dpd30#h5
10000766,2300,20251224,0,Bank,微众银行,dpd,3,30,3,mob3_dpd30,api,微众银行#mob3_dpd30#api
10000767,2301,20240902,0,Bank,微众银行,dpd,6,60,6,mob6_dpd60,api,微众银行#mob6_dpd60#api
10000767,2302,20240628,1,Rate24,分期乐,dpd,3,60,3,mob3_dpd60,api,分期乐#mob3_dpd60#api
10000767,2303,20250405,0,Bank,百信银行,dpd,9,60,9,mob9_dpd60,京东白条,百信银行#mob9_dpd60#京东白条
10000768,2304,20251212,0,Rate24,分期乐,dpd,6,30,6,mob6_dpd30,api,分期乐#mob6_dpd30#api
10000768,2305,20251207,1,Bank,百信银行,dpd,12,60,12,mob12_dpd60,京东白条,百信银行#mob12_dpd60#京东白条
10000768,2306,20240523,0,Bank,百信银行,dpd,6,60,6,mob6_dpd60,京东白条,百信银行#mob6_dpd60#京东白条
10000769,2307,20241012,0,Bank,百信银行,dpd,9,30,9,mob9_dpd30,京东白条,百信银行#mob9_dpd30#京东白条
10000769,2307,20241012,1,Rate36,美团月付,dpd,12,60,12,mob12_dpd60,api,美团月付#mob12_dpd60#api
10000769,2308,20240621,0,Rate36,美团月付,dpd,12,30,12,mob12_dpd30,api,美团月付#mob12_dpd30#api
10000769,2308,20240621,0,Rate36,拍拍贷,dpd,3,30,3,mob3_dpd30,h5,拍拍贷#mob3_dpd30#h5
10000769,2308,20240621,0,Bank,百信银行,fpd,,30,,fpd30,api,百信银行#fpd30#api
10000769,2309,20241002,0,Bank,微众银行,dpd,12,30,12,mob12_dpd30,api,微众银行#mob12_dpd30#api
10000769,2309,20241002,0,Rate24,分期乐,dpd,9,60,9,mob9_dpd60,api,分期乐#mob9_dpd60#api
10000770,2310,20250313,0,Rate36,美团月付,fpd,,30,,fpd30,api,美团月付#fpd30#api
10000770,2310,20250313,1,Rate36,美团月付,dpd,9,60,9,mob9_dpd60,h5,美团月付#mob9_dpd60#h5
10000770,2311,20240926,1,Rate24,零钱罐,dpd,12,60,12,mob12_dpd60,api,零钱罐#mob12_dpd60#api
10000770,2311,20240926,0,Bank,百信银行,fpd,,60,,fpd60,api,百信银行#fpd60#api
10000770,2311,20240926,1,Rate24,分期乐,dpd,12,30,12,mob12_dpd30,api,分期乐#mob12_dpd30#api
10000770,2312,20240426,0,Rate36,拍拍贷,dpd,6,60,6,mob6_dpd60,h5,拍拍贷#mob6_dpd60#h5
10000770,2312,20240426,-2,Rate36,美团月付,fpd,,30,,fpd30,h5,美团月付#fpd30#h5
10000770,2312,20240426,0,Rate36,拍拍贷,dpd,12,30,12,mob12_dpd30,h5,拍拍贷#mob12_dpd30#h5
10000771,2313,20250306,0,Rate24,分期乐,fpd,,30,,fpd30,小程序,分期乐#fpd30#小程序
10000771,2314,20240412,0,Bank,百信银行,fpd,,30,,fpd30,京东白条,百信银行#fpd30#京东白条
10000771,2314,20240412,0,Bank,百信银行,dpd,3,60,3,mob3_dpd60,京东白条,百信银行#mob3_dpd60#京东白条
10000771,2314,20240412,-2,Rate36,美团月付,fpd,,60,,fpd60,h5,美团月付#fpd60#h5
10000771,2315,20240812,0,Rate24,分期乐,dpd,3,30,3,mob3_dpd30,小程序,分期乐#mob3_dpd30#小程序
10000772,2316,20240316,-2,Rate36,拍拍贷,dpd,3,60,3,mob3_dpd60,api,拍拍贷#mob3_dpd60#api
10000772,2316,20240316,0,Bank,百信银行,dpd,12,60,12,mob12_dpd60,api,百信银行#mob12_dpd60#api
10000772,2317,20240516,0,Bank,百信银行,fpd,,30,,fpd30,京东白条,百信银行#fpd30#京东白条
10000772,2317,20240516,1,Rate24,分期乐,fpd,,60,,fpd60,api,分期乐#fpd60#api
10000772,2317,20240516,1,Rate36,拍拍贷,dpd,6,60,6,mob6_dpd60,h5,拍拍贷#mob6_dpd60#h5
10000772,2318,20250103,1,Rate24,分期乐,dpd,12,30,12,mob12_dpd30,小程序,分期乐#mob12_dpd30#小程序
10000773,2319,20251122,0,Bank,百信银行,dpd,12,30,12,mob12_dpd30,京东白条,百信银行#mob12_dpd30#京东白条
10000773,2319,20251122,1,Rate36,美团月付,dpd,9,60,9,mob9_dpd60,api,美团月付#mob9_dpd60#api
10000773,2319,20251122,0,Rate24,分期乐,fpd,,60,,fpd60,api,分期乐#fpd60#api
10000773,2320,20250907,0,Rate36,美团月付,dpd,12,30,12,mob12_dpd30,api,美团月付#mob12_dpd30#api
10000773,2321,20240509,0,Rate36,拍拍贷,dpd,12,30,12,mob12_dpd30,h5,拍拍贷#mob12_dpd30#h5
10000774,2322,20240324,0,Rate36,美团月付,dpd,6,30,6,mob6_dpd30,h5,美团月付#mob6_dpd30#h5
10000774,2322,20240324,0,Rate36,美团月付,fpd,,60,,fpd60,h5,美团月付#fpd60#h5
10000774,2323,20241120,0,Rate24,零钱罐,dpd,6,60,6,mob6_dpd60,api,零钱罐#mob6_dpd60#api
10000774,2324,20250612,1,Bank,微众银行,fpd,,60,,fpd60,api,微众银行#fpd60#api
10000774,2324,20250612,-2,Rate36,拍拍贷,dpd,3,60,3,mob3_dpd60,api,拍拍贷#mob3_dpd60#api
10000775,2325,20250826,0,Bank,微众银行,dpd,12,30,12,mob12_dpd30,api,微众银行#mob12_dpd30#api
10000775,2325,20250826,0,Rate24,分期乐,dpd,12,60,12,mob12_dpd60,小程序,分期乐#mob12_dpd60#小程序
10000775,2325,20250826,0,Rate36,美团月付,dpd,12,60,12,mob12_dpd60,h5,美团月付#mob12_dpd60#h5
10000775,2326,20251012,0,Rate36,拍拍贷,fpd,,60,,fpd60,h5,拍拍贷#fpd60#h5
10000775,2326,20251012,0,Rate36,拍拍贷,dpd,3,60,3,mob3_dpd60,api,拍拍贷#mob3_dpd60#api
10000775,2326,20251012,1,Bank,微众银行,dpd,12,30,12,mob12_dpd30,京东白条,微众银行#mob12_dpd30#京东白条
10000775,2327,20241116,-2,Rate24,分期乐,dpd,9,60,9,mob9_dpd60,api,分期乐#mob9_dpd60#api
10000776,2328,20240707,0,Rate36,拍拍贷,dpd,6,30,6,mob6_dpd30,api,拍拍贷#mob6_dpd30#api
10000776,2328,20240707,1,Rate24,分期乐,dpd,6,60,6,mob6_dpd60,小程序,分期乐#mob6_dpd60#小程序
10000776,2329,20240306,0,Rate24,分期乐,fpd,,60,,fpd60,小程序,分期乐#fpd60#小程序
10000776,2329,20240306,-2,Rate36,美团月付,dpd,6,30,6,mob6_dpd30,api,美团月付#mob6_dpd30#api
10000776,2330,20240614,0,Bank,微众银行,fpd,,60,,fpd60,api,微众银行#fpd60#api
10000777,2331,20240416,0,Rate24,零钱罐,dpd,12,60,12,mob12_dpd60,api,零钱罐#mob12_dpd60#api
10000777,2331,20240416,1,Rate36,美团月付,dpd,12,30,12,mob12_dpd30,h5,美团月付#mob12_dpd30#h5
10000777,2331,20240416,0,Rate24,分期乐,dpd,6,60,6,mob6_dpd60,api,分期乐#mob6_dpd60#api
10000777,2332,20251123,0,Rate36,拍拍贷,dpd,3,60,3,mob3_dpd60,h5,拍拍贷#mob3_dpd60#h5
10000777,2333,20240911,0,Rate24,分期乐,dpd,9,60,9,mob9_dpd60,api,分期乐#mob9_dpd60#api
10000777,2333,20240911,0,Bank,百信银行,dpd,6,60,6,mob6_dpd60,京东白条,百信银行#mob6_dpd60#京东白条
10000778,2334,20251026,0,Rate24,分期乐,fpd,,60,,fpd60,api,分期乐#fpd60#api
10000778,2334,20251026,1,Rate36,拍拍贷,dpd,12,30,12,mob12_dpd30,h5,拍拍贷#mob12_dpd30#h5
10000778,2334,20251026,1,Rate24,分期乐,dpd,12,30,12,mob12_dpd30,api,分期乐#mob12_dpd30#api
10000778,2335,20250418,1,Rate24,分期乐,dpd,6,30,6,mob6_dpd30,小程序,分期乐#mob6_dpd30#小程序
10000778,2335,20250418,0,Bank,微众银行,dpd,3,30,3,mob3_dpd30,京东白条,微众银行#mob3_dpd30#京东白条
10000778,2335,20250418,0,Rate24,分期乐,dpd,3,60,3,mob3_dpd60,小程序,分期乐#mob3_dpd60#小程序
10000778,2336,20250302,0,Rate36,美团月付,dpd,12,30,12,mob12_dpd30,api,美团月付#mob12_dpd30#api
10000779,2337,20250121,0,Rate24,分期乐,fpd,,30,,fpd30,小程序,分期乐#fpd30#小程序
10000779,2337,20250121,0,Bank,百信银行,fpd,,30,,fpd30,京东白条,百信银行#fpd30#京东白条
10000779,2337,20250121,1,Bank,微众银行,dpd,6,30,6,mob6_dpd30,api,微众银行#mob6_dpd30#api
10000779,2338,20251017,0,Rate36,拍拍贷,dpd,3,60,3,mob3_dpd60,h5,拍拍贷#mob3_dpd60#h5
10000779,2339,20240411,0,Rate36,美团月付,dpd,12,30,12,mob12_dpd30,h5,美团月付#mob12_dpd30#h5
10000779,2339,20240411,0,Rate24,分期乐,dpd,3,60,3,mob3_dpd60,小程序,分期乐#mob3_dpd60#小程序
10000780,2340,20240514,0,Bank,微众银行,dpd,9,60,9,mob9_dpd60,京东白条,微众银行#mob9_dpd60#京东白条
10000780,2340,20240514,0,Rate36,美团月付,fpd,,30,,fpd30,h5,美团月付#fpd30#h5
10000780,2340,20240514,0,Rate24,零钱罐,dpd,3,30,3,mob3_dpd30,api,零钱罐#mob3_dpd30#api
10000780,2341,20250109,0,Rate24,零钱罐,dpd,6,30,6,mob6_dpd30,小程序,零钱罐#mob6_dpd30#小程序
10000780,2342,20241218,0,Rate24,零钱罐,dpd,3,60,3,mob3_dpd60,api,零钱罐#mob3_dpd60#api
10000780,2342,20241218,0,Rate36,拍拍贷,dpd,3,30,3,mob3_dpd30,h5,拍拍贷#mob3_dpd30#h5
10000780,2342,20241218,0,Rate24,零钱罐,dpd,6,60,6,mob6_dpd60,小程序,零钱罐#mob6_dpd60#小程序
10000781,2343,20250416,0,Rate24,分期乐,dpd,6,30,6,mob6_dpd30,小程序,分期乐#mob6_dpd30#小程序
10000781,2344,20250813,1,Rate24,分期乐,dpd,3,60,3,mob3_dpd60,api,分期乐#mob3_dpd60#api
10000781,2344,20250813,0,Rate24,分期乐,fpd,,30,,fpd30,api,分期乐#fpd30#api
10000781,2345,20250508,1,Rate24,零钱罐,dpd,6,60,6,mob6_dpd60,api,零钱罐#mob6_dpd60#api
10000781,2345,20250508,0,Rate36,美团月付,fpd,,60,,fpd60,api,美团月付#fpd60#api
10000781,2345,20250508,0,Rate36,拍拍贷,dpd,6,60,6,mob6_dpd60,h5,拍拍贷#mob6_dpd60#h5
10000782,2346,20240912,0,Rate24,分期乐,dpd,6,30,6,mob6_dpd30,小程序,分期乐#mob6_dpd30#小程序
10000782,2346,20240912,-2,Bank,百信银行,dpd,12,30,12,mob12_dpd30,api,百信银行#mob12_dpd30#api
10000782,2346,20240912,0,Rate24,分期乐,dpd,12,30,12,mob12_dpd30,api,分期乐#mob12_dpd30#api
10000782,2347,20241014,0,Bank,百信银行,fpd,,30,,fpd30,京东白条,百信银行#fpd30#京东白条
10000782,2347,20241014,0,Bank,微众银行,fpd,,60,,fpd60,京东白条,微众银行#fpd60#京东白条
10000782,2347,20241014,0,Rate36,美团月付,fpd,,60,,fpd60,h5,美团月付#fpd60#h5
10000782,2348,20250914,-2,Rate24,分期乐,dpd,9,60,9,mob9_dpd60,api,分期乐#mob9_dpd60#api
10000782,2348,20250914,0,Rate36,拍拍贷,dpd,3,30,3,mob3_dpd30,h5,拍拍贷#mob3_dpd30#h5
10000782,2348,20250914,0,Rate24,分期乐,dpd,3,60,3,mob3_dpd60,小程序,分期乐#mob3_dpd60#小程序
10000783,2349,20240709,0,Rate36,美团月付,fpd,,30,,fpd30,api,美团月付#fpd30#api
10000783,2349,20240709,0,Rate24,零钱罐,dpd,6,30,6,mob6_dpd30,小程序,零钱罐#mob6_dpd30#小程序
10000783,2350,20250317,0,Rate24,零钱罐,fpd,,30,,fpd30,小程序,零钱罐#fpd30#小程序
10000783,2350,20250317,0,Bank,百信银行,dpd,12,60,12,mob12_dpd60,京东白条,百信银行#mob12_dpd60#京东白条
10000783,2351,20250307,0,Rate24,分期乐,dpd,12,30,12,mob12_dpd30,api,分期乐#mob12_dpd30#api
10000783,2351,20250307,0,Rate36,拍拍贷,dpd,3,60,3,mob3_dpd60,h5,拍拍贷#mob3_dpd60#h5
10000784,2352,20250915,0,Bank,百信银行,fpd,,60,,fpd60,京东白条,百信银行#fpd60#京东白条
10000784,2353,20250804,0,Bank,百信银行,fpd,,30,,fpd30,京东白条,百信银行#fpd30#京东白条
10000784,2353,20250804,0,Rate24,分期乐,dpd,12,60,12,mob12_dpd60,小程序,分期乐#mob12_dpd60#小程序
10000784,2354,20250214,0,Rate36,拍拍贷,dpd,6,60,6,mob6_dpd60,api,拍拍贷#mob6_dpd60#api
10000785,2355,20241022,-2,Rate24,零钱罐,dpd,12,60,12,mob12_dpd60,api,零钱罐#mob12_dpd60#api
10000785,2356,20241123,0,Bank,微众银行,dpd,12,30,12,mob12_dpd30,api,微众银行#mob12_dpd30#api
10000785,2356,20241123,0,Bank,百信银行,dpd,9,60,9,mob9_dpd60,api,百信银行#mob9_dpd60#api
10000785,2356,20241123,0,Rate36,拍拍贷,dpd,3,30,3,mob3_dpd30,api,拍拍贷#mob3_dpd30#api
10000785,2357,20241220,0,Rate36,拍拍贷,dpd,12,30,12,mob12_dpd30,h5,拍拍贷#mob12_dpd30#h5
10000785,2357,20241220,0,Rate36,美团月付,dpd,12,30,12,mob12_dpd30,h5,美团月付#mob12_dpd30#h5
10000786,2358,20240821,0,Rate36,拍拍贷,dpd,6,60,6,mob6_dpd60,api,拍拍贷#mob6_dpd60#api
10000786,2358,20240821,0,Rate24,分期乐,dpd,6,60,6,mob6_dpd60,小程序,分期乐#mob6_dpd60#小程序
10000786,2358,20240821,0,Rate24,零钱罐,dpd,12,30,12,mob12_dpd30,api,零钱罐#mob12_dpd30#api
10000786,2359,20250602,0,Rate36,拍拍贷,dpd,6,60,6,mob6_dpd60,api,拍拍贷#mob6_dpd60#api
10000786,2359,20250602,0,Rate36,拍拍贷,dpd,12,60,12,mob12_dpd60,h5,拍拍贷#mob12_dpd60#h5
10000786,2359,20250602,0,Rate36,拍拍贷,dpd,6,30,6,mob6_dpd30,h5,拍拍贷#mob6_dpd30#h5
10000786,2360,20240810,-2,Rate24,分期乐,dpd,9,60,9,mob9_dpd60,小程序,分期乐#mob9_dpd60#小程序
10000786,2360,20240810,0,Rate24,分期乐,dpd,3,30,3,mob3_dpd30,api,分期乐#mob3_dpd30#api
10000786,2360,20240810,-2,Rate36,美团月付,fpd,,60,,fpd60,h5,美团月付#fpd60#h5
10000787,2361,20250619,1,Rate24,零钱罐,dpd,3,60,3,mob3_dpd60,小程序,零钱罐#mob3_dpd60#小程序
10000787,2361,20250619,0,Rate36,美团月付,dpd,6,30,6,mob6_dpd30,h5,美团月付#mob6_dpd30#h5
10000787,2362,20250923,0,Bank,微众银行,dpd,9,30,9,mob9_dpd30,京东白条,微众银行#mob9_dpd30#京东白条
10000787,2362,20250923,0,Bank,百信银行,dpd,9,60,9,mob9_dpd60,京东白条,百信银行#mob9_dpd60#京东白条
10000787,2362,20250923,-2,Rate24,零钱罐,dpd,6,60,6,mob6_dpd60,小程序,零钱罐#mob6_dpd60#小程序
10000787,2363,20260217,1,Bank,微众银行,dpd,3,60,3,mob3_dpd60,api,微众银行#mob3_dpd60#api
10000787,2363,20260217,0,Rate24,零钱罐,dpd,6,30,6,mob6_dpd30,小程序,零钱罐#mob6_dpd30#小程序
10000787,2363,20260217,0,Rate24,分期乐,fpd,,30,,fpd30,小程序,分期乐#fpd30#小程序
10000788,2364,20240524,0,Rate36,美团月付,dpd,9,30,9,mob9_dpd30,h5,美团月付#mob9_dpd30#h5
10000788,2364,20240524,0,Rate24,分期乐,dpd,6,60,6,mob6_dpd60,api,分期乐#mob6_dpd60#api
10000788,2365,20250908,0,Bank,微众银行,dpd,3,60,3,mob3_dpd60,京东白条,微众银行#mob3_dpd60#京东白条
10000788,2366,20240505,0,Bank,百信银行,dpd,3,30,3,mob3_dpd30,京东白条,百信银行#mob3_dpd30#京东白条
10000789,2367,20241103,0,Rate24,分期乐,dpd,9,60,9,mob9_dpd60,小程序,分期乐#mob9_dpd60#小程序
10000789,2367,20241103,0,Rate24,零钱罐,dpd,6,30,6,mob6_dpd30,api,零钱罐#mob6_dpd30#api
10000789,2367,20241103,0,Rate24,分期乐,dpd,3,30,3,mob3_dpd30,api,分期乐#mob3_dpd30#api
10000789,2368,20240717,0,Rate36,美团月付,dpd,12,30,12,mob12_dpd30,api,美团月付#mob12_dpd30#api
10000789,2369,20240619,-2,Rate24,分期乐,dpd,9,30,9,mob9_dpd30,小程序,分期乐#mob9_dpd30#小程序
10000790,2370,20240708,0,Rate24,分期乐,fpd,,60,,fpd60,小程序,分期乐#fpd60#小程序
10000790,2371,20240422,1,Bank,微众银行,dpd,3,60,3,mob3_dpd60,api,微众银行#mob3_dpd60#api
10000790,2371,20240422,0,Rate24,零钱罐,fpd,,30,,fpd30,小程序,零钱罐#fpd30#小程序
10000790,2371,20240422,0,Bank,百信银行,dpd,6,30,6,mob6_dpd30,api,百信银行#mob6_dpd30#api
10000790,2372,20251021,0,Bank,百信银行,dpd,3,60,3,mob3_dpd60,api,百信银行#mob3_dpd60#api
10000791,2373,20240411,0,Rate36,美团月付,fpd,,30,,fpd30,h5,美团月付#fpd30#h5
10000791,2374,20241207,0,Rate36,美团月付,fpd,,30,,fpd30,h5,美团月付#fpd30#h5
10000791,2375,20250721,0,Bank,百信银行,dpd,9,30,9,mob9_dpd30,京东白条,百信银行#mob9_dpd30#京东白条
10000792,2376,20260219,0,Bank,微众银行,dpd,6,30,6,mob6_dpd30,京东白条,微众银行#mob6_dpd30#京东白条
10000792,2377,20251105,0,Bank,微众银行,dpd,9,30,9,mob9_dpd30,api,微众银行#mob9_dpd30#api
10000792,2378,20240608,0,Bank,微众银行,fpd,,30,,fpd30,api,微众银行#fpd30#api
10000792,2378,20240608,0,Bank,微众银行,dpd,3,30,3,mob3_dpd30,api,微众银行#mob3_dpd30#api
10000793,2379,20260214,1,Rate36,拍拍贷,dpd,3,60,3,mob3_dpd60,api,拍拍贷#mob3_dpd60#api
10000793,2379,20260214,0,Bank,百信银行,fpd,,60,,fpd60,api,百信银行#fpd60#api
10000793,2380,20250615,-2,Bank,微众银行,dpd,6,30,6,mob6_dpd30,京东白条,微众银行#mob6_dpd30#京东白条
10000793,2380,20250615,0,Bank,百信银行,dpd,3,60,3,mob3_dpd60,京东白条,百信银行#mob3_dpd60#京东白条
10000793,2380,20250615,0,Rate36,拍拍贷,dpd,6,30,6,mob6_dpd30,api,拍拍贷#mob6_dpd30#api
10000793,2381,20240705,0,Rate36,美团月付,fpd,,30,,fpd30,h5,美团月付#fpd30#h5
10000794,2382,20250127,0,Bank,微众银行,dpd,9,30,9,mob9_dpd30,京东白条,微众银行#mob9_dpd30#京东白条
10000794,2382,20250127,-2,Bank,微众银行,fpd,,30,,fpd30,api,微众银行#fpd30#api
10000794,2383,20260111,0,Rate24,分期乐,dpd,12,60,12,mob12_dpd60,api,分期乐#mob12_dpd60#api
10000794,2383,20260111,0,Rate36,美团月付,dpd,9,60,9,mob9_dpd60,h5,美团月付#mob9_dpd60#h5
10000794,2384,20241211,0,Rate24,分期乐,dpd,12,30,12,mob12_dpd30,api,分期乐#mob12_dpd30#api
10000795,2385,20240702,1,Rate24,分期乐,dpd,3,30,3,mob3_dpd30,api,分期乐#mob3_dpd30#api
10000795,2385,20240702,1,Rate24,分期乐,dpd,12,30,12,mob12_dpd30,api,分期乐#mob12_dpd30#api
10000795,2385,20240702,1,Rate36,美团月付,dpd,3,30,3,mob3_dpd30,api,美团月付#mob3_dpd30#api
10000795,2386,20251225,0,Rate36,美团月付,dpd,9,30,9,mob9_dpd30,api,美团月付#mob9_dpd30#api
10000795,2386,20251225,0,Rate24,零钱罐,fpd,,60,,fpd60,api,零钱罐#fpd60#api
10000795,2386,20251225,0,Rate24,分期乐,dpd,3,30,3,mob3_dpd30,api,分期乐#mob3_dpd30#api
10000795,2387,20260107,0,Rate24,分期乐,dpd,12,60,12,mob12_dpd60,api,分期乐#mob12_dpd60#api
10000795,2387,20260107,0,Bank,百信银行,dpd,3,30,3,mob3_dpd30,api,百信银行#mob3_dpd30#api
10000795,2387,20260107,0,Rate24,零钱罐,dpd,9,30,9,mob9_dpd30,api,零钱罐#mob9_dpd30#api
10000796,2388,20260228,0,Bank,微众银行,dpd,3,30,3,mob3_dpd30,api,微众银行#mob3_dpd30#api
10000796,2388,20260228,0,Bank,微众银行,dpd,12,30,12,mob12_dpd30,京东白条,微众银行#mob12_dpd30#京东白条
10000796,2389,20260114,1,Rate36,美团月付,dpd,9,30,9,mob9_dpd30,api,美团月付#mob9_dpd30#api
10000796,2389,20260114,0,Rate24,零钱罐,dpd,9,60,9,mob9_dpd60,api,零钱罐#mob9_dpd60#api
10000796,2390,20251125,0,Rate36,拍拍贷,dpd,12,60,12,mob12_dpd60,api,拍拍贷#mob12_dpd60#api
10000796,2390,20251125,0,Bank,微众银行,dpd,12,30,12,mob12_dpd30,api,微众银行#mob12_dpd30#api
10000796,2390,20251125,0,Bank,百信银行,dpd,12,60,12,mob12_dpd60,api,百信银行#mob12_dpd60#api
10000797,2391,20250106,0,Bank,微众银行,dpd,9,30,9,mob9_dpd30,京东白条,微众银行#mob9_dpd30#京东白条
10000797,2391,20250106,0,Rate36,拍拍贷,dpd,12,30,12,mob12_dpd30,h5,拍拍贷#mob12_dpd30#h5
10000797,2391,20250106,0,Rate24,零钱罐,fpd,,60,,fpd60,小程序,零钱罐#fpd60#小程序
10000797,2392,20240705,0,Rate24,分期乐,dpd,9,30,9,mob9_dpd30,小程序,分期乐#mob9_dpd30#小程序
10000797,2392,20240705,1,Rate36,拍拍贷,dpd,12,30,12,mob12_dpd30,h5,拍拍贷#mob12_dpd30#h5
10000797,2392,20240705,1,Rate36,美团月付,dpd,6,60,6,mob6_dpd60,h5,美团月付#mob6_dpd60#h5
10000797,2393,20250523,0,Bank,微众银行,dpd,9,30,9,mob9_dpd30,京东白条,微众银行#mob9_dpd30#京东白条
10000797,2393,20250523,0,Rate24,分期乐,dpd,12,60,12,mob12_dpd60,api,分期乐#mob12_dpd60#api
10000798,2394,20240823,0,Rate24,分期乐,dpd,6,60,6,mob6_dpd60,小程序,分期乐#mob6_dpd60#小程序
10000798,2395,20250216,0,Bank,百信银行,dpd,12,30,12,mob12_dpd30,api,百信银行#mob12_dpd30#api
10000798,2396,20250601,0,Rate24,零钱罐,dpd,3,30,3,mob3_dpd30,api,零钱罐#mob3_dpd30#api
10000799,2397,20260127,1,Bank,微众银行,dpd,12,30,12,mob12_dpd30,api,微众银行#mob12_dpd30#api
10000799,2398,20240912,0,Rate36,拍拍贷,dpd,9,30,9,mob9_dpd30,api,拍拍贷#mob9_dpd30#api
10000799,2398,20240912,0,Rate24,分期乐,dpd,12,60,12,mob12_dpd60,小程序,分期乐#mob12_dpd60#小程序
10000799,2399,20240927,0,Rate36,美团月付,dpd,9,30,9,mob9_dpd30,api,美团月付#mob9_dpd30#api
10000799,2399,20240927,0,Bank,百信银行,dpd,3,60,3,mob3_dpd60,京东白条,百信银行#mob3_dpd60#京东白条
10000800,2400,20250825,0,Bank,微众银行,dpd,3,60,3,mob3_dpd60,api,微众银行#mob3_dpd60#api
10000800,2400,20250825,0,Rate24,分期乐,fpd,,60,,fpd60,api,分期乐#fpd60#api
10000800,2400,20250825,0,Rate24,零钱罐,dpd,12,30,12,mob12_dpd30,小程序,零钱罐#mob12_dpd30#小程序
10000800,2401,20240324,0,Bank,百信银行,fpd,,60,,fpd60,京东白条,百信银行#fpd60#京东白条
10000800,2401,20240324,0,Bank,百信银行,dpd,9,60,9,mob9_dpd60,京东白条,百信银行#mob9_dpd60#京东白条
10000800,2402,20250420,1,Rate24,零钱罐,dpd,12,60,12,mob12_dpd60,小程序,零钱罐#mob12_dpd60#小程序
10000800,2402,20250420,1,Rate24,零钱罐,dpd,12,30,12,mob12_dpd30,api,零钱罐#mob12_dpd30#api
10000801,2403,20250819,1,Rate24,零钱罐,dpd,9,30,9,mob9_dpd30,api,零钱罐#mob9_dpd30#api
10000801,2404,20250415,0,Rate24,分期乐,dpd,12,60,12,mob12_dpd60,小程序,分期乐#mob12_dpd60#小程序
10000801,2404,20250415,0,Rate36,拍拍贷,dpd,6,30,6,mob6_dpd30,api,拍拍贷#mob6_dpd30#api
10000801,2404,20250415,-2,Rate36,拍拍贷,dpd,12,60,12,mob12_dpd60,api,拍拍贷#mob12_dpd60#api
10000801,2405,20241201,0,Rate24,分期乐,dpd,6,30,6,mob6_dpd30,api,分期乐#mob6_dpd30#api
10000801,2405,20241201,1,Rate24,零钱罐,dpd,9,60,9,mob9_dpd60,小程序,零钱罐#mob9_dpd60#小程序
10000801,2405,20241201,0,Bank,百信银行,dpd,3,60,3,mob3_dpd60,京东白条,百信银行#mob3_dpd60#京东白条
10000802,2406,20251011,0,Rate36,拍拍贷,dpd,6,60,6,mob6_dpd60,api,拍拍贷#mob6_dpd60#api
10000802,2406,20251011,0,Rate36,拍拍贷,fpd,,60,,fpd60,api,拍拍贷#fpd60#api
10000802,2407,20241121,0,Rate24,零钱罐,dpd,6,60,6,mob6_dpd60,api,零钱罐#mob6_dpd60#api
10000802,2407,20241121,0,Bank,百信银行,dpd,12,60,12,mob12_dpd60,京东白条,百信银行#mob12_dpd60#京东白条
10000802,2407,20241121,0,Bank,百信银行,dpd,3,60,3,mob3_dpd60,京东白条,百信银行#mob3_dpd60#京东白条
10000802,2408,20250823,0,Rate36,美团月付,dpd,12,60,12,mob12_dpd60,h5,美团月付#mob12_dpd60#h5
10000802,2408,20250823,0,Bank,微众银行,dpd,9,60,9,mob9_dpd60,京东白条,微众银行#mob9_dpd60#京东白条
10000802,2408,20250823,0,Rate24,零钱罐,dpd,9,60,9,mob9_dpd60,小程序,零钱罐#mob9_dpd60#小程序
10000803,2409,20250216,0,Bank,百信银行,dpd,9,30,9,mob9_dpd30,京东白条,百信银行#mob9_dpd30#京东白条
10000803,2409,20250216,0,Rate36,拍拍贷,dpd,6,30,6,mob6_dpd30,h5,拍拍贷#mob6_dpd30#h5
10000803,2409,20250216,-2,Bank,百信银行,fpd,,60,,fpd60,api,百信银行#fpd60#api
10000803,2410,20240320,0,Bank,百信银行,dpd,12,30,12,mob12_dpd30,api,百信银行#mob12_dpd30#api
10000803,2411,20250301,0,Bank,百信银行,dpd,6,30,6,mob6_dpd30,京东白条,百信银行#mob6_dpd30#京东白条
10000803,2411,20250301,0,Bank,百信银行,dpd,3,60,3,mob3_dpd60,api,百信银行#mob3_dpd60#api
10000804,2412,20240414,1,Rate36,美团月付,fpd,,30,,fpd30,h5,美团月付#fpd30#h5
10000804,2412,20240414,0,Rate24,分期乐,dpd,12,30,12,mob12_dpd30,小程序,分期乐#mob12_dpd30#小程序
10000804,2412,20240414,1,Rate36,拍拍贷,dpd,9,60,9,mob9_dpd60,api,拍拍贷#mob9_dpd60#api
10000804,2413,20260115,1,Bank,微众银行,dpd,9,30,9,mob9_dpd30,京东白条,微众银行#mob9_dpd30#京东白条
10000804,2413,20260115,1,Bank,微众银行,dpd,6,30,6,mob6_dpd30,api,微众银行#mob6_dpd30#api
10000804,2414,20250525,0,Bank,百信银行,dpd,12,60,12,mob12_dpd60,api,百信银行#mob12_dpd60#api
10000804,2414,20250525,0,Rate24,分期乐,dpd,6,60,6,mob6_dpd60,api,分期乐#mob6_dpd60#api
10000804,2414,20250525,0,Rate36,美团月付,dpd,12,30,12,mob12_dpd30,h5,美团月付#mob12_dpd30#h5
10000805,2415,20241109,-2,Rate24,分期乐,fpd,,30,,fpd30,小程序,分期乐#fpd30#小程序
10000805,2416,20250207,1,Rate36,拍拍贷,dpd,9,60,9,mob9_dpd60,api,拍拍贷#mob9_dpd60#api
10000805,2416,20250207,-2,Rate24,分期乐,dpd,3,30,3,mob3_dpd30,api,分期乐#mob3_dpd30#api
10000805,2416,20250207,0,Rate36,美团月付,dpd,3,30,3,mob3_dpd30,api,美团月付#mob3_dpd30#api
10000805,2417,20250510,0,Rate36,美团月付,dpd,9,30,9,mob9_dpd30,api,美团月付#mob9_dpd30#api
10000806,2418,20240905,0,Rate36,美团月付,dpd,12,30,12,mob12_dpd30,h5,美团月付#mob12_dpd30#h5
10000806,2418,20240905,0,Rate36,拍拍贷,dpd,9,60,9,mob9_dpd60,h5,拍拍贷#mob9_dpd60#h5
10000806,2418,20240905,0,Rate36,美团月付,dpd,9,30,9,mob9_dpd30,h5,美团月付#mob9_dpd30#h5
10000806,2419,20240916,0,Bank,百信银行,dpd,9,60,9,mob9_dpd60,京东白条,百信银行#mob9_dpd60#京东白条
10000806,2419,20240916,0,Rate24,零钱罐,dpd,12,60,12,mob12_dpd60,小程序,零钱罐#mob12_dpd60#小程序
10000806,2419,20240916,0,Rate36,美团月付,dpd,3,60,3,mob3_dpd60,h5,美团月付#mob3_dpd60#h5
10000806,2420,20250118,0,Bank,微众银行,dpd,3,60,3,mob3_dpd60,api,微众银行#mob3_dpd60#api
10000807,2421,20240923,-2,Rate36,拍拍贷,fpd,,60,,fpd60,h5,拍拍贷#fpd60#h5
10000807,2421,20240923,0,Bank,百信银行,dpd,9,30,9,mob9_dpd30,api,百信银行#mob9_dpd30#api
10000807,2421,20240923,0,Bank,微众银行,dpd,9,30,9,mob9_dpd30,京东白条,微众银行#mob9_dpd30#京东白条
10000807,2422,20250928,0,Rate24,零钱罐,dpd,6,60,6,mob6_dpd60,小程序,零钱罐#mob6_dpd60#小程序
10000807,2423,20240503,-2,Rate36,拍拍贷,fpd,,30,,fpd30,api,拍拍贷#fpd30#api
10000807,2423,20240503,0,Bank,微众银行,dpd,6,30,6,mob6_dpd30,京东白条,微众银行#mob6_dpd30#京东白条
10000807,2423,20240503,0,Rate24,零钱罐,dpd,6,30,6,mob6_dpd30,api,零钱罐#mob6_dpd30#api
10000808,2424,20251007,0,Bank,微众银行,fpd,,30,,fpd30,api,微众银行#fpd30#api
10000808,2425,20241109,0,Rate24,零钱罐,dpd,12,30,12,mob12_dpd30,api,零钱罐#mob12_dpd30#api
10000808,2425,20241109,0,Bank,百信银行,dpd,6,30,6,mob6_dpd30,api,百信银行#mob6_dpd30#api
10000808,2425,20241109,0,Rate24,分期乐,dpd,6,60,6,mob6_dpd60,小程序,分期乐#mob6_dpd60#小程序
10000808,2426,20250407,1,Rate24,零钱罐,dpd,9,60,9,mob9_dpd60,api,零钱罐#mob9_dpd60#api
10000808,2426,20250407,-2,Rate24,零钱罐,dpd,6,60,6,mob6_dpd60,api,零钱罐#mob6_dpd60#api
10000808,2426,20250407,1,Rate24,分期乐,dpd,3,60,3,mob3_dpd60,小程序,分期乐#mob3_dpd60#小程序
10000809,2427,20240624,0,Bank,微众银行,dpd,3,60,3,mob3_dpd60,api,微众银行#mob3_dpd60#api
10000809,2427,20240624,0,Bank,微众银行,dpd,3,60,3,mob3_dpd60,api,微众银行#mob3_dpd60#api
10000809,2428,20241204,0,Rate36,美团月付,dpd,6,30,6,mob6_dpd30,api,美团月付#mob6_dpd30#api
10000809,2428,20241204,0,Bank,微众银行,dpd,3,60,3,mob3_dpd60,京东白条,微众银行#mob3_dpd60#京东白条
10000809,2428,20241204,0,Rate24,分期乐,fpd,,30,,fpd30,小程序,分期乐#fpd30#小程序
10000809,2429,20250901,0,Rate36,美团月付,dpd,3,60,3,mob3_dpd60,api,美团月付#mob3_dpd60#api
10000809,2429,20250901,0,Rate24,零钱罐,dpd,3,60,3,mob3_dpd60,api,零钱罐#mob3_dpd60#api
10000810,2430,20240925,-2,Rate36,美团月付,dpd,6,60,6,mob6_dpd60,api,美团月付#mob6_dpd60#api
10000810,2430,20240925,1,Rate36,美团月付,dpd,9,30,9,mob9_dpd30,api,美团月付#mob9_dpd30#api
10000810,2430,20240925,0,Rate36,拍拍贷,dpd,12,60,12,mob12_dpd60,h5,拍拍贷#mob12_dpd60#h5
10000810,2431,20240627,0,Rate36,美团月付,dpd,6,60,6,mob6_dpd60,api,美团月付#mob6_dpd60#api
10000810,2431,20240627,0,Rate24,分期乐,dpd,9,60,9,mob9_dpd60,api,分期乐#mob9_dpd60#api
10000810,2432,20250307,0,Rate24,零钱罐,fpd,,30,,fpd30,小程序,零钱罐#fpd30#小程序
10000811,2433,20240610,0,Bank,百信银行,dpd,6,30,6,mob6_dpd30,api,百信银行#mob6_dpd30#api
10000811,2434,20241015,0,Bank,百信银行,dpd,3,60,3,mob3_dpd60,api,百信银行#mob3_dpd60#api
10000811,2434,20241015,0,Bank,微众银行,fpd,,60,,fpd60,京东白条,微众银行#fpd60#京东白条
10000811,2435,20250115,0,Bank,百信银行,dpd,6,60,6,mob6_dpd60,京东白条,百信银行#mob6_dpd60#京东白条
10000812,2436,20250428,0,Rate36,拍拍贷,dpd,3,60,3,mob3_dpd60,h5,拍拍贷#mob3_dpd60#h5
10000812,2437,20250612,0,Bank,微众银行,dpd,9,30,9,mob9_dpd30,京东白条,微众银行#mob9_dpd30#京东白条
10000812,2438,20250701,-2,Bank,百信银行,dpd,9,30,9,mob9_dpd30,api,百信银行#mob9_dpd30#api
10000812,2438,20250701,-2,Rate24,零钱罐,dpd,12,60,12,mob12_dpd60,小程序,零钱罐#mob12_dpd60#小程序
10000813,2439,20251112,0,Rate24,分期乐,dpd,6,60,6,mob6_dpd60,api,分期乐#mob6_dpd60#api
10000813,2439,20251112,1,Bank,微众银行,fpd,,60,,fpd60,京东白条,微众银行#fpd60#京东白条
10000813,2439,20251112,0,Rate36,美团月付,dpd,9,60,9,mob9_dpd60,api,美团月付#mob9_dpd60#api
10000813,2440,20240416,0,Bank,百信银行,dpd,12,30,12,mob12_dpd30,api,百信银行#mob12_dpd30#api
10000813,2441,20241115,0,Rate36,美团月付,dpd,6,60,6,mob6_dpd60,h5,美团月付#mob6_dpd60#h5
10000813,2441,20241115,0,Bank,微众银行,fpd,,60,,fpd60,京东白条,微众银行#fpd60#京东白条
10000814,2442,20240315,1,Bank,百信银行,dpd,12,30,12,mob12_dpd30,京东白条,百信银行#mob12_dpd30#京东白条
10000814,2442,20240315,0,Rate24,零钱罐,fpd,,30,,fpd30,api,零钱罐#fpd30#api
10000814,2443,20240326,0,Bank,微众银行,dpd,3,60,3,mob3_dpd60,api,微众银行#mob3_dpd60#api
10000814,2443,20240326,0,Rate36,美团月付,dpd,12,30,12,mob12_dpd30,api,美团月付#mob12_dpd30#api
10000814,2444,20240823,0,Rate24,分期乐,dpd,12,60,12,mob12_dpd60,小程序,分期乐#mob12_dpd60#小程序
10000815,2445,20250508,0,Rate24,零钱罐,dpd,6,60,6,mob6_dpd60,小程序,零钱罐#mob6_dpd60#小程序
10000815,2445,20250508,0,Rate24,分期乐,fpd,,30,,fpd30,api,分期乐#fpd30#api
10000815,2445,20250508,0,Rate36,美团月付,dpd,6,30,6,mob6_dpd30,api,美团月付#mob6_dpd30#api
10000815,2446,20251210,1,Rate24,分期乐,dpd,9,30,9,mob9_dpd30,api,分期乐#mob9_dpd30#api
10000815,2446,20251210,1,Rate24,分期乐,dpd,6,30,6,mob6_dpd30,api,分期乐#mob6_dpd30#api
10000815,2446,20251210,0,Bank,微众银行,dpd,3,30,3,mob3_dpd30,api,微众银行#mob3_dpd30#api
10000815,2447,20250919,0,Rate36,美团月付,dpd,3,30,3,mob3_dpd30,h5,美团月付#mob3_dpd30#h5
10000816,2448,20250612,0,Bank,微众银行,dpd,3,30,3,mob3_dpd30,京东白条,微众银行#mob3_dpd30#京东白条
10000816,2448,20250612,1,Bank,百信银行,dpd,6,60,6,mob6_dpd60,api,百信银行#mob6_dpd60#api
10000816,2449,20250912,0,Rate24,分期乐,dpd,6,60,6,mob6_dpd60,小程序,分期乐#mob6_dpd60#小程序
10000816,2450,20240705,0,Rate36,拍拍贷,dpd,9,30,9,mob9_dpd30,h5,拍拍贷#mob9_dpd30#h5
10000817,2451,20251108,0,Bank,微众银行,dpd,12,60,12,mob12_dpd60,api,微众银行#mob12_dpd60#api
10000817,2452,20251221,0,Rate36,美团月付,dpd,6,30,6,mob6_dpd30,h5,美团月付#mob6_dpd30#h5
10000817,2453,20240524,0,Bank,微众银行,dpd,3,30,3,mob3_dpd30,api,微众银行#mob3_dpd30#api
10000818,2454,20250222,0,Bank,百信银行,fpd,,60,,fpd60,京东白条,百信银行#fpd60#京东白条
10000818,2454,20250222,0,Bank,百信银行,dpd,6,30,6,mob6_dpd30,京东白条,百信银行#mob6_dpd30#京东白条
10000818,2455,20251009,-2,Rate36,拍拍贷,fpd,,60,,fpd60,h5,拍拍贷#fpd60#h5
10000818,2456,20250204,0,Bank,百信银行,dpd,9,30,9,mob9_dpd30,api,百信银行#mob9_dpd30#api
10000818,2456,20250204,0,Bank,微众银行,dpd,12,60,12,mob12_dpd60,api,微众银行#mob12_dpd60#api
10000819,2457,20251105,0,Bank,微众银行,fpd,,60,,fpd60,京东白条,微众银行#fpd60#京东白条
10000819,2457,20251105,0,Rate24,分期乐,dpd,3,30,3,mob3_dpd30,小程序,分期乐#mob3_dpd30#小程序
10000819,2458,20260112,0,Rate36,拍拍贷,dpd,3,30,3,mob3_dpd30,api,拍拍贷#mob3_dpd30#api
10000819,2458,20260112,0,Rate24,零钱罐,dpd,6,30,6,mob6_dpd30,小程序,零钱罐#mob6_dpd30#小程序
10000819,2459,20250215,0,Rate36,拍拍贷,fpd,,60,,fpd60,h5,拍拍贷#fpd60#h5
10000819,2459,20250215,0,Rate24,零钱罐,dpd,9,60,9,mob9_dpd60,小程序,零钱罐#mob9_dpd60#小程序
10000819,2459,20250215,-2,Rate24,零钱罐,fpd,,60,,fpd60,小程序,零钱罐#fpd60#小程序
10000820,2460,20240426,0,Rate24,分期乐,dpd,12,60,12,mob12_dpd60,api,分期乐#mob12_dpd60#api
10000820,2461,20241126,0,Rate24,零钱罐,fpd,,30,,fpd30,api,零钱罐#fpd30#api
10000820,2461,20241126,0,Rate36,拍拍贷,fpd,,30,,fpd30,api,拍拍贷#fpd30#api
10000820,2461,20241126,1,Rate36,拍拍贷,dpd,9,30,9,mob9_dpd30,api,拍拍贷#mob9_dpd30#api
10000820,2462,20240801,0,Rate36,美团月付,dpd,12,30,12,mob12_dpd30,h5,美团月付#mob12_dpd30#h5
10000820,2462,20240801,0,Rate36,美团月付,fpd,,30,,fpd30,api,美团月付#fpd30#api
10000821,2463,20250220,0,Rate24,分期乐,fpd,,30,,fpd30,api,分期乐#fpd30#api
10000821,2463,20250220,0,Rate24,分期乐,dpd,3,30,3,mob3_dpd30,小程序,分期乐#mob3_dpd30#小程序
10000821,2464,20250509,0,Bank,微众银行,dpd,3,30,3,mob3_dpd30,京东白条,微众银行#mob3_dpd30#京东白条
10000821,2465,20250206,0,Rate36,美团月付,fpd,,60,,fpd60,h5,美团月付#fpd60#h5
10000822,2466,20240716,0,Rate24,零钱罐,dpd,3,60,3,mob3_dpd60,api,零钱罐#mob3_dpd60#api
10000822,2466,20240716,-2,Rate24,分期乐,fpd,,60,,fpd60,api,分期乐#fpd60#api
10000822,2467,20241001,0,Rate36,美团月付,dpd,9,60,9,mob9_dpd60,h5,美团月付#mob9_dpd60#h5
10000822,2468,20250710,1,Rate24,零钱罐,dpd,3,30,3,mob3_dpd30,小程序,零钱罐#mob3_dpd30#小程序
10000822,2468,20250710,0,Rate24,零钱罐,dpd,6,30,6,mob6_dpd30,小程序,零钱罐#mob6_dpd30#小程序
10000823,2469,20240316,0,Bank,微众银行,dpd,3,60,3,mob3_dpd60,京东白条,微众银行#mob3_dpd60#京东白条
10000823,2469,20240316,0,Bank,百信银行,dpd,12,30,12,mob12_dpd30,api,百信银行#mob12_dpd30#api
10000823,2470,20240808,0,Bank,微众银行,fpd,,60,,fpd60,京东白条,微众银行#fpd60#京东白条
10000823,2470,20240808,0,Rate36,拍拍贷,dpd,3,30,3,mob3_dpd30,api,拍拍贷#mob3_dpd30#api
10000823,2470,20240808,0,Rate24,零钱罐,dpd,9,30,9,mob9_dpd30,小程序,零钱罐#mob9_dpd30#小程序
10000823,2471,20251217,0,Rate24,分期乐,dpd,3,60,3,mob3_dpd60,api,分期乐#mob3_dpd60#api
10000824,2472,20240513,0,Bank,微众银行,fpd,,60,,fpd60,京东白条,微众银行#fpd60#京东白条
10000824,2472,20240513,0,Bank,百信银行,dpd,9,30,9,mob9_dpd30,api,百信银行#mob9_dpd30#api
10000824,2473,20241223,0,Bank,百信银行,fpd,,30,,fpd30,京东白条,百信银行#fpd30#京东白条
10000824,2473,20241223,0,Bank,百信银行,dpd,12,30,12,mob12_dpd30,京东白条,百信银行#mob12_dpd30#京东白条
10000824,2474,20240706,0,Bank,微众银行,fpd,,30,,fpd30,api,微众银行#fpd30#api
10000824,2474,20240706,0,Rate24,分期乐,dpd,12,30,12,mob12_dpd30,小程序,分期乐#mob12_dpd30#小程序
10000824,2474,20240706,0,Rate36,美团月付,dpd,12,30,12,mob12_dpd30,api,美团月付#mob12_dpd30#api
10000825,2475,20240502,0,Rate36,拍拍贷,dpd,3,60,3,mob3_dpd60,h5,拍拍贷#mob3_dpd60#h5
10000825,2476,20250115,0,Bank,微众银行,dpd,12,30,12,mob12_dpd30,京东白条,微众银行#mob12_dpd30#京东白条
10000825,2476,20250115,0,Bank,百信银行,dpd,9,60,9,mob9_dpd60,京东白条,百信银行#mob9_dpd60#京东白条
10000825,2477,20250308,0,Bank,百信银行,dpd,3,30,3,mob3_dpd30,京东白条,百信银行#mob3_dpd30#京东白条
10000826,2478,20240720,0,Rate36,美团月付,fpd,,60,,fpd60,h5,美团月付#fpd60#h5
10000826,2478,20240720,0,Bank,百信银行,dpd,9,30,9,mob9_dpd30,京东白条,百信银行#mob9_dpd30#京东白条
10000826,2479,20240403,0,Rate36,美团月付,dpd,6,30,6,mob6_dpd30,h5,美团月付#mob6_dpd30#h5
10000826,2479,20240403,-2,Rate36,美团月付,dpd,3,30,3,mob3_dpd30,api,美团月付#mob3_dpd30#api
10000826,2479,20240403,0,Bank,微众银行,dpd,3,30,3,mob3_dpd30,api,微众银行#mob3_dpd30#api
10000826,2480,20240617,1,Bank,微众银行,dpd,9,60,9,mob9_dpd60,京东白条,微众银行#mob9_dpd60#京东白条
10000826,2480,20240617,0,Bank,微众银行,dpd,3,30,3,mob3_dpd30,api,微众银行#mob3_dpd30#api
10000826,2480,20240617,0,Bank,微众银行,fpd,,30,,fpd30,京东白条,微众银行#fpd30#京东白条
10000827,2481,20250628,0,Rate24,零钱罐,dpd,9,60,9,mob9_dpd60,小程序,零钱罐#mob9_dpd60#小程序
10000827,2482,20251103,0,Bank,微众银行,fpd,,30,,fpd30,京东白条,微众银行#fpd30#京东白条
10000827,2483,20240709,0,Rate36,美团月付,dpd,3,60,3,mob3_dpd60,api,美团月付#mob3_dpd60#api
10000827,2483,20240709,0,Rate36,美团月付,fpd,,60,,fpd60,api,美团月付#fpd60#api
10000827,2483,20240709,0,Bank,微众银行,dpd,6,30,6,mob6_dpd30,api,微众银行#mob6_dpd30#api
10000828,2484,20241024,0,Bank,微众银行,dpd,9,60,9,mob9_dpd60,京东白条,微众银行#mob9_dpd60#京东白条
10000828,2485,20241115,0,Rate24,零钱罐,fpd,,30,,fpd30,小程序,零钱罐#fpd30#小程序
10000828,2485,20241115,0,Rate36,拍拍贷,dpd,9,60,9,mob9_dpd60,api,拍拍贷#mob9_dpd60#api
10000828,2486,20241105,0,Bank,百信银行,dpd,12,60,12,mob12_dpd60,api,百信银行#mob12_dpd60#api
10000829,2487,20240806,1,Rate36,拍拍贷,dpd,9,60,9,mob9_dpd60,h5,拍拍贷#mob9_dpd60#h5
10000829,2488,20240422,0,Rate36,美团月付,dpd,9,30,9,mob9_dpd30,api,美团月付#mob9_dpd30#api
10000829,2488,20240422,0,Rate24,零钱罐,fpd,,60,,fpd60,api,零钱罐#fpd60#api
10000829,2488,20240422,0,Rate24,分期乐,dpd,6,30,6,mob6_dpd30,api,分期乐#mob6_dpd30#api
10000829,2489,20250325,0,Bank,微众银行,dpd,3,60,3,mob3_dpd60,京东白条,微众银行#mob3_dpd60#京东白条
10000829,2489,20250325,0,Bank,微众银行,dpd,12,30,12,mob12_dpd30,api,微众银行#mob12_dpd30#api
10000829,2489,20250325,0,Rate36,美团月付,dpd,6,60,6,mob6_dpd60,h5,美团月付#mob6_dpd60#h5
10000830,2490,20241111,0,Bank,微众银行,fpd,,60,,fpd60,京东白条,微众银行#fpd60#京东白条
10000830,2490,20241111,0,Bank,微众银行,dpd,3,30,3,mob3_dpd30,京东白条,微众银行#mob3_dpd30#京东白条
10000830,2491,20241114,0,Rate24,零钱罐,dpd,3,30,3,mob3_dpd30,小程序,零钱罐#mob3_dpd30#小程序
10000830,2492,20240922,0,Bank,百信银行,fpd,,30,,fpd30,京东白条,百信银行#fpd30#京东白条
10000831,2493,20260105,1,Rate36,美团月付,dpd,12,30,12,mob12_dpd30,api,美团月付#mob12_dpd30#api
10000831,2493,20260105,1,Bank,微众银行,dpd,9,60,9,mob9_dpd60,api,微众银行#mob9_dpd60#api
10000831,2494,20250506,0,Bank,微众银行,dpd,12,30,12,mob12_dpd30,京东白条,微众银行#mob12_dpd30#京东白条
10000831,2494,20250506,0,Bank,百信银行,dpd,12,30,12,mob12_dpd30,京东白条,百信银行#mob12_dpd30#京东白条
10000831,2495,20250122,0,Rate36,美团月付,fpd,,60,,fpd60,h5,美团月付#fpd60#h5
10000831,2495,20250122,1,Rate24,零钱罐,dpd,9,30,9,mob9_dpd30,api,零钱罐#mob9_dpd30#api
10000832,2496,20240706,0,Bank,微众银行,dpd,6,60,6,mob6_dpd60,api,微众银行#mob6_dpd60#api
10000832,2496,20240706,0,Rate36,拍拍贷,dpd,3,60,3,mob3_dpd60,h5,拍拍贷#mob3_dpd60#h5
10000832,2496,20240706,0,Bank,百信银行,dpd,9,30,9,mob9_dpd30,京东白条,百信银行#mob9_dpd30#京东白条
10000832,2497,20251022,0,Rate24,零钱罐,dpd,9,30,9,mob9_dpd30,api,零钱罐#mob9_dpd30#api
10000832,2497,20251022,1,Bank,微众银行,dpd,12,60,12,mob12_dpd60,api,微众银行#mob12_dpd60#api
10000832,2497,20251022,0,Bank,微众银行,fpd,,60,,fpd60,京东白条,微众银行#fpd60#京东白条
10000832,2498,20251214,0,Bank,微众银行,dpd,6,30,6,mob6_dpd30,api,微众银行#mob6_dpd30#api
10000832,2498,20251214,0,Rate24,零钱罐,dpd,3,60,3,mob3_dpd60,小程序,零钱罐#mob3_dpd60#小程序
10000832,2498,20251214,0,Rate24,零钱罐,dpd,6,30,6,mob6_dpd30,api,零钱罐#mob6_dpd30#api
10000833,2499,20240328,1,Rate24,零钱罐,dpd,9,30,9,mob9_dpd30,api,零钱罐#mob9_dpd30#api
10000833,2499,20240328,0,Rate36,拍拍贷,dpd,9,30,9,mob9_dpd30,h5,拍拍贷#mob9_dpd30#h5
10000833,2500,20260101,0,Rate36,美团月付,fpd,,60,,fpd60,api,美团月付#fpd60#api
10000833,2500,20260101,0,Rate36,美团月付,dpd,6,30,6,mob6_dpd30,h5,美团月付#mob6_dpd30#h5
10000833,2500,20260101,0,Bank,百信银行,dpd,3,60,3,mob3_dpd60,京东白条,百信银行#mob3_dpd60#京东白条
10000833,2501,20250727,1,Rate24,零钱罐,dpd,9,60,9,mob9_dpd60,api,零钱罐#mob9_dpd60#api
10000833,2501,20250727,1,Rate24,分期乐,dpd,12,60,12,mob12_dpd60,api,分期乐#mob12_dpd60#api
10000834,2502,20240507,0,Rate36,拍拍贷,fpd,,30,,fpd30,api,拍拍贷#fpd30#api
10000834,2502,20240507,0,Bank,百信银行,fpd,,30,,fpd30,api,百信银行#fpd30#api
10000834,2502,20240507,0,Bank,百信银行,dpd,12,60,12,mob12_dpd60,京东白条,百信银行#mob12_dpd60#京东白条
10000834,2503,20250901,0,Rate24,分期乐,dpd,6,30,6,mob6_dpd30,小程序,分期乐#mob6_dpd30#小程序
10000834,2503,20250901,0,Rate24,分期乐,dpd,3,30,3,mob3_dpd30,小程序,分期乐#mob3_dpd30#小程序
10000834,2504,20240521,0,Rate36,拍拍贷,dpd,12,60,12,mob12_dpd60,api,拍拍贷#mob12_dpd60#api
10000834,2504,20240521,0,Bank,百信银行,fpd,,30,,fpd30,京东白条,百信银行#fpd30#京东白条
10000835,2505,20240415,1,Bank,百信银行,dpd,12,30,12,mob12_dpd30,京东白条,百信银行#mob12_dpd30#京东白条
10000835,2506,20240524,1,Bank,微众银行,fpd,,60,,fpd60,京东白条,微众银行#fpd60#京东白条
10000835,2506,20240524,0,Rate24,分期乐,dpd,6,30,6,mob6_dpd30,小程序,分期乐#mob6_dpd30#小程序
10000835,2507,20250204,0,Bank,百信银行,fpd,,30,,fpd30,api,百信银行#fpd30#api
10000835,2507,20250204,0,Bank,微众银行,dpd,3,60,3,mob3_dpd60,api,微众银行#mob3_dpd60#api
10000836,2508,20250503,0,Rate36,拍拍贷,fpd,,60,,fpd60,h5,拍拍贷#fpd60#h5
10000836,2508,20250503,0,Bank,微众银行,dpd,12,30,12,mob12_dpd30,api,微众银行#mob12_dpd30#api
10000836,2508,20250503,0,Bank,百信银行,fpd,,30,,fpd30,api,百信银行#fpd30#api
10000836,2509,20241216,0,Rate24,分期乐,dpd,12,60,12,mob12_dpd60,api,分期乐#mob12_dpd60#api
10000836,2509,20241216,0,Rate36,美团月付,dpd,3,30,3,mob3_dpd30,h5,美团月付#mob3_dpd30#h5
10000836,2510,20240525,0,Rate36,拍拍贷,dpd,6,30,6,mob6_dpd30,h5,拍拍贷#mob6_dpd30#h5
10000836,2510,20240525,0,Rate24,分期乐,dpd,12,60,12,mob12_dpd60,小程序,分期乐#mob12_dpd60#小程序
10000837,2511,20240712,0,Bank,微众银行,dpd,12,60,12,mob12_dpd60,京东白条,微众银行#mob12_dpd60#京东白条
10000837,2512,20251123,0,Bank,微众银行,dpd,3,60,3,mob3_dpd60,api,微众银行#mob3_dpd60#api
10000837,2512,20251123,0,Bank,微众银行,fpd,,60,,fpd60,api,微众银行#fpd60#api
10000837,2513,20260226,0,Rate24,分期乐,dpd,3,60,3,mob3_dpd60,小程序,分期乐#mob3_dpd60#小程序
10000838,2514,20250925,0,Bank,微众银行,dpd,3,30,3,mob3_dpd30,京东白条,微众银行#mob3_dpd30#京东白条
10000838,2515,20240515,0,Bank,微众银行,dpd,6,60,6,mob6_dpd60,api,微众银行#mob6_dpd60#api
10000838,2515,20240515,0,Bank,微众银行,fpd,,60,,fpd60,京东白条,微众银行#fpd60#京东白条
10000838,2516,20251020,0,Bank,百信银行,dpd,6,30,6,mob6_dpd30,京东白条,百信银行#mob6_dpd30#京东白条
10000839,2517,20250715,0,Rate36,拍拍贷,dpd,6,60,6,mob6_dpd60,api,拍拍贷#mob6_dpd60#api
10000839,2517,20250715,0,Rate24,零钱罐,dpd,6,60,6,mob6_dpd60,小程序,零钱罐#mob6_dpd60#小程序
10000839,2517,20250715,0,Rate24,零钱罐,dpd,9,60,9,mob9_dpd60,小程序,零钱罐#mob9_dpd60#小程序
10000839,2518,20250319,0,Rate36,拍拍贷,dpd,3,30,3,mob3_dpd30,api,拍拍贷#mob3_dpd30#api
10000839,2518,20250319,0,Rate24,零钱罐,fpd,,30,,fpd30,小程序,零钱罐#fpd30#小程序
10000839,2518,20250319,0,Rate36,美团月付,dpd,9,30,9,mob9_dpd30,api,美团月付#mob9_dpd30#api
10000839,2519,20240616,0,Rate24,零钱罐,dpd,6,30,6,mob6_dpd30,小程序,零钱罐#mob6_dpd30#小程序
10000840,2520,20260215,-2,Rate36,美团月付,dpd,9,30,9,mob9_dpd30,api,美团月付#mob9_dpd30#api
10000840,2521,20250113,0,Bank,百信银行,dpd,6,30,6,mob6_dpd30,京东白条,百信银行#mob6_dpd30#京东白条
10000840,2522,20240419,0,Rate36,美团月付,dpd,9,60,9,mob9_dpd60,h5,美团月付#mob9_dpd60#h5
10000840,2522,20240419,0,Rate36,拍拍贷,dpd,6,30,6,mob6_dpd30,h5,拍拍贷#mob6_dpd30#h5
10000841,2523,20240822,0,Bank,微众银行,dpd,3,60,3,mob3_dpd60,api,微众银行#mob3_dpd60#api
10000841,2524,20241226,0,Bank,百信银行,dpd,9,30,9,mob9_dpd30,api,百信银行#mob9_dpd30#api
10000841,2524,20241226,0,Bank,百信银行,dpd,12,30,12,mob12_dpd30,京东白条,百信银行#mob12_dpd30#京东白条
10000841,2525,20240418,0,Rate36,美团月付,dpd,6,30,6,mob6_dpd30,h5,美团月付#mob6_dpd30#h5
10000841,2525,20240418,0,Bank,百信银行,dpd,3,60,3,mob3_dpd60,api,百信银行#mob3_dpd60#api
10000841,2525,20240418,0,Rate24,零钱罐,dpd,3,30,3,mob3_dpd30,api,零钱罐#mob3_dpd30#api
10000842,2526,20241003,0,Rate36,拍拍贷,fpd,,30,,fpd30,h5,拍拍贷#fpd30#h5
10000842,2527,20250217,-2,Bank,微众银行,dpd,12,60,12,mob12_dpd60,京东白条,微众银行#mob12_dpd60#京东白条
10000842,2528,20260109,0,Rate24,分期乐,dpd,9,30,9,mob9_dpd30,小程序,分期乐#mob9_dpd30#小程序
10000843,2529,20240501,1,Bank,百信银行,dpd,6,60,6,mob6_dpd60,京东白条,百信银行#mob6_dpd60#京东白条
10000843,2529,20240501,0,Rate36,拍拍贷,fpd,,60,,fpd60,api,拍拍贷#fpd60#api
10000843,2529,20240501,0,Bank,微众银行,dpd,6,30,6,mob6_dpd30,京东白条,微众银行#mob6_dpd30#京东白条
10000843,2530,20250403,1,Bank,微众银行,dpd,12,60,12,mob12_dpd60,api,微众银行#mob12_dpd60#api
10000843,2530,20250403,0,Rate36,美团月付,dpd,3,60,3,mob3_dpd60,h5,美团月付#mob3_dpd60#h5
10000843,2530,20250403,0,Bank,微众银行,dpd,9,60,9,mob9_dpd60,京东白条,微众银行#mob9_dpd60#京东白条
10000843,2531,20251217,0,Rate24,零钱罐,dpd,3,60,3,mob3_dpd60,api,零钱罐#mob3_dpd60#api
10000843,2531,20251217,1,Bank,微众银行,dpd,6,30,6,mob6_dpd30,京东白条,微众银行#mob6_dpd30#京东白条
10000843,2531,20251217,1,Rate36,美团月付,dpd,6,60,6,mob6_dpd60,api,美团月付#mob6_dpd60#api
10000844,2532,20251027,0,Bank,百信银行,dpd,3,30,3,mob3_dpd30,京东白条,百信银行#mob3_dpd30#京东白条
10000844,2533,20260115,1,Rate24,零钱罐,fpd,,60,,fpd60,小程序,零钱罐#fpd60#小程序
10000844,2533,20260115,0,Rate36,拍拍贷,dpd,9,30,9,mob9_dpd30,h5,拍拍贷#mob9_dpd30#h5
10000844,2534,20240713,0,Bank,百信银行,fpd,,60,,fpd60,api,百信银行#fpd60#api
10000845,2535,20251003,0,Rate36,拍拍贷,fpd,,30,,fpd30,api,拍拍贷#fpd30#api
10000845,2535,20251003,0,Rate36,美团月付,dpd,3,30,3,mob3_dpd30,h5,美团月付#mob3_dpd30#h5
10000845,2535,20251003,0,Rate36,美团月付,dpd,3,60,3,mob3_dpd60,api,美团月付#mob3_dpd60#api
10000845,2536,20260219,0,Rate24,零钱罐,dpd,9,60,9,mob9_dpd60,api,零钱罐#mob9_dpd60#api
10000845,2537,20241002,0,Rate24,分期乐,dpd,6,30,6,mob6_dpd30,小程序,分期乐#mob6_dpd30#小程序
10000845,2537,20241002,0,Bank,微众银行,dpd,3,60,3,mob3_dpd60,api,微众银行#mob3_dpd60#api
10000845,2537,20241002,0,Bank,微众银行,dpd,12,30,12,mob12_dpd30,京东白条,微众银行#mob12_dpd30#京东白条
10000846,2538,20250224,0,Rate24,零钱罐,fpd,,30,,fpd30,api,零钱罐#fpd30#api
10000846,2539,20250323,0,Rate36,拍拍贷,dpd,3,30,3,mob3_dpd30,h5,拍拍贷#mob3_dpd30#h5
10000846,2539,20250323,0,Rate24,分期乐,dpd,12,30,12,mob12_dpd30,api,分期乐#mob12_dpd30#api
10000846,2539,20250323,0,Bank,微众银行,dpd,12,60,12,mob12_dpd60,api,微众银行#mob12_dpd60#api
10000846,2540,20250228,0,Rate24,零钱罐,fpd,,60,,fpd60,小程序,零钱罐#fpd60#小程序
10000846,2540,20250228,0,Bank,百信银行,dpd,9,30,9,mob9_dpd30,京东白条,百信银行#mob9_dpd30#京东白条
10000847,2541,20240908,0,Rate36,美团月付,dpd,3,30,3,mob3_dpd30,api,美团月付#mob3_dpd30#api
10000847,2542,20260205,1,Rate36,美团月付,dpd,3,30,3,mob3_dpd30,h5,美团月付#mob3_dpd30#h5
10000847,2543,20260109,0,Bank,微众银行,fpd,,30,,fpd30,京东白条,微众银行#fpd30#京东白条
10000847,2543,20260109,1,Rate36,拍拍贷,dpd,12,60,12,mob12_dpd60,h5,拍拍贷#mob12_dpd60#h5
10000848,2544,20241223,0,Rate36,拍拍贷,dpd,12,30,12,mob12_dpd30,h5,拍拍贷#mob12_dpd30#h5
10000848,2544,20241223,0,Bank,微众银行,dpd,12,30,12,mob12_dpd30,京东白条,微众银行#mob12_dpd30#京东白条
10000848,2544,20241223,0,Rate36,拍拍贷,dpd,12,30,12,mob12_dpd30,h5,拍拍贷#mob12_dpd30#h5
10000848,2545,20251007,0,Rate36,美团月付,dpd,12,30,12,mob12_dpd30,api,美团月付#mob12_dpd30#api
10000848,2545,20251007,1,Rate36,美团月付,dpd,6,30,6,mob6_dpd30,h5,美团月付#mob6_dpd30#h5
10000848,2545,20251007,0,Bank,微众银行,dpd,3,60,3,mob3_dpd60,京东白条,微众银行#mob3_dpd60#京东白条
10000848,2546,20241225,-2,Rate36,拍拍贷,dpd,9,30,9,mob9_dpd30,api,拍拍贷#mob9_dpd30#api
10000848,2546,20241225,0,Bank,微众银行,fpd,,60,,fpd60,京东白条,微众银行#fpd60#京东白条
10000848,2546,20241225,0,Rate36,美团月付,dpd,9,30,9,mob9_dpd30,h5,美团月付#mob9_dpd30#h5
10000849,2547,20251005,1,Rate24,零钱罐,dpd,3,30,3,mob3_dpd30,小程序,零钱罐#mob3_dpd30#小程序
10000849,2547,20251005,0,Rate36,美团月付,dpd,6,30,6,mob6_dpd30,h5,美团月付#mob6_dpd30#h5
10000849,2548,20250502,0,Rate36,拍拍贷,dpd,6,30,6,mob6_dpd30,h5,拍拍贷#mob6_dpd30#h5
10000849,2549,20250207,0,Rate36,拍拍贷,fpd,,30,,fpd30,h5,拍拍贷#fpd30#h5
10000849,2549,20250207,0,Bank,百信银行,dpd,9,60,9,mob9_dpd60,api,百信银行#mob9_dpd60#api
10000849,2549,20250207,0,Rate36,美团月付,fpd,,60,,fpd60,h5,美团月付#fpd60#h5
10000850,2550,20240622,0,Bank,百信银行,dpd,12,60,12,mob12_dpd60,api,百信银行#mob12_dpd60#api
10000850,2551,20250617,-2,Bank,微众银行,dpd,6,30,6,mob6_dpd30,api,微众银行#mob6_dpd30#api
10000850,2551,20250617,0,Rate24,分期乐,dpd,9,30,9,mob9_dpd30,小程序,分期乐#mob9_dpd30#小程序
10000850,2552,20241010,1,Rate36,美团月付,dpd,9,30,9,mob9_dpd30,h5,美团月付#mob9_dpd30#h5
10000850,2552,20241010,1,Rate36,拍拍贷,fpd,,60,,fpd60,h5,拍拍贷#fpd60#h5
10000851,2553,20240819,-2,Bank,百信银行,dpd,12,60,12,mob12_dpd60,api,百信银行#mob12_dpd60#api
10000851,2553,20240819,0,Bank,百信银行,fpd,,30,,fpd30,京东白条,百信银行#fpd30#京东白条
10000851,2553,20240819,0,Rate24,分期乐,dpd,12,60,12,mob12_dpd60,api,分期乐#mob12_dpd60#api
10000851,2554,20240719,0,Rate36,美团月付,dpd,6,30,6,mob6_dpd30,api,美团月付#mob6_dpd30#api
10000851,2555,20260216,1,Rate36,拍拍贷,fpd,,30,,fpd30,h5,拍拍贷#fpd30#h5
10000851,2555,20260216,1,Rate36,拍拍贷,dpd,12,30,12,mob12_dpd30,h5,拍拍贷#mob12_dpd30#h5
10000852,2556,20240515,0,Rate24,分期乐,dpd,3,30,3,mob3_dpd30,小程序,分期乐#mob3_dpd30#小程序
10000852,2556,20240515,0,Rate36,拍拍贷,dpd,3,60,3,mob3_dpd60,api,拍拍贷#mob3_dpd60#api
10000852,2557,20251003,0,Rate24,分期乐,fpd,,60,,fpd60,api,分期乐#fpd60#api
10000852,2557,20251003,0,Rate24,分期乐,dpd,6,60,6,mob6_dpd60,api,分期乐#mob6_dpd60#api
10000852,2558,20251108,0,Bank,微众银行,fpd,,60,,fpd60,api,微众银行#fpd60#api
10000852,2558,20251108,0,Rate24,零钱罐,dpd,3,30,3,mob3_dpd30,api,零钱罐#mob3_dpd30#api
10000853,2559,20240315,0,Rate24,零钱罐,fpd,,60,,fpd60,api,零钱罐#fpd60#api
10000853,2559,20240315,0,Bank,微众银行,dpd,6,30,6,mob6_dpd30,api,微众银行#mob6_dpd30#api
10000853,2559,20240315,0,Rate36,拍拍贷,dpd,12,30,12,mob12_dpd30,api,拍拍贷#mob12_dpd30#api
10000853,2560,20250504,0,Rate36,美团月付,fpd,,30,,fpd30,h5,美团月付#fpd30#h5
10000853,2561,20250414,0,Bank,百信银行,fpd,,30,,fpd30,api,百信银行#fpd30#api
10000853,2561,20250414,0,Rate24,分期乐,dpd,6,60,6,mob6_dpd60,api,分期乐#mob6_dpd60#api
10000854,2562,20241104,0,Rate36,美团月付,dpd,6,60,6,mob6_dpd60,h5,美团月付#mob6_dpd60#h5
10000854,2562,20241104,0,Bank,百信银行,dpd,12,60,12,mob12_dpd60,京东白条,百信银行#mob12_dpd60#京东白条
10000854,2563,20250723,1,Rate36,拍拍贷,fpd,,60,,fpd60,api,拍拍贷#fpd60#api
10000854,2563,20250723,0,Rate36,美团月付,dpd,12,30,12,mob12_dpd30,api,美团月付#mob12_dpd30#api
10000854,2563,20250723,0,Rate36,美团月付,dpd,12,30,12,mob12_dpd30,api,美团月付#mob12_dpd30#api
10000854,2564,20241203,0,Rate36,美团月付,dpd,9,60,9,mob9_dpd60,api,美团月付#mob9_dpd60#api
10000854,2564,20241203,0,Bank,微众银行,dpd,3,60,3,mob3_dpd60,api,微众银行#mob3_dpd60#api
10000855,2565,20250103,0,Rate36,拍拍贷,dpd,12,30,12,mob12_dpd30,h5,拍拍贷#mob12_dpd30#h5
10000855,2565,20250103,1,Rate36,拍拍贷,dpd,9,60,9,mob9_dpd60,h5,拍拍贷#mob9_dpd60#h5
10000855,2565,20250103,1,Rate36,拍拍贷,dpd,12,30,12,mob12_dpd30,api,拍拍贷#mob12_dpd30#api
10000855,2566,20250118,0,Rate24,分期乐,dpd,9,30,9,mob9_dpd30,小程序,分期乐#mob9_dpd30#小程序
10000855,2566,20250118,0,Bank,微众银行,dpd,3,60,3,mob3_dpd60,api,微众银行#mob3_dpd60#api
10000855,2567,20251007,0,Bank,百信银行,dpd,12,60,12,mob12_dpd60,京东白条,百信银行#mob12_dpd60#京东白条
10000855,2567,20251007,-2,Bank,微众银行,dpd,6,30,6,mob6_dpd30,京东白条,微众银行#mob6_dpd30#京东白条
10000856,2568,20250610,1,Rate36,美团月付,dpd,6,60,6,mob6_dpd60,api,美团月付#mob6_dpd60#api
10000856,2568,20250610,0,Rate24,零钱罐,dpd,3,60,3,mob3_dpd60,小程序,零钱罐#mob3_dpd60#小程序
10000856,2568,20250610,0,Rate36,拍拍贷,dpd,9,30,9,mob9_dpd30,api,拍拍贷#mob9_dpd30#api
10000856,2569,20241209,0,Rate36,拍拍贷,dpd,9,60,9,mob9_dpd60,h5,拍拍贷#mob9_dpd60#h5
10000856,2569,20241209,0,Bank,微众银行,dpd,9,60,9,mob9_dpd60,京东白条,微众银行#mob9_dpd60#京东白条
10000856,2569,20241209,0,Bank,微众银行,dpd,12,30,12,mob12_dpd30,京东白条,微众银行#mob12_dpd30#京东白条
10000856,2570,20260107,0,Bank,微众银行,dpd,6,60,6,mob6_dpd60,京东白条,微众银行#mob6_dpd60#京东白条
10000857,2571,20251022,0,Rate36,拍拍贷,dpd,9,30,9,mob9_dpd30,api,拍拍贷#mob9_dpd30#api
10000857,2571,20251022,1,Rate24,分期乐,dpd,12,30,12,mob12_dpd30,api,分期乐#mob12_dpd30#api
10000857,2571,20251022,0,Bank,百信银行,dpd,3,60,3,mob3_dpd60,api,百信银行#mob3_dpd60#api
10000857,2572,20260120,0,Bank,微众银行,fpd,,30,,fpd30,api,微众银行#fpd30#api
10000857,2573,20250807,0,Rate24,分期乐,dpd,12,60,12,mob12_dpd60,api,分期乐#mob12_dpd60#api
10000857,2573,20250807,0,Rate36,拍拍贷,dpd,3,30,3,mob3_dpd30,api,拍拍贷#mob3_dpd30#api
10000857,2573,20250807,0,Rate36,拍拍贷,fpd,,60,,fpd60,h5,拍拍贷#fpd60#h5
10000858,2574,20241220,0,Rate36,美团月付,dpd,9,60,9,mob9_dpd60,h5,美团月付#mob9_dpd60#h5
10000858,2574,20241220,0,Bank,百信银行,dpd,3,30,3,mob3_dpd30,京东白条,百信银行#mob3_dpd30#京东白条
10000858,2574,20241220,1,Rate24,分期乐,fpd,,60,,fpd60,api,分期乐#fpd60#api
10000858,2575,20250920,0,Rate36,美团月付,fpd,,30,,fpd30,api,美团月付#fpd30#api
10000858,2575,20250920,-2,Rate36,拍拍贷,dpd,9,30,9,mob9_dpd30,h5,拍拍贷#mob9_dpd30#h5
10000858,2575,20250920,0,Rate36,美团月付,dpd,6,30,6,mob6_dpd30,api,美团月付#mob6_dpd30#api
10000858,2576,20241016,0,Rate36,美团月付,dpd,9,60,9,mob9_dpd60,h5,美团月付#mob9_dpd60#h5
10000859,2577,20240917,0,Bank,微众银行,dpd,9,30,9,mob9_dpd30,api,微众银行#mob9_dpd30#api
10000859,2577,20240917,0,Rate24,分期乐,dpd,9,30,9,mob9_dpd30,api,分期乐#mob9_dpd30#api
10000859,2578,20250127,0,Bank,百信银行,dpd,12,30,12,mob12_dpd30,api,百信银行#mob12_dpd30#api
10000859,2579,20260213,1,Rate36,美团月付,dpd,6,30,6,mob6_dpd30,api,美团月付#mob6_dpd30#api
10000859,2579,20260213,0,Rate24,零钱罐,dpd,12,30,12,mob12_dpd30,api,零钱罐#mob12_dpd30#api
10000860,2580,20250411,0,Bank,百信银行,dpd,6,30,6,mob6_dpd30,api,百信银行#mob6_dpd30#api
10000860,2581,20241216,-2,Rate24,零钱罐,fpd,,30,,fpd30,小程序,零钱罐#fpd30#小程序
10000860,2582,20250224,0,Bank,百信银行,fpd,,60,,fpd60,api,百信银行#fpd60#api
10000860,2582,20250224,0,Rate36,美团月付,dpd,12,30,12,mob12_dpd30,h5,美团月付#mob12_dpd30#h5
10000861,2583,20240920,0,Bank,微众银行,dpd,12,60,12,mob12_dpd60,京东白条,微众银行#mob12_dpd60#京东白条
10000861,2584,20250603,1,Rate24,分期乐,dpd,12,30,12,mob12_dpd30,api,分期乐#mob12_dpd30#api
10000861,2585,20241113,0,Rate36,拍拍贷,dpd,9,30,9,mob9_dpd30,h5,拍拍贷#mob9_dpd30#h5
10000861,2585,20241113,0,Rate24,分期乐,dpd,9,30,9,mob9_dpd30,api,分期乐#mob9_dpd30#api
10000861,2585,20241113,0,Rate24,零钱罐,dpd,12,30,12,mob12_dpd30,api,零钱罐#mob12_dpd30#api
10000862,2586,20250421,1,Rate36,拍拍贷,dpd,12,60,12,mob12_dpd60,h5,拍拍贷#mob12_dpd60#h5
10000862,2586,20250421,-2,Bank,百信银行,dpd,3,60,3,mob3_dpd60,京东白条,百信银行#mob3_dpd60#京东白条
10000862,2586,20250421,0,Rate36,拍拍贷,dpd,12,60,12,mob12_dpd60,h5,拍拍贷#mob12_dpd60#h5
10000862,2587,20241107,0,Bank,微众银行,dpd,12,60,12,mob12_dpd60,京东白条,微众银行#mob12_dpd60#京东白条
10000862,2588,20241028,0,Rate24,分期乐,dpd,12,60,12,mob12_dpd60,api,分期乐#mob12_dpd60#api
10000863,2589,20260223,1,Rate24,分期乐,dpd,9,60,9,mob9_dpd60,api,分期乐#mob9_dpd60#api
10000863,2589,20260223,0,Bank,微众银行,dpd,6,60,6,mob6_dpd60,api,微众银行#mob6_dpd60#api
10000863,2590,20241124,0,Rate24,分期乐,fpd,,60,,fpd60,api,分期乐#fpd60#api
10000863,2590,20241124,0,Rate36,拍拍贷,fpd,,30,,fpd30,api,拍拍贷#fpd30#api
10000863,2590,20241124,0,Rate24,分期乐,dpd,6,60,6,mob6_dpd60,小程序,分期乐#mob6_dpd60#小程序
10000863,2591,20240403,0,Rate24,分期乐,dpd,6,60,6,mob6_dpd60,api,分期乐#mob6_dpd60#api
10000864,2592,20241217,1,Rate24,分期乐,fpd,,60,,fpd60,小程序,分期乐#fpd60#小程序
10000864,2593,20250315,0,Bank,百信银行,fpd,,30,,fpd30,api,百信银行#fpd30#api
10000864,2594,20240518,0,Rate24,分期乐,dpd,9,60,9,mob9_dpd60,api,分期乐#mob9_dpd60#api
10000864,2594,20240518,1,Rate36,美团月付,fpd,,30,,fpd30,api,美团月付#fpd30#api
10000864,2594,20240518,0,Rate36,拍拍贷,fpd,,60,,fpd60,h5,拍拍贷#fpd60#h5
10000865,2595,20241024,0,Rate24,零钱罐,dpd,6,60,6,mob6_dpd60,小程序,零钱罐#mob6_dpd60#小程序
10000865,2596,20240610,0,Bank,百信银行,dpd,3,60,3,mob3_dpd60,api,百信银行#mob3_dpd60#api
10000865,2597,20250315,0,Bank,百信银行,dpd,6,30,6,mob6_dpd30,api,百信银行#mob6_dpd30#api
10000865,2597,20250315,0,Bank,百信银行,dpd,3,30,3,mob3_dpd30,京东白条,百信银行#mob3_dpd30#京东白条
10000865,2597,20250315,1,Rate24,零钱罐,dpd,12,60,12,mob12_dpd60,小程序,零钱罐#mob12_dpd60#小程序
10000866,2598,20250820,0,Bank,微众银行,fpd,,30,,fpd30,京东白条,微众银行#fpd30#京东白条
10000866,2598,20250820,1,Rate24,分期乐,dpd,3,60,3,mob3_dpd60,api,分期乐#mob3_dpd60#api
10000866,2599,20260222,0,Bank,百信银行,dpd,3,60,3,mob3_dpd60,api,百信银行#mob3_dpd60#api
10000866,2599,20260222,0,Rate24,零钱罐,dpd,6,30,6,mob6_dpd30,小程序,零钱罐#mob6_dpd30#小程序
10000866,2599,20260222,1,Bank,微众银行,dpd,12,60,12,mob12_dpd60,京东白条,微众银行#mob12_dpd60#京东白条
10000866,2600,20241222,1,Rate36,拍拍贷,fpd,,60,,fpd60,h5,拍拍贷#fpd60#h5
10000866,2600,20241222,1,Rate36,拍拍贷,dpd,9,30,9,mob9_dpd30,api,拍拍贷#mob9_dpd30#api
10000866,2600,20241222,0,Rate24,零钱罐,dpd,12,30,12,mob12_dpd30,小程序,零钱罐#mob12_dpd30#小程序
10000867,2601,20251110,0,Bank,百信银行,dpd,6,60,6,mob6_dpd60,京东白条,百信银行#mob6_dpd60#京东白条
10000867,2601,20251110,-2,Rate24,分期乐,fpd,,60,,fpd60,小程序,分期乐#fpd60#小程序
10000867,2601,20251110,0,Rate36,美团月付,fpd,,30,,fpd30,h5,美团月付#fpd30#h5
10000867,2602,20240828,0,Rate36,美团月付,dpd,9,30,9,mob9_dpd30,api,美团月付#mob9_dpd30#api
10000867,2602,20240828,0,Rate24,分期乐,dpd,3,30,3,mob3_dpd30,api,分期乐#mob3_dpd30#api
10000867,2603,20250901,0,Rate24,分期乐,fpd,,30,,fpd30,小程序,分期乐#fpd30#小程序
10000867,2603,20250901,0,Rate24,分期乐,dpd,9,30,9,mob9_dpd30,小程序,分期乐#mob9_dpd30#小程序
10000867,2603,20250901,0,Bank,微众银行,fpd,,60,,fpd60,api,微众银行#fpd60#api
10000868,2604,20250414,0,Bank,百信银行,fpd,,60,,fpd60,api,百信银行#fpd60#api
10000868,2604,20250414,0,Rate24,分期乐,dpd,6,60,6,mob6_dpd60,api,分期乐#mob6_dpd60#api
10000868,2604,20250414,0,Bank,百信银行,dpd,6,60,6,mob6_dpd60,api,百信银行#mob6_dpd60#api
10000868,2605,20250918,0,Rate36,美团月付,fpd,,30,,fpd30,h5,美团月付#fpd30#h5
10000868,2606,20250902,-2,Rate24,零钱罐,dpd,6,60,6,mob6_dpd60,小程序,零钱罐#mob6_dpd60#小程序
10000868,2606,20250902,0,Bank,微众银行,dpd,9,30,9,mob9_dpd30,api,微众银行#mob9_dpd30#api
10000868,2606,20250902,0,Bank,微众银行,dpd,12,30,12,mob12_dpd30,京东白条,微众银行#mob12_dpd30#京东白条
10000869,2607,20250313,0,Rate24,零钱罐,dpd,3,30,3,mob3_dpd30,api,零钱罐#mob3_dpd30#api
10000869,2607,20250313,0,Rate36,美团月付,dpd,3,30,3,mob3_dpd30,h5,美团月付#mob3_dpd30#h5
10000869,2608,20240917,0,Rate36,拍拍贷,fpd,,60,,fpd60,api,拍拍贷#fpd60#api
10000869,2608,20240917,0,Bank,百信银行,fpd,,30,,fpd30,京东白条,百信银行#fpd30#京东白条
10000869,2608,20240917,0,Rate24,分期乐,fpd,,60,,fpd60,小程序,分期乐#fpd60#小程序
10000869,2609,20250318,0,Rate36,美团月付,dpd,6,30,6,mob6_dpd30,h5,美团月付#mob6_dpd30#h5
10000870,2610,20251004,1,Rate36,美团月付,fpd,,60,,fpd60,h5,美团月付#fpd60#h5
10000870,2611,20260208,-2,Bank,微众银行,dpd,6,30,6,mob6_dpd30,api,微众银行#mob6_dpd30#api
10000870,2612,20260107,0,Bank,微众银行,dpd,3,30,3,mob3_dpd30,京东白条,微众银行#mob3_dpd30#京东白条
10000871,2613,20240718,0,Bank,微众银行,fpd,,60,,fpd60,api,微众银行#fpd60#api
10000871,2614,20250510,1,Rate36,拍拍贷,dpd,9,60,9,mob9_dpd60,api,拍拍贷#mob9_dpd60#api
10000871,2614,20250510,0,Rate36,拍拍贷,dpd,6,30,6,mob6_dpd30,api,拍拍贷#mob6_dpd30#api
10000871,2614,20250510,0,Rate24,分期乐,dpd,6,30,6,mob6_dpd30,api,分期乐#mob6_dpd30#api
10000871,2615,20240517,0,Rate36,美团月付,dpd,3,30,3,mob3_dpd30,api,美团月付#mob3_dpd30#api
10000871,2615,20240517,0,Bank,微众银行,dpd,12,30,12,mob12_dpd30,京东白条,微众银行#mob12_dpd30#京东白条
10000871,2615,20240517,1,Rate36,美团月付,fpd,,30,,fpd30,api,美团月付#fpd30#api
10000872,2616,20250721,1,Rate36,拍拍贷,dpd,12,30,12,mob12_dpd30,api,拍拍贷#mob12_dpd30#api
10000872,2616,20250721,0,Rate24,零钱罐,dpd,12,60,12,mob12_dpd60,小程序,零钱罐#mob12_dpd60#小程序
10000872,2617,20260223,1,Rate36,美团月付,dpd,12,60,12,mob12_dpd60,api,美团月付#mob12_dpd60#api
10000872,2617,20260223,1,Rate36,美团月付,dpd,12,30,12,mob12_dpd30,api,美团月付#mob12_dpd30#api
10000872,2617,20260223,0,Bank,百信银行,dpd,6,60,6,mob6_dpd60,京东白条,百信银行#mob6_dpd60#京东白条
10000872,2618,20240406,0,Rate36,美团月付,dpd,9,30,9,mob9_dpd30,h5,美团月付#mob9_dpd30#h5
10000872,2618,20240406,0,Bank,百信银行,dpd,9,60,9,mob9_dpd60,京东白条,百信银行#mob9_dpd60#京东白条
10000872,2618,20240406,0,Rate24,分期乐,dpd,9,60,9,mob9_dpd60,api,分期乐#mob9_dpd60#api
10000873,2619,20250626,0,Rate24,零钱罐,dpd,12,60,12,mob12_dpd60,api,零钱罐#mob12_dpd60#api
10000873,2619,20250626,1,Bank,百信银行,dpd,12,60,12,mob12_dpd60,api,百信银行#mob12_dpd60#api
10000873,2620,20260105,0,Bank,百信银行,dpd,12,30,12,mob12_dpd30,京东白条,百信银行#mob12_dpd30#京东白条
10000873,2620,20260105,0,Rate36,美团月付,dpd,3,60,3,mob3_dpd60,h5,美团月付#mob3_dpd60#h5
10000873,2621,20251101,0,Bank,百信银行,dpd,6,60,6,mob6_dpd60,api,百信银行#mob6_dpd60#api
10000874,2622,20241202,0,Bank,微众银行,fpd,,30,,fpd30,京东白条,微众银行#fpd30#京东白条
10000874,2622,20241202,0,Rate36,拍拍贷,dpd,3,60,3,mob3_dpd60,api,拍拍贷#mob3_dpd60#api
10000874,2623,20240506,1,Rate36,拍拍贷,dpd,12,30,12,mob12_dpd30,h5,拍拍贷#mob12_dpd30#h5
10000874,2623,20240506,0,Rate36,美团月付,dpd,6,30,6,mob6_dpd30,api,美团月付#mob6_dpd30#api
10000874,2624,20260125,0,Rate36,美团月付,fpd,,60,,fpd60,api,美团月付#fpd60#api
10000874,2624,20260125,0,Bank,百信银行,fpd,,60,,fpd60,京东白条,百信银行#fpd60#京东白条
10000875,2625,20260106,0,Rate36,美团月付,dpd,6,60,6,mob6_dpd60,api,美团月付#mob6_dpd60#api
10000875,2626,20250420,0,Rate24,零钱罐,dpd,9,30,9,mob9_dpd30,小程序,零钱罐#mob9_dpd30#小程序
10000875,2627,20260212,-2,Bank,微众银行,dpd,3,60,3,mob3_dpd60,api,微众银行#mob3_dpd60#api
10000875,2627,20260212,1,Rate36,美团月付,fpd,,30,,fpd30,api,美团月付#fpd30#api
10000875,2627,20260212,1,Bank,微众银行,dpd,12,60,12,mob12_dpd60,京东白条,微众银行#mob12_dpd60#京东白条
10000876,2628,20240302,1,Rate36,拍拍贷,dpd,3,60,3,mob3_dpd60,h5,拍拍贷#mob3_dpd60#h5
10000876,2629,20250513,-2,Bank,微众银行,dpd,12,60,12,mob12_dpd60,api,微众银行#mob12_dpd60#api
10000876,2629,20250513,0,Rate24,零钱罐,dpd,9,30,9,mob9_dpd30,api,零钱罐#mob9_dpd30#api
10000876,2629,20250513,0,Rate36,美团月付,dpd,12,60,12,mob12_dpd60,api,美团月付#mob12_dpd60#api
10000876,2630,20240301,0,Rate24,零钱罐,dpd,6,60,6,mob6_dpd60,api,零钱罐#mob6_dpd60#api
10000876,2630,20240301,-2,Rate36,拍拍贷,dpd,6,30,6,mob6_dpd30,api,拍拍贷#mob6_dpd30#api
10000876,2630,20240301,1,Rate36,美团月付,dpd,3,60,3,mob3_dpd60,h5,美团月付#mob3_dpd60#h5
10000877,2631,20260114,-2,Rate24,零钱罐,dpd,6,30,6,mob6_dpd30,小程序,零钱罐#mob6_dpd30#小程序
10000877,2632,20250716,-2,Bank,微众银行,dpd,3,60,3,mob3_dpd60,京东白条,微众银行#mob3_dpd60#京东白条
10000877,2632,20250716,0,Rate24,分期乐,dpd,3,60,3,mob3_dpd60,小程序,分期乐#mob3_dpd60#小程序
10000877,2632,20250716,0,Bank,百信银行,dpd,6,30,6,mob6_dpd30,api,百信银行#mob6_dpd30#api
10000877,2633,20251215,0,Rate24,分期乐,fpd,,30,,fpd30,小程序,分期乐#fpd30#小程序
10000877,2633,20251215,0,Rate36,拍拍贷,dpd,3,60,3,mob3_dpd60,api,拍拍贷#mob3_dpd60#api
10000877,2633,20251215,0,Bank,微众银行,dpd,12,30,12,mob12_dpd30,api,微众银行#mob12_dpd30#api
10000878,2634,20250408,0,Rate36,拍拍贷,dpd,3,30,3,mob3_dpd30,h5,拍拍贷#mob3_dpd30#h5
10000878,2634,20250408,0,Rate24,分期乐,dpd,12,60,12,mob12_dpd60,api,分期乐#mob12_dpd60#api
10000878,2635,20240422,0,Rate24,零钱罐,fpd,,60,,fpd60,小程序,零钱罐#fpd60#小程序
10000878,2635,20240422,-2,Rate24,分期乐,dpd,9,30,9,mob9_dpd30,小程序,分期乐#mob9_dpd30#小程序
10000878,2636,20240317,0,Rate24,零钱罐,dpd,6,30,6,mob6_dpd30,api,零钱罐#mob6_dpd30#api
10000878,2636,20240317,-2,Rate36,拍拍贷,dpd,6,60,6,mob6_dpd60,h5,拍拍贷#mob6_dpd60#h5
10000879,2637,20241108,-2,Rate36,拍拍贷,dpd,6,30,6,mob6_dpd30,api,拍拍贷#mob6_dpd30#api
10000879,2637,20241108,0,Rate24,零钱罐,dpd,3,60,3,mob3_dpd60,小程序,零钱罐#mob3_dpd60#小程序
10000879,2638,20250813,0,Rate24,分期乐,dpd,12,60,12,mob12_dpd60,小程序,分期乐#mob12_dpd60#小程序
10000879,2638,20250813,1,Rate24,零钱罐,dpd,6,60,6,mob6_dpd60,api,零钱罐#mob6_dpd60#api
10000879,2639,20240604,0,Bank,微众银行,fpd,,60,,fpd60,api,微众银行#fpd60#api
10000879,2639,20240604,0,Rate24,分期乐,dpd,12,30,12,mob12_dpd30,api,分期乐#mob12_dpd30#api
10000879,2639,20240604,1,Rate36,美团月付,fpd,,60,,fpd60,api,美团月付#fpd60#api
10000880,2640,20251126,0,Rate24,分期乐,dpd,12,60,12,mob12_dpd60,api,分期乐#mob12_dpd60#api
10000880,2640,20251126,0,Rate24,零钱罐,fpd,,60,,fpd60,小程序,零钱罐#fpd60#小程序
10000880,2640,20251126,0,Bank,百信银行,dpd,6,30,6,mob6_dpd30,京东白条,百信银行#mob6_dpd30#京东白条
10000880,2641,20240822,0,Bank,微众银行,dpd,12,30,12,mob12_dpd30,京东白条,微众银行#mob12_dpd30#京东白条
10000880,2642,20250209,1,Rate24,零钱罐,fpd,,60,,fpd60,小程序,零钱罐#fpd60#小程序
10000881,2643,20240719,-2,Rate36,美团月付,dpd,6,30,6,mob6_dpd30,api,美团月付#mob6_dpd30#api
10000881,2644,20250220,0,Rate36,美团月付,dpd,3,30,3,mob3_dpd30,api,美团月付#mob3_dpd30#api
10000881,2644,20250220,0,Rate36,美团月付,dpd,9,30,9,mob9_dpd30,api,美团月付#mob9_dpd30#api
10000881,2645,20250118,0,Rate36,美团月付,dpd,12,30,12,mob12_dpd30,h5,美团月付#mob12_dpd30#h5
10000881,2645,20250118,0,Rate36,拍拍贷,dpd,9,60,9,mob9_dpd60,api,拍拍贷#mob9_dpd60#api
10000881,2645,20250118,0,Bank,微众银行,dpd,12,30,12,mob12_dpd30,京东白条,微众银行#mob12_dpd30#京东白条
10000882,2646,20240302,0,Bank,微众银行,dpd,12,60,12,mob12_dpd60,京东白条,微众银行#mob12_dpd60#京东白条
10000882,2646,20240302,0,Rate36,美团月付,fpd,,60,,fpd60,h5,美团月付#fpd60#h5
10000882,2646,20240302,0,Rate24,零钱罐,dpd,12,30,12,mob12_dpd30,小程序,零钱罐#mob12_dpd30#小程序
10000882,2647,20250425,0,Bank,百信银行,dpd,6,60,6,mob6_dpd60,京东白条,百信银行#mob6_dpd60#京东白条
10000882,2647,20250425,0,Bank,百信银行,dpd,12,30,12,mob12_dpd30,api,百信银行#mob12_dpd30#api
10000882,2647,20250425,0,Bank,微众银行,dpd,12,30,12,mob12_dpd30,api,微众银行#mob12_dpd30#api
10000882,2648,20250927,0,Rate36,美团月付,dpd,12,30,12,mob12_dpd30,h5,美团月付#mob12_dpd30#h5
10000883,2649,20260128,1,Bank,微众银行,dpd,12,60,12,mob12_dpd60,京东白条,微众银行#mob12_dpd60#京东白条
10000883,2649,20260128,0,Rate24,分期乐,dpd,9,30,9,mob9_dpd30,小程序,分期乐#mob9_dpd30#小程序
10000883,2649,20260128,1,Bank,百信银行,dpd,9,60,9,mob9_dpd60,京东白条,百信银行#mob9_dpd60#京东白条
10000883,2650,20241028,0,Rate36,拍拍贷,dpd,9,30,9,mob9_dpd30,h5,拍拍贷#mob9_dpd30#h5
10000883,2650,20241028,0,Rate24,零钱罐,fpd,,30,,fpd30,api,零钱罐#fpd30#api
10000883,2650,20241028,0,Bank,微众银行,dpd,12,60,12,mob12_dpd60,京东白条,微众银行#mob12_dpd60#京东白条
10000883,2651,20251227,0,Rate24,分期乐,dpd,9,30,9,mob9_dpd30,小程序,分期乐#mob9_dpd30#小程序
10000884,2652,20251221,0,Rate36,美团月付,dpd,6,60,6,mob6_dpd60,h5,美团月付#mob6_dpd60#h5
10000884,2652,20251221,0,Rate36,美团月付,dpd,6,30,6,mob6_dpd30,api,美团月付#mob6_dpd30#api
10000884,2652,20251221,0,Rate36,美团月付,dpd,6,60,6,mob6_dpd60,h5,美团月付#mob6_dpd60#h5
10000884,2653,20260202,0,Rate36,拍拍贷,fpd,,60,,fpd60,api,拍拍贷#fpd60#api
10000884,2653,20260202,1,Rate36,拍拍贷,fpd,,60,,fpd60,h5,拍拍贷#fpd60#h5
10000884,2653,20260202,0,Rate36,美团月付,dpd,3,30,3,mob3_dpd30,h5,美团月付#mob3_dpd30#h5
10000884,2654,20241114,0,Rate36,美团月付,dpd,9,60,9,mob9_dpd60,h5,美团月付#mob9_dpd60#h5
10000884,2654,20241114,0,Bank,微众银行,dpd,3,30,3,mob3_dpd30,京东白条,微众银行#mob3_dpd30#京东白条
10000885,2655,20251107,0,Rate24,零钱罐,dpd,9,30,9,mob9_dpd30,小程序,零钱罐#mob9_dpd30#小程序
10000885,2656,20250407,0,Rate36,拍拍贷,dpd,9,60,9,mob9_dpd60,api,拍拍贷#mob9_dpd60#api
10000885,2656,20250407,0,Rate24,分期乐,fpd,,30,,fpd30,小程序,分期乐#fpd30#小程序
10000885,2657,20240424,1,Bank,微众银行,dpd,12,30,12,mob12_dpd30,京东白条,微众银行#mob12_dpd30#京东白条
10000885,2657,20240424,0,Rate36,拍拍贷,dpd,9,30,9,mob9_dpd30,h5,拍拍贷#mob9_dpd30#h5
10000885,2657,20240424,0,Rate24,零钱罐,dpd,12,60,12,mob12_dpd60,api,零钱罐#mob12_dpd60#api
10000886,2658,20240923,0,Bank,微众银行,dpd,9,30,9,mob9_dpd30,api,微众银行#mob9_dpd30#api
10000886,2659,20250715,-2,Bank,百信银行,dpd,12,30,12,mob12_dpd30,api,百信银行#mob12_dpd30#api
10000886,2659,20250715,0,Rate24,零钱罐,fpd,,30,,fpd30,小程序,零钱罐#fpd30#小程序
10000886,2660,20240621,0,Rate24,零钱罐,dpd,12,30,12,mob12_dpd30,api,零钱罐#mob12_dpd30#api
10000886,2660,20240621,0,Rate24,分期乐,dpd,6,30,6,mob6_dpd30,小程序,分期乐#mob6_dpd30#小程序
10000887,2661,20250104,0,Bank,微众银行,dpd,12,30,12,mob12_dpd30,京东白条,微众银行#mob12_dpd30#京东白条
10000887,2661,20250104,0,Rate36,美团月付,dpd,9,30,9,mob9_dpd30,api,美团月付#mob9_dpd30#api
10000887,2661,20250104,0,Bank,微众银行,fpd,,60,,fpd60,京东白条,微众银行#fpd60#京东白条
10000887,2662,20250907,0,Rate24,零钱罐,dpd,6,60,6,mob6_dpd60,api,零钱罐#mob6_dpd60#api
10000887,2662,20250907,0,Bank,微众银行,dpd,6,60,6,mob6_dpd60,京东白条,微众银行#mob6_dpd60#京东白条
10000887,2663,20240625,0,Bank,微众银行,dpd,3,30,3,mob3_dpd30,api,微众银行#mob3_dpd30#api
10000887,2663,20240625,0,Bank,百信银行,dpd,6,30,6,mob6_dpd30,京东白条,百信银行#mob6_dpd30#京东白条
10000887,2663,20240625,0,Bank,百信银行,dpd,3,60,3,mob3_dpd60,api,百信银行#mob3_dpd60#api
10000888,2664,20250213,0,Bank,百信银行,dpd,12,60,12,mob12_dpd60,api,百信银行#mob12_dpd60#api
10000888,2664,20250213,0,Bank,百信银行,dpd,12,60,12,mob12_dpd60,京东白条,百信银行#mob12_dpd60#京东白条
10000888,2664,20250213,0,Bank,微众银行,dpd,3,60,3,mob3_dpd60,api,微众银行#mob3_dpd60#api
10000888,2665,20240816,0,Bank,微众银行,dpd,6,60,6,mob6_dpd60,api,微众银行#mob6_dpd60#api
10000888,2665,20240816,0,Rate36,拍拍贷,dpd,3,60,3,mob3_dpd60,h5,拍拍贷#mob3_dpd60#h5
10000888,2666,20250313,0,Rate36,美团月付,dpd,6,30,6,mob6_dpd30,h5,美团月付#mob6_dpd30#h5
10000889,2667,20240806,1,Rate36,拍拍贷,dpd,9,60,9,mob9_dpd60,api,拍拍贷#mob9_dpd60#api
10000889,2667,20240806,0,Rate36,美团月付,dpd,6,60,6,mob6_dpd60,api,美团月付#mob6_dpd60#api
10000889,2668,20260224,0,Rate36,美团月付,dpd,6,30,6,mob6_dpd30,api,美团月付#mob6_dpd30#api
10000889,2669,20240422,0,Rate24,分期乐,dpd,9,30,9,mob9_dpd30,小程序,分期乐#mob9_dpd30#小程序
10000889,2669,20240422,0,Bank,微众银行,dpd,6,30,6,mob6_dpd30,京东白条,微众银行#mob6_dpd30#京东白条
10000889,2669,20240422,0,Rate36,拍拍贷,dpd,9,60,9,mob9_dpd60,api,拍拍贷#mob9_dpd60#api
10000890,2670,20260220,0,Rate36,拍拍贷,dpd,3,30,3,mob3_dpd30,h5,拍拍贷#mob3_dpd30#h5
10000890,2671,20251010,0,Rate24,分期乐,fpd,,30,,fpd30,api,分期乐#fpd30#api
10000890,2671,20251010,0,Rate24,零钱罐,dpd,3,30,3,mob3_dpd30,小程序,零钱罐#mob3_dpd30#小程序
10000890,2671,20251010,0,Rate24,分期乐,dpd,3,60,3,mob3_dpd60,小程序,分期乐#mob3_dpd60#小程序
10000890,2672,20251119,1,Rate36,美团月付,dpd,3,30,3,mob3_dpd30,api,美团月付#mob3_dpd30#api
10000890,2672,20251119,0,Rate36,拍拍贷,dpd,6,30,6,mob6_dpd30,api,拍拍贷#mob6_dpd30#api
10000891,2673,20251127,0,Rate36,美团月付,dpd,9,60,9,mob9_dpd60,api,美团月付#mob9_dpd60#api
10000891,2673,20251127,1,Rate36,美团月付,dpd,12,60,12,mob12_dpd60,api,美团月付#mob12_dpd60#api
10000891,2673,20251127,0,Rate36,拍拍贷,dpd,12,30,12,mob12_dpd30,api,拍拍贷#mob12_dpd30#api
10000891,2674,20240719,0,Rate24,零钱罐,dpd,3,30,3,mob3_dpd30,api,零钱罐#mob3_dpd30#api
10000891,2674,20240719,0,Bank,百信银行,fpd,,30,,fpd30,京东白条,百信银行#fpd30#京东白条
10000891,2674,20240719,0,Bank,微众银行,dpd,3,60,3,mob3_dpd60,api,微众银行#mob3_dpd60#api
10000891,2675,20260114,1,Rate24,零钱罐,fpd,,60,,fpd60,小程序,零钱罐#fpd60#小程序
10000891,2675,20260114,0,Rate36,美团月付,dpd,6,30,6,mob6_dpd30,h5,美团月付#mob6_dpd30#h5
10000891,2675,20260114,0,Rate24,分期乐,fpd,,60,,fpd60,api,分期乐#fpd60#api
10000892,2676,20250508,0,Bank,百信银行,fpd,,30,,fpd30,api,百信银行#fpd30#api
10000892,2677,20260215,0,Rate36,拍拍贷,dpd,9,30,9,mob9_dpd30,h5,拍拍贷#mob9_dpd30#h5
10000892,2677,20260215,0,Bank,百信银行,dpd,3,30,3,mob3_dpd30,京东白条,百信银行#mob3_dpd30#京东白条
10000892,2678,20251211,0,Rate24,零钱罐,dpd,9,60,9,mob9_dpd60,小程序,零钱罐#mob9_dpd60#小程序
10000892,2678,20251211,-2,Bank,百信银行,dpd,12,30,12,mob12_dpd30,api,百信银行#mob12_dpd30#api
10000892,2678,20251211,0,Rate24,分期乐,dpd,6,60,6,mob6_dpd60,小程序,分期乐#mob6_dpd60#小程序
10000893,2679,20250418,0,Rate36,美团月付,dpd,6,30,6,mob6_dpd30,h5,美团月付#mob6_dpd30#h5
10000893,2680,20241102,0,Rate36,拍拍贷,dpd,6,30,6,mob6_dpd30,h5,拍拍贷#mob6_dpd30#h5
10000893,2680,20241102,0,Bank,微众银行,dpd,6,30,6,mob6_dpd30,api,微众银行#mob6_dpd30#api
10000893,2680,20241102,0,Rate36,拍拍贷,dpd,6,30,6,mob6_dpd30,h5,拍拍贷#mob6_dpd30#h5
10000893,2681,20240506,0,Bank,微众银行,dpd,12,60,12,mob12_dpd60,京东白条,微众银行#mob12_dpd60#京东白条
10000894,2682,20240523,0,Rate24,分期乐,dpd,12,30,12,mob12_dpd30,小程序,分期乐#mob12_dpd30#小程序
10000894,2682,20240523,0,Rate36,美团月付,dpd,3,60,3,mob3_dpd60,api,美团月付#mob3_dpd60#api
10000894,2682,20240523,0,Bank,微众银行,dpd,9,30,9,mob9_dpd30,api,微众银行#mob9_dpd30#api
10000894,2683,20241211,0,Rate24,零钱罐,dpd,3,30,3,mob3_dpd30,api,零钱罐#mob3_dpd30#api
10000894,2684,20251013,0,Rate36,拍拍贷,dpd,6,30,6,mob6_dpd30,h5,拍拍贷#mob6_dpd30#h5
10000895,2685,20250316,0,Bank,百信银行,dpd,3,60,3,mob3_dpd60,京东白条,百信银行#mob3_dpd60#京东白条
10000895,2685,20250316,0,Rate36,美团月付,fpd,,30,,fpd30,h5,美团月付#fpd30#h5
10000895,2686,20250213,0,Rate24,零钱罐,dpd,6,60,6,mob6_dpd60,小程序,零钱罐#mob6_dpd60#小程序
10000895,2686,20250213,0,Bank,百信银行,dpd,9,60,9,mob9_dpd60,京东白条,百信银行#mob9_dpd60#京东白条
10000895,2686,20250213,1,Bank,微众银行,dpd,9,60,9,mob9_dpd60,京东白条,微众银行#mob9_dpd60#京东白条
10000895,2687,20240822,0,Rate36,拍拍贷,dpd,6,30,6,mob6_dpd30,h5,拍拍贷#mob6_dpd30#h5
10000895,2687,20240822,0,Rate24,零钱罐,fpd,,60,,fpd60,小程序,零钱罐#fpd60#小程序
10000896,2688,20250407,0,Rate24,分期乐,dpd,6,30,6,mob6_dpd30,小程序,分期乐#mob6_dpd30#小程序
10000896,2688,20250407,0,Rate36,美团月付,dpd,9,60,9,mob9_dpd60,h5,美团月付#mob9_dpd60#h5
10000896,2689,20250622,0,Bank,百信银行,dpd,3,30,3,mob3_dpd30,api,百信银行#mob3_dpd30#api
10000896,2689,20250622,1,Rate36,拍拍贷,fpd,,60,,fpd60,h5,拍拍贷#fpd60#h5
10000896,2690,20260206,0,Bank,百信银行,dpd,9,30,9,mob9_dpd30,京东白条,百信银行#mob9_dpd30#京东白条
10000896,2690,20260206,0,Rate24,零钱罐,fpd,,60,,fpd60,小程序,零钱罐#fpd60#小程序
10000897,2691,20250811,0,Bank,微众银行,dpd,9,30,9,mob9_dpd30,京东白条,微众银行#mob9_dpd30#京东白条
10000897,2691,20250811,0,Rate24,零钱罐,dpd,9,30,9,mob9_dpd30,api,零钱罐#mob9_dpd30#api
10000897,2691,20250811,0,Bank,百信银行,dpd,3,60,3,mob3_dpd60,京东白条,百信银行#mob3_dpd60#京东白条
10000897,2692,20250517,0,Rate24,零钱罐,dpd,3,30,3,mob3_dpd30,小程序,零钱罐#mob3_dpd30#小程序
10000897,2692,20250517,0,Rate24,分期乐,dpd,6,30,6,mob6_dpd30,小程序,分期乐#mob6_dpd30#小程序
10000897,2693,20251225,0,Rate24,分期乐,dpd,12,30,12,mob12_dpd30,api,分期乐#mob12_dpd30#api
10000897,2693,20251225,1,Bank,微众银行,dpd,12,60,12,mob12_dpd60,京东白条,微众银行#mob12_dpd60#京东白条
10000898,2694,20250107,0,Bank,百信银行,dpd,9,30,9,mob9_dpd30,京东白条,百信银行#mob9_dpd30#京东白条
10000898,2694,20250107,0,Rate24,分期乐,dpd,12,30,12,mob12_dpd30,api,分期乐#mob12_dpd30#api
10000898,2694,20250107,1,Bank,百信银行,dpd,9,30,9,mob9_dpd30,api,百信银行#mob9_dpd30#api
10000898,2695,20260117,0,Rate36,美团月付,fpd,,60,,fpd60,api,美团月付#fpd60#api
10000898,2695,20260117,0,Rate24,分期乐,dpd,12,30,12,mob12_dpd30,api,分期乐#mob12_dpd30#api
10000898,2696,20241102,0,Rate24,分期乐,dpd,9,30,9,mob9_dpd30,小程序,分期乐#mob9_dpd30#小程序
10000898,2696,20241102,0,Bank,百信银行,dpd,9,60,9,mob9_dpd60,api,百信银行#mob9_dpd60#api
10000898,2696,20241102,0,Bank,微众银行,dpd,3,60,3,mob3_dpd60,api,微众银行#mob3_dpd60#api
10000899,2697,20240603,-2,Bank,微众银行,fpd,,30,,fpd30,api,微众银行#fpd30#api
10000899,2698,20250122,0,Rate36,拍拍贷,dpd,3,60,3,mob3_dpd60,api,拍拍贷#mob3_dpd60#api
10000899,2699,20240621,0,Rate36,美团月付,fpd,,30,,fpd30,h5,美团月付#fpd30#h5
10000899,2699,20240621,-2,Bank,微众银行,fpd,,60,,fpd60,api,微众银行#fpd60#api
10000899,2699,20240621,0,Bank,百信银行,dpd,3,30,3,mob3_dpd30,京东白条,百信银行#mob3_dpd30#京东白条
10000900,2700,20240511,0,Bank,百信银行,dpd,3,60,3,mob3_dpd60,api,百信银行#mob3_dpd60#api
10000900,2700,20240511,1,Bank,微众银行,dpd,12,30,12,mob12_dpd30,api,微众银行#mob12_dpd30#api
10000900,2700,20240511,-2,Bank,百信银行,dpd,9,30,9,mob9_dpd30,京东白条,百信银行#mob9_dpd30#京东白条
10000900,2701,20251218,0,Bank,微众银行,dpd,12,60,12,mob12_dpd60,京东白条,微众银行#mob12_dpd60#京东白条
10000900,2701,20251218,0,Rate36,美团月付,fpd,,60,,fpd60,api,美团月付#fpd60#api
10000900,2702,20251011,1,Rate24,零钱罐,dpd,3,60,3,mob3_dpd60,小程序,零钱罐#mob3_dpd60#小程序
10000900,2702,20251011,-2,Bank,微众银行,fpd,,30,,fpd30,api,微众银行#fpd30#api
10000901,2703,20240808,0,Rate36,拍拍贷,dpd,9,30,9,mob9_dpd30,api,拍拍贷#mob9_dpd30#api
10000901,2704,20251113,-2,Bank,微众银行,dpd,3,30,3,mob3_dpd30,京东白条,微众银行#mob3_dpd30#京东白条
10000901,2705,20240409,0,Bank,微众银行,fpd,,30,,fpd30,京东白条,微众银行#fpd30#京东白条
10000901,2705,20240409,1,Bank,百信银行,dpd,9,30,9,mob9_dpd30,api,百信银行#mob9_dpd30#api
10000902,2706,20240923,0,Rate36,美团月付,dpd,3,30,3,mob3_dpd30,api,美团月付#mob3_dpd30#api
10000902,2706,20240923,0,Bank,百信银行,dpd,6,30,6,mob6_dpd30,api,百信银行#mob6_dpd30#api
10000902,2706,20240923,1,Rate36,美团月付,dpd,12,30,12,mob12_dpd30,api,美团月付#mob12_dpd30#api
10000902,2707,20250712,0,Bank,百信银行,dpd,3,30,3,mob3_dpd30,api,百信银行#mob3_dpd30#api
10000902,2708,20241009,0,Rate24,零钱罐,dpd,9,30,9,mob9_dpd30,api,零钱罐#mob9_dpd30#api
10000903,2709,20250816,0,Bank,百信银行,dpd,12,30,12,mob12_dpd30,京东白条,百信银行#mob12_dpd30#京东白条
10000903,2710,20251122,0,Rate36,美团月付,fpd,,30,,fpd30,api,美团月付#fpd30#api
10000903,2711,20240408,0,Rate24,零钱罐,fpd,,30,,fpd30,api,零钱罐#fpd30#api
10000903,2711,20240408,0,Rate24,分期乐,dpd,12,30,12,mob12_dpd30,小程序,分期乐#mob12_dpd30#小程序
10000903,2711,20240408,0,Bank,微众银行,fpd,,60,,fpd60,api,微众银行#fpd60#api
10000904,2712,20240327,0,Rate36,拍拍贷,dpd,6,30,6,mob6_dpd30,h5,拍拍贷#mob6_dpd30#h5
10000904,2713,20260113,0,Rate36,美团月付,dpd,12,60,12,mob12_dpd60,h5,美团月付#mob12_dpd60#h5
10000904,2714,20250319,0,Bank,微众银行,dpd,12,30,12,mob12_dpd30,京东白条,微众银行#mob12_dpd30#京东白条
10000905,2715,20250327,0,Rate24,分期乐,dpd,6,30,6,mob6_dpd30,小程序,分期乐#mob6_dpd30#小程序
10000905,2716,20250213,0,Bank,百信银行,dpd,9,30,9,mob9_dpd30,京东白条,百信银行#mob9_dpd30#京东白条
10000905,2717,20250106,0,Bank,微众银行,dpd,9,30,9,mob9_dpd30,京东白条,微众银行#mob9_dpd30#京东白条
10000905,2717,20250106,0,Rate36,拍拍贷,dpd,3,30,3,mob3_dpd30,h5,拍拍贷#mob3_dpd30#h5
10000905,2717,20250106,0,Rate24,分期乐,dpd,6,30,6,mob6_dpd30,小程序,分期乐#mob6_dpd30#小程序
10000906,2718,20250721,0,Rate24,分期乐,dpd,3,60,3,mob3_dpd60,小程序,分期乐#mob3_dpd60#小程序
10000906,2719,20250401,-2,Rate36,拍拍贷,fpd,,30,,fpd30,h5,拍拍贷#fpd30#h5
10000906,2719,20250401,0,Rate24,零钱罐,dpd,12,30,12,mob12_dpd30,api,零钱罐#mob12_dpd30#api
10000906,2720,20240613,-2,Bank,百信银行,dpd,6,60,6,mob6_dpd60,京东白条,百信银行#mob6_dpd60#京东白条
10000907,2721,20250628,0,Rate36,美团月付,dpd,3,60,3,mob3_dpd60,h5,美团月付#mob3_dpd60#h5
10000907,2721,20250628,0,Bank,百信银行,dpd,9,60,9,mob9_dpd60,京东白条,百信银行#mob9_dpd60#京东白条
10000907,2721,20250628,0,Rate36,拍拍贷,dpd,9,60,9,mob9_dpd60,api,拍拍贷#mob9_dpd60#api
10000907,2722,20250712,0,Rate24,分期乐,dpd,9,60,9,mob9_dpd60,小程序,分期乐#mob9_dpd60#小程序
10000907,2722,20250712,0,Rate36,美团月付,fpd,,60,,fpd60,api,美团月付#fpd60#api
10000907,2722,20250712,0,Rate36,拍拍贷,dpd,6,30,6,mob6_dpd30,h5,拍拍贷#mob6_dpd30#h5
10000907,2723,20240520,0,Bank,微众银行,dpd,3,30,3,mob3_dpd30,api,微众银行#mob3_dpd30#api
10000907,2723,20240520,0,Bank,微众银行,dpd,9,60,9,mob9_dpd60,京东白条,微众银行#mob9_dpd60#京东白条
10000908,2724,20241215,0,Rate24,分期乐,dpd,9,30,9,mob9_dpd30,小程序,分期乐#mob9_dpd30#小程序
10000908,2724,20241215,0,Rate24,分期乐,dpd,12,60,12,mob12_dpd60,小程序,分期乐#mob12_dpd60#小程序
10000908,2724,20241215,0,Bank,百信银行,dpd,9,30,9,mob9_dpd30,api,百信银行#mob9_dpd30#api
10000908,2725,20250907,-2,Rate24,零钱罐,dpd,3,60,3,mob3_dpd60,小程序,零钱罐#mob3_dpd60#小程序
10000908,2725,20250907,0,Rate36,美团月付,dpd,3,30,3,mob3_dpd30,api,美团月付#mob3_dpd30#api
10000908,2725,20250907,0,Rate24,零钱罐,fpd,,30,,fpd30,api,零钱罐#fpd30#api
10000908,2726,20250509,0,Rate24,零钱罐,fpd,,60,,fpd60,小程序,零钱罐#fpd60#小程序
10000908,2726,20250509,0,Rate36,拍拍贷,dpd,3,30,3,mob3_dpd30,h5,拍拍贷#mob3_dpd30#h5
10000908,2726,20250509,0,Rate24,分期乐,fpd,,60,,fpd60,小程序,分期乐#fpd60#小程序
10000909,2727,20240615,0,Rate24,分期乐,dpd,12,60,12,mob12_dpd60,小程序,分期乐#mob12_dpd60#小程序
10000909,2727,20240615,0,Bank,微众银行,dpd,12,60,12,mob12_dpd60,api,微众银行#mob12_dpd60#api
10000909,2727,20240615,0,Rate24,分期乐,dpd,12,60,12,mob12_dpd60,小程序,分期乐#mob12_dpd60#小程序
10000909,2728,20240303,0,Rate24,零钱罐,dpd,9,30,9,mob9_dpd30,小程序,零钱罐#mob9_dpd30#小程序
10000909,2728,20240303,0,Rate36,拍拍贷,fpd,,30,,fpd30,api,拍拍贷#fpd30#api
10000909,2728,20240303,0,Rate24,分期乐,dpd,6,30,6,mob6_dpd30,api,分期乐#mob6_dpd30#api
10000909,2729,20250412,1,Rate36,美团月付,dpd,9,60,9,mob9_dpd60,h5,美团月付#mob9_dpd60#h5
10000909,2729,20250412,0,Rate24,分期乐,dpd,9,60,9,mob9_dpd60,api,分期乐#mob9_dpd60#api
10000909,2729,20250412,1,Rate36,拍拍贷,dpd,9,30,9,mob9_dpd30,h5,拍拍贷#mob9_dpd30#h5
10000910,2730,20250212,1,Bank,微众银行,dpd,12,30,12,mob12_dpd30,京东白条,微众银行#mob12_dpd30#京东白条
10000910,2731,20260224,0,Rate24,零钱罐,fpd,,30,,fpd30,api,零钱罐#fpd30#api
10000910,2731,20260224,0,Bank,百信银行,dpd,9,60,9,mob9_dpd60,api,百信银行#mob9_dpd60#api
10000910,2732,20250304,0,Rate36,拍拍贷,fpd,,30,,fpd30,h5,拍拍贷#fpd30#h5
10000911,2733,20260124,-2,Rate36,美团月付,dpd,3,60,3,mob3_dpd60,h5,美团月付#mob3_dpd60#h5
10000911,2733,20260124,0,Rate36,拍拍贷,dpd,3,30,3,mob3_dpd30,h5,拍拍贷#mob3_dpd30#h5
10000911,2734,20240812,1,Bank,百信银行,dpd,12,60,12,mob12_dpd60,京东白条,百信银行#mob12_dpd60#京东白条
10000911,2734,20240812,0,Bank,百信银行,dpd,3,60,3,mob3_dpd60,京东白条,百信银行#mob3_dpd60#京东白条
10000911,2734,20240812,0,Bank,微众银行,fpd,,60,,fpd60,api,微众银行#fpd60#api
10000911,2735,20250119,0,Bank,百信银行,dpd,9,30,9,mob9_dpd30,京东白条,百信银行#mob9_dpd30#京东白条
10000912,2736,20240616,0,Rate36,美团月付,dpd,6,30,6,mob6_dpd30,h5,美团月付#mob6_dpd30#h5
10000912,2737,20250409,1,Rate24,分期乐,dpd,9,30,9,mob9_dpd30,小程序,分期乐#mob9_dpd30#小程序
10000912,2737,20250409,0,Rate24,分期乐,dpd,9,60,9,mob9_dpd60,小程序,分期乐#mob9_dpd60#小程序
10000912,2737,20250409,0,Rate24,零钱罐,dpd,3,30,3,mob3_dpd30,小程序,零钱罐#mob3_dpd30#小程序
10000912,2738,20240727,0,Rate24,分期乐,fpd,,60,,fpd60,api,分期乐#fpd60#api
10000912,2738,20240727,0,Rate24,分期乐,dpd,6,30,6,mob6_dpd30,小程序,分期乐#mob6_dpd30#小程序
10000912,2738,20240727,0,Rate24,零钱罐,dpd,6,30,6,mob6_dpd30,小程序,零钱罐#mob6_dpd30#小程序
10000913,2739,20250207,-2,Bank,微众银行,dpd,3,60,3,mob3_dpd60,京东白条,微众银行#mob3_dpd60#京东白条
10000913,2740,20241102,0,Rate24,分期乐,dpd,3,30,3,mob3_dpd30,api,分期乐#mob3_dpd30#api
10000913,2740,20241102,1,Rate36,拍拍贷,dpd,6,60,6,mob6_dpd60,h5,拍拍贷#mob6_dpd60#h5
10000913,2740,20241102,1,Rate24,零钱罐,dpd,12,60,12,mob12_dpd60,小程序,零钱罐#mob12_dpd60#小程序
10000913,2741,20240722,0,Bank,微众银行,dpd,9,60,9,mob9_dpd60,京东白条,微众银行#mob9_dpd60#京东白条
10000914,2742,20240518,0,Bank,微众银行,dpd,9,60,9,mob9_dpd60,京东白条,微众银行#mob9_dpd60#京东白条
10000914,2742,20240518,0,Rate36,拍拍贷,dpd,3,60,3,mob3_dpd60,api,拍拍贷#mob3_dpd60#api
10000914,2742,20240518,0,Rate24,零钱罐,dpd,3,60,3,mob3_dpd60,api,零钱罐#mob3_dpd60#api
10000914,2743,20250325,0,Rate36,美团月付,dpd,12,60,12,mob12_dpd60,api,美团月付#mob12_dpd60#api
10000914,2743,20250325,0,Rate36,拍拍贷,dpd,9,60,9,mob9_dpd60,h5,拍拍贷#mob9_dpd60#h5
10000914,2744,20260113,0,Bank,百信银行,dpd,9,60,9,mob9_dpd60,京东白条,百信银行#mob9_dpd60#京东白条
10000914,2744,20260113,0,Bank,微众银行,fpd,,60,,fpd60,api,微众银行#fpd60#api
10000914,2744,20260113,0,Rate24,零钱罐,dpd,3,30,3,mob3_dpd30,小程序,零钱罐#mob3_dpd30#小程序
10000915,2745,20240701,0,Bank,微众银行,dpd,6,30,6,mob6_dpd30,api,微众银行#mob6_dpd30#api
10000915,2745,20240701,0,Rate24,零钱罐,dpd,12,30,12,mob12_dpd30,小程序,零钱罐#mob12_dpd30#小程序
10000915,2746,20241201,0,Bank,百信银行,dpd,12,60,12,mob12_dpd60,京东白条,百信银行#mob12_dpd60#京东白条
10000915,2746,20241201,1,Bank,百信银行,dpd,6,30,6,mob6_dpd30,api,百信银行#mob6_dpd30#api
10000915,2746,20241201,0,Rate24,零钱罐,dpd,9,60,9,mob9_dpd60,api,零钱罐#mob9_dpd60#api
10000915,2747,20240813,0,Rate24,分期乐,dpd,9,30,9,mob9_dpd30,小程序,分期乐#mob9_dpd30#小程序
10000915,2747,20240813,0,Rate24,分期乐,dpd,12,30,12,mob12_dpd30,api,分期乐#mob12_dpd30#api
10000915,2747,20240813,0,Rate36,美团月付,fpd,,30,,fpd30,h5,美团月付#fpd30#h5
10000916,2748,20251007,-2,Rate24,零钱罐,dpd,12,60,12,mob12_dpd60,小程序,零钱罐#mob12_dpd60#小程序
10000916,2748,20251007,1,Rate24,零钱罐,dpd,12,60,12,mob12_dpd60,api,零钱罐#mob12_dpd60#api
10000916,2748,20251007,1,Bank,微众银行,dpd,6,30,6,mob6_dpd30,api,微众银行#mob6_dpd30#api
10000916,2749,20241226,0,Bank,百信银行,dpd,6,60,6,mob6_dpd60,京东白条,百信银行#mob6_dpd60#京东白条
10000916,2749,20241226,0,Rate24,分期乐,dpd,3,30,3,mob3_dpd30,小程序,分期乐#mob3_dpd30#小程序
10000916,2749,20241226,1,Rate36,美团月付,dpd,3,60,3,mob3_dpd60,api,美团月付#mob3_dpd60#api
10000916,2750,20260204,1,Rate36,美团月付,dpd,9,60,9,mob9_dpd60,api,美团月付#mob9_dpd60#api
10000916,2750,20260204,1,Rate24,零钱罐,dpd,3,60,3,mob3_dpd60,小程序,零钱罐#mob3_dpd60#小程序
10000916,2750,20260204,1,Rate24,零钱罐,dpd,12,30,12,mob12_dpd30,api,零钱罐#mob12_dpd30#api
10000917,2751,20240825,0,Rate36,美团月付,dpd,12,30,12,mob12_dpd30,api,美团月付#mob12_dpd30#api
10000917,2752,20240407,0,Rate24,零钱罐,fpd,,30,,fpd30,api,零钱罐#fpd30#api
10000917,2753,20250404,-2,Bank,百信银行,dpd,9,30,9,mob9_dpd30,api,百信银行#mob9_dpd30#api
10000917,2753,20250404,0,Bank,百信银行,dpd,9,30,9,mob9_dpd30,京东白条,百信银行#mob9_dpd30#京东白条
10000917,2753,20250404,0,Rate36,美团月付,fpd,,60,,fpd60,api,美团月付#fpd60#api
10000918,2754,20250608,0,Rate24,零钱罐,dpd,6,30,6,mob6_dpd30,api,零钱罐#mob6_dpd30#api
10000918,2754,20250608,1,Rate24,分期乐,fpd,,30,,fpd30,小程序,分期乐#fpd30#小程序
10000918,2754,20250608,0,Rate36,美团月付,dpd,6,30,6,mob6_dpd30,h5,美团月付#mob6_dpd30#h5
10000918,2755,20260205,1,Rate24,分期乐,dpd,12,30,12,mob12_dpd30,api,分期乐#mob12_dpd30#api
10000918,2755,20260205,1,Rate36,拍拍贷,dpd,3,30,3,mob3_dpd30,h5,拍拍贷#mob3_dpd30#h5
10000918,2756,20251112,0,Bank,微众银行,dpd,12,60,12,mob12_dpd60,京东白条,微众银行#mob12_dpd60#京东白条
10000919,2757,20251210,1,Rate36,美团月付,dpd,12,30,12,mob12_dpd30,api,美团月付#mob12_dpd30#api
10000919,2758,20250615,0,Rate24,分期乐,dpd,3,60,3,mob3_dpd60,小程序,分期乐#mob3_dpd60#小程序
10000919,2758,20250615,0,Bank,百信银行,dpd,6,60,6,mob6_dpd60,api,百信银行#mob6_dpd60#api
10000919,2759,20241116,0,Rate24,零钱罐,fpd,,30,,fpd30,小程序,零钱罐#fpd30#小程序
10000919,2759,20241116,0,Bank,百信银行,dpd,6,60,6,mob6_dpd60,api,百信银行#mob6_dpd60#api
10000920,2760,20250101,0,Rate36,拍拍贷,dpd,6,30,6,mob6_dpd30,h5,拍拍贷#mob6_dpd30#h5
10000920,2760,20250101,-2,Rate24,分期乐,dpd,9,30,9,mob9_dpd30,api,分期乐#mob9_dpd30#api
10000920,2761,20240604,0,Rate36,拍拍贷,dpd,9,30,9,mob9_dpd30,api,拍拍贷#mob9_dpd30#api
10000920,2761,20240604,1,Rate36,拍拍贷,dpd,12,30,12,mob12_dpd30,api,拍拍贷#mob12_dpd30#api
10000920,2762,20250105,0,Rate36,拍拍贷,fpd,,30,,fpd30,api,拍拍贷#fpd30#api
10000920,2762,20250105,1,Rate36,美团月付,dpd,12,30,12,mob12_dpd30,api,美团月付#mob12_dpd30#api
10000920,2762,20250105,-2,Rate24,零钱罐,dpd,12,60,12,mob12_dpd60,小程序,零钱罐#mob12_dpd60#小程序
10000921,2763,20241106,0,Bank,百信银行,fpd,,60,,fpd60,京东白条,百信银行#fpd60#京东白条
10000921,2763,20241106,0,Rate24,零钱罐,dpd,3,30,3,mob3_dpd30,小程序,零钱罐#mob3_dpd30#小程序
10000921,2763,20241106,0,Rate24,零钱罐,dpd,9,30,9,mob9_dpd30,api,零钱罐#mob9_dpd30#api
10000921,2764,20240303,1,Rate24,分期乐,dpd,12,30,12,mob12_dpd30,小程序,分期乐#mob12_dpd30#小程序
10000921,2765,20240709,0,Rate24,分期乐,dpd,6,30,6,mob6_dpd30,小程序,分期乐#mob6_dpd30#小程序
10000921,2765,20240709,-2,Rate36,美团月付,fpd,,60,,fpd60,h5,美团月付#fpd60#h5
10000921,2765,20240709,0,Bank,微众银行,dpd,6,30,6,mob6_dpd30,api,微众银行#mob6_dpd30#api
10000922,2766,20250316,0,Rate24,分期乐,dpd,12,30,12,mob12_dpd30,小程序,分期乐#mob12_dpd30#小程序
10000922,2766,20250316,1,Rate36,拍拍贷,dpd,12,60,12,mob12_dpd60,api,拍拍贷#mob12_dpd60#api
10000922,2767,20241109,-2,Bank,微众银行,dpd,6,30,6,mob6_dpd30,api,微众银行#mob6_dpd30#api
10000922,2767,20241109,0,Bank,百信银行,dpd,3,30,3,mob3_dpd30,api,百信银行#mob3_dpd30#api
10000922,2767,20241109,0,Bank,微众银行,dpd,9,30,9,mob9_dpd30,api,微众银行#mob9_dpd30#api
10000922,2768,20260210,0,Rate36,美团月付,dpd,9,30,9,mob9_dpd30,api,美团月付#mob9_dpd30#api
10000922,2768,20260210,1,Rate36,美团月付,fpd,,30,,fpd30,api,美团月付#fpd30#api
10000922,2768,20260210,0,Bank,微众银行,dpd,6,30,6,mob6_dpd30,京东白条,微众银行#mob6_dpd30#京东白条
10000923,2769,20250214,0,Rate36,美团月付,dpd,3,60,3,mob3_dpd60,h5,美团月付#mob3_dpd60#h5
10000923,2769,20250214,0,Bank,微众银行,dpd,9,30,9,mob9_dpd30,api,微众银行#mob9_dpd30#api
10000923,2770,20260216,1,Rate24,零钱罐,dpd,12,60,12,mob12_dpd60,小程序,零钱罐#mob12_dpd60#小程序
10000923,2771,20250610,0,Rate36,美团月付,dpd,12,30,12,mob12_dpd30,api,美团月付#mob12_dpd30#api
10000923,2771,20250610,1,Rate36,美团月付,fpd,,30,,fpd30,h5,美团月付#fpd30#h5
10000924,2772,20240307,0,Rate24,分期乐,dpd,9,30,9,mob9_dpd30,api,分期乐#mob9_dpd30#api
10000924,2773,20240712,0,Rate36,拍拍贷,fpd,,30,,fpd30,api,拍拍贷#fpd30#api
10000924,2773,20240712,0,Bank,微众银行,fpd,,30,,fpd30,api,微众银行#fpd30#api
10000924,2773,20240712,0,Bank,微众银行,dpd,6,30,6,mob6_dpd30,api,微众银行#mob6_dpd30#api
10000924,2774,20250701,0,Rate36,美团月付,dpd,12,30,12,mob12_dpd30,api,美团月付#mob12_dpd30#api
10000925,2775,20250414,0,Rate24,分期乐,dpd,6,30,6,mob6_dpd30,小程序,分期乐#mob6_dpd30#小程序
10000925,2775,20250414,0,Rate24,零钱罐,dpd,12,30,12,mob12_dpd30,小程序,零钱罐#mob12_dpd30#小程序
10000925,2776,20241027,0,Rate24,分期乐,fpd,,60,,fpd60,api,分期乐#fpd60#api
10000925,2776,20241027,0,Rate36,美团月付,dpd,3,60,3,mob3_dpd60,api,美团月付#mob3_dpd60#api
10000925,2777,20250312,0,Rate36,拍拍贷,fpd,,60,,fpd60,api,拍拍贷#fpd60#api
10000926,2778,20251204,0,Rate36,美团月付,dpd,3,60,3,mob3_dpd60,h5,美团月付#mob3_dpd60#h5
10000926,2778,20251204,0,Rate36,美团月付,dpd,6,30,6,mob6_dpd30,api,美团月付#mob6_dpd30#api
10000926,2778,20251204,0,Rate36,拍拍贷,dpd,12,60,12,mob12_dpd60,h5,拍拍贷#mob12_dpd60#h5
10000926,2779,20241220,0,Bank,微众银行,dpd,6,30,6,mob6_dpd30,京东白条,微众银行#mob6_dpd30#京东白条
10000926,2779,20241220,1,Rate36,拍拍贷,dpd,12,60,12,mob12_dpd60,h5,拍拍贷#mob12_dpd60#h5
10000926,2779,20241220,1,Rate24,零钱罐,fpd,,30,,fpd30,小程序,零钱罐#fpd30#小程序
10000926,2780,20240404,1,Bank,微众银行,dpd,9,60,9,mob9_dpd60,京东白条,微众银行#mob9_dpd60#京东白条
10000927,2781,20241006,0,Bank,百信银行,fpd,,30,,fpd30,京东白条,百信银行#fpd30#京东白条
10000927,2781,20241006,1,Rate24,分期乐,dpd,6,30,6,mob6_dpd30,api,分期乐#mob6_dpd30#api
10000927,2781,20241006,0,Rate24,零钱罐,dpd,6,60,6,mob6_dpd60,api,零钱罐#mob6_dpd60#api
10000927,2782,20260105,0,Bank,微众银行,dpd,6,30,6,mob6_dpd30,京东白条,微众银行#mob6_dpd30#京东白条
10000927,2782,20260105,0,Rate36,拍拍贷,dpd,3,30,3,mob3_dpd30,h5,拍拍贷#mob3_dpd30#h5
10000927,2783,20250925,1,Rate24,零钱罐,fpd,,60,,fpd60,小程序,零钱罐#fpd60#小程序
10000927,2783,20250925,0,Bank,百信银行,dpd,6,60,6,mob6_dpd60,京东白条,百信银行#mob6_dpd60#京东白条
10000927,2783,20250925,0,Rate24,零钱罐,fpd,,30,,fpd30,小程序,零钱罐#fpd30#小程序
10000928,2784,20251128,0,Bank,百信银行,dpd,3,60,3,mob3_dpd60,api,百信银行#mob3_dpd60#api
10000928,2785,20251216,0,Rate24,分期乐,fpd,,30,,fpd30,小程序,分期乐#fpd30#小程序
10000928,2785,20251216,1,Bank,微众银行,dpd,9,60,9,mob9_dpd60,京东白条,微众银行#mob9_dpd60#京东白条
10000928,2786,20240518,0,Rate36,美团月付,fpd,,30,,fpd30,api,美团月付#fpd30#api
10000928,2786,20240518,0,Bank,百信银行,dpd,12,30,12,mob12_dpd30,api,百信银行#mob12_dpd30#api
10000928,2786,20240518,-2,Rate24,零钱罐,dpd,9,60,9,mob9_dpd60,api,零钱罐#mob9_dpd60#api
10000929,2787,20240919,0,Rate36,美团月付,dpd,12,30,12,mob12_dpd30,h5,美团月付#mob12_dpd30#h5
10000929,2787,20240919,0,Rate24,分期乐,dpd,6,60,6,mob6_dpd60,api,分期乐#mob6_dpd60#api
10000929,2788,20240418,0,Rate24,零钱罐,dpd,3,30,3,mob3_dpd30,api,零钱罐#mob3_dpd30#api
10000929,2789,20240316,0,Rate36,美团月付,dpd,6,30,6,mob6_dpd30,api,美团月付#mob6_dpd30#api
10000929,2789,20240316,0,Bank,百信银行,dpd,6,30,6,mob6_dpd30,api,百信银行#mob6_dpd30#api
10000929,2789,20240316,0,Rate36,美团月付,dpd,12,30,12,mob12_dpd30,h5,美团月付#mob12_dpd30#h5
10000930,2790,20251128,1,Bank,微众银行,dpd,12,60,12,mob12_dpd60,api,微众银行#mob12_dpd60#api
10000930,2790,20251128,0,Rate24,分期乐,dpd,6,60,6,mob6_dpd60,小程序,分期乐#mob6_dpd60#小程序
10000930,2791,20260121,0,Rate24,零钱罐,dpd,6,30,6,mob6_dpd30,小程序,零钱罐#mob6_dpd30#小程序
10000930,2792,20240603,0,Rate36,美团月付,dpd,9,30,9,mob9_dpd30,api,美团月付#mob9_dpd30#api
10000931,2793,20250811,1,Bank,微众银行,dpd,12,30,12,mob12_dpd30,api,微众银行#mob12_dpd30#api
10000931,2793,20250811,0,Rate24,零钱罐,dpd,3,60,3,mob3_dpd60,小程序,零钱罐#mob3_dpd60#小程序
10000931,2793,20250811,0,Rate24,分期乐,dpd,9,60,9,mob9_dpd60,小程序,分期乐#mob9_dpd60#小程序
10000931,2794,20250328,1,Rate36,拍拍贷,dpd,6,30,6,mob6_dpd30,api,拍拍贷#mob6_dpd30#api
10000931,2794,20250328,0,Rate36,美团月付,dpd,12,30,12,mob12_dpd30,api,美团月付#mob12_dpd30#api
10000931,2794,20250328,-2,Rate36,美团月付,fpd,,30,,fpd30,h5,美团月付#fpd30#h5
10000931,2795,20240412,0,Rate36,拍拍贷,dpd,12,30,12,mob12_dpd30,h5,拍拍贷#mob12_dpd30#h5
10000931,2795,20240412,0,Rate36,美团月付,fpd,,30,,fpd30,h5,美团月付#fpd30#h5
10000931,2795,20240412,1,Rate36,拍拍贷,dpd,9,30,9,mob9_dpd30,api,拍拍贷#mob9_dpd30#api
10000932,2796,20251206,0,Rate24,分期乐,dpd,12,60,12,mob12_dpd60,api,分期乐#mob12_dpd60#api
10000932,2796,20251206,0,Bank,百信银行,fpd,,60,,fpd60,京东白条,百信银行#fpd60#京东白条
10000932,2797,20251125,0,Bank,微众银行,dpd,9,30,9,mob9_dpd30,京东白条,微众银行#mob9_dpd30#京东白条
10000932,2797,20251125,0,Rate24,零钱罐,fpd,,30,,fpd30,小程序,零钱罐#fpd30#小程序
10000932,2798,20250418,0,Rate24,零钱罐,dpd,3,30,3,mob3_dpd30,小程序,零钱罐#mob3_dpd30#小程序
10000933,2799,20250716,0,Rate24,分期乐,dpd,6,60,6,mob6_dpd60,小程序,分期乐#mob6_dpd60#小程序
10000933,2799,20250716,0,Rate24,零钱罐,dpd,6,60,6,mob6_dpd60,小程序,零钱罐#mob6_dpd60#小程序
10000933,2800,20241212,0,Rate36,美团月付,dpd,12,30,12,mob12_dpd30,h5,美团月付#mob12_dpd30#h5
10000933,2801,20251004,1,Rate36,美团月付,dpd,9,60,9,mob9_dpd60,h5,美团月付#mob9_dpd60#h5
10000933,2801,20251004,0,Rate36,美团月付,dpd,3,30,3,mob3_dpd30,h5,美团月付#mob3_dpd30#h5
10000934,2802,20250111,0,Rate24,零钱罐,dpd,6,30,6,mob6_dpd30,api,零钱罐#mob6_dpd30#api
10000934,2803,20260213,0,Bank,微众银行,dpd,12,60,12,mob12_dpd60,京东白条,微众银行#mob12_dpd60#京东白条
10000934,2803,20260213,0,Bank,百信银行,dpd,6,30,6,mob6_dpd30,api,百信银行#mob6_dpd30#api
10000934,2803,20260213,0,Rate36,美团月付,dpd,6,30,6,mob6_dpd30,api,美团月付#mob6_dpd30#api
10000934,2804,20240427,0,Rate36,美团月付,dpd,12,30,12,mob12_dpd30,h5,美团月付#mob12_dpd30#h5
10000935,2805,20240709,-2,Bank,微众银行,dpd,9,30,9,mob9_dpd30,京东白条,微众银行#mob9_dpd30#京东白条
10000935,2805,20240709,1,Rate24,分期乐,fpd,,60,,fpd60,小程序,分期乐#fpd60#小程序
10000935,2805,20240709,0,Bank,百信银行,dpd,12,60,12,mob12_dpd60,京东白条,百信银行#mob12_dpd60#京东白条
10000935,2806,20260205,0,Rate24,零钱罐,dpd,12,60,12,mob12_dpd60,小程序,零钱罐#mob12_dpd60#小程序
10000935,2806,20260205,0,Rate24,零钱罐,fpd,,30,,fpd30,api,零钱罐#fpd30#api
10000935,2807,20240912,0,Rate24,零钱罐,dpd,9,60,9,mob9_dpd60,小程序,零钱罐#mob9_dpd60#小程序
10000936,2808,20241028,-2,Rate24,零钱罐,fpd,,30,,fpd30,api,零钱罐#fpd30#api
10000936,2808,20241028,-2,Rate36,拍拍贷,dpd,3,30,3,mob3_dpd30,h5,拍拍贷#mob3_dpd30#h5
10000936,2809,20250914,0,Rate36,美团月付,dpd,9,30,9,mob9_dpd30,api,美团月付#mob9_dpd30#api
10000936,2809,20250914,0,Rate36,美团月付,dpd,3,30,3,mob3_dpd30,api,美团月付#mob3_dpd30#api
10000936,2810,20240711,0,Rate24,零钱罐,fpd,,30,,fpd30,api,零钱罐#fpd30#api
10000936,2810,20240711,0,Rate24,零钱罐,dpd,6,30,6,mob6_dpd30,api,零钱罐#mob6_dpd30#api
10000937,2811,20250319,0,Bank,微众银行,dpd,3,60,3,mob3_dpd60,api,微众银行#mob3_dpd60#api
10000937,2811,20250319,0,Rate24,分期乐,dpd,6,30,6,mob6_dpd30,小程序,分期乐#mob6_dpd30#小程序
10000937,2812,20240919,0,Rate36,美团月付,fpd,,30,,fpd30,h5,美团月付#fpd30#h5
10000937,2812,20240919,0,Rate24,分期乐,fpd,,60,,fpd60,api,分期乐#fpd60#api
10000937,2812,20240919,1,Bank,微众银行,dpd,9,30,9,mob9_dpd30,api,微众银行#mob9_dpd30#api
10000937,2813,20240709,0,Rate24,分期乐,dpd,3,30,3,mob3_dpd30,api,分期乐#mob3_dpd30#api
10000938,2814,20260228,0,Rate36,美团月付,fpd,,60,,fpd60,api,美团月付#fpd60#api
10000938,2814,20260228,0,Rate24,零钱罐,dpd,12,30,12,mob12_dpd30,小程序,零钱罐#mob12_dpd30#小程序
10000938,2814,20260228,0,Rate24,分期乐,dpd,9,60,9,mob9_dpd60,api,分期乐#mob9_dpd60#api
10000938,2815,20240717,0,Rate36,美团月付,fpd,,60,,fpd60,h5,美团月付#fpd60#h5
10000938,2815,20240717,0,Rate36,拍拍贷,fpd,,30,,fpd30,api,拍拍贷#fpd30#api
10000938,2815,20240717,0,Bank,百信银行,fpd,,30,,fpd30,京东白条,百信银行#fpd30#京东白条
10000938,2816,20240502,0,Bank,百信银行,dpd,3,30,3,mob3_dpd30,京东白条,百信银行#mob3_dpd30#京东白条
10000938,2816,20240502,0,Bank,微众银行,fpd,,30,,fpd30,api,微众银行#fpd30#api
10000939,2817,20250712,0,Bank,百信银行,fpd,,30,,fpd30,api,百信银行#fpd30#api
10000939,2817,20250712,0,Bank,百信银行,dpd,6,30,6,mob6_dpd30,京东白条,百信银行#mob6_dpd30#京东白条
10000939,2817,20250712,0,Bank,百信银行,dpd,6,60,6,mob6_dpd60,api,百信银行#mob6_dpd60#api
10000939,2818,20251126,0,Rate24,分期乐,dpd,3,60,3,mob3_dpd60,小程序,分期乐#mob3_dpd60#小程序
10000939,2819,20240612,1,Rate24,零钱罐,dpd,12,60,12,mob12_dpd60,小程序,零钱罐#mob12_dpd60#小程序
10000939,2819,20240612,0,Bank,百信银行,dpd,9,60,9,mob9_dpd60,京东白条,百信银行#mob9_dpd60#京东白条
10000940,2820,20250716,0,Bank,微众银行,fpd,,30,,fpd30,api,微众银行#fpd30#api
10000940,2821,20250318,0,Rate24,零钱罐,dpd,12,30,12,mob12_dpd30,api,零钱罐#mob12_dpd30#api
10000940,2821,20250318,0,Rate24,分期乐,dpd,9,30,9,mob9_dpd30,api,分期乐#mob9_dpd30#api
10000940,2822,20251020,0,Bank,百信银行,dpd,6,60,6,mob6_dpd60,api,百信银行#mob6_dpd60#api
10000940,2822,20251020,1,Rate24,分期乐,dpd,12,60,12,mob12_dpd60,小程序,分期乐#mob12_dpd60#小程序
10000941,2823,20240625,1,Rate36,拍拍贷,dpd,3,60,3,mob3_dpd60,h5,拍拍贷#mob3_dpd60#h5
10000941,2823,20240625,0,Rate24,分期乐,fpd,,60,,fpd60,api,分期乐#fpd60#api
10000941,2824,20260205,0,Rate36,美团月付,dpd,12,30,12,mob12_dpd30,api,美团月付#mob12_dpd30#api
10000941,2825,20250515,0,Bank,微众银行,dpd,3,60,3,mob3_dpd60,api,微众银行#mob3_dpd60#api
10000941,2825,20250515,0,Bank,微众银行,dpd,6,30,6,mob6_dpd30,京东白条,微众银行#mob6_dpd30#京东白条
10000941,2825,20250515,0,Bank,百信银行,dpd,12,60,12,mob12_dpd60,京东白条,百信银行#mob12_dpd60#京东白条
10000942,2826,20251115,1,Bank,百信银行,dpd,9,60,9,mob9_dpd60,api,百信银行#mob9_dpd60#api
10000942,2826,20251115,0,Rate36,拍拍贷,fpd,,60,,fpd60,api,拍拍贷#fpd60#api
10000942,2826,20251115,0,Rate36,拍拍贷,fpd,,60,,fpd60,api,拍拍贷#fpd60#api
10000942,2827,20241105,0,Bank,百信银行,dpd,9,60,9,mob9_dpd60,api,百信银行#mob9_dpd60#api
10000942,2827,20241105,-2,Bank,百信银行,fpd,,30,,fpd30,api,百信银行#fpd30#api
10000942,2827,20241105,1,Rate24,分期乐,dpd,6,30,6,mob6_dpd30,api,分期乐#mob6_dpd30#api
10000942,2828,20260119,1,Bank,微众银行,dpd,6,60,6,mob6_dpd60,京东白条,微众银行#mob6_dpd60#京东白条
10000943,2829,20250604,-2,Rate36,拍拍贷,dpd,6,30,6,mob6_dpd30,h5,拍拍贷#mob6_dpd30#h5
10000943,2829,20250604,0,Bank,微众银行,dpd,12,30,12,mob12_dpd30,api,微众银行#mob12_dpd30#api
10000943,2830,20240613,0,Rate36,美团月付,dpd,6,30,6,mob6_dpd30,api,美团月付#mob6_dpd30#api
10000943,2831,20260110,0,Bank,微众银行,dpd,12,30,12,mob12_dpd30,api,微众银行#mob12_dpd30#api
10000944,2832,20251005,0,Rate36,拍拍贷,dpd,9,30,9,mob9_dpd30,api,拍拍贷#mob9_dpd30#api
10000944,2832,20251005,0,Rate36,拍拍贷,dpd,3,60,3,mob3_dpd60,h5,拍拍贷#mob3_dpd60#h5
10000944,2833,20241024,0,Rate36,拍拍贷,fpd,,30,,fpd30,api,拍拍贷#fpd30#api
10000944,2834,20250407,0,Rate24,零钱罐,dpd,6,30,6,mob6_dpd30,api,零钱罐#mob6_dpd30#api
10000944,2834,20250407,0,Bank,微众银行,dpd,12,30,12,mob12_dpd30,api,微众银行#mob12_dpd30#api
10000945,2835,20241208,0,Rate36,美团月付,dpd,9,30,9,mob9_dpd30,h5,美团月付#mob9_dpd30#h5
10000945,2835,20241208,0,Rate36,美团月付,dpd,12,30,12,mob12_dpd30,api,美团月付#mob12_dpd30#api
10000945,2836,20250424,0,Rate24,零钱罐,fpd,,60,,fpd60,api,零钱罐#fpd60#api
10000945,2836,20250424,0,Bank,微众银行,dpd,6,30,6,mob6_dpd30,api,微众银行#mob6_dpd30#api
10000945,2837,20260225,1,Rate24,零钱罐,dpd,12,60,12,mob12_dpd60,api,零钱罐#mob12_dpd60#api
10000946,2838,20251201,0,Rate24,零钱罐,dpd,12,60,12,mob12_dpd60,小程序,零钱罐#mob12_dpd60#小程序
10000946,2838,20251201,0,Rate36,拍拍贷,dpd,6,30,6,mob6_dpd30,h5,拍拍贷#mob6_dpd30#h5
10000946,2839,20240808,1,Rate24,分期乐,dpd,6,60,6,mob6_dpd60,api,分期乐#mob6_dpd60#api
10000946,2839,20240808,0,Rate24,零钱罐,dpd,12,30,12,mob12_dpd30,api,零钱罐#mob12_dpd30#api
10000946,2839,20240808,1,Rate36,美团月付,dpd,9,30,9,mob9_dpd30,api,美团月付#mob9_dpd30#api
10000946,2840,20260220,0,Bank,百信银行,dpd,3,60,3,mob3_dpd60,京东白条,百信银行#mob3_dpd60#京东白条
10000946,2840,20260220,-2,Rate24,分期乐,dpd,3,30,3,mob3_dpd30,api,分期乐#mob3_dpd30#api
10000946,2840,20260220,0,Rate24,分期乐,dpd,3,30,3,mob3_dpd30,小程序,分期乐#mob3_dpd30#小程序
10000947,2841,20250122,0,Rate24,分期乐,dpd,9,60,9,mob9_dpd60,api,分期乐#mob9_dpd60#api
10000947,2842,20250728,0,Rate36,拍拍贷,dpd,9,60,9,mob9_dpd60,api,拍拍贷#mob9_dpd60#api
10000947,2842,20250728,0,Rate36,美团月付,dpd,6,30,6,mob6_dpd30,h5,美团月付#mob6_dpd30#h5
10000947,2843,20250916,0,Rate24,零钱罐,dpd,3,60,3,mob3_dpd60,api,零钱罐#mob3_dpd60#api
10000947,2843,20250916,1,Bank,微众银行,fpd,,30,,fpd30,api,微众银行#fpd30#api
10000948,2844,20250201,0,Bank,百信银行,dpd,9,60,9,mob9_dpd60,api,百信银行#mob9_dpd60#api
10000948,2844,20250201,-2,Rate36,拍拍贷,dpd,6,30,6,mob6_dpd30,h5,拍拍贷#mob6_dpd30#h5
10000948,2844,20250201,0,Rate36,美团月付,fpd,,60,,fpd60,api,美团月付#fpd60#api
10000948,2845,20250125,0,Bank,百信银行,dpd,12,30,12,mob12_dpd30,api,百信银行#mob12_dpd30#api
10000948,2845,20250125,0,Rate36,拍拍贷,fpd,,30,,fpd30,api,拍拍贷#fpd30#api
10000948,2846,20250105,0,Rate36,拍拍贷,dpd,9,30,9,mob9_dpd30,api,拍拍贷#mob9_dpd30#api
10000948,2846,20250105,0,Bank,百信银行,dpd,6,30,6,mob6_dpd30,api,百信银行#mob6_dpd30#api
10000949,2847,20251104,0,Rate24,分期乐,dpd,6,30,6,mob6_dpd30,api,分期乐#mob6_dpd30#api
10000949,2847,20251104,0,Rate36,美团月付,dpd,3,30,3,mob3_dpd30,h5,美团月付#mob3_dpd30#h5
10000949,2847,20251104,0,Bank,微众银行,dpd,3,30,3,mob3_dpd30,api,微众银行#mob3_dpd30#api
10000949,2848,20241219,0,Rate36,拍拍贷,dpd,9,60,9,mob9_dpd60,h5,拍拍贷#mob9_dpd60#h5
10000949,2848,20241219,0,Rate36,美团月付,dpd,9,30,9,mob9_dpd30,api,美团月付#mob9_dpd30#api
10000949,2849,20240917,1,Bank,微众银行,dpd,12,30,12,mob12_dpd30,api,微众银行#mob12_dpd30#api
10000949,2849,20240917,0,Bank,百信银行,dpd,3,30,3,mob3_dpd30,京东白条,百信银行#mob3_dpd30#京东白条
10000950,2850,20241102,0,Rate24,分期乐,fpd,,60,,fpd60,api,分期乐#fpd60#api
10000950,2850,20241102,0,Rate24,零钱罐,fpd,,60,,fpd60,api,零钱罐#fpd60#api
10000950,2850,20241102,0,Rate36,美团月付,dpd,12,30,12,mob12_dpd30,h5,美团月付#mob12_dpd30#h5
10000950,2851,20240705,0,Bank,微众银行,dpd,6,30,6,mob6_dpd30,京东白条,微众银行#mob6_dpd30#京东白条
10000950,2851,20240705,0,Rate36,美团月付,fpd,,60,,fpd60,api,美团月付#fpd60#api
10000950,2852,20241217,0,Bank,百信银行,dpd,12,30,12,mob12_dpd30,京东白条,百信银行#mob12_dpd30#京东白条
10000950,2852,20241217,0,Rate24,分期乐,dpd,12,30,12,mob12_dpd30,小程序,分期乐#mob12_dpd30#小程序
10000951,2853,20240508,0,Rate36,美团月付,fpd,,60,,fpd60,api,美团月付#fpd60#api
10000951,2854,20240520,0,Rate24,分期乐,dpd,3,60,3,mob3_dpd60,小程序,分期乐#mob3_dpd60#小程序
10000951,2855,20250812,0,Bank,百信银行,dpd,12,30,12,mob12_dpd30,京东白条,百信银行#mob12_dpd30#京东白条
10000951,2855,20250812,0,Bank,百信银行,fpd,,30,,fpd30,api,百信银行#fpd30#api
10000952,2856,20240417,0,Rate36,拍拍贷,dpd,12,30,12,mob12_dpd30,h5,拍拍贷#mob12_dpd30#h5
10000952,2856,20240417,0,Rate36,美团月付,dpd,6,30,6,mob6_dpd30,api,美团月付#mob6_dpd30#api
10000952,2857,20250414,1,Bank,微众银行,dpd,3,30,3,mob3_dpd30,api,微众银行#mob3_dpd30#api
10000952,2857,20250414,0,Bank,微众银行,dpd,12,30,12,mob12_dpd30,api,微众银行#mob12_dpd30#api
10000952,2858,20250911,0,Bank,微众银行,dpd,6,30,6,mob6_dpd30,京东白条,微众银行#mob6_dpd30#京东白条
10000953,2859,20250810,0,Bank,百信银行,dpd,6,60,6,mob6_dpd60,api,百信银行#mob6_dpd60#api
10000953,2859,20250810,0,Bank,百信银行,dpd,12,60,12,mob12_dpd60,京东白条,百信银行#mob12_dpd60#京东白条
10000953,2859,20250810,0,Rate36,拍拍贷,dpd,9,30,9,mob9_dpd30,api,拍拍贷#mob9_dpd30#api
10000953,2860,20250120,0,Rate36,美团月付,dpd,3,60,3,mob3_dpd60,h5,美团月付#mob3_dpd60#h5
10000953,2860,20250120,-2,Rate24,分期乐,fpd,,60,,fpd60,api,分期乐#fpd60#api
10000953,2861,20240715,0,Rate36,美团月付,dpd,9,60,9,mob9_dpd60,api,美团月付#mob9_dpd60#api
10000954,2862,20260117,1,Rate36,美团月付,dpd,3,30,3,mob3_dpd30,h5,美团月付#mob3_dpd30#h5
10000954,2862,20260117,1,Rate36,拍拍贷,dpd,3,30,3,mob3_dpd30,h5,拍拍贷#mob3_dpd30#h5
10000954,2863,20251117,0,Bank,微众银行,dpd,12,30,12,mob12_dpd30,京东白条,微众银行#mob12_dpd30#京东白条
10000954,2863,20251117,0,Rate36,拍拍贷,dpd,6,60,6,mob6_dpd60,api,拍拍贷#mob6_dpd60#api
10000954,2864,20250506,0,Rate24,零钱罐,fpd,,30,,fpd30,小程序,零钱罐#fpd30#小程序
10000955,2865,20240526,0,Rate36,拍拍贷,dpd,3,60,3,mob3_dpd60,h5,拍拍贷#mob3_dpd60#h5
10000955,2865,20240526,-2,Rate24,分期乐,fpd,,60,,fpd60,api,分期乐#fpd60#api
10000955,2866,20240316,0,Rate24,分期乐,dpd,12,60,12,mob12_dpd60,api,分期乐#mob12_dpd60#api
10000955,2867,20241021,0,Rate36,美团月付,dpd,3,60,3,mob3_dpd60,h5,美团月付#mob3_dpd60#h5
10000955,2867,20241021,0,Rate24,分期乐,dpd,12,60,12,mob12_dpd60,小程序,分期乐#mob12_dpd60#小程序
10000955,2867,20241021,0,Rate36,美团月付,dpd,12,30,12,mob12_dpd30,h5,美团月付#mob12_dpd30#h5
10000956,2868,20240625,0,Bank,微众银行,dpd,6,30,6,mob6_dpd30,京东白条,微众银行#mob6_dpd30#京东白条
10000956,2869,20251126,0,Rate36,拍拍贷,dpd,12,30,12,mob12_dpd30,h5,拍拍贷#mob12_dpd30#h5
10000956,2869,20251126,0,Bank,微众银行,dpd,12,60,12,mob12_dpd60,api,微众银行#mob12_dpd60#api
10000956,2869,20251126,-2,Bank,微众银行,dpd,3,60,3,mob3_dpd60,api,微众银行#mob3_dpd60#api
10000956,2870,20240719,0,Rate24,分期乐,fpd,,60,,fpd60,api,分期乐#fpd60#api
10000956,2870,20240719,0,Bank,百信银行,dpd,12,60,12,mob12_dpd60,api,百信银行#mob12_dpd60#api
10000957,2871,20240923,-2,Bank,百信银行,dpd,9,30,9,mob9_dpd30,api,百信银行#mob9_dpd30#api
10000957,2871,20240923,-2,Rate24,零钱罐,dpd,12,30,12,mob12_dpd30,小程序,零钱罐#mob12_dpd30#小程序
10000957,2872,20260214,1,Rate24,分期乐,fpd,,60,,fpd60,api,分期乐#fpd60#api
10000957,2872,20260214,0,Bank,微众银行,dpd,6,60,6,mob6_dpd60,api,微众银行#mob6_dpd60#api
10000957,2872,20260214,1,Rate24,零钱罐,dpd,9,30,9,mob9_dpd30,api,零钱罐#mob9_dpd30#api
10000957,2873,20251021,0,Rate36,美团月付,dpd,12,60,12,mob12_dpd60,api,美团月付#mob12_dpd60#api
10000957,2873,20251021,0,Rate24,分期乐,dpd,6,30,6,mob6_dpd30,api,分期乐#mob6_dpd30#api
10000957,2873,20251021,0,Rate36,美团月付,dpd,6,60,6,mob6_dpd60,h5,美团月付#mob6_dpd60#h5
10000958,2874,20240810,0,Bank,微众银行,dpd,6,60,6,mob6_dpd60,京东白条,微众银行#mob6_dpd60#京东白条
10000958,2875,20241220,-2,Rate36,美团月付,dpd,3,30,3,mob3_dpd30,h5,美团月付#mob3_dpd30#h5
10000958,2875,20241220,0,Rate36,美团月付,fpd,,60,,fpd60,h5,美团月付#fpd60#h5
10000958,2875,20241220,0,Rate36,拍拍贷,dpd,9,60,9,mob9_dpd60,h5,拍拍贷#mob9_dpd60#h5
10000958,2876,20250303,0,Bank,百信银行,fpd,,30,,fpd30,京东白条,百信银行#fpd30#京东白条
10000958,2876,20250303,0,Rate24,分期乐,dpd,9,60,9,mob9_dpd60,小程序,分期乐#mob9_dpd60#小程序
10000959,2877,20250626,0,Rate24,分期乐,dpd,12,60,12,mob12_dpd60,小程序,分期乐#mob12_dpd60#小程序
10000959,2878,20260107,0,Rate36,拍拍贷,dpd,9,60,9,mob9_dpd60,api,拍拍贷#mob9_dpd60#api
10000959,2878,20260107,0,Bank,微众银行,dpd,12,30,12,mob12_dpd30,api,微众银行#mob12_dpd30#api
10000959,2878,20260107,0,Rate24,零钱罐,dpd,12,60,12,mob12_dpd60,小程序,零钱罐#mob12_dpd60#小程序
10000959,2879,20251119,0,Rate36,拍拍贷,dpd,3,30,3,mob3_dpd30,api,拍拍贷#mob3_dpd30#api
10000959,2879,20251119,0,Rate24,分期乐,dpd,9,30,9,mob9_dpd30,小程序,分期乐#mob9_dpd30#小程序
10000960,2880,20260201,0,Rate36,美团月付,dpd,9,60,9,mob9_dpd60,h5,美团月付#mob9_dpd60#h5
10000960,2881,20240305,0,Bank,微众银行,dpd,12,30,12,mob12_dpd30,京东白条,微众银行#mob12_dpd30#京东白条
10000960,2882,20240828,0,Rate36,拍拍贷,dpd,3,60,3,mob3_dpd60,api,拍拍贷#mob3_dpd60#api
10000960,2882,20240828,0,Rate24,零钱罐,fpd,,60,,fpd60,小程序,零钱罐#fpd60#小程序
10000961,2883,20250424,1,Rate36,拍拍贷,dpd,6,30,6,mob6_dpd30,h5,拍拍贷#mob6_dpd30#h5
10000961,2883,20250424,1,Bank,百信银行,dpd,6,30,6,mob6_dpd30,京东白条,百信银行#mob6_dpd30#京东白条
10000961,2883,20250424,0,Bank,微众银行,dpd,6,60,6,mob6_dpd60,京东白条,微众银行#mob6_dpd60#京东白条
10000961,2884,20240407,0,Rate24,分期乐,dpd,12,30,12,mob12_dpd30,api,分期乐#mob12_dpd30#api
10000961,2884,20240407,0,Bank,百信银行,fpd,,60,,fpd60,京东白条,百信银行#fpd60#京东白条
10000961,2884,20240407,1,Bank,微众银行,dpd,12,30,12,mob12_dpd30,京东白条,微众银行#mob12_dpd30#京东白条
10000961,2885,20241104,0,Rate24,分期乐,dpd,9,60,9,mob9_dpd60,api,分期乐#mob9_dpd60#api
10000961,2885,20241104,-2,Rate24,零钱罐,dpd,9,30,9,mob9_dpd30,小程序,零钱罐#mob9_dpd30#小程序
10000962,2886,20240623,0,Rate24,分期乐,dpd,3,60,3,mob3_dpd60,api,分期乐#mob3_dpd60#api
10000962,2887,20260128,0,Rate24,分期乐,dpd,12,30,12,mob12_dpd30,api,分期乐#mob12_dpd30#api
10000962,2887,20260128,0,Bank,微众银行,dpd,9,30,9,mob9_dpd30,京东白条,微众银行#mob9_dpd30#京东白条
10000962,2888,20240405,0,Rate24,分期乐,dpd,12,60,12,mob12_dpd60,小程序,分期乐#mob12_dpd60#小程序
10000962,2888,20240405,0,Rate24,分期乐,dpd,3,60,3,mob3_dpd60,api,分期乐#mob3_dpd60#api
10000962,2888,20240405,0,Rate24,分期乐,dpd,12,60,12,mob12_dpd60,api,分期乐#mob12_dpd60#api
10000963,2889,20240619,0,Bank,微众银行,fpd,,60,,fpd60,京东白条,微众银行#fpd60#京东白条
10000963,2889,20240619,0,Bank,微众银行,dpd,9,30,9,mob9_dpd30,京东白条,微众银行#mob9_dpd30#京东白条
10000963,2889,20240619,-2,Bank,微众银行,fpd,,60,,fpd60,api,微众银行#fpd60#api
10000963,2890,20240708,0,Bank,百信银行,fpd,,60,,fpd60,api,百信银行#fpd60#api
10000963,2891,20240621,0,Rate24,分期乐,dpd,12,30,12,mob12_dpd30,api,分期乐#mob12_dpd30#api
10000964,2892,20250412,1,Rate24,分期乐,dpd,9,30,9,mob9_dpd30,小程序,分期乐#mob9_dpd30#小程序
10000964,2893,20241104,0,Rate36,美团月付,dpd,6,60,6,mob6_dpd60,api,美团月付#mob6_dpd60#api
10000964,2893,20241104,0,Rate36,拍拍贷,fpd,,60,,fpd60,h5,拍拍贷#fpd60#h5
10000964,2893,20241104,0,Bank,百信银行,dpd,9,30,9,mob9_dpd30,京东白条,百信银行#mob9_dpd30#京东白条
10000964,2894,20251210,0,Bank,微众银行,dpd,6,60,6,mob6_dpd60,京东白条,微众银行#mob6_dpd60#京东白条
10000965,2895,20240916,0,Rate36,美团月付,dpd,6,30,6,mob6_dpd30,api,美团月付#mob6_dpd30#api
10000965,2896,20250323,0,Rate36,美团月付,fpd,,30,,fpd30,api,美团月付#fpd30#api
10000965,2896,20250323,0,Rate36,美团月付,dpd,6,30,6,mob6_dpd30,api,美团月付#mob6_dpd30#api
10000965,2897,20250601,1,Bank,百信银行,dpd,9,60,9,mob9_dpd60,京东白条,百信银行#mob9_dpd60#京东白条
10000966,2898,20250627,0,Bank,百信银行,fpd,,60,,fpd60,京东白条,百信银行#fpd60#京东白条
10000966,2898,20250627,0,Rate24,分期乐,fpd,,60,,fpd60,小程序,分期乐#fpd60#小程序
10000966,2899,20251019,-2,Rate36,拍拍贷,fpd,,30,,fpd30,api,拍拍贷#fpd30#api
10000966,2899,20251019,1,Bank,百信银行,dpd,12,60,12,mob12_dpd60,京东白条,百信银行#mob12_dpd60#京东白条
10000966,2899,20251019,0,Rate24,分期乐,fpd,,60,,fpd60,小程序,分期乐#fpd60#小程序
10000966,2900,20240725,1,Rate36,美团月付,dpd,9,30,9,mob9_dpd30,api,美团月付#mob9_dpd30#api
10000967,2901,20250327,0,Rate36,美团月付,dpd,12,30,12,mob12_dpd30,h5,美团月付#mob12_dpd30#h5
10000967,2901,20250327,-2,Rate36,拍拍贷,dpd,9,30,9,mob9_dpd30,h5,拍拍贷#mob9_dpd30#h5
10000967,2901,20250327,0,Rate36,拍拍贷,dpd,6,30,6,mob6_dpd30,h5,拍拍贷#mob6_dpd30#h5
10000967,2902,20251005,0,Rate24,分期乐,dpd,3,30,3,mob3_dpd30,api,分期乐#mob3_dpd30#api
10000967,2902,20251005,0,Rate24,零钱罐,dpd,9,30,9,mob9_dpd30,小程序,零钱罐#mob9_dpd30#小程序
10000967,2903,20251103,0,Rate36,拍拍贷,dpd,3,30,3,mob3_dpd30,api,拍拍贷#mob3_dpd30#api
10000968,2904,20250522,0,Rate24,分期乐,dpd,12,30,12,mob12_dpd30,api,分期乐#mob12_dpd30#api
10000968,2904,20250522,0,Rate36,美团月付,fpd,,30,,fpd30,h5,美团月付#fpd30#h5
10000968,2904,20250522,0,Bank,微众银行,fpd,,60,,fpd60,京东白条,微众银行#fpd60#京东白条
10000968,2905,20250606,0,Bank,微众银行,fpd,,30,,fpd30,api,微众银行#fpd30#api
10000968,2905,20250606,1,Bank,微众银行,dpd,9,60,9,mob9_dpd60,京东白条,微众银行#mob9_dpd60#京东白条
10000968,2905,20250606,0,Rate36,拍拍贷,fpd,,30,,fpd30,h5,拍拍贷#fpd30#h5
10000968,2906,20251105,0,Bank,微众银行,dpd,3,60,3,mob3_dpd60,京东白条,微众银行#mob3_dpd60#京东白条
10000968,2906,20251105,0,Rate24,分期乐,fpd,,30,,fpd30,小程序,分期乐#fpd30#小程序
10000968,2906,20251105,0,Bank,微众银行,dpd,9,30,9,mob9_dpd30,京东白条,微众银行#mob9_dpd30#京东白条
10000969,2907,20250514,1,Rate36,美团月付,dpd,3,30,3,mob3_dpd30,h5,美团月付#mob3_dpd30#h5
10000969,2907,20250514,0,Bank,微众银行,fpd,,30,,fpd30,api,微众银行#fpd30#api
10000969,2908,20260126,0,Rate36,拍拍贷,dpd,9,60,9,mob9_dpd60,h5,拍拍贷#mob9_dpd60#h5
10000969,2908,20260126,0,Rate24,分期乐,dpd,6,30,6,mob6_dpd30,小程序,分期乐#mob6_dpd30#小程序
10000969,2909,20240623,-2,Rate24,零钱罐,dpd,6,30,6,mob6_dpd30,api,零钱罐#mob6_dpd30#api
10000969,2909,20240623,1,Bank,百信银行,dpd,12,60,12,mob12_dpd60,api,百信银行#mob12_dpd60#api
10000969,2909,20240623,0,Rate24,零钱罐,fpd,,30,,fpd30,小程序,零钱罐#fpd30#小程序
10000970,2910,20241115,0,Rate36,美团月付,dpd,6,30,6,mob6_dpd30,h5,美团月付#mob6_dpd30#h5
10000970,2910,20241115,0,Bank,微众银行,dpd,9,30,9,mob9_dpd30,api,微众银行#mob9_dpd30#api
10000970,2910,20241115,0,Rate36,美团月付,dpd,9,30,9,mob9_dpd30,api,美团月付#mob9_dpd30#api
10000970,2911,20240506,0,Rate24,零钱罐,dpd,9,60,9,mob9_dpd60,小程序,零钱罐#mob9_dpd60#小程序
10000970,2911,20240506,0,Bank,百信银行,fpd,,30,,fpd30,京东白条,百信银行#fpd30#京东白条
10000970,2911,20240506,0,Rate24,零钱罐,dpd,9,60,9,mob9_dpd60,小程序,零钱罐#mob9_dpd60#小程序
10000970,2912,20240510,0,Rate24,分期乐,dpd,9,30,9,mob9_dpd30,小程序,分期乐#mob9_dpd30#小程序
10000970,2912,20240510,0,Bank,百信银行,dpd,6,60,6,mob6_dpd60,京东白条,百信银行#mob6_dpd60#京东白条
10000970,2912,20240510,1,Bank,百信银行,dpd,12,60,12,mob12_dpd60,api,百信银行#mob12_dpd60#api
10000971,2913,20250220,0,Rate24,分期乐,dpd,6,30,6,mob6_dpd30,小程序,分期乐#mob6_dpd30#小程序
10000971,2913,20250220,0,Rate24,分期乐,dpd,6,60,6,mob6_dpd60,api,分期乐#mob6_dpd60#api
10000971,2913,20250220,0,Bank,微众银行,dpd,9,60,9,mob9_dpd60,api,微众银行#mob9_dpd60#api
10000971,2914,20240805,0,Bank,微众银行,dpd,6,60,6,mob6_dpd60,京东白条,微众银行#mob6_dpd60#京东白条
10000971,2915,20241215,0,Bank,百信银行,fpd,,30,,fpd30,京东白条,百信银行#fpd30#京东白条
10000971,2915,20241215,-2,Rate36,拍拍贷,dpd,3,30,3,mob3_dpd30,h5,拍拍贷#mob3_dpd30#h5
10000971,2915,20241215,0,Rate24,分期乐,dpd,12,60,12,mob12_dpd60,小程序,分期乐#mob12_dpd60#小程序
10000972,2916,20250101,-2,Rate24,零钱罐,dpd,12,30,12,mob12_dpd30,api,零钱罐#mob12_dpd30#api
10000972,2917,20250510,0,Rate24,分期乐,dpd,9,30,9,mob9_dpd30,api,分期乐#mob9_dpd30#api
10000972,2917,20250510,0,Bank,微众银行,fpd,,60,,fpd60,京东白条,微众银行#fpd60#京东白条
10000972,2918,20260107,0,Rate24,分期乐,fpd,,30,,fpd30,api,分期乐#fpd30#api
10000973,2919,20251120,-2,Rate36,拍拍贷,dpd,3,30,3,mob3_dpd30,api,拍拍贷#mob3_dpd30#api
10000973,2919,20251120,0,Bank,百信银行,fpd,,30,,fpd30,京东白条,百信银行#fpd30#京东白条
10000973,2920,20241226,1,Rate24,零钱罐,dpd,12,60,12,mob12_dpd60,api,零钱罐#mob12_dpd60#api
10000973,2920,20241226,0,Rate36,拍拍贷,fpd,,30,,fpd30,h5,拍拍贷#fpd30#h5
10000973,2920,20241226,1,Rate24,零钱罐,dpd,9,60,9,mob9_dpd60,小程序,零钱罐#mob9_dpd60#小程序
10000973,2921,20241005,0,Rate36,美团月付,fpd,,30,,fpd30,api,美团月付#fpd30#api
10000973,2921,20241005,0,Rate24,分期乐,dpd,3,30,3,mob3_dpd30,小程序,分期乐#mob3_dpd30#小程序
10000973,2921,20241005,0,Rate24,零钱罐,dpd,12,30,12,mob12_dpd30,小程序,零钱罐#mob12_dpd30#小程序
10000974,2922,20250923,0,Rate24,零钱罐,dpd,6,60,6,mob6_dpd60,小程序,零钱罐#mob6_dpd60#小程序
10000974,2923,20240519,-2,Bank,百信银行,fpd,,30,,fpd30,京东白条,百信银行#fpd30#京东白条
10000974,2923,20240519,0,Rate36,拍拍贷,dpd,6,60,6,mob6_dpd60,api,拍拍贷#mob6_dpd60#api
10000974,2924,20250328,0,Rate36,拍拍贷,dpd,9,30,9,mob9_dpd30,h5,拍拍贷#mob9_dpd30#h5
10000974,2924,20250328,0,Rate24,分期乐,fpd,,30,,fpd30,api,分期乐#fpd30#api
10000974,2924,20250328,0,Rate36,拍拍贷,dpd,12,60,12,mob12_dpd60,api,拍拍贷#mob12_dpd60#api
10000975,2925,20250126,1,Rate24,零钱罐,dpd,9,60,9,mob9_dpd60,api,零钱罐#mob9_dpd60#api
10000975,2925,20250126,0,Bank,百信银行,dpd,3,60,3,mob3_dpd60,京东白条,百信银行#mob3_dpd60#京东白条
10000975,2925,20250126,0,Bank,微众银行,dpd,3,30,3,mob3_dpd30,京东白条,微众银行#mob3_dpd30#京东白条
10000975,2926,20240703,0,Rate36,美团月付,dpd,9,60,9,mob9_dpd60,api,美团月付#mob9_dpd60#api
10000975,2926,20240703,0,Bank,百信银行,dpd,3,60,3,mob3_dpd60,京东白条,百信银行#mob3_dpd60#京东白条
10000975,2927,20250521,1,Rate24,零钱罐,dpd,12,60,12,mob12_dpd60,小程序,零钱罐#mob12_dpd60#小程序
10000975,2927,20250521,0,Rate36,美团月付,dpd,9,60,9,mob9_dpd60,h5,美团月付#mob9_dpd60#h5
10000976,2928,20241017,0,Bank,百信银行,dpd,9,30,9,mob9_dpd30,京东白条,百信银行#mob9_dpd30#京东白条
10000976,2929,20240704,0,Rate24,分期乐,dpd,6,60,6,mob6_dpd60,api,分期乐#mob6_dpd60#api
10000976,2929,20240704,0,Rate24,零钱罐,dpd,6,30,6,mob6_dpd30,api,零钱罐#mob6_dpd30#api
10000976,2929,20240704,0,Rate24,零钱罐,fpd,,60,,fpd60,小程序,零钱罐#fpd60#小程序
10000976,2930,20250608,0,Bank,微众银行,dpd,12,60,12,mob12_dpd60,api,微众银行#mob12_dpd60#api
10000976,2930,20250608,0,Bank,微众银行,fpd,,30,,fpd30,京东白条,微众银行#fpd30#京东白条
10000976,2930,20250608,0,Rate36,美团月付,dpd,12,60,12,mob12_dpd60,h5,美团月付#mob12_dpd60#h5
10000977,2931,20240726,-2,Bank,微众银行,dpd,3,60,3,mob3_dpd60,api,微众银行#mob3_dpd60#api
10000977,2931,20240726,0,Rate36,拍拍贷,fpd,,60,,fpd60,h5,拍拍贷#fpd60#h5
10000977,2931,20240726,0,Bank,微众银行,dpd,3,30,3,mob3_dpd30,api,微众银行#mob3_dpd30#api
10000977,2932,20250716,0,Rate36,美团月付,dpd,12,30,12,mob12_dpd30,api,美团月付#mob12_dpd30#api
10000977,2933,20240610,0,Bank,微众银行,fpd,,60,,fpd60,api,微众银行#fpd60#api
10000977,2933,20240610,0,Rate36,拍拍贷,dpd,9,30,9,mob9_dpd30,h5,拍拍贷#mob9_dpd30#h5
10000978,2934,20250109,0,Rate24,分期乐,fpd,,30,,fpd30,api,分期乐#fpd30#api
10000978,2934,20250109,1,Rate36,拍拍贷,dpd,9,60,9,mob9_dpd60,api,拍拍贷#mob9_dpd60#api
10000978,2935,20251024,1,Rate24,分期乐,dpd,12,60,12,mob12_dpd60,小程序,分期乐#mob12_dpd60#小程序
10000978,2936,20240808,-2,Bank,微众银行,dpd,9,30,9,mob9_dpd30,api,微众银行#mob9_dpd30#api
10000978,2936,20240808,0,Rate36,美团月付,dpd,9,30,9,mob9_dpd30,api,美团月付#mob9_dpd30#api
10000978,2936,20240808,0,Rate24,零钱罐,dpd,9,60,9,mob9_dpd60,api,零钱罐#mob9_dpd60#api
10000979,2937,20250905,0,Bank,百信银行,dpd,3,60,3,mob3_dpd60,京东白条,百信银行#mob3_dpd60#京东白条
10000979,2938,20250817,0,Rate24,分期乐,dpd,3,60,3,mob3_dpd60,小程序,分期乐#mob3_dpd60#小程序
10000979,2939,20251228,0,Rate24,分期乐,dpd,6,30,6,mob6_dpd30,api,分期乐#mob6_dpd30#api
10000979,2939,20251228,-2,Rate24,分期乐,dpd,3,30,3,mob3_dpd30,api,分期乐#mob3_dpd30#api
10000980,2940,20240706,0,Rate24,分期乐,dpd,3,60,3,mob3_dpd60,小程序,分期乐#mob3_dpd60#小程序
10000980,2940,20240706,0,Rate36,美团月付,dpd,12,30,12,mob12_dpd30,h5,美团月付#mob12_dpd30#h5
10000980,2941,20250808,0,Rate36,拍拍贷,dpd,3,60,3,mob3_dpd60,api,拍拍贷#mob3_dpd60#api
10000980,2941,20250808,0,Rate36,美团月付,dpd,6,60,6,mob6_dpd60,api,美团月付#mob6_dpd60#api
10000980,2941,20250808,0,Rate24,零钱罐,dpd,6,30,6,mob6_dpd30,小程序,零钱罐#mob6_dpd30#小程序
10000980,2942,20260114,0,Rate36,拍拍贷,dpd,12,30,12,mob12_dpd30,api,拍拍贷#mob12_dpd30#api
10000981,2943,20250906,0,Bank,微众银行,dpd,9,60,9,mob9_dpd60,京东白条,微众银行#mob9_dpd60#京东白条
10000981,2943,20250906,-2,Rate36,美团月付,dpd,9,30,9,mob9_dpd30,h5,美团月付#mob9_dpd30#h5
10000981,2943,20250906,-2,Bank,微众银行,dpd,6,60,6,mob6_dpd60,京东白条,微众银行#mob6_dpd60#京东白条
10000981,2944,20240719,0,Rate24,零钱罐,dpd,3,30,3,mob3_dpd30,api,零钱罐#mob3_dpd30#api
10000981,2944,20240719,0,Rate24,分期乐,fpd,,30,,fpd30,api,分期乐#fpd30#api
10000981,2945,20251008,0,Bank,微众银行,dpd,3,60,3,mob3_dpd60,京东白条,微众银行#mob3_dpd60#京东白条
10000981,2945,20251008,0,Bank,百信银行,dpd,12,60,12,mob12_dpd60,京东白条,百信银行#mob12_dpd60#京东白条
10000981,2945,20251008,0,Rate24,零钱罐,dpd,6,30,6,mob6_dpd30,api,零钱罐#mob6_dpd30#api
10000982,2946,20240504,1,Rate24,零钱罐,dpd,6,30,6,mob6_dpd30,小程序,零钱罐#mob6_dpd30#小程序
10000982,2946,20240504,0,Rate36,美团月付,dpd,12,60,12,mob12_dpd60,h5,美团月付#mob12_dpd60#h5
10000982,2946,20240504,0,Rate24,零钱罐,dpd,12,60,12,mob12_dpd60,api,零钱罐#mob12_dpd60#api
10000982,2947,20250508,-2,Rate36,美团月付,dpd,3,30,3,mob3_dpd30,h5,美团月付#mob3_dpd30#h5
10000982,2947,20250508,-2,Bank,百信银行,dpd,6,60,6,mob6_dpd60,京东白条,百信银行#mob6_dpd60#京东白条
10000982,2948,20250227,0,Bank,微众银行,fpd,,30,,fpd30,api,微众银行#fpd30#api
10000982,2948,20250227,0,Rate36,拍拍贷,dpd,9,60,9,mob9_dpd60,api,拍拍贷#mob9_dpd60#api
10000982,2948,20250227,0,Rate36,拍拍贷,dpd,12,30,12,mob12_dpd30,h5,拍拍贷#mob12_dpd30#h5
10000983,2949,20250327,-2,Bank,百信银行,dpd,9,30,9,mob9_dpd30,京东白条,百信银行#mob9_dpd30#京东白条
10000983,2950,20250315,0,Rate24,分期乐,fpd,,30,,fpd30,api,分期乐#fpd30#api
10000983,2951,20240312,0,Bank,百信银行,dpd,12,30,12,mob12_dpd30,api,百信银行#mob12_dpd30#api
10000984,2952,20250323,0,Bank,微众银行,dpd,3,60,3,mob3_dpd60,api,微众银行#mob3_dpd60#api
10000984,2953,20260106,-2,Bank,百信银行,dpd,3,30,3,mob3_dpd30,api,百信银行#mob3_dpd30#api
10000984,2953,20260106,0,Bank,微众银行,fpd,,30,,fpd30,京东白条,微众银行#fpd30#京东白条
10000984,2954,20250119,0,Rate36,美团月付,dpd,6,30,6,mob6_dpd30,api,美团月付#mob6_dpd30#api
10000984,2954,20250119,0,Rate24,分期乐,dpd,9,60,9,mob9_dpd60,小程序,分期乐#mob9_dpd60#小程序
10000984,2954,20250119,0,Rate24,零钱罐,dpd,9,60,9,mob9_dpd60,小程序,零钱罐#mob9_dpd60#小程序
10000985,2955,20240920,0,Rate24,零钱罐,dpd,12,60,12,mob12_dpd60,api,零钱罐#mob12_dpd60#api
10000985,2955,20240920,0,Rate24,分期乐,dpd,12,30,12,mob12_dpd30,小程序,分期乐#mob12_dpd30#小程序
10000985,2956,20260220,0,Bank,微众银行,dpd,3,60,3,mob3_dpd60,京东白条,微众银行#mob3_dpd60#京东白条
10000985,2956,20260220,1,Bank,微众银行,dpd,12,30,12,mob12_dpd30,api,微众银行#mob12_dpd30#api
10000985,2956,20260220,0,Rate24,零钱罐,dpd,6,30,6,mob6_dpd30,api,零钱罐#mob6_dpd30#api
10000985,2957,20240507,0,Rate24,分期乐,dpd,6,60,6,mob6_dpd60,api,分期乐#mob6_dpd60#api
10000986,2958,20250221,0,Rate24,零钱罐,fpd,,30,,fpd30,api,零钱罐#fpd30#api
10000986,2958,20250221,0,Rate24,分期乐,dpd,9,60,9,mob9_dpd60,api,分期乐#mob9_dpd60#api
10000986,2958,20250221,0,Bank,微众银行,dpd,9,30,9,mob9_dpd30,api,微众银行#mob9_dpd30#api
10000986,2959,20250318,0,Rate24,分期乐,dpd,3,30,3,mob3_dpd30,小程序,分期乐#mob3_dpd30#小程序
10000986,2960,20250225,1,Bank,百信银行,dpd,6,60,6,mob6_dpd60,api,百信银行#mob6_dpd60#api
10000986,2960,20250225,0,Bank,百信银行,dpd,6,60,6,mob6_dpd60,京东白条,百信银行#mob6_dpd60#京东白条
10000986,2960,20250225,1,Rate24,零钱罐,dpd,9,60,9,mob9_dpd60,小程序,零钱罐#mob9_dpd60#小程序
10000987,2961,20260105,0,Bank,微众银行,dpd,3,60,3,mob3_dpd60,api,微众银行#mob3_dpd60#api
10000987,2962,20250118,0,Rate36,美团月付,dpd,6,60,6,mob6_dpd60,h5,美团月付#mob6_dpd60#h5
10000987,2962,20250118,0,Bank,微众银行,dpd,3,60,3,mob3_dpd60,api,微众银行#mob3_dpd60#api
10000987,2963,20260224,0,Rate36,拍拍贷,dpd,9,60,9,mob9_dpd60,api,拍拍贷#mob9_dpd60#api
10000987,2963,20260224,0,Rate24,分期乐,dpd,12,60,12,mob12_dpd60,api,分期乐#mob12_dpd60#api
10000987,2963,20260224,0,Rate24,零钱罐,dpd,12,30,12,mob12_dpd30,api,零钱罐#mob12_dpd30#api
10000988,2964,20240408,0,Rate24,零钱罐,dpd,6,60,6,mob6_dpd60,api,零钱罐#mob6_dpd60#api
10000988,2964,20240408,1,Rate36,拍拍贷,dpd,9,30,9,mob9_dpd30,api,拍拍贷#mob9_dpd30#api
10000988,2965,20250821,1,Rate36,美团月付,fpd,,60,,fpd60,api,美团月付#fpd60#api
10000988,2965,20250821,0,Rate36,美团月付,dpd,6,30,6,mob6_dpd30,api,美团月付#mob6_dpd30#api
10000988,2966,20250503,0,Bank,百信银行,fpd,,60,,fpd60,api,百信银行#fpd60#api
10000989,2967,20240821,0,Rate36,拍拍贷,dpd,6,30,6,mob6_dpd30,h5,拍拍贷#mob6_dpd30#h5
10000989,2967,20240821,1,Rate36,拍拍贷,dpd,6,30,6,mob6_dpd30,h5,拍拍贷#mob6_dpd30#h5
10000989,2967,20240821,0,Rate24,零钱罐,dpd,9,30,9,mob9_dpd30,小程序,零钱罐#mob9_dpd30#小程序
10000989,2968,20240817,0,Bank,微众银行,fpd,,60,,fpd60,京东白条,微众银行#fpd60#京东白条
10000989,2968,20240817,0,Rate24,零钱罐,fpd,,30,,fpd30,小程序,零钱罐#fpd30#小程序
10000989,2969,20250806,0,Rate36,美团月付,dpd,12,60,12,mob12_dpd60,api,美团月付#mob12_dpd60#api
10000990,2970,20250602,0,Bank,微众银行,dpd,12,30,12,mob12_dpd30,api,微众银行#mob12_dpd30#api
10000990,2971,20250521,0,Rate24,分期乐,dpd,3,30,3,mob3_dpd30,api,分期乐#mob3_dpd30#api
10000990,2971,20250521,0,Bank,百信银行,dpd,3,60,3,mob3_dpd60,api,百信银行#mob3_dpd60#api
10000990,2972,20240407,0,Bank,微众银行,fpd,,60,,fpd60,api,微众银行#fpd60#api
10000991,2973,20250514,0,Rate24,分期乐,dpd,9,60,9,mob9_dpd60,api,分期乐#mob9_dpd60#api
10000991,2974,20260202,0,Bank,百信银行,dpd,12,60,12,mob12_dpd60,京东白条,百信银行#mob12_dpd60#京东白条
10000991,2975,20240327,0,Bank,百信银行,dpd,12,30,12,mob12_dpd30,京东白条,百信银行#mob12_dpd30#京东白条
10000991,2975,20240327,0,Bank,百信银行,dpd,6,30,6,mob6_dpd30,api,百信银行#mob6_dpd30#api
10000992,2976,20250216,0,Bank,微众银行,dpd,9,30,9,mob9_dpd30,京东白条,微众银行#mob9_dpd30#京东白条
10000992,2976,20250216,0,Bank,微众银行,dpd,12,30,12,mob12_dpd30,京东白条,微众银行#mob12_dpd30#京东白条
10000992,2976,20250216,0,Rate36,拍拍贷,fpd,,60,,fpd60,api,拍拍贷#fpd60#api
10000992,2977,20250227,0,Bank,微众银行,dpd,9,60,9,mob9_dpd60,api,微众银行#mob9_dpd60#api
10000992,2977,20250227,0,Rate36,美团月付,dpd,6,60,6,mob6_dpd60,h5,美团月付#mob6_dpd60#h5
10000992,2977,20250227,0,Rate36,美团月付,dpd,12,30,12,mob12_dpd30,api,美团月付#mob12_dpd30#api
10000992,2978,20251205,0,Rate36,拍拍贷,dpd,3,60,3,mob3_dpd60,api,拍拍贷#mob3_dpd60#api
10000993,2979,20240906,-2,Bank,微众银行,dpd,12,60,12,mob12_dpd60,api,微众银行#mob12_dpd60#api
10000993,2980,20250218,0,Rate36,美团月付,fpd,,30,,fpd30,api,美团月付#fpd30#api
10000993,2981,20250817,1,Rate36,拍拍贷,dpd,9,30,9,mob9_dpd30,api,拍拍贷#mob9_dpd30#api
10000993,2981,20250817,1,Rate36,拍拍贷,dpd,9,30,9,mob9_dpd30,api,拍拍贷#mob9_dpd30#api
10000993,2981,20250817,0,Rate24,零钱罐,dpd,12,30,12,mob12_dpd30,小程序,零钱罐#mob12_dpd30#小程序
10000994,2982,20240423,0,Rate24,零钱罐,dpd,6,30,6,mob6_dpd30,小程序,零钱罐#mob6_dpd30#小程序
10000994,2982,20240423,1,Rate36,美团月付,fpd,,60,,fpd60,h5,美团月付#fpd60#h5
10000994,2982,20240423,0,Rate24,零钱罐,dpd,6,30,6,mob6_dpd30,api,零钱罐#mob6_dpd30#api
10000994,2983,20251026,1,Bank,百信银行,dpd,12,30,12,mob12_dpd30,京东白条,百信银行#mob12_dpd30#京东白条
10000994,2984,20251024,0,Bank,百信银行,dpd,3,60,3,mob3_dpd60,api,百信银行#mob3_dpd60#api
10000994,2984,20251024,0,Bank,微众银行,dpd,12,60,12,mob12_dpd60,京东白条,微众银行#mob12_dpd60#京东白条
10000995,2985,20250804,0,Rate36,美团月付,dpd,3,30,3,mob3_dpd30,api,美团月付#mob3_dpd30#api
10000995,2985,20250804,0,Bank,微众银行,fpd,,30,,fpd30,api,微众银行#fpd30#api
10000995,2986,20250609,0,Bank,百信银行,dpd,6,30,6,mob6_dpd30,api,百信银行#mob6_dpd30#api
10000995,2987,20250826,0,Rate36,拍拍贷,dpd,6,60,6,mob6_dpd60,api,拍拍贷#mob6_dpd60#api
10000995,2987,20250826,0,Rate36,拍拍贷,dpd,6,60,6,mob6_dpd60,api,拍拍贷#mob6_dpd60#api
10000995,2987,20250826,1,Rate24,分期乐,dpd,12,60,12,mob12_dpd60,api,分期乐#mob12_dpd60#api
10000996,2988,20250916,1,Rate36,美团月付,dpd,12,60,12,mob12_dpd60,h5,美团月付#mob12_dpd60#h5
10000996,2988,20250916,1,Bank,微众银行,dpd,9,60,9,mob9_dpd60,api,微众银行#mob9_dpd60#api
10000996,2989,20251225,0,Rate36,美团月付,dpd,9,60,9,mob9_dpd60,api,美团月付#mob9_dpd60#api
10000996,2989,20251225,0,Rate36,美团月付,dpd,3,30,3,mob3_dpd30,api,美团月付#mob3_dpd30#api
10000996,2990,20250116,0,Rate24,零钱罐,dpd,12,30,12,mob12_dpd30,小程序,零钱罐#mob12_dpd30#小程序
10000996,2990,20250116,0,Rate36,美团月付,fpd,,30,,fpd30,h5,美团月付#fpd30#h5
10000997,2991,20250102,1,Rate36,拍拍贷,dpd,3,60,3,mob3_dpd60,api,拍拍贷#mob3_dpd60#api
10000997,2992,20250614,1,Bank,微众银行,dpd,3,30,3,mob3_dpd30,api,微众银行#mob3_dpd30#api
10000997,2992,20250614,0,Rate36,拍拍贷,dpd,6,60,6,mob6_dpd60,api,拍拍贷#mob6_dpd60#api
10000997,2993,20240724,0,Rate36,拍拍贷,fpd,,30,,fpd30,api,拍拍贷#fpd30#api
10000998,2994,20251119,0,Rate24,零钱罐,dpd,9,60,9,mob9_dpd60,api,零钱罐#mob9_dpd60#api
10000998,2994,20251119,-2,Rate36,美团月付,dpd,12,60,12,mob12_dpd60,h5,美团月付#mob12_dpd60#h5
10000998,2994,20251119,0,Bank,百信银行,fpd,,60,,fpd60,api,百信银行#fpd60#api
10000998,2995,20250904,0,Rate24,零钱罐,dpd,3,60,3,mob3_dpd60,小程序,零钱罐#mob3_dpd60#小程序
10000998,2995,20250904,0,Rate36,拍拍贷,dpd,6,60,6,mob6_dpd60,h5,拍拍贷#mob6_dpd60#h5
10000998,2995,20250904,0,Bank,微众银行,dpd,6,60,6,mob6_dpd60,api,微众银行#mob6_dpd60#api
10000998,2996,20250606,0,Rate24,零钱罐,dpd,12,30,12,mob12_dpd30,api,零钱罐#mob12_dpd30#api
10000999,2997,20241024,0,Rate36,拍拍贷,dpd,6,30,6,mob6_dpd30,h5,拍拍贷#mob6_dpd30#h5
10000999,2997,20241024,0,Rate24,分期乐,dpd,9,60,9,mob9_dpd60,小程序,分期乐#mob9_dpd60#小程序
10000999,2998,20241128,1,Bank,微众银行,dpd,9,30,9,mob9_dpd30,京东白条,微众银行#mob9_dpd30#京东白条
10000999,2998,20241128,0,Rate24,零钱罐,dpd,6,60,6,mob6_dpd60,小程序,零钱罐#mob6_dpd60#小程序
10000999,2998,20241128,0,Bank,微众银行,fpd,,30,,fpd30,api,微众银行#fpd30#api
10000999,2999,20250122,0,Rate36,美团月付,dpd,12,60,12,mob12_dpd60,h5,美团月付#mob12_dpd60#h5
10000999,2999,20250122,-2,Bank,微众银行,dpd,3,60,3,mob3_dpd60,api,微众银行#mob3_dpd60#api
10000999,2999,20250122,0,Rate36,美团月付,dpd,9,30,9,mob9_dpd30,api,美团月付#mob9_dpd30#api
10001000,3000,20250603,0,Rate36,拍拍贷,dpd,6,30,6,mob6_dpd30,h5,拍拍贷#mob6_dpd30#h5
10001000,3000,20250603,0,Bank,百信银行,dpd,12,60,12,mob12_dpd60,api,百信银行#mob12_dpd60#api
10001000,3001,20240828,0,Bank,百信银行,fpd,,30,,fpd30,京东白条,百信银行#fpd30#京东白条
10001000,3002,20250119,0,Bank,百信银行,dpd,3,60,3,mob3_dpd60,京东白条,百信银行#mob3_dpd60#京东白条
10001001,3003,20250116,1,Bank,百信银行,dpd,12,60,12,mob12_dpd60,api,百信银行#mob12_dpd60#api
10001001,3004,20250517,0,Bank,百信银行,dpd,6,60,6,mob6_dpd60,京东白条,百信银行#mob6_dpd60#京东白条
10001001,3005,20250622,0,Bank,百信银行,dpd,3,30,3,mob3_dpd30,京东白条,百信银行#mob3_dpd30#京东白条
10001002,3006,20250711,0,Bank,百信银行,fpd,,60,,fpd60,京东白条,百信银行#fpd60#京东白条
10001002,3007,20260217,0,Bank,微众银行,fpd,,60,,fpd60,api,微众银行#fpd60#api
10001002,3008,20251016,0,Bank,百信银行,dpd,3,30,3,mob3_dpd30,api,百信银行#mob3_dpd30#api
10001003,3009,20260201,0,Bank,微众银行,dpd,3,30,3,mob3_dpd30,api,微众银行#mob3_dpd30#api
10001003,3010,20250610,1,Bank,微众银行,dpd,6,60,6,mob6_dpd60,京东白条,微众银行#mob6_dpd60#京东白条
10001003,3011,20240808,0,Bank,微众银行,fpd,,60,,fpd60,api,微众银行#fpd60#api
10001004,3012,20241008,0,Bank,微众银行,dpd,6,30,6,mob6_dpd30,京东白条,微众银行#mob6_dpd30#京东白条
10001004,3013,20250707,0,Bank,微众银行,dpd,3,30,3,mob3_dpd30,京东白条,微众银行#mob3_dpd30#京东白条
10001004,3014,20250423,0,Bank,微众银行,dpd,3,30,3,mob3_dpd30,api,微众银行#mob3_dpd30#api
10001005,3015,20250826,0,Bank,微众银行,dpd,3,30,3,mob3_dpd30,api,微众银行#mob3_dpd30#api
10001005,3016,20250402,0,Bank,百信银行,dpd,6,30,6,mob6_dpd30,api,百信银行#mob6_dpd30#api
10001005,3017,20250916,0,Bank,百信银行,dpd,3,60,3,mob3_dpd60,京东白条,百信银行#mob3_dpd60#京东白条
10001006,3018,20251011,0,Bank,微众银行,dpd,12,60,12,mob12_dpd60,京东白条,微众银行#mob12_dpd60#京东白条
10001006,3019,20241125,0,Bank,微众银行,dpd,9,30,9,mob9_dpd30,api,微众银行#mob9_dpd30#api
10001006,3020,20250620,0,Bank,百信银行,dpd,6,30,6,mob6_dpd30,京东白条,百信银行#mob6_dpd30#京东白条
10001007,3021,20251112,0,Bank,微众银行,dpd,3,60,3,mob3_dpd60,京东白条,微众银行#mob3_dpd60#京东白条
10001007,3022,20240328,0,Bank,微众银行,dpd,6,30,6,mob6_dpd30,api,微众银行#mob6_dpd30#api
10001007,3023,20250405,1,Bank,百信银行,dpd,3,60,3,mob3_dpd60,京东白条,百信银行#mob3_dpd60#京东白条
10001008,3024,20241004,0,Bank,微众银行,dpd,3,60,3,mob3_dpd60,api,微众银行#mob3_dpd60#api
10001008,3025,20250124,0,Bank,微众银行,dpd,3,30,3,mob3_dpd30,api,微众银行#mob3_dpd30#api
10001008,3026,20250716,0,Bank,微众银行,dpd,3,60,3,mob3_dpd60,京东白条,微众银行#mob3_dpd60#京东白条
10001009,3027,20241116,0,Bank,百信银行,dpd,3,30,3,mob3_dpd30,api,百信银行#mob3_dpd30#api
10001009,3028,20240525,1,Bank,微众银行,dpd,9,60,9,mob9_dpd60,api,微众银行#mob9_dpd60#api
10001009,3029,20250722,0,Bank,百信银行,dpd,9,30,9,mob9_dpd30,京东白条,百信银行#mob9_dpd30#京东白条
10001010,3030,20240808,-2,Bank,百信银行,fpd,,30,,fpd30,api,百信银行#fpd30#api
10001010,3031,20260123,0,Bank,百信银行,dpd,9,60,9,mob9_dpd60,京东白条,百信银行#mob9_dpd60#京东白条
10001010,3032,20260206,1,Bank,微众银行,fpd,,60,,fpd60,京东白条,微众银行#fpd60#京东白条
10001011,3033,20241017,0,Bank,百信银行,dpd,6,30,6,mob6_dpd30,京东白条,百信银行#mob6_dpd30#京东白条
10001011,3034,20251017,0,Bank,微众银行,dpd,6,60,6,mob6_dpd60,api,微众银行#mob6_dpd60#api
10001011,3035,20241102,0,Bank,百信银行,dpd,9,30,9,mob9_dpd30,api,百信银行#mob9_dpd30#api
10001012,3036,20240401,0,Bank,微众银行,fpd,,60,,fpd60,京东白条,微众银行#fpd60#京东白条
10001012,3037,20241213,0,Bank,百信银行,dpd,12,60,12,mob12_dpd60,api,百信银行#mob12_dpd60#api
10001012,3038,20250209,0,Bank,微众银行,dpd,12,30,12,mob12_dpd30,京东白条,微众银行#mob12_dpd30#京东白条
10001013,3039,20240625,0,Bank,微众银行,dpd,6,30,6,mob6_dpd30,京东白条,微众银行#mob6_dpd30#京东白条
10001013,3040,20250720,1,Bank,微众银行,dpd,3,30,3,mob3_dpd30,京东白条,微众银行#mob3_dpd30#京东白条
10001013,3041,20240302,0,Bank,百信银行,fpd,,30,,fpd30,京东白条,百信银行#fpd30#京东白条
10001014,3042,20240326,0,Bank,微众银行,dpd,9,60,9,mob9_dpd60,api,微众银行#mob9_dpd60#api
10001014,3043,20240606,0,Bank,百信银行,dpd,6,60,6,mob6_dpd60,api,百信银行#mob6_dpd60#api
10001014,3044,20260204,0,Bank,百信银行,dpd,6,30,6,mob6_dpd30,api,百信银行#mob6_dpd30#api
10001015,3045,20250411,0,Bank,微众银行,dpd,9,60,9,mob9_dpd60,京东白条,微众银行#mob9_dpd60#京东白条
10001015,3046,20251120,0,Bank,微众银行,dpd,12,60,12,mob12_dpd60,api,微众银行#mob12_dpd60#api
10001015,3047,20250324,0,Bank,百信银行,dpd,9,30,9,mob9_dpd30,api,百信银行#mob9_dpd30#api
10001016,3048,20250806,0,Bank,百信银行,dpd,6,30,6,mob6_dpd30,京东白条,百信银行#mob6_dpd30#京东白条
10001016,3049,20251126,0,Bank,微众银行,dpd,3,60,3,mob3_dpd60,api,微众银行#mob3_dpd60#api
10001016,3050,20240915,-2,Bank,微众银行,dpd,3,60,3,mob3_dpd60,京东白条,微众银行#mob3_dpd60#京东白条
10001017,3051,20240302,-2,Bank,百信银行,dpd,6,60,6,mob6_dpd60,api,百信银行#mob6_dpd60#api
10001017,3052,20260101,0,Bank,微众银行,dpd,6,60,6,mob6_dpd60,京东白条,微众银行#mob6_dpd60#京东白条
10001017,3053,20250209,0,Bank,百信银行,dpd,3,30,3,mob3_dpd30,api,百信银行#mob3_dpd30#api
10001018,3054,20250409,0,Bank,百信银行,dpd,6,30,6,mob6_dpd30,京东白条,百信银行#mob6_dpd30#京东白条
10001018,3055,20250912,0,Bank,百信银行,dpd,12,60,12,mob12_dpd60,api,百信银行#mob12_dpd60#api
10001018,3056,20250118,0,Bank,百信银行,dpd,9,30,9,mob9_dpd30,api,百信银行#mob9_dpd30#api
10001019,3057,20240501,1,Bank,百信银行,dpd,12,30,12,mob12_dpd30,京东白条,百信银行#mob12_dpd30#京东白条
10001019,3058,20260118,0,Bank,百信银行,dpd,12,30,12,mob12_dpd30,京东白条,百信银行#mob12_dpd30#京东白条
10001019,3059,20251014,0,Bank,微众银行,fpd,,30,,fpd30,京东白条,微众银行#fpd30#京东白条
10001020,3060,20250527,0,Bank,百信银行,dpd,9,30,9,mob9_dpd30,京东白条,百信银行#mob9_dpd30#京东白条
10001020,3061,20241102,0,Bank,百信银行,dpd,6,60,6,mob6_dpd60,api,百信银行#mob6_dpd60#api
10001020,3062,20250311,0,Bank,微众银行,dpd,6,60,6,mob6_dpd60,api,微众银行#mob6_dpd60#api
10001021,3063,20240804,-2,Bank,微众银行,dpd,9,30,9,mob9_dpd30,京东白条,微众银行#mob9_dpd30#京东白条
10001021,3064,20241016,0,Bank,百信银行,fpd,,60,,fpd60,京东白条,百信银行#fpd60#京东白条
10001021,3065,20240602,0,Bank,微众银行,dpd,6,30,6,mob6_dpd30,api,微众银行#mob6_dpd30#api
10001022,3066,20240716,0,Bank,百信银行,dpd,12,60,12,mob12_dpd60,京东白条,百信银行#mob12_dpd60#京东白条
10001022,3067,20241102,0,Bank,微众银行,fpd,,30,,fpd30,京东白条,微众银行#fpd30#京东白条
10001022,3068,20240409,0,Bank,百信银行,dpd,12,30,12,mob12_dpd30,api,百信银行#mob12_dpd30#api
10001023,3069,20250810,1,Bank,百信银行,dpd,12,60,12,mob12_dpd60,京东白条,百信银行#mob12_dpd60#京东白条
10001023,3070,20250902,0,Bank,百信银行,dpd,12,30,12,mob12_dpd30,京东白条,百信银行#mob12_dpd30#京东白条
10001023,3071,20240609,-2,Bank,百信银行,dpd,6,60,6,mob6_dpd60,京东白条,百信银行#mob6_dpd60#京东白条
10001024,3072,20251022,0,Bank,微众银行,dpd,3,30,3,mob3_dpd30,京东白条,微众银行#mob3_dpd30#京东白条
10001024,3073,20250203,0,Bank,微众银行,fpd,,30,,fpd30,api,微众银行#fpd30#api
10001024,3074,20251103,0,Bank,百信银行,dpd,9,30,9,mob9_dpd30,京东白条,百信银行#mob9_dpd30#京东白条
10001025,3075,20241120,0,Bank,百信银行,dpd,6,30,6,mob6_dpd30,京东白条,百信银行#mob6_dpd30#京东白条
10001025,3076,20260215,0,Bank,微众银行,dpd,6,30,6,mob6_dpd30,api,微众银行#mob6_dpd30#api
10001025,3077,20241017,0,Bank,百信银行,dpd,9,60,9,mob9_dpd60,api,百信银行#mob9_dpd60#api
10001026,3078,20260212,-2,Bank,微众银行,dpd,12,60,12,mob12_dpd60,api,微众银行#mob12_dpd60#api
10001026,3079,20250903,0,Bank,百信银行,dpd,3,30,3,mob3_dpd30,api,百信银行#mob3_dpd30#api
10001026,3080,20240723,-2,Bank,微众银行,dpd,6,60,6,mob6_dpd60,京东白条,微众银行#mob6_dpd60#京东白条
10001027,3081,20251126,0,Bank,微众银行,dpd,3,30,3,mob3_dpd30,api,微众银行#mob3_dpd30#api
10001027,3082,20250628,0,Bank,百信银行,dpd,6,60,6,mob6_dpd60,京东白条,百信银行#mob6_dpd60#京东白条
10001027,3083,20251222,0,Bank,微众银行,dpd,9,60,9,mob9_dpd60,京东白条,微众银行#mob9_dpd60#京东白条
10001028,3084,20251028,0,Bank,微众银行,dpd,9,30,9,mob9_dpd30,京东白条,微众银行#mob9_dpd30#京东白条
10001028,3085,20250825,1,Bank,微众银行,dpd,9,60,9,mob9_dpd60,api,微众银行#mob9_dpd60#api
10001028,3086,20240814,0,Bank,百信银行,dpd,3,60,3,mob3_dpd60,api,百信银行#mob3_dpd60#api
10001029,3087,20240522,0,Bank,百信银行,fpd,,30,,fpd30,api,百信银行#fpd30#api
10001029,3088,20260207,0,Bank,微众银行,dpd,3,30,3,mob3_dpd30,api,微众银行#mob3_dpd30#api
10001029,3089,20240422,0,Bank,百信银行,dpd,6,60,6,mob6_dpd60,api,百信银行#mob6_dpd60#api
10001030,3090,20240306,0,Bank,百信银行,dpd,3,60,3,mob3_dpd60,京东白条,百信银行#mob3_dpd60#京东白条
10001030,3091,20250520,0,Bank,微众银行,dpd,9,60,9,mob9_dpd60,api,微众银行#mob9_dpd60#api
10001030,3092,20241210,0,Bank,百信银行,dpd,9,60,9,mob9_dpd60,api,百信银行#mob9_dpd60#api
10001031,3093,20250815,0,Bank,百信银行,dpd,6,60,6,mob6_dpd60,京东白条,百信银行#mob6_dpd60#京东白条
10001031,3094,20250426,1,Bank,百信银行,dpd,12,30,12,mob12_dpd30,api,百信银行#mob12_dpd30#api
10001031,3095,20240626,0,Bank,百信银行,dpd,6,30,6,mob6_dpd30,api,百信银行#mob6_dpd30#api
10001032,3096,20241218,0,Bank,百信银行,dpd,3,30,3,mob3_dpd30,京东白条,百信银行#mob3_dpd30#京东白条
10001032,3097,20251108,0,Bank,微众银行,dpd,3,30,3,mob3_dpd30,api,微众银行#mob3_dpd30#api
10001032,3098,20260213,0,Bank,微众银行,dpd,9,30,9,mob9_dpd30,api,微众银行#mob9_dpd30#api
10001033,3099,20250728,0,Bank,百信银行,dpd,3,30,3,mob3_dpd30,api,百信银行#mob3_dpd30#api
10001033,3100,20240814,0,Bank,微众银行,dpd,6,30,6,mob6_dpd30,api,微众银行#mob6_dpd30#api
10001033,3101,20250423,0,Bank,微众银行,fpd,,30,,fpd30,京东白条,微众银行#fpd30#京东白条
10001034,3102,20241206,0,Bank,百信银行,dpd,6,60,6,mob6_dpd60,京东白条,百信银行#mob6_dpd60#京东白条
10001034,3103,20250825,0,Bank,百信银行,fpd,,30,,fpd30,京东白条,百信银行#fpd30#京东白条
10001034,3104,20240825,0,Bank,微众银行,dpd,12,60,12,mob12_dpd60,京东白条,微众银行#mob12_dpd60#京东白条
10001035,3105,20240622,0,Bank,微众银行,dpd,3,30,3,mob3_dpd30,京东白条,微众银行#mob3_dpd30#京东白条
10001035,3106,20250623,-2,Bank,百信银行,dpd,3,60,3,mob3_dpd60,京东白条,百信银行#mob3_dpd60#京东白条
10001035,3107,20240713,0,Bank,百信银行,dpd,6,60,6,mob6_dpd60,api,百信银行#mob6_dpd60#api
10001036,3108,20260224,0,Bank,百信银行,dpd,12,30,12,mob12_dpd30,api,百信银行#mob12_dpd30#api
10001036,3109,20241005,0,Bank,微众银行,dpd,6,60,6,mob6_dpd60,api,微众银行#mob6_dpd60#api
10001036,3110,20240702,0,Bank,微众银行,dpd,3,60,3,mob3_dpd60,api,微众银行#mob3_dpd60#api
10001037,3111,20241101,0,Bank,百信银行,dpd,6,60,6,mob6_dpd60,京东白条,百信银行#mob6_dpd60#京东白条
10001037,3112,20241110,-2,Bank,百信银行,dpd,12,30,12,mob12_dpd30,api,百信银行#mob12_dpd30#api
10001037,3113,20241227,0,Bank,微众银行,dpd,6,30,6,mob6_dpd30,api,微众银行#mob6_dpd30#api
10001038,3114,20240926,0,Bank,微众银行,dpd,3,60,3,mob3_dpd60,api,微众银行#mob3_dpd60#api
10001038,3115,20250703,0,Bank,百信银行,dpd,6,60,6,mob6_dpd60,api,百信银行#mob6_dpd60#api
10001038,3116,20241105,0,Bank,微众银行,dpd,6,60,6,mob6_dpd60,京东白条,微众银行#mob6_dpd60#京东白条
10001039,3117,20241218,-2,Bank,百信银行,dpd,3,60,3,mob3_dpd60,京东白条,百信银行#mob3_dpd60#京东白条
10001039,3118,20240617,1,Bank,百信银行,dpd,12,30,12,mob12_dpd30,api,百信银行#mob12_dpd30#api
10001039,3119,20250704,0,Bank,微众银行,dpd,12,30,12,mob12_dpd30,京东白条,微众银行#mob12_dpd30#京东白条
10001040,3120,20250612,0,Bank,百信银行,dpd,9,60,9,mob9_dpd60,api,百信银行#mob9_dpd60#api
10001040,3121,20251215,-2,Bank,微众银行,dpd,3,30,3,mob3_dpd30,api,微众银行#mob3_dpd30#api
10001040,3122,20240713,0,Bank,微众银行,dpd,12,60,12,mob12_dpd60,api,微众银行#mob12_dpd60#api
10001041,3123,20250726,1,Bank,微众银行,dpd,3,60,3,mob3_dpd60,api,微众银行#mob3_dpd60#api
10001041,3124,20250101,0,Bank,微众银行,dpd,9,30,9,mob9_dpd30,京东白条,微众银行#mob9_dpd30#京东白条
10001041,3125,20250622,0,Bank,微众银行,dpd,9,60,9,mob9_dpd60,api,微众银行#mob9_dpd60#api
10001042,3126,20240503,1,Bank,百信银行,dpd,12,60,12,mob12_dpd60,api,百信银行#mob12_dpd60#api
10001042,3127,20241014,0,Bank,百信银行,dpd,9,30,9,mob9_dpd30,api,百信银行#mob9_dpd30#api
10001042,3128,20240813,0,Bank,百信银行,fpd,,30,,fpd30,api,百信银行#fpd30#api
10001043,3129,20241005,0,Bank,微众银行,dpd,9,30,9,mob9_dpd30,api,微众银行#mob9_dpd30#api
10001043,3130,20251222,0,Bank,百信银行,dpd,12,30,12,mob12_dpd30,api,百信银行#mob12_dpd30#api
10001043,3131,20250721,0,Bank,百信银行,dpd,12,30,12,mob12_dpd30,京东白条,百信银行#mob12_dpd30#京东白条
10001044,3132,20250205,0,Bank,百信银行,dpd,12,30,12,mob12_dpd30,api,百信银行#mob12_dpd30#api
10001044,3133,20251121,0,Bank,百信银行,fpd,,30,,fpd30,api,百信银行#fpd30#api
10001044,3134,20250521,0,Bank,百信银行,dpd,3,60,3,mob3_dpd60,api,百信银行#mob3_dpd60#api
10001045,3135,20250814,0,Bank,百信银行,fpd,,60,,fpd60,京东白条,百信银行#fpd60#京东白条
10001045,3136,20260116,0,Bank,百信银行,dpd,9,60,9,mob9_dpd60,京东白条,百信银行#mob9_dpd60#京东白条
10001045,3137,20240524,0,Bank,微众银行,fpd,,30,,fpd30,api,微众银行#fpd30#api
10001046,3138,20260101,0,Bank,百信银行,fpd,,30,,fpd30,京东白条,百信银行#fpd30#京东白条
10001046,3139,20250615,0,Bank,百信银行,dpd,3,60,3,mob3_dpd60,api,百信银行#mob3_dpd60#api
10001046,3140,20241115,0,Bank,百信银行,dpd,9,30,9,mob9_dpd30,api,百信银行#mob9_dpd30#api
10001047,3141,20240708,0,Bank,百信银行,fpd,,30,,fpd30,api,百信银行#fpd30#api
10001047,3142,20250507,0,Bank,百信银行,dpd,3,30,3,mob3_dpd30,api,百信银行#mob3_dpd30#api
10001047,3143,20240722,0,Bank,百信银行,dpd,3,60,3,mob3_dpd60,api,百信银行#mob3_dpd60#api
10001048,3144,20241118,0,Bank,百信银行,dpd,3,60,3,mob3_dpd60,api,百信银行#mob3_dpd60#api
10001048,3145,20250115,0,Bank,百信银行,dpd,9,30,9,mob9_dpd30,api,百信银行#mob9_dpd30#api
10001048,3146,20241001,0,Bank,百信银行,dpd,3,30,3,mob3_dpd30,京东白条,百信银行#mob3_dpd30#京东白条
10001049,3147,20250124,0,Bank,微众银行,dpd,6,30,6,mob6_dpd30,京东白条,微众银行#mob6_dpd30#京东白条
10001049,3148,20240904,0,Bank,微众银行,dpd,9,30,9,mob9_dpd30,api,微众银行#mob9_dpd30#api
10001049,3149,20250626,0,Bank,微众银行,fpd,,60,,fpd60,京东白条,微众银行#fpd60#京东白条
10001050,3150,20240503,0,Bank,百信银行,dpd,12,60,12,mob12_dpd60,京东白条,百信银行#mob12_dpd60#京东白条
10001050,3151,20251201,0,Bank,百信银行,dpd,3,60,3,mob3_dpd60,api,百信银行#mob3_dpd60#api
10001050,3152,20240309,0,Bank,微众银行,dpd,9,60,9,mob9_dpd60,京东白条,微众银行#mob9_dpd60#京东白条
10001051,3153,20240510,0,Bank,百信银行,fpd,,30,,fpd30,京东白条,百信银行#fpd30#京东白条
10001051,3154,20250104,0,Bank,百信银行,fpd,,60,,fpd60,京东白条,百信银行#fpd60#京东白条
10001051,3155,20240302,0,Bank,微众银行,fpd,,60,,fpd60,京东白条,微众银行#fpd60#京东白条
10001052,3156,20260216,0,Bank,百信银行,dpd,6,30,6,mob6_dpd30,api,百信银行#mob6_dpd30#api
10001052,3157,20240401,0,Bank,微众银行,dpd,12,60,12,mob12_dpd60,api,微众银行#mob12_dpd60#api
10001052,3158,20251020,0,Bank,百信银行,dpd,9,30,9,mob9_dpd30,api,百信银行#mob9_dpd30#api
10001053,3159,20260104,0,Bank,百信银行,dpd,9,60,9,mob9_dpd60,京东白条,百信银行#mob9_dpd60#京东白条
10001053,3160,20240817,-2,Bank,微众银行,dpd,9,30,9,mob9_dpd30,api,微众银行#mob9_dpd30#api
10001053,3161,20250508,0,Bank,微众银行,dpd,9,60,9,mob9_dpd60,京东白条,微众银行#mob9_dpd60#京东白条
10001054,3162,20250501,1,Bank,百信银行,dpd,3,60,3,mob3_dpd60,京东白条,百信银行#mob3_dpd60#京东白条
10001054,3163,20250604,0,Bank,百信银行,dpd,9,60,9,mob9_dpd60,京东白条,百信银行#mob9_dpd60#京东白条
10001054,3164,20241225,0,Bank,百信银行,fpd,,30,,fpd30,api,百信银行#fpd30#api
10001055,3165,20260207,0,Bank,微众银行,dpd,6,30,6,mob6_dpd30,京东白条,微众银行#mob6_dpd30#京东白条
10001055,3166,20250612,0,Bank,百信银行,dpd,12,60,12,mob12_dpd60,api,百信银行#mob12_dpd60#api
10001055,3167,20240712,0,Bank,微众银行,dpd,6,30,6,mob6_dpd30,api,微众银行#mob6_dpd30#api
10001056,3168,20250610,0,Bank,百信银行,fpd,,30,,fpd30,api,百信银行#fpd30#api
10001056,3169,20260121,1,Bank,微众银行,dpd,9,60,9,mob9_dpd60,api,微众银行#mob9_dpd60#api
10001056,3170,20240323,0,Bank,百信银行,fpd,,30,,fpd30,api,百信银行#fpd30#api
10001057,3171,20241027,0,Bank,百信银行,dpd,9,60,9,mob9_dpd60,api,百信银行#mob9_dpd60#api
10001057,3172,20240727,0,Bank,微众银行,dpd,3,30,3,mob3_dpd30,京东白条,微众银行#mob3_dpd30#京东白条
10001057,3173,20240615,0,Bank,百信银行,fpd,,60,,fpd60,api,百信银行#fpd60#api
10001058,3174,20250809,0,Bank,微众银行,dpd,3,60,3,mob3_dpd60,api,微众银行#mob3_dpd60#api
10001058,3175,20250214,0,Bank,百信银行,dpd,3,60,3,mob3_dpd60,京东白条,百信银行#mob3_dpd60#京东白条
10001058,3176,20240404,0,Bank,百信银行,fpd,,30,,fpd30,京东白条,百信银行#fpd30#京东白条
10001059,3177,20250114,0,Bank,微众银行,fpd,,30,,fpd30,京东白条,微众银行#fpd30#京东白条
10001059,3178,20241007,0,Bank,百信银行,dpd,6,30,6,mob6_dpd30,api,百信银行#mob6_dpd30#api
10001059,3179,20260202,0,Bank,微众银行,dpd,3,30,3,mob3_dpd30,api,微众银行#mob3_dpd30#api
10001060,3180,20240505,-2,Bank,微众银行,dpd,9,30,9,mob9_dpd30,api,微众银行#mob9_dpd30#api
10001060,3181,20260109,0,Bank,微众银行,dpd,6,60,6,mob6_dpd60,京东白条,微众银行#mob6_dpd60#京东白条
10001060,3182,20250202,0,Bank,百信银行,dpd,3,60,3,mob3_dpd60,京东白条,百信银行#mob3_dpd60#京东白条
10001061,3183,20240925,0,Bank,微众银行,dpd,3,30,3,mob3_dpd30,京东白条,微众银行#mob3_dpd30#京东白条
10001061,3184,20250126,0,Bank,微众银行,dpd,12,30,12,mob12_dpd30,api,微众银行#mob12_dpd30#api
10001061,3185,20260226,0,Bank,百信银行,dpd,3,30,3,mob3_dpd30,京东白条,百信银行#mob3_dpd30#京东白条
10001062,3186,20260207,0,Bank,微众银行,dpd,9,30,9,mob9_dpd30,api,微众银行#mob9_dpd30#api
10001062,3187,20240412,0,Bank,微众银行,fpd,,60,,fpd60,api,微众银行#fpd60#api
10001062,3188,20250103,0,Bank,微众银行,dpd,3,60,3,mob3_dpd60,京东白条,微众银行#mob3_dpd60#京东白条
10001063,3189,20241216,0,Bank,微众银行,dpd,6,60,6,mob6_dpd60,api,微众银行#mob6_dpd60#api
10001063,3190,20251013,1,Bank,百信银行,fpd,,60,,fpd60,api,百信银行#fpd60#api
10001063,3191,20251117,0,Bank,微众银行,dpd,6,60,6,mob6_dpd60,京东白条,微众银行#mob6_dpd60#京东白条
10001064,3192,20241007,0,Bank,百信银行,fpd,,30,,fpd30,api,百信银行#fpd30#api
10001064,3193,20240818,-2,Bank,微众银行,dpd,3,30,3,mob3_dpd30,api,微众银行#mob3_dpd30#api
10001064,3194,20240809,0,Bank,百信银行,dpd,3,60,3,mob3_dpd60,api,百信银行#mob3_dpd60#api
10001065,3195,20251118,0,Bank,微众银行,dpd,3,30,3,mob3_dpd30,api,微众银行#mob3_dpd30#api
10001065,3196,20251003,0,Bank,微众银行,dpd,9,30,9,mob9_dpd30,api,微众银行#mob9_dpd30#api
10001065,3197,20250621,0,Bank,微众银行,fpd,,60,,fpd60,api,微众银行#fpd60#api
10001066,3198,20250204,0,Bank,微众银行,fpd,,30,,fpd30,api,微众银行#fpd30#api
10001066,3199,20241124,0,Bank,百信银行,dpd,9,60,9,mob9_dpd60,京东白条,百信银行#mob9_dpd60#京东白条
10001066,3200,20250711,0,Bank,百信银行,dpd,6,60,6,mob6_dpd60,京东白条,百信银行#mob6_dpd60#京东白条
10001067,3201,20241013,0,Bank,微众银行,dpd,12,30,12,mob12_dpd30,京东白条,微众银行#mob12_dpd30#京东白条
10001067,3202,20240515,0,Bank,微众银行,dpd,9,30,9,mob9_dpd30,api,微众银行#mob9_dpd30#api
10001067,3203,20250507,0,Bank,百信银行,dpd,9,60,9,mob9_dpd60,api,百信银行#mob9_dpd60#api
10001068,3204,20250620,0,Bank,百信银行,dpd,9,30,9,mob9_dpd30,api,百信银行#mob9_dpd30#api
10001068,3205,20240521,0,Bank,微众银行,fpd,,60,,fpd60,api,微众银行#fpd60#api
10001068,3206,20251205,0,Bank,微众银行,fpd,,30,,fpd30,api,微众银行#fpd30#api
10001069,3207,20240413,0,Bank,微众银行,dpd,3,30,3,mob3_dpd30,京东白条,微众银行#mob3_dpd30#京东白条
10001069,3208,20240307,0,Bank,百信银行,dpd,3,30,3,mob3_dpd30,京东白条,百信银行#mob3_dpd30#京东白条
10001069,3209,20240828,0,Bank,百信银行,dpd,6,30,6,mob6_dpd30,京东白条,百信银行#mob6_dpd30#京东白条
10001070,3210,20250102,0,Bank,微众银行,fpd,,30,,fpd30,京东白条,微众银行#fpd30#京东白条
10001070,3211,20250604,0,Bank,微众银行,dpd,12,30,12,mob12_dpd30,api,微众银行#mob12_dpd30#api
10001070,3212,20240811,0,Bank,微众银行,dpd,3,60,3,mob3_dpd60,api,微众银行#mob3_dpd60#api
10001071,3213,20240520,0,Bank,微众银行,dpd,6,30,6,mob6_dpd30,京东白条,微众银行#mob6_dpd30#京东白条
10001071,3214,20260224,0,Bank,微众银行,dpd,6,30,6,mob6_dpd30,api,微众银行#mob6_dpd30#api
10001071,3215,20250712,-2,Bank,百信银行,dpd,12,60,12,mob12_dpd60,京东白条,百信银行#mob12_dpd60#京东白条
10001072,3216,20250719,0,Bank,百信银行,fpd,,30,,fpd30,api,百信银行#fpd30#api
10001072,3217,20240515,0,Bank,百信银行,dpd,6,30,6,mob6_dpd30,京东白条,百信银行#mob6_dpd30#京东白条
10001072,3218,20251003,0,Bank,百信银行,dpd,3,30,3,mob3_dpd30,京东白条,百信银行#mob3_dpd30#京东白条
10001073,3219,20260209,0,Bank,微众银行,dpd,9,30,9,mob9_dpd30,京东白条,微众银行#mob9_dpd30#京东白条
10001073,3220,20251105,0,Bank,微众银行,dpd,12,60,12,mob12_dpd60,api,微众银行#mob12_dpd60#api
10001073,3221,20251012,0,Bank,微众银行,dpd,12,30,12,mob12_dpd30,api,微众银行#mob12_dpd30#api
10001074,3222,20240804,0,Bank,微众银行,dpd,9,30,9,mob9_dpd30,京东白条,微众银行#mob9_dpd30#京东白条
10001074,3223,20250119,0,Bank,微众银行,dpd,12,30,12,mob12_dpd30,api,微众银行#mob12_dpd30#api
10001074,3224,20240616,0,Bank,百信银行,dpd,9,30,9,mob9_dpd30,京东白条,百信银行#mob9_dpd30#京东白条
10001075,3225,20240427,0,Bank,微众银行,dpd,9,30,9,mob9_dpd30,api,微众银行#mob9_dpd30#api
10001075,3226,20240607,0,Bank,百信银行,dpd,12,30,12,mob12_dpd30,api,百信银行#mob12_dpd30#api
10001075,3227,20260111,0,Bank,百信银行,dpd,12,30,12,mob12_dpd30,京东白条,百信银行#mob12_dpd30#京东白条
10001076,3228,20250123,0,Bank,微众银行,dpd,12,30,12,mob12_dpd30,api,微众银行#mob12_dpd30#api
10001076,3229,20241111,0,Bank,百信银行,dpd,12,30,12,mob12_dpd30,京东白条,百信银行#mob12_dpd30#京东白条
10001076,3230,20251219,0,Bank,微众银行,dpd,6,30,6,mob6_dpd30,京东白条,微众银行#mob6_dpd30#京东白条
10001077,3231,20251004,0,Bank,百信银行,dpd,12,60,12,mob12_dpd60,api,百信银行#mob12_dpd60#api
10001077,3232,20241006,0,Bank,微众银行,dpd,3,30,3,mob3_dpd30,京东白条,微众银行#mob3_dpd30#京东白条
10001077,3233,20250815,0,Bank,百信银行,dpd,3,60,3,mob3_dpd60,api,百信银行#mob3_dpd60#api
10001078,3234,20240410,0,Bank,微众银行,fpd,,60,,fpd60,京东白条,微众银行#fpd60#京东白条
10001078,3235,20241017,0,Bank,微众银行,fpd,,60,,fpd60,京东白条,微众银行#fpd60#京东白条
10001078,3236,20250321,0,Bank,百信银行,dpd,6,60,6,mob6_dpd60,京东白条,百信银行#mob6_dpd60#京东白条
10001079,3237,20241005,0,Bank,百信银行,dpd,6,30,6,mob6_dpd30,京东白条,百信银行#mob6_dpd30#京东白条
10001079,3238,20260227,0,Bank,百信银行,dpd,3,60,3,mob3_dpd60,京东白条,百信银行#mob3_dpd60#京东白条
10001079,3239,20250310,0,Bank,百信银行,dpd,3,30,3,mob3_dpd30,京东白条,百信银行#mob3_dpd30#京东白条
10001080,3240,20251203,0,Bank,微众银行,dpd,9,30,9,mob9_dpd30,京东白条,微众银行#mob9_dpd30#京东白条
10001080,3241,20250719,0,Bank,微众银行,dpd,9,60,9,mob9_dpd60,api,微众银行#mob9_dpd60#api
10001080,3242,20250520,1,Bank,百信银行,dpd,12,60,12,mob12_dpd60,京东白条,百信银行#mob12_dpd60#京东白条
10001081,3243,20250617,0,Bank,微众银行,dpd,12,30,12,mob12_dpd30,京东白条,微众银行#mob12_dpd30#京东白条
10001081,3244,20240927,0,Bank,微众银行,fpd,,60,,fpd60,api,微众银行#fpd60#api
10001081,3245,20251205,0,Bank,微众银行,dpd,12,30,12,mob12_dpd30,api,微众银行#mob12_dpd30#api
10001082,3246,20250309,0,Bank,微众银行,dpd,3,30,3,mob3_dpd30,京东白条,微众银行#mob3_dpd30#京东白条
10001082,3247,20250818,0,Bank,微众银行,dpd,6,60,6,mob6_dpd60,京东白条,微众银行#mob6_dpd60#京东白条
10001082,3248,20240803,0,Bank,百信银行,fpd,,60,,fpd60,api,百信银行#fpd60#api
10001083,3249,20240812,0,Bank,微众银行,dpd,6,30,6,mob6_dpd30,京东白条,微众银行#mob6_dpd30#京东白条
10001083,3250,20250627,0,Bank,微众银行,dpd,9,60,9,mob9_dpd60,京东白条,微众银行#mob9_dpd60#京东白条
10001083,3251,20251020,0,Bank,百信银行,fpd,,30,,fpd30,京东白条,百信银行#fpd30#京东白条
10001084,3252,20250728,0,Bank,微众银行,fpd,,60,,fpd60,京东白条,微众银行#fpd60#京东白条
10001084,3253,20241124,0,Bank,微众银行,dpd,6,30,6,mob6_dpd30,京东白条,微众银行#mob6_dpd30#京东白条
10001084,3254,20251225,0,Bank,微众银行,fpd,,30,,fpd30,api,微众银行#fpd30#api
10001085,3255,20240914,0,Bank,百信银行,dpd,9,30,9,mob9_dpd30,京东白条,百信银行#mob9_dpd30#京东白条
10001085,3256,20250622,0,Bank,微众银行,dpd,3,60,3,mob3_dpd60,京东白条,微众银行#mob3_dpd60#京东白条
10001085,3257,20240401,0,Bank,微众银行,fpd,,60,,fpd60,api,微众银行#fpd60#api
10001086,3258,20240718,0,Bank,百信银行,dpd,3,60,3,mob3_dpd60,京东白条,百信银行#mob3_dpd60#京东白条
10001086,3259,20241011,0,Bank,微众银行,dpd,9,30,9,mob9_dpd30,api,微众银行#mob9_dpd30#api
10001086,3260,20251207,-2,Bank,百信银行,dpd,12,30,12,mob12_dpd30,api,百信银行#mob12_dpd30#api
10001087,3261,20241203,0,Bank,微众银行,dpd,3,30,3,mob3_dpd30,京东白条,微众银行#mob3_dpd30#京东白条
10001087,3262,20250613,0,Bank,微众银行,dpd,6,30,6,mob6_dpd30,京东白条,微众银行#mob6_dpd30#京东白条
10001087,3263,20250916,0,Bank,百信银行,fpd,,30,,fpd30,京东白条,百信银行#fpd30#京东白条
10001088,3264,20240328,-2,Bank,微众银行,dpd,6,30,6,mob6_dpd30,api,微众银行#mob6_dpd30#api
10001088,3265,20240628,0,Bank,百信银行,fpd,,30,,fpd30,京东白条,百信银行#fpd30#京东白条
10001088,3266,20250510,1,Bank,微众银行,dpd,9,30,9,mob9_dpd30,api,微众银行#mob9_dpd30#api
10001089,3267,20250802,0,Bank,百信银行,fpd,,60,,fpd60,京东白条,百信银行#fpd60#京东白条
10001089,3268,20250222,0,Bank,百信银行,dpd,3,60,3,mob3_dpd60,api,百信银行#mob3_dpd60#api
10001089,3269,20260105,0,Bank,百信银行,dpd,3,30,3,mob3_dpd30,api,百信银行#mob3_dpd30#api
10001090,3270,20241108,-2,Bank,百信银行,dpd,3,60,3,mob3_dpd60,京东白条,百信银行#mob3_dpd60#京东白条
10001090,3271,20250607,-2,Bank,微众银行,dpd,12,30,12,mob12_dpd30,京东白条,微众银行#mob12_dpd30#京东白条
10001090,3272,20240921,0,Bank,百信银行,fpd,,30,,fpd30,京东白条,百信银行#fpd30#京东白条
10001091,3273,20240812,0,Bank,百信银行,dpd,3,60,3,mob3_dpd60,api,百信银行#mob3_dpd60#api
10001091,3274,20241111,0,Bank,百信银行,dpd,3,60,3,mob3_dpd60,京东白条,百信银行#mob3_dpd60#京东白条
10001091,3275,20251126,0,Bank,微众银行,dpd,3,60,3,mob3_dpd60,京东白条,微众银行#mob3_dpd60#京东白条
10001092,3276,20240618,1,Bank,百信银行,dpd,3,30,3,mob3_dpd30,api,百信银行#mob3_dpd30#api
10001092,3277,20250423,-2,Bank,百信银行,dpd,3,30,3,mob3_dpd30,京东白条,百信银行#mob3_dpd30#京东白条
10001092,3278,20260103,0,Bank,百信银行,dpd,9,60,9,mob9_dpd60,api,百信银行#mob9_dpd60#api
10001093,3279,20241223,0,Bank,百信银行,fpd,,30,,fpd30,api,百信银行#fpd30#api
10001093,3280,20241227,0,Bank,微众银行,dpd,12,30,12,mob12_dpd30,京东白条,微众银行#mob12_dpd30#京东白条
10001093,3281,20251120,0,Bank,微众银行,dpd,6,30,6,mob6_dpd30,api,微众银行#mob6_dpd30#api
10001094,3282,20240419,-2,Bank,微众银行,fpd,,30,,fpd30,api,微众银行#fpd30#api
10001094,3283,20240608,0,Bank,微众银行,dpd,3,30,3,mob3_dpd30,api,微众银行#mob3_dpd30#api
10001094,3284,20251217,-2,Bank,微众银行,dpd,9,60,9,mob9_dpd60,京东白条,微众银行#mob9_dpd60#京东白条
10001095,3285,20250626,0,Bank,百信银行,fpd,,60,,fpd60,京东白条,百信银行#fpd60#京东白条
10001095,3286,20250905,0,Bank,百信银行,dpd,3,60,3,mob3_dpd60,京东白条,百信银行#mob3_dpd60#京东白条
10001095,3287,20260115,0,Bank,微众银行,dpd,12,30,12,mob12_dpd30,api,微众银行#mob12_dpd30#api
10001096,3288,20250711,0,Bank,百信银行,dpd,3,30,3,mob3_dpd30,京东白条,百信银行#mob3_dpd30#京东白条
10001096,3289,20250903,0,Bank,微众银行,dpd,3,30,3,mob3_dpd30,api,微众银行#mob3_dpd30#api
10001096,3290,20250418,0,Bank,百信银行,dpd,9,30,9,mob9_dpd30,京东白条,百信银行#mob9_dpd30#京东白条
10001097,3291,20240828,0,Bank,微众银行,fpd,,60,,fpd60,api,微众银行#fpd60#api
10001097,3292,20250615,0,Bank,微众银行,dpd,9,30,9,mob9_dpd30,api,微众银行#mob9_dpd30#api
10001097,3293,20240301,0,Bank,百信银行,dpd,6,30,6,mob6_dpd30,京东白条,百信银行#mob6_dpd30#京东白条
10001098,3294,20250107,0,Bank,微众银行,dpd,3,30,3,mob3_dpd30,api,微众银行#mob3_dpd30#api
10001098,3295,20240820,0,Bank,微众银行,fpd,,30,,fpd30,api,微众银行#fpd30#api
10001098,3296,20251111,0,Bank,百信银行,dpd,9,60,9,mob9_dpd60,api,百信银行#mob9_dpd60#api
10001099,3297,20241207,0,Bank,微众银行,dpd,3,60,3,mob3_dpd60,京东白条,微众银行#mob3_dpd60#京东白条
10001099,3298,20240319,0,Bank,百信银行,dpd,6,30,6,mob6_dpd30,京东白条,百信银行#mob6_dpd30#京东白条
10001099,3299,20250306,0,Bank,百信银行,dpd,6,30,6,mob6_dpd30,api,百信银行#mob6_dpd30#api
10001100,3300,20240418,-2,Bank,百信银行,dpd,9,30,9,mob9_dpd30,api,百信银行#mob9_dpd30#api
10001100,3301,20251002,0,Bank,微众银行,dpd,6,30,6,mob6_dpd30,京东白条,微众银行#mob6_dpd30#京东白条
10001100,3302,20260121,1,Bank,百信银行,fpd,,30,,fpd30,京东白条,百信银行#fpd30#京东白条
10001101,3303,20250815,0,Bank,百信银行,dpd,12,60,12,mob12_dpd60,api,百信银行#mob12_dpd60#api
10001101,3304,20241115,0,Bank,百信银行,dpd,12,30,12,mob12_dpd30,api,百信银行#mob12_dpd30#api
10001101,3305,20250812,0,Bank,百信银行,fpd,,30,,fpd30,京东白条,百信银行#fpd30#京东白条
10001102,3306,20240715,0,Bank,百信银行,dpd,6,60,6,mob6_dpd60,京东白条,百信银行#mob6_dpd60#京东白条
10001102,3307,20251010,-2,Bank,微众银行,dpd,12,60,12,mob12_dpd60,api,微众银行#mob12_dpd60#api
10001102,3308,20250626,0,Bank,微众银行,dpd,3,60,3,mob3_dpd60,京东白条,微众银行#mob3_dpd60#京东白条
10001103,3309,20250324,0,Bank,微众银行,dpd,12,30,12,mob12_dpd30,京东白条,微众银行#mob12_dpd30#京东白条
10001103,3310,20250610,0,Bank,百信银行,dpd,12,30,12,mob12_dpd30,京东白条,百信银行#mob12_dpd30#京东白条
10001103,3311,20240414,0,Bank,百信银行,dpd,6,60,6,mob6_dpd60,api,百信银行#mob6_dpd60#api
10001104,3312,20250904,0,Bank,百信银行,dpd,12,30,12,mob12_dpd30,京东白条,百信银行#mob12_dpd30#京东白条
10001104,3313,20240723,-2,Bank,微众银行,dpd,6,60,6,mob6_dpd60,api,微众银行#mob6_dpd60#api
10001104,3314,20240420,0,Bank,微众银行,fpd,,30,,fpd30,京东白条,微众银行#fpd30#京东白条
10001105,3315,20250302,0,Bank,微众银行,dpd,12,60,12,mob12_dpd60,京东白条,微众银行#mob12_dpd60#京东白条
10001105,3316,20240827,0,Bank,百信银行,dpd,9,30,9,mob9_dpd30,api,百信银行#mob9_dpd30#api
10001105,3317,20250621,0,Bank,百信银行,dpd,12,30,12,mob12_dpd30,api,百信银行#mob12_dpd30#api
10001106,3318,20250924,0,Bank,微众银行,dpd,9,30,9,mob9_dpd30,京东白条,微众银行#mob9_dpd30#京东白条
10001106,3319,20240722,0,Bank,微众银行,dpd,3,60,3,mob3_dpd60,京东白条,微众银行#mob3_dpd60#京东白条
10001106,3320,20260212,1,Bank,微众银行,dpd,12,60,12,mob12_dpd60,京东白条,微众银行#mob12_dpd60#京东白条
10001107,3321,20251119,0,Bank,百信银行,dpd,3,60,3,mob3_dpd60,api,百信银行#mob3_dpd60#api
10001107,3322,20250106,0,Bank,百信银行,fpd,,30,,fpd30,api,百信银行#fpd30#api
10001107,3323,20251125,0,Bank,微众银行,dpd,6,30,6,mob6_dpd30,api,微众银行#mob6_dpd30#api
10001108,3324,20240526,0,Bank,百信银行,dpd,6,60,6,mob6_dpd60,api,百信银行#mob6_dpd60#api
10001108,3325,20260105,0,Bank,微众银行,dpd,9,60,9,mob9_dpd60,api,微众银行#mob9_dpd60#api
10001108,3326,20260201,0,Bank,微众银行,dpd,6,60,6,mob6_dpd60,api,微众银行#mob6_dpd60#api
10001109,3327,20260228,0,Bank,微众银行,dpd,9,30,9,mob9_dpd30,京东白条,微众银行#mob9_dpd30#京东白条
10001109,3328,20240812,0,Bank,微众银行,dpd,12,30,12,mob12_dpd30,京东白条,微众银行#mob12_dpd30#京东白条
10001109,3329,20240513,0,Bank,微众银行,dpd,9,60,9,mob9_dpd60,京东白条,微众银行#mob9_dpd60#京东白条
10001110,3330,20240926,0,Bank,百信银行,dpd,12,60,12,mob12_dpd60,京东白条,百信银行#mob12_dpd60#京东白条
10001110,3331,20260228,0,Bank,百信银行,dpd,9,30,9,mob9_dpd30,京东白条,百信银行#mob9_dpd30#京东白条
10001110,3332,20251223,0,Bank,微众银行,fpd,,30,,fpd30,京东白条,微众银行#fpd30#京东白条
10001111,3333,20241023,0,Bank,微众银行,dpd,12,30,12,mob12_dpd30,京东白条,微众银行#mob12_dpd30#京东白条
10001111,3334,20240613,0,Bank,百信银行,dpd,9,30,9,mob9_dpd30,京东白条,百信银行#mob9_dpd30#京东白条
10001111,3335,20250108,0,Bank,百信银行,dpd,3,60,3,mob3_dpd60,api,百信银行#mob3_dpd60#api
10001112,3336,20240721,0,Bank,微众银行,dpd,6,60,6,mob6_dpd60,京东白条,微众银行#mob6_dpd60#京东白条
10001112,3337,20250507,0,Bank,百信银行,dpd,3,60,3,mob3_dpd60,api,百信银行#mob3_dpd60#api
10001112,3338,20250926,0,Bank,百信银行,dpd,3,30,3,mob3_dpd30,api,百信银行#mob3_dpd30#api
10001113,3339,20251205,0,Bank,百信银行,dpd,3,30,3,mob3_dpd30,京东白条,百信银行#mob3_dpd30#京东白条
10001113,3340,20240909,0,Bank,百信银行,dpd,12,30,12,mob12_dpd30,京东白条,百信银行#mob12_dpd30#京东白条
10001113,3341,20250125,-2,Bank,百信银行,dpd,12,30,12,mob12_dpd30,api,百信银行#mob12_dpd30#api
10001114,3342,20250606,0,Bank,微众银行,dpd,9,30,9,mob9_dpd30,京东白条,微众银行#mob9_dpd30#京东白条
10001114,3343,20240917,0,Bank,微众银行,fpd,,60,,fpd60,api,微众银行#fpd60#api
10001114,3344,20240812,0,Bank,百信银行,dpd,3,60,3,mob3_dpd60,api,百信银行#mob3_dpd60#api
10001115,3345,20250312,0,Bank,微众银行,fpd,,60,,fpd60,api,微众银行#fpd60#api
10001115,3346,20251226,1,Bank,百信银行,dpd,12,60,12,mob12_dpd60,api,百信银行#mob12_dpd60#api
10001115,3347,20251002,0,Bank,百信银行,dpd,9,60,9,mob9_dpd60,api,百信银行#mob9_dpd60#api
10001116,3348,20260111,0,Bank,微众银行,dpd,3,30,3,mob3_dpd30,京东白条,微众银行#mob3_dpd30#京东白条
10001116,3349,20250224,1,Bank,百信银行,dpd,12,30,12,mob12_dpd30,京东白条,百信银行#mob12_dpd30#京东白条
10001116,3350,20250208,0,Bank,微众银行,dpd,3,60,3,mob3_dpd60,京东白条,微众银行#mob3_dpd60#京东白条
10001117,3351,20250924,0,Bank,百信银行,dpd,6,30,6,mob6_dpd30,api,百信银行#mob6_dpd30#api
10001117,3352,20251220,-2,Bank,微众银行,dpd,12,30,12,mob12_dpd30,京东白条,微众银行#mob12_dpd30#京东白条
10001117,3353,20240521,0,Bank,百信银行,dpd,9,60,9,mob9_dpd60,京东白条,百信银行#mob9_dpd60#京东白条
10001118,3354,20250928,0,Bank,百信银行,dpd,3,30,3,mob3_dpd30,京东白条,百信银行#mob3_dpd30#京东白条
10001118,3355,20240914,0,Bank,百信银行,fpd,,30,,fpd30,api,百信银行#fpd30#api
10001118,3356,20250615,0,Bank,微众银行,dpd,6,30,6,mob6_dpd30,api,微众银行#mob6_dpd30#api
10001119,3357,20240415,0,Bank,微众银行,dpd,12,30,12,mob12_dpd30,京东白条,微众银行#mob12_dpd30#京东白条
10001119,3358,20250516,0,Bank,微众银行,dpd,6,60,6,mob6_dpd60,api,微众银行#mob6_dpd60#api
10001119,3359,20250804,0,Bank,百信银行,dpd,6,30,6,mob6_dpd30,api,百信银行#mob6_dpd30#api
10001120,3360,20250124,0,Bank,百信银行,dpd,9,60,9,mob9_dpd60,京东白条,百信银行#mob9_dpd60#京东白条
10001120,3361,20250421,0,Bank,百信银行,dpd,3,60,3,mob3_dpd60,api,百信银行#mob3_dpd60#api
10001120,3362,20250928,0,Bank,微众银行,dpd,9,60,9,mob9_dpd60,京东白条,微众银行#mob9_dpd60#京东白条
10001121,3363,20241204,0,Bank,百信银行,dpd,12,60,12,mob12_dpd60,京东白条,百信银行#mob12_dpd60#京东白条
10001121,3364,20240319,0,Bank,微众银行,dpd,3,60,3,mob3_dpd60,api,微众银行#mob3_dpd60#api
10001121,3365,20250412,0,Bank,百信银行,fpd,,30,,fpd30,京东白条,百信银行#fpd30#京东白条
10001122,3366,20260110,0,Bank,微众银行,dpd,3,30,3,mob3_dpd30,api,微众银行#mob3_dpd30#api
10001122,3367,20251203,1,Bank,微众银行,dpd,6,60,6,mob6_dpd60,京东白条,微众银行#mob6_dpd60#京东白条
10001122,3368,20260105,0,Bank,微众银行,dpd,9,30,9,mob9_dpd30,api,微众银行#mob9_dpd30#api
10001123,3369,20240623,0,Bank,百信银行,fpd,,30,,fpd30,京东白条,百信银行#fpd30#京东白条
10001123,3370,20250413,0,Bank,百信银行,dpd,3,30,3,mob3_dpd30,api,百信银行#mob3_dpd30#api
10001123,3371,20250912,0,Bank,百信银行,dpd,9,60,9,mob9_dpd60,京东白条,百信银行#mob9_dpd60#京东白条
10001124,3372,20241205,0,Bank,微众银行,dpd,3,60,3,mob3_dpd60,京东白条,微众银行#mob3_dpd60#京东白条
10001124,3373,20240609,0,Bank,微众银行,dpd,9,30,9,mob9_dpd30,api,微众银行#mob9_dpd30#api
10001124,3374,20260205,0,Bank,微众银行,dpd,12,30,12,mob12_dpd30,api,微众银行#mob12_dpd30#api
10001125,3375,20241220,0,Bank,微众银行,fpd,,30,,fpd30,京东白条,微众银行#fpd30#京东白条
10001125,3376,20241020,0,Bank,百信银行,fpd,,30,,fpd30,api,百信银行#fpd30#api
10001125,3377,20260210,0,Bank,百信银行,dpd,9,30,9,mob9_dpd30,京东白条,百信银行#mob9_dpd30#京东白条
10001126,3378,20240923,0,Bank,微众银行,dpd,12,30,12,mob12_dpd30,京东白条,微众银行#mob12_dpd30#京东白条
10001126,3379,20240606,0,Bank,微众银行,dpd,12,60,12,mob12_dpd60,京东白条,微众银行#mob12_dpd60#京东白条
10001126,3380,20240506,1,Bank,微众银行,dpd,9,60,9,mob9_dpd60,京东白条,微众银行#mob9_dpd60#京东白条
10001127,3381,20250210,0,Bank,微众银行,dpd,3,60,3,mob3_dpd60,京东白条,微众银行#mob3_dpd60#京东白条
10001127,3382,20250811,0,Bank,百信银行,dpd,6,60,6,mob6_dpd60,api,百信银行#mob6_dpd60#api
10001127,3383,20260113,0,Bank,微众银行,dpd,6,30,6,mob6_dpd30,api,微众银行#mob6_dpd30#api
10001128,3384,20250602,0,Bank,百信银行,dpd,3,60,3,mob3_dpd60,api,百信银行#mob3_dpd60#api
10001128,3385,20240824,0,Bank,微众银行,dpd,3,30,3,mob3_dpd30,京东白条,微众银行#mob3_dpd30#京东白条
10001128,3386,20250111,0,Bank,百信银行,dpd,6,60,6,mob6_dpd60,京东白条,百信银行#mob6_dpd60#京东白条
10001129,3387,20251014,0,Bank,微众银行,dpd,12,30,12,mob12_dpd30,api,微众银行#mob12_dpd30#api
10001129,3388,20250206,0,Bank,微众银行,dpd,6,30,6,mob6_dpd30,京东白条,微众银行#mob6_dpd30#京东白条
10001129,3389,20240703,0,Bank,百信银行,dpd,3,60,3,mob3_dpd60,京东白条,百信银行#mob3_dpd60#京东白条
10001130,3390,20250217,0,Bank,百信银行,dpd,6,60,6,mob6_dpd60,京东白条,百信银行#mob6_dpd60#京东白条
10001130,3391,20250112,0,Bank,微众银行,dpd,6,30,6,mob6_dpd30,api,微众银行#mob6_dpd30#api
10001130,3392,20250624,0,Bank,百信银行,dpd,6,30,6,mob6_dpd30,京东白条,百信银行#mob6_dpd30#京东白条
10001131,3393,20240822,1,Bank,百信银行,dpd,6,60,6,mob6_dpd60,京东白条,百信银行#mob6_dpd60#京东白条
10001131,3394,20240717,0,Bank,微众银行,dpd,12,30,12,mob12_dpd30,京东白条,微众银行#mob12_dpd30#京东白条
10001131,3395,20260108,1,Bank,微众银行,dpd,12,30,12,mob12_dpd30,api,微众银行#mob12_dpd30#api
10001132,3396,20251116,0,Bank,微众银行,dpd,12,60,12,mob12_dpd60,api,微众银行#mob12_dpd60#api
10001132,3397,20250909,-2,Bank,微众银行,dpd,12,30,12,mob12_dpd30,api,微众银行#mob12_dpd30#api
10001132,3398,20251113,0,Bank,百信银行,fpd,,60,,fpd60,api,百信银行#fpd60#api
10001133,3399,20250714,0,Bank,微众银行,fpd,,60,,fpd60,api,微众银行#fpd60#api
10001133,3400,20241107,0,Bank,百信银行,dpd,12,30,12,mob12_dpd30,京东白条,百信银行#mob12_dpd30#京东白条
10001133,3401,20251225,1,Bank,百信银行,dpd,6,30,6,mob6_dpd30,京东白条,百信银行#mob6_dpd30#京东白条
10001134,3402,20250105,0,Bank,百信银行,dpd,3,60,3,mob3_dpd60,京东白条,百信银行#mob3_dpd60#京东白条
10001134,3403,20241127,0,Bank,微众银行,dpd,9,30,9,mob9_dpd30,api,微众银行#mob9_dpd30#api
10001134,3404,20250905,0,Bank,百信银行,dpd,3,30,3,mob3_dpd30,api,百信银行#mob3_dpd30#api
10001135,3405,20241107,0,Bank,微众银行,dpd,3,30,3,mob3_dpd30,京东白条,微众银行#mob3_dpd30#京东白条
10001135,3406,20260118,0,Bank,微众银行,dpd,12,30,12,mob12_dpd30,京东白条,微众银行#mob12_dpd30#京东白条
10001135,3407,20260102,0,Bank,百信银行,dpd,6,60,6,mob6_dpd60,api,百信银行#mob6_dpd60#api
10001136,3408,20250213,0,Bank,百信银行,dpd,9,60,9,mob9_dpd60,京东白条,百信银行#mob9_dpd60#京东白条
10001136,3409,20241208,-2,Bank,微众银行,dpd,3,30,3,mob3_dpd30,api,微众银行#mob3_dpd30#api
10001136,3410,20240627,1,Bank,微众银行,dpd,9,60,9,mob9_dpd60,api,微众银行#mob9_dpd60#api
10001137,3411,20250506,0,Bank,百信银行,fpd,,60,,fpd60,api,百信银行#fpd60#api
10001137,3412,20250116,0,Bank,微众银行,fpd,,60,,fpd60,api,微众银行#fpd60#api
10001137,3413,20241009,0,Bank,微众银行,fpd,,60,,fpd60,京东白条,微众银行#fpd60#京东白条
10001138,3414,20240926,0,Bank,百信银行,fpd,,30,,fpd30,api,百信银行#fpd30#api
10001138,3415,20241026,0,Bank,微众银行,dpd,3,30,3,mob3_dpd30,api,微众银行#mob3_dpd30#api
10001138,3416,20251115,1,Bank,微众银行,dpd,9,30,9,mob9_dpd30,京东白条,微众银行#mob9_dpd30#京东白条
10001139,3417,20241220,0,Bank,微众银行,fpd,,60,,fpd60,京东白条,微众银行#fpd60#京东白条
10001139,3418,20251107,0,Bank,微众银行,dpd,3,30,3,mob3_dpd30,京东白条,微众银行#mob3_dpd30#京东白条
10001139,3419,20250217,0,Bank,微众银行,fpd,,30,,fpd30,api,微众银行#fpd30#api
10001140,3420,20241006,0,Bank,百信银行,fpd,,60,,fpd60,京东白条,百信银行#fpd60#京东白条
10001140,3421,20241103,0,Bank,微众银行,dpd,3,30,3,mob3_dpd30,api,微众银行#mob3_dpd30#api
10001140,3422,20240706,1,Bank,百信银行,dpd,3,60,3,mob3_dpd60,api,百信银行#mob3_dpd60#api
10001141,3423,20251104,0,Bank,百信银行,dpd,9,60,9,mob9_dpd60,京东白条,百信银行#mob9_dpd60#京东白条
10001141,3424,20240726,0,Bank,百信银行,dpd,9,30,9,mob9_dpd30,api,百信银行#mob9_dpd30#api
10001141,3425,20240717,0,Bank,百信银行,fpd,,30,,fpd30,api,百信银行#fpd30#api
10001142,3426,20250927,0,Bank,百信银行,fpd,,30,,fpd30,api,百信银行#fpd30#api
10001142,3427,20250918,0,Bank,微众银行,dpd,3,60,3,mob3_dpd60,京东白条,微众银行#mob3_dpd60#京东白条
10001142,3428,20240505,0,Bank,百信银行,fpd,,60,,fpd60,api,百信银行#fpd60#api
10001143,3429,20240824,0,Bank,微众银行,dpd,12,30,12,mob12_dpd30,api,微众银行#mob12_dpd30#api
10001143,3430,20250621,0,Bank,微众银行,dpd,6,60,6,mob6_dpd60,api,微众银行#mob6_dpd60#api
10001143,3431,20250918,0,Bank,百信银行,dpd,6,60,6,mob6_dpd60,京东白条,百信银行#mob6_dpd60#京东白条
10001144,3432,20240421,0,Bank,百信银行,dpd,9,30,9,mob9_dpd30,api,百信银行#mob9_dpd30#api
10001144,3433,20240710,0,Bank,微众银行,fpd,,60,,fpd60,api,微众银行#fpd60#api
10001144,3434,20250901,1,Bank,微众银行,dpd,9,60,9,mob9_dpd60,api,微众银行#mob9_dpd60#api
10001145,3435,20260101,1,Bank,百信银行,dpd,12,60,12,mob12_dpd60,api,百信银行#mob12_dpd60#api
10001145,3436,20240824,0,Bank,百信银行,fpd,,60,,fpd60,京东白条,百信银行#fpd60#京东白条
10001145,3437,20250807,0,Bank,百信银行,dpd,3,30,3,mob3_dpd30,api,百信银行#mob3_dpd30#api
10001146,3438,20241027,0,Bank,百信银行,dpd,3,60,3,mob3_dpd60,api,百信银行#mob3_dpd60#api
10001146,3439,20260125,0,Bank,百信银行,dpd,12,60,12,mob12_dpd60,京东白条,百信银行#mob12_dpd60#京东白条
10001146,3440,20250122,0,Bank,百信银行,dpd,6,30,6,mob6_dpd30,api,百信银行#mob6_dpd30#api
10001147,3441,20251218,0,Bank,微众银行,dpd,6,30,6,mob6_dpd30,api,微众银行#mob6_dpd30#api
10001147,3442,20250825,0,Bank,百信银行,fpd,,30,,fpd30,京东白条,百信银行#fpd30#京东白条
10001147,3443,20250411,0,Bank,微众银行,dpd,3,30,3,mob3_dpd30,api,微众银行#mob3_dpd30#api
10001148,3444,20240522,0,Bank,百信银行,fpd,,30,,fpd30,京东白条,百信银行#fpd30#京东白条
10001148,3445,20240428,0,Bank,百信银行,dpd,12,60,12,mob12_dpd60,京东白条,百信银行#mob12_dpd60#京东白条
10001148,3446,20250323,0,Bank,微众银行,dpd,12,30,12,mob12_dpd30,京东白条,微众银行#mob12_dpd30#京东白条
10001149,3447,20260224,-2,Bank,百信银行,dpd,12,60,12,mob12_dpd60,api,百信银行#mob12_dpd60#api
10001149,3448,20240812,1,Bank,百信银行,dpd,9,60,9,mob9_dpd60,api,百信银行#mob9_dpd60#api
10001149,3449,20250721,1,Bank,百信银行,dpd,12,30,12,mob12_dpd30,京东白条,百信银行#mob12_dpd30#京东白条
10001150,3450,20240320,0,Bank,微众银行,fpd,,60,,fpd60,京东白条,微众银行#fpd60#京东白条
10001150,3451,20241122,0,Bank,微众银行,dpd,3,60,3,mob3_dpd60,京东白条,微众银行#mob3_dpd60#京东白条
10001150,3452,20241218,-2,Bank,百信银行,dpd,6,60,6,mob6_dpd60,api,百信银行#mob6_dpd60#api
10001151,3453,20240807,0,Bank,微众银行,dpd,12,60,12,mob12_dpd60,京东白条,微众银行#mob12_dpd60#京东白条
10001151,3454,20240910,1,Bank,微众银行,dpd,12,60,12,mob12_dpd60,京东白条,微众银行#mob12_dpd60#京东白条
10001151,3455,20240424,0,Bank,微众银行,dpd,9,30,9,mob9_dpd30,api,微众银行#mob9_dpd30#api
10001152,3456,20250627,0,Bank,微众银行,dpd,6,30,6,mob6_dpd30,京东白条,微众银行#mob6_dpd30#京东白条
10001152,3457,20240620,0,Bank,百信银行,dpd,6,30,6,mob6_dpd30,api,百信银行#mob6_dpd30#api
10001152,3458,20251114,0,Bank,百信银行,fpd,,30,,fpd30,api,百信银行#fpd30#api
10001153,3459,20250606,0,Bank,微众银行,dpd,3,60,3,mob3_dpd60,京东白条,微众银行#mob3_dpd60#京东白条
10001153,3460,20240604,0,Bank,微众银行,dpd,6,60,6,mob6_dpd60,api,微众银行#mob6_dpd60#api
10001153,3461,20250227,-2,Bank,百信银行,dpd,3,60,3,mob3_dpd60,京东白条,百信银行#mob3_dpd60#京东白条
10001154,3462,20250305,0,Bank,微众银行,dpd,6,60,6,mob6_dpd60,api,微众银行#mob6_dpd60#api
10001154,3463,20240416,0,Bank,微众银行,dpd,3,60,3,mob3_dpd60,api,微众银行#mob3_dpd60#api
10001154,3464,20240818,0,Bank,微众银行,dpd,6,30,6,mob6_dpd30,京东白条,微众银行#mob6_dpd30#京东白条
10001155,3465,20240605,0,Bank,微众银行,fpd,,60,,fpd60,京东白条,微众银行#fpd60#京东白条
10001155,3466,20240315,0,Bank,微众银行,fpd,,60,,fpd60,京东白条,微众银行#fpd60#京东白条
10001155,3467,20240311,0,Bank,微众银行,dpd,6,60,6,mob6_dpd60,京东白条,微众银行#mob6_dpd60#京东白条
10001156,3468,20250916,0,Bank,百信银行,dpd,6,30,6,mob6_dpd30,api,百信银行#mob6_dpd30#api
10001156,3469,20260110,0,Bank,百信银行,dpd,3,30,3,mob3_dpd30,api,百信银行#mob3_dpd30#api
10001156,3470,20241214,0,Bank,百信银行,dpd,9,30,9,mob9_dpd30,api,百信银行#mob9_dpd30#api
10001157,3471,20240704,1,Bank,微众银行,dpd,6,60,6,mob6_dpd60,京东白条,微众银行#mob6_dpd60#京东白条
10001157,3472,20240817,0,Bank,百信银行,fpd,,60,,fpd60,api,百信银行#fpd60#api
10001157,3473,20250306,0,Bank,百信银行,dpd,12,30,12,mob12_dpd30,api,百信银行#mob12_dpd30#api
10001158,3474,20240425,0,Bank,百信银行,dpd,9,30,9,mob9_dpd30,api,百信银行#mob9_dpd30#api
10001158,3475,20260116,0,Bank,百信银行,dpd,12,30,12,mob12_dpd30,api,百信银行#mob12_dpd30#api
10001158,3476,20240812,0,Bank,百信银行,dpd,6,60,6,mob6_dpd60,api,百信银行#mob6_dpd60#api
10001159,3477,20250327,0,Bank,百信银行,fpd,,30,,fpd30,京东白条,百信银行#fpd30#京东白条
10001159,3478,20240523,0,Bank,百信银行,dpd,6,30,6,mob6_dpd30,京东白条,百信银行#mob6_dpd30#京东白条
10001159,3479,20250704,0,Bank,百信银行,dpd,9,60,9,mob9_dpd60,api,百信银行#mob9_dpd60#api
10001160,3480,20240517,0,Bank,微众银行,dpd,3,30,3,mob3_dpd30,京东白条,微众银行#mob3_dpd30#京东白条
10001160,3481,20241123,0,Bank,微众银行,fpd,,30,,fpd30,京东白条,微众银行#fpd30#京东白条
10001160,3482,20241210,0,Bank,微众银行,dpd,9,60,9,mob9_dpd60,京东白条,微众银行#mob9_dpd60#京东白条
10001161,3483,20240426,1,Bank,百信银行,dpd,12,30,12,mob12_dpd30,api,百信银行#mob12_dpd30#api
10001161,3484,20260123,0,Bank,微众银行,dpd,12,30,12,mob12_dpd30,京东白条,微众银行#mob12_dpd30#京东白条
10001161,3485,20251204,0,Bank,百信银行,dpd,12,30,12,mob12_dpd30,京东白条,百信银行#mob12_dpd30#京东白条
10001162,3486,20250210,0,Bank,微众银行,fpd,,60,,fpd60,京东白条,微众银行#fpd60#京东白条
10001162,3487,20250710,1,Bank,百信银行,dpd,9,60,9,mob9_dpd60,api,百信银行#mob9_dpd60#api
10001162,3488,20241117,0,Bank,百信银行,dpd,12,60,12,mob12_dpd60,京东白条,百信银行#mob12_dpd60#京东白条
10001163,3489,20240816,0,Bank,微众银行,dpd,6,60,6,mob6_dpd60,京东白条,微众银行#mob6_dpd60#京东白条
10001163,3490,20250920,0,Bank,百信银行,dpd,3,30,3,mob3_dpd30,api,百信银行#mob3_dpd30#api
10001163,3491,20240805,0,Bank,微众银行,dpd,12,60,12,mob12_dpd60,api,微众银行#mob12_dpd60#api
10001164,3492,20241216,0,Bank,微众银行,dpd,9,30,9,mob9_dpd30,京东白条,微众银行#mob9_dpd30#京东白条
10001164,3493,20240926,0,Bank,百信银行,fpd,,30,,fpd30,京东白条,百信银行#fpd30#京东白条
10001164,3494,20240705,0,Bank,百信银行,dpd,12,60,12,mob12_dpd60,京东白条,百信银行#mob12_dpd60#京东白条
10001165,3495,20240926,0,Bank,微众银行,dpd,6,60,6,mob6_dpd60,api,微众银行#mob6_dpd60#api
10001165,3496,20250410,0,Bank,百信银行,fpd,,60,,fpd60,京东白条,百信银行#fpd60#京东白条
10001165,3497,20250312,1,Bank,百信银行,dpd,12,30,12,mob12_dpd30,京东白条,百信银行#mob12_dpd30#京东白条
10001166,3498,20250818,-2,Bank,微众银行,dpd,12,30,12,mob12_dpd30,京东白条,微众银行#mob12_dpd30#京东白条
10001166,3499,20250123,1,Bank,百信银行,fpd,,60,,fpd60,api,百信银行#fpd60#api
10001166,3500,20240407,0,Bank,百信银行,dpd,9,30,9,mob9_dpd30,京东白条,百信银行#mob9_dpd30#京东白条
10001167,3501,20251223,0,Bank,百信银行,fpd,,30,,fpd30,api,百信银行#fpd30#api
10001167,3502,20240612,-2,Bank,微众银行,dpd,9,60,9,mob9_dpd60,京东白条,微众银行#mob9_dpd60#京东白条
10001167,3503,20240526,1,Bank,微众银行,dpd,3,60,3,mob3_dpd60,京东白条,微众银行#mob3_dpd60#京东白条
10001168,3504,20250813,0,Bank,微众银行,dpd,12,30,12,mob12_dpd30,京东白条,微众银行#mob12_dpd30#京东白条
10001168,3505,20250515,0,Bank,微众银行,dpd,9,60,9,mob9_dpd60,京东白条,微众银行#mob9_dpd60#京东白条
10001168,3506,20250905,0,Bank,百信银行,dpd,12,30,12,mob12_dpd30,京东白条,百信银行#mob12_dpd30#京东白条
10001169,3507,20250318,-2,Bank,百信银行,dpd,6,30,6,mob6_dpd30,api,百信银行#mob6_dpd30#api
10001169,3508,20240311,0,Bank,微众银行,dpd,3,30,3,mob3_dpd30,京东白条,微众银行#mob3_dpd30#京东白条
10001169,3509,20240603,0,Bank,微众银行,dpd,12,60,12,mob12_dpd60,京东白条,微众银行#mob12_dpd60#京东白条
10001170,3510,20241024,0,Bank,百信银行,fpd,,60,,fpd60,api,百信银行#fpd60#api
10001170,3511,20250701,0,Bank,百信银行,dpd,12,30,12,mob12_dpd30,api,百信银行#mob12_dpd30#api
10001170,3512,20240726,0,Bank,百信银行,fpd,,60,,fpd60,京东白条,百信银行#fpd60#京东白条
10001171,3513,20241223,0,Bank,百信银行,dpd,9,30,9,mob9_dpd30,api,百信银行#mob9_dpd30#api
10001171,3514,20250306,0,Bank,微众银行,dpd,6,30,6,mob6_dpd30,api,微众银行#mob6_dpd30#api
10001171,3515,20250512,0,Bank,百信银行,dpd,3,60,3,mob3_dpd60,京东白条,百信银行#mob3_dpd60#京东白条
10001172,3516,20251006,0,Bank,百信银行,dpd,3,30,3,mob3_dpd30,api,百信银行#mob3_dpd30#api
10001172,3517,20260203,0,Bank,微众银行,dpd,3,60,3,mob3_dpd60,京东白条,微众银行#mob3_dpd60#京东白条
10001172,3518,20250827,1,Bank,百信银行,dpd,12,60,12,mob12_dpd60,api,百信银行#mob12_dpd60#api
10001173,3519,20240416,0,Bank,微众银行,dpd,12,60,12,mob12_dpd60,api,微众银行#mob12_dpd60#api
10001173,3520,20250418,0,Bank,百信银行,fpd,,30,,fpd30,京东白条,百信银行#fpd30#京东白条
10001173,3521,20250323,0,Bank,微众银行,dpd,6,30,6,mob6_dpd30,api,微众银行#mob6_dpd30#api
10001174,3522,20241225,-2,Bank,百信银行,dpd,9,30,9,mob9_dpd30,api,百信银行#mob9_dpd30#api
10001174,3523,20240318,0,Bank,微众银行,dpd,12,30,12,mob12_dpd30,京东白条,微众银行#mob12_dpd30#京东白条
10001174,3524,20250401,0,Bank,微众银行,dpd,3,30,3,mob3_dpd30,京东白条,微众银行#mob3_dpd30#京东白条
10001175,3525,20241221,0,Bank,百信银行,dpd,6,30,6,mob6_dpd30,京东白条,百信银行#mob6_dpd30#京东白条
10001175,3526,20251109,0,Bank,微众银行,fpd,,30,,fpd30,api,微众银行#fpd30#api
10001175,3527,20250605,0,Bank,微众银行,dpd,6,60,6,mob6_dpd60,api,微众银行#mob6_dpd60#api
10001176,3528,20241009,0,Bank,微众银行,dpd,3,60,3,mob3_dpd60,api,微众银行#mob3_dpd60#api
10001176,3529,20250226,0,Bank,百信银行,dpd,9,60,9,mob9_dpd60,api,百信银行#mob9_dpd60#api
10001176,3530,20260105,0,Bank,微众银行,dpd,3,30,3,mob3_dpd30,京东白条,微众银行#mob3_dpd30#京东白条
10001177,3531,20240715,0,Bank,百信银行,dpd,9,60,9,mob9_dpd60,京东白条,百信银行#mob9_dpd60#京东白条
10001177,3532,20250211,-2,Bank,微众银行,dpd,6,30,6,mob6_dpd30,京东白条,微众银行#mob6_dpd30#京东白条
10001177,3533,20240627,0,Bank,百信银行,fpd,,60,,fpd60,api,百信银行#fpd60#api
10001178,3534,20250728,-2,Bank,微众银行,fpd,,30,,fpd30,api,微众银行#fpd30#api
10001178,3535,20251003,0,Bank,微众银行,dpd,9,60,9,mob9_dpd60,api,微众银行#mob9_dpd60#api
10001178,3536,20250313,0,Bank,百信银行,dpd,9,30,9,mob9_dpd30,京东白条,百信银行#mob9_dpd30#京东白条
10001179,3537,20250818,-2,Bank,微众银行,fpd,,30,,fpd30,京东白条,微众银行#fpd30#京东白条
10001179,3538,20250228,0,Bank,微众银行,fpd,,30,,fpd30,api,微众银行#fpd30#api
10001179,3539,20250723,0,Bank,微众银行,dpd,3,30,3,mob3_dpd30,api,微众银行#mob3_dpd30#api
10001180,3540,20250911,0,Bank,百信银行,dpd,12,30,12,mob12_dpd30,京东白条,百信银行#mob12_dpd30#京东白条
10001180,3541,20260121,0,Bank,百信银行,dpd,12,60,12,mob12_dpd60,api,百信银行#mob12_dpd60#api
10001180,3542,20250123,0,Bank,百信银行,fpd,,60,,fpd60,京东白条,百信银行#fpd60#京东白条
10001181,3543,20240905,0,Bank,微众银行,dpd,3,60,3,mob3_dpd60,api,微众银行#mob3_dpd60#api
10001181,3544,20250824,0,Bank,百信银行,dpd,3,60,3,mob3_dpd60,api,百信银行#mob3_dpd60#api
10001181,3545,20240820,0,Bank,微众银行,fpd,,30,,fpd30,api,微众银行#fpd30#api
10001182,3546,20240716,0,Bank,百信银行,dpd,6,30,6,mob6_dpd30,京东白条,百信银行#mob6_dpd30#京东白条
10001182,3547,20251208,0,Bank,微众银行,dpd,3,60,3,mob3_dpd60,api,微众银行#mob3_dpd60#api
10001182,3548,20250321,0,Bank,微众银行,fpd,,30,,fpd30,京东白条,微众银行#fpd30#京东白条
10001183,3549,20250806,0,Bank,百信银行,dpd,9,60,9,mob9_dpd60,api,百信银行#mob9_dpd60#api
10001183,3550,20250320,-2,Bank,微众银行,dpd,9,30,9,mob9_dpd30,api,微众银行#mob9_dpd30#api
10001183,3551,20251106,0,Bank,百信银行,fpd,,30,,fpd30,api,百信银行#fpd30#api
10001184,3552,20241107,0,Bank,微众银行,dpd,6,30,6,mob6_dpd30,京东白条,微众银行#mob6_dpd30#京东白条
10001184,3553,20240620,-2,Bank,微众银行,dpd,9,60,9,mob9_dpd60,api,微众银行#mob9_dpd60#api
10001184,3554,20240725,0,Bank,微众银行,dpd,3,30,3,mob3_dpd30,api,微众银行#mob3_dpd30#api
10001185,3555,20260218,0,Bank,百信银行,fpd,,30,,fpd30,京东白条,百信银行#fpd30#京东白条
10001185,3556,20250816,0,Bank,百信银行,fpd,,30,,fpd30,京东白条,百信银行#fpd30#京东白条
10001185,3557,20240509,0,Bank,微众银行,dpd,3,30,3,mob3_dpd30,京东白条,微众银行#mob3_dpd30#京东白条
10001186,3558,20250523,0,Bank,百信银行,dpd,6,30,6,mob6_dpd30,api,百信银行#mob6_dpd30#api
10001186,3559,20240803,0,Bank,微众银行,dpd,12,60,12,mob12_dpd60,京东白条,微众银行#mob12_dpd60#京东白条
10001186,3560,20240913,-2,Bank,百信银行,dpd,6,60,6,mob6_dpd60,京东白条,百信银行#mob6_dpd60#京东白条
10001187,3561,20240411,0,Bank,微众银行,dpd,3,30,3,mob3_dpd30,京东白条,微众银行#mob3_dpd30#京东白条
10001187,3562,20241220,0,Bank,微众银行,dpd,9,30,9,mob9_dpd30,京东白条,微众银行#mob9_dpd30#京东白条
10001187,3563,20240621,0,Bank,百信银行,dpd,3,30,3,mob3_dpd30,京东白条,百信银行#mob3_dpd30#京东白条
10001188,3564,20240918,0,Bank,百信银行,dpd,12,30,12,mob12_dpd30,api,百信银行#mob12_dpd30#api
10001188,3565,20240526,0,Bank,微众银行,dpd,12,60,12,mob12_dpd60,api,微众银行#mob12_dpd60#api
10001188,3566,20250527,0,Bank,百信银行,dpd,6,60,6,mob6_dpd60,api,百信银行#mob6_dpd60#api
10001189,3567,20240811,0,Bank,百信银行,dpd,6,30,6,mob6_dpd30,京东白条,百信银行#mob6_dpd30#京东白条
10001189,3568,20240526,-2,Bank,百信银行,dpd,12,60,12,mob12_dpd60,京东白条,百信银行#mob12_dpd60#京东白条
10001189,3569,20241028,0,Bank,百信银行,dpd,3,30,3,mob3_dpd30,api,百信银行#mob3_dpd30#api
10001190,3570,20240727,0,Bank,百信银行,dpd,12,30,12,mob12_dpd30,京东白条,百信银行#mob12_dpd30#京东白条
10001190,3571,20250307,-2,Bank,百信银行,fpd,,30,,fpd30,京东白条,百信银行#fpd30#京东白条
10001190,3572,20241206,0,Bank,百信银行,dpd,3,60,3,mob3_dpd60,api,百信银行#mob3_dpd60#api
10001191,3573,20240415,0,Bank,百信银行,dpd,12,30,12,mob12_dpd30,api,百信银行#mob12_dpd30#api
10001191,3574,20240808,0,Bank,微众银行,fpd,,30,,fpd30,api,微众银行#fpd30#api
10001191,3575,20240814,0,Bank,百信银行,dpd,3,60,3,mob3_dpd60,京东白条,百信银行#mob3_dpd60#京东白条
10001192,3576,20240913,0,Bank,微众银行,fpd,,30,,fpd30,京东白条,微众银行#fpd30#京东白条
10001192,3577,20240718,0,Bank,微众银行,dpd,3,60,3,mob3_dpd60,api,微众银行#mob3_dpd60#api
10001192,3578,20250210,0,Bank,百信银行,dpd,6,60,6,mob6_dpd60,京东白条,百信银行#mob6_dpd60#京东白条
10001193,3579,20240314,0,Bank,百信银行,dpd,6,30,6,mob6_dpd30,京东白条,百信银行#mob6_dpd30#京东白条
10001193,3580,20241002,1,Bank,微众银行,dpd,9,60,9,mob9_dpd60,api,微众银行#mob9_dpd60#api
10001193,3581,20251216,0,Bank,百信银行,dpd,3,60,3,mob3_dpd60,京东白条,百信银行#mob3_dpd60#京东白条
10001194,3582,20251013,0,Bank,百信银行,dpd,12,30,12,mob12_dpd30,api,百信银行#mob12_dpd30#api
10001194,3583,20240917,0,Bank,微众银行,dpd,6,30,6,mob6_dpd30,京东白条,微众银行#mob6_dpd30#京东白条
10001194,3584,20251216,0,Bank,百信银行,dpd,3,30,3,mob3_dpd30,api,百信银行#mob3_dpd30#api
10001195,3585,20241128,0,Bank,百信银行,fpd,,30,,fpd30,api,百信银行#fpd30#api
10001195,3586,20250408,-2,Bank,百信银行,dpd,9,30,9,mob9_dpd30,api,百信银行#mob9_dpd30#api
10001195,3587,20251025,0,Bank,百信银行,dpd,6,30,6,mob6_dpd30,api,百信银行#mob6_dpd30#api
10001196,3588,20241022,0,Bank,百信银行,dpd,3,60,3,mob3_dpd60,api,百信银行#mob3_dpd60#api
10001196,3589,20251226,-2,Bank,微众银行,dpd,12,60,12,mob12_dpd60,京东白条,微众银行#mob12_dpd60#京东白条
10001196,3590,20240827,-2,Bank,微众银行,dpd,6,30,6,mob6_dpd30,api,微众银行#mob6_dpd30#api
10001197,3591,20240707,0,Bank,百信银行,dpd,6,60,6,mob6_dpd60,api,百信银行#mob6_dpd60#api
10001197,3592,20240819,-2,Bank,微众银行,dpd,6,30,6,mob6_dpd30,京东白条,微众银行#mob6_dpd30#京东白条
10001197,3593,20241108,0,Bank,微众银行,dpd,12,30,12,mob12_dpd30,api,微众银行#mob12_dpd30#api
10001198,3594,20251014,1,Bank,百信银行,dpd,9,30,9,mob9_dpd30,api,百信银行#mob9_dpd30#api
10001198,3595,20241216,0,Bank,微众银行,dpd,9,60,9,mob9_dpd60,京东白条,微众银行#mob9_dpd60#京东白条
10001198,3596,20250603,0,Bank,百信银行,fpd,,30,,fpd30,api,百信银行#fpd30#api
10001199,3597,20250105,0,Bank,百信银行,dpd,9,60,9,mob9_dpd60,api,百信银行#mob9_dpd60#api
10001199,3598,20240412,0,Bank,百信银行,dpd,3,30,3,mob3_dpd30,api,百信银行#mob3_dpd30#api
10001199,3599,20251103,0,Bank,微众银行,dpd,9,30,9,mob9_dpd30,京东白条,微众银行#mob9_dpd30#京东白条
10001200,3600,20240312,0,Bank,微众银行,dpd,12,60,12,mob12_dpd60,api,微众银行#mob12_dpd60#api
10001200,3601,20240528,0,Bank,微众银行,dpd,12,60,12,mob12_dpd60,京东白条,微众银行#mob12_dpd60#京东白条
10001200,3602,20240916,0,Bank,微众银行,dpd,9,60,9,mob9_dpd60,api,微众银行#mob9_dpd60#api
10001201,3603,20250715,0,Bank,微众银行,dpd,9,60,9,mob9_dpd60,api,微众银行#mob9_dpd60#api
10001201,3604,20250923,0,Bank,微众银行,dpd,6,30,6,mob6_dpd30,京东白条,微众银行#mob6_dpd30#京东白条
10001201,3605,20240828,0,Bank,百信银行,fpd,,30,,fpd30,京东白条,百信银行#fpd30#京东白条
10001202,3606,20240912,0,Bank,百信银行,dpd,6,30,6,mob6_dpd30,api,百信银行#mob6_dpd30#api
10001202,3607,20250128,1,Bank,微众银行,dpd,12,30,12,mob12_dpd30,京东白条,微众银行#mob12_dpd30#京东白条
10001202,3608,20250724,0,Bank,微众银行,dpd,12,60,12,mob12_dpd60,api,微众银行#mob12_dpd60#api
10001203,3609,20250113,0,Bank,微众银行,dpd,12,30,12,mob12_dpd30,api,微众银行#mob12_dpd30#api
10001203,3610,20240610,0,Bank,微众银行,dpd,3,60,3,mob3_dpd60,京东白条,微众银行#mob3_dpd60#京东白条
10001203,3611,20250528,0,Bank,百信银行,dpd,6,30,6,mob6_dpd30,api,百信银行#mob6_dpd30#api
10001204,3612,20240811,0,Bank,百信银行,dpd,9,30,9,mob9_dpd30,api,百信银行#mob9_dpd30#api
10001204,3613,20251017,0,Bank,百信银行,dpd,12,30,12,mob12_dpd30,api,百信银行#mob12_dpd30#api
10001204,3614,20250906,1,Bank,百信银行,dpd,9,30,9,mob9_dpd30,京东白条,百信银行#mob9_dpd30#京东白条
10001205,3615,20250719,0,Bank,百信银行,dpd,6,30,6,mob6_dpd30,api,百信银行#mob6_dpd30#api
10001205,3616,20240416,-2,Bank,百信银行,dpd,9,30,9,mob9_dpd30,api,百信银行#mob9_dpd30#api
10001205,3617,20241213,-2,Bank,微众银行,dpd,12,30,12,mob12_dpd30,京东白条,微众银行#mob12_dpd30#京东白条
10001206,3618,20251110,0,Bank,微众银行,dpd,3,60,3,mob3_dpd60,京东白条,微众银行#mob3_dpd60#京东白条
10001206,3619,20240413,0,Bank,微众银行,dpd,9,30,9,mob9_dpd30,api,微众银行#mob9_dpd30#api
10001206,3620,20250105,0,Bank,百信银行,dpd,6,60,6,mob6_dpd60,京东白条,百信银行#mob6_dpd60#京东白条
10001207,3621,20250715,0,Bank,微众银行,fpd,,30,,fpd30,api,微众银行#fpd30#api
10001207,3622,20260113,0,Bank,百信银行,dpd,3,30,3,mob3_dpd30,京东白条,百信银行#mob3_dpd30#京东白条
10001207,3623,20260222,0,Bank,百信银行,dpd,12,30,12,mob12_dpd30,京东白条,百信银行#mob12_dpd30#京东白条
10001208,3624,20240825,0,Bank,百信银行,fpd,,30,,fpd30,京东白条,百信银行#fpd30#京东白条
10001208,3625,20240409,1,Bank,百信银行,dpd,12,60,12,mob12_dpd60,api,百信银行#mob12_dpd60#api
10001208,3626,20240322,0,Bank,微众银行,dpd,3,60,3,mob3_dpd60,京东白条,微众银行#mob3_dpd60#京东白条
10001209,3627,20240306,0,Bank,微众银行,dpd,9,30,9,mob9_dpd30,api,微众银行#mob9_dpd30#api
10001209,3628,20241118,0,Bank,百信银行,dpd,6,30,6,mob6_dpd30,京东白条,百信银行#mob6_dpd30#京东白条
10001209,3629,20250607,0,Bank,微众银行,dpd,9,60,9,mob9_dpd60,api,微众银行#mob9_dpd60#api
10001210,3630,20250721,0,Bank,微众银行,dpd,3,60,3,mob3_dpd60,京东白条,微众银行#mob3_dpd60#京东白条
10001210,3631,20240819,0,Bank,百信银行,dpd,6,30,6,mob6_dpd30,api,百信银行#mob6_dpd30#api
10001210,3632,20250601,0,Bank,百信银行,dpd,9,30,9,mob9_dpd30,京东白条,百信银行#mob9_dpd30#京东白条
10001211,3633,20241005,0,Bank,百信银行,dpd,9,30,9,mob9_dpd30,京东白条,百信银行#mob9_dpd30#京东白条
10001211,3634,20250821,0,Bank,微众银行,dpd,3,30,3,mob3_dpd30,api,微众银行#mob3_dpd30#api
10001211,3635,20250428,0,Bank,百信银行,dpd,6,60,6,mob6_dpd60,api,百信银行#mob6_dpd60#api
10001212,3636,20251016,0,Bank,百信银行,dpd,3,60,3,mob3_dpd60,api,百信银行#mob3_dpd60#api
10001212,3637,20240619,0,Bank,微众银行,dpd,6,30,6,mob6_dpd30,api,微众银行#mob6_dpd30#api
10001212,3638,20260223,0,Bank,百信银行,dpd,9,60,9,mob9_dpd60,api,百信银行#mob9_dpd60#api
10001213,3639,20240605,1,Bank,百信银行,fpd,,60,,fpd60,api,百信银行#fpd60#api
10001213,3640,20241211,0,Bank,微众银行,dpd,6,60,6,mob6_dpd60,api,微众银行#mob6_dpd60#api
10001213,3641,20240706,1,Bank,微众银行,fpd,,60,,fpd60,京东白条,微众银行#fpd60#京东白条
10001214,3642,20251222,0,Bank,微众银行,dpd,3,60,3,mob3_dpd60,api,微众银行#mob3_dpd60#api
10001214,3643,20260121,0,Bank,百信银行,fpd,,30,,fpd30,api,百信银行#fpd30#api
10001214,3644,20260124,0,Bank,微众银行,dpd,9,30,9,mob9_dpd30,京东白条,微众银行#mob9_dpd30#京东白条
10001215,3645,20250803,0,Bank,微众银行,fpd,,30,,fpd30,京东白条,微众银行#fpd30#京东白条
10001215,3646,20241228,0,Bank,百信银行,fpd,,30,,fpd30,api,百信银行#fpd30#api
10001215,3647,20251014,0,Bank,百信银行,dpd,12,30,12,mob12_dpd30,京东白条,百信银行#mob12_dpd30#京东白条
10001216,3648,20250218,1,Bank,百信银行,fpd,,60,,fpd60,api,百信银行#fpd60#api
10001216,3649,20250810,0,Bank,百信银行,dpd,12,60,12,mob12_dpd60,api,百信银行#mob12_dpd60#api
10001216,3650,20240505,0,Bank,微众银行,dpd,6,30,6,mob6_dpd30,api,微众银行#mob6_dpd30#api
10001217,3651,20250915,0,Bank,百信银行,fpd,,60,,fpd60,京东白条,百信银行#fpd60#京东白条
10001217,3652,20250718,0,Bank,微众银行,fpd,,30,,fpd30,京东白条,微众银行#fpd30#京东白条
10001217,3653,20240712,0,Bank,微众银行,fpd,,30,,fpd30,api,微众银行#fpd30#api
10001218,3654,20250202,0,Bank,微众银行,dpd,9,30,9,mob9_dpd30,api,微众银行#mob9_dpd30#api
10001218,3655,20240808,0,Bank,微众银行,dpd,6,30,6,mob6_dpd30,api,微众银行#mob6_dpd30#api
10001218,3656,20240607,0,Bank,微众银行,dpd,12,60,12,mob12_dpd60,京东白条,微众银行#mob12_dpd60#京东白条
10001219,3657,20260224,0,Bank,百信银行,dpd,9,30,9,mob9_dpd30,api,百信银行#mob9_dpd30#api
10001219,3658,20241207,0,Bank,微众银行,dpd,12,30,12,mob12_dpd30,京东白条,微众银行#mob12_dpd30#京东白条
10001219,3659,20250707,0,Bank,微众银行,dpd,12,30,12,mob12_dpd30,京东白条,微众银行#mob12_dpd30#京东白条
10001220,3660,20251028,0,Bank,微众银行,dpd,6,60,6,mob6_dpd60,京东白条,微众银行#mob6_dpd60#京东白条
10001220,3661,20240812,0,Bank,百信银行,dpd,9,60,9,mob9_dpd60,京东白条,百信银行#mob9_dpd60#京东白条
10001220,3662,20250917,-2,Bank,微众银行,dpd,12,30,12,mob12_dpd30,api,微众银行#mob12_dpd30#api
10001221,3663,20240527,0,Bank,微众银行,dpd,3,30,3,mob3_dpd30,api,微众银行#mob3_dpd30#api
10001221,3664,20260105,0,Bank,微众银行,dpd,12,30,12,mob12_dpd30,京东白条,微众银行#mob12_dpd30#京东白条
10001221,3665,20250312,0,Bank,百信银行,dpd,6,60,6,mob6_dpd60,京东白条,百信银行#mob6_dpd60#京东白条
10001222,3666,20260212,0,Bank,百信银行,fpd,,60,,fpd60,京东白条,百信银行#fpd60#京东白条
10001222,3667,20250617,0,Bank,百信银行,fpd,,30,,fpd30,api,百信银行#fpd30#api
10001222,3668,20240810,0,Bank,微众银行,dpd,12,30,12,mob12_dpd30,京东白条,微众银行#mob12_dpd30#京东白条
10001223,3669,20250607,0,Bank,百信银行,dpd,9,60,9,mob9_dpd60,api,百信银行#mob9_dpd60#api
10001223,3670,20250326,0,Bank,百信银行,dpd,12,60,12,mob12_dpd60,京东白条,百信银行#mob12_dpd60#京东白条
10001223,3671,20240303,0,Bank,百信银行,fpd,,30,,fpd30,京东白条,百信银行#fpd30#京东白条
10001224,3672,20250312,0,Bank,微众银行,dpd,6,60,6,mob6_dpd60,api,微众银行#mob6_dpd60#api
10001224,3673,20241124,0,Bank,百信银行,fpd,,30,,fpd30,京东白条,百信银行#fpd30#京东白条
10001224,3674,20250601,0,Bank,百信银行,dpd,6,30,6,mob6_dpd30,京东白条,百信银行#mob6_dpd30#京东白条
10001225,3675,20241012,0,Bank,百信银行,dpd,12,30,12,mob12_dpd30,api,百信银行#mob12_dpd30#api
10001225,3676,20250103,-2,Bank,百信银行,dpd,6,30,6,mob6_dpd30,api,百信银行#mob6_dpd30#api
10001225,3677,20251005,0,Bank,微众银行,dpd,9,30,9,mob9_dpd30,京东白条,微众银行#mob9_dpd30#京东白条
10001226,3678,20250321,1,Bank,百信银行,dpd,12,60,12,mob12_dpd60,京东白条,百信银行#mob12_dpd60#京东白条
10001226,3679,20250115,0,Bank,百信银行,dpd,3,60,3,mob3_dpd60,api,百信银行#mob3_dpd60#api
10001226,3680,20251227,0,Bank,百信银行,dpd,9,60,9,mob9_dpd60,京东白条,百信银行#mob9_dpd60#京东白条
10001227,3681,20250710,0,Bank,百信银行,dpd,3,60,3,mob3_dpd60,京东白条,百信银行#mob3_dpd60#京东白条
10001227,3682,20250114,0,Bank,微众银行,dpd,6,60,6,mob6_dpd60,京东白条,微众银行#mob6_dpd60#京东白条
10001227,3683,20240710,0,Rate24,零钱罐,dpd,6,60,6,mob6_dpd60,小程序,零钱罐#mob6_dpd60#小程序
10001228,3684,20240611,0,Rate24,分期乐,fpd,,30,,fpd30,api,分期乐#fpd30#api
10001228,3685,20240919,0,Rate24,分期乐,dpd,12,60,12,mob12_dpd60,小程序,分期乐#mob12_dpd60#小程序
10001228,3686,20240918,0,Rate24,分期乐,dpd,12,60,12,mob12_dpd60,api,分期乐#mob12_dpd60#api
10001229,3687,20240523,0,Rate24,零钱罐,dpd,9,60,9,mob9_dpd60,api,零钱罐#mob9_dpd60#api
10001229,3688,20250313,0,Rate24,分期乐,dpd,12,60,12,mob12_dpd60,api,分期乐#mob12_dpd60#api
10001229,3689,20250324,0,Rate24,零钱罐,dpd,3,30,3,mob3_dpd30,api,零钱罐#mob3_dpd30#api
10001230,3690,20240309,0,Rate24,零钱罐,dpd,6,30,6,mob6_dpd30,小程序,零钱罐#mob6_dpd30#小程序
10001230,3691,20240818,0,Rate24,分期乐,dpd,6,30,6,mob6_dpd30,小程序,分期乐#mob6_dpd30#小程序
10001230,3692,20240916,0,Rate24,零钱罐,dpd,6,30,6,mob6_dpd30,api,零钱罐#mob6_dpd30#api
10001231,3693,20260119,0,Rate24,分期乐,dpd,12,60,12,mob12_dpd60,小程序,分期乐#mob12_dpd60#小程序
10001231,3694,20250904,0,Rate24,零钱罐,dpd,9,30,9,mob9_dpd30,小程序,零钱罐#mob9_dpd30#小程序
10001231,3695,20250217,0,Rate24,分期乐,dpd,6,30,6,mob6_dpd30,小程序,分期乐#mob6_dpd30#小程序
10001232,3696,20240317,0,Rate24,分期乐,dpd,3,30,3,mob3_dpd30,小程序,分期乐#mob3_dpd30#小程序
10001232,3697,20240810,0,Rate24,分期乐,fpd,,60,,fpd60,小程序,分期乐#fpd60#小程序
10001232,3698,20250416,0,Rate24,分期乐,dpd,12,60,12,mob12_dpd60,api,分期乐#mob12_dpd60#api
10001233,3699,20241005,1,Rate24,分期乐,dpd,12,60,12,mob12_dpd60,api,分期乐#mob12_dpd60#api
10001233,3700,20240318,0,Rate24,零钱罐,dpd,12,30,12,mob12_dpd30,小程序,零钱罐#mob12_dpd30#小程序
10001233,3701,20250319,1,Rate24,分期乐,dpd,12,60,12,mob12_dpd60,小程序,分期乐#mob12_dpd60#小程序
10001234,3702,20250822,0,Rate24,分期乐,dpd,9,60,9,mob9_dpd60,api,分期乐#mob9_dpd60#api
10001234,3703,20250224,0,Rate24,分期乐,dpd,9,60,9,mob9_dpd60,api,分期乐#mob9_dpd60#api
10001234,3704,20250404,1,Rate24,分期乐,dpd,3,30,3,mob3_dpd30,api,分期乐#mob3_dpd30#api
10001235,3705,20250118,0,Rate24,零钱罐,dpd,6,60,6,mob6_dpd60,小程序,零钱罐#mob6_dpd60#小程序
10001235,3706,20240622,0,Rate24,零钱罐,dpd,3,60,3,mob3_dpd60,api,零钱罐#mob3_dpd60#api
10001235,3707,20260217,0,Rate24,零钱罐,dpd,9,60,9,mob9_dpd60,小程序,零钱罐#mob9_dpd60#小程序
10001236,3708,20250603,-2,Rate24,零钱罐,dpd,6,30,6,mob6_dpd30,api,零钱罐#mob6_dpd30#api
10001236,3709,20240320,0,Rate24,零钱罐,dpd,9,30,9,mob9_dpd30,小程序,零钱罐#mob9_dpd30#小程序
10001236,3710,20260123,0,Rate24,零钱罐,dpd,3,30,3,mob3_dpd30,api,零钱罐#mob3_dpd30#api
10001237,3711,20241021,0,Rate24,零钱罐,dpd,3,30,3,mob3_dpd30,api,零钱罐#mob3_dpd30#api
10001237,3712,20240714,0,Rate24,零钱罐,dpd,6,30,6,mob6_dpd30,小程序,零钱罐#mob6_dpd30#小程序
10001237,3713,20240409,0,Rate24,分期乐,dpd,3,30,3,mob3_dpd30,api,分期乐#mob3_dpd30#api
10001238,3714,20250706,-2,Rate24,零钱罐,dpd,12,60,12,mob12_dpd60,小程序,零钱罐#mob12_dpd60#小程序
10001238,3715,20251126,0,Rate24,零钱罐,dpd,9,60,9,mob9_dpd60,小程序,零钱罐#mob9_dpd60#小程序
10001238,3716,20240606,0,Rate24,零钱罐,dpd,9,60,9,mob9_dpd60,小程序,零钱罐#mob9_dpd60#小程序
10001239,3717,20250927,0,Rate24,分期乐,dpd,3,30,3,mob3_dpd30,api,分期乐#mob3_dpd30#api
10001239,3718,20240911,0,Rate24,分期乐,dpd,12,60,12,mob12_dpd60,api,分期乐#mob12_dpd60#api
10001239,3719,20250326,0,Rate24,分期乐,dpd,3,60,3,mob3_dpd60,api,分期乐#mob3_dpd60#api
10001240,3720,20240309,0,Rate24,分期乐,fpd,,30,,fpd30,api,分期乐#fpd30#api
10001240,3721,20250808,0,Rate24,零钱罐,dpd,6,30,6,mob6_dpd30,api,零钱罐#mob6_dpd30#api
10001240,3722,20240527,0,Rate24,分期乐,dpd,12,60,12,mob12_dpd60,api,分期乐#mob12_dpd60#api
10001241,3723,20250627,0,Rate24,零钱罐,dpd,6,60,6,mob6_dpd60,api,零钱罐#mob6_dpd60#api
10001241,3724,20241104,0,Rate24,零钱罐,fpd,,60,,fpd60,api,零钱罐#fpd60#api
10001241,3725,20240910,0,Rate24,零钱罐,fpd,,60,,fpd60,小程序,零钱罐#fpd60#小程序
10001242,3726,20241224,1,Rate24,零钱罐,dpd,9,60,9,mob9_dpd60,小程序,零钱罐#mob9_dpd60#小程序
10001242,3727,20240305,0,Rate24,零钱罐,dpd,6,30,6,mob6_dpd30,小程序,零钱罐#mob6_dpd30#小程序
10001242,3728,20240608,0,Rate24,分期乐,dpd,6,30,6,mob6_dpd30,小程序,分期乐#mob6_dpd30#小程序
10001243,3729,20240507,0,Rate24,零钱罐,fpd,,60,,fpd60,api,零钱罐#fpd60#api
10001243,3730,20250313,0,Rate24,分期乐,dpd,9,60,9,mob9_dpd60,api,分期乐#mob9_dpd60#api
10001243,3731,20240718,-2,Rate24,分期乐,fpd,,30,,fpd30,小程序,分期乐#fpd30#小程序
10001244,3732,20241116,0,Rate24,零钱罐,fpd,,30,,fpd30,小程序,零钱罐#fpd30#小程序
10001244,3733,20241122,0,Rate24,零钱罐,dpd,6,60,6,mob6_dpd60,api,零钱罐#mob6_dpd60#api
10001244,3734,20250406,0,Rate24,分期乐,dpd,6,60,6,mob6_dpd60,api,分期乐#mob6_dpd60#api
10001245,3735,20240512,0,Rate24,零钱罐,fpd,,30,,fpd30,小程序,零钱罐#fpd30#小程序
10001245,3736,20250513,0,Rate24,分期乐,dpd,6,60,6,mob6_dpd60,api,分期乐#mob6_dpd60#api
10001245,3737,20250910,0,Rate24,分期乐,dpd,12,30,12,mob12_dpd30,api,分期乐#mob12_dpd30#api
10001246,3738,20240810,0,Rate24,分期乐,dpd,12,30,12,mob12_dpd30,小程序,分期乐#mob12_dpd30#小程序
10001246,3739,20240909,0,Rate24,分期乐,dpd,12,60,12,mob12_dpd60,api,分期乐#mob12_dpd60#api
10001246,3740,20250610,0,Rate24,分期乐,dpd,3,30,3,mob3_dpd30,api,分期乐#mob3_dpd30#api
10001247,3741,20260209,0,Rate24,零钱罐,dpd,9,30,9,mob9_dpd30,小程序,零钱罐#mob9_dpd30#小程序
10001247,3742,20250411,1,Rate24,分期乐,dpd,12,60,12,mob12_dpd60,api,分期乐#mob12_dpd60#api
10001247,3743,20250219,1,Rate24,分期乐,dpd,12,60,12,mob12_dpd60,api,分期乐#mob12_dpd60#api
10001248,3744,20260212,0,Rate24,零钱罐,fpd,,60,,fpd60,小程序,零钱罐#fpd60#小程序
10001248,3745,20241113,1,Rate24,零钱罐,dpd,12,30,12,mob12_dpd30,api,零钱罐#mob12_dpd30#api
10001248,3746,20241127,0,Rate24,零钱罐,dpd,3,30,3,mob3_dpd30,小程序,零钱罐#mob3_dpd30#小程序
10001249,3747,20240722,0,Rate24,分期乐,dpd,12,60,12,mob12_dpd60,api,分期乐#mob12_dpd60#api
10001249,3748,20260125,0,Rate24,分期乐,dpd,9,60,9,mob9_dpd60,api,分期乐#mob9_dpd60#api
10001249,3749,20250823,0,Rate24,零钱罐,dpd,12,30,12,mob12_dpd30,小程序,零钱罐#mob12_dpd30#小程序
10001250,3750,20251116,-2,Rate24,零钱罐,dpd,12,60,12,mob12_dpd60,小程序,零钱罐#mob12_dpd60#小程序
10001250,3751,20240913,0,Rate24,零钱罐,dpd,12,60,12,mob12_dpd60,api,零钱罐#mob12_dpd60#api
10001250,3752,20250818,0,Rate24,零钱罐,dpd,12,60,12,mob12_dpd60,api,零钱罐#mob12_dpd60#api
10001251,3753,20241010,0,Rate24,分期乐,dpd,9,60,9,mob9_dpd60,小程序,分期乐#mob9_dpd60#小程序
10001251,3754,20250723,0,Rate24,零钱罐,dpd,6,60,6,mob6_dpd60,小程序,零钱罐#mob6_dpd60#小程序
10001251,3755,20250803,0,Rate24,分期乐,dpd,3,30,3,mob3_dpd30,小程序,分期乐#mob3_dpd30#小程序
10001252,3756,20240808,0,Rate24,零钱罐,fpd,,30,,fpd30,小程序,零钱罐#fpd30#小程序
10001252,3757,20250814,0,Rate24,零钱罐,fpd,,60,,fpd60,api,零钱罐#fpd60#api
10001252,3758,20240716,0,Rate24,分期乐,dpd,9,30,9,mob9_dpd30,api,分期乐#mob9_dpd30#api
10001253,3759,20240403,0,Rate24,分期乐,dpd,12,60,12,mob12_dpd60,api,分期乐#mob12_dpd60#api
10001253,3760,20240512,0,Rate24,分期乐,dpd,3,30,3,mob3_dpd30,api,分期乐#mob3_dpd30#api
10001253,3761,20240514,0,Rate24,分期乐,dpd,3,60,3,mob3_dpd60,api,分期乐#mob3_dpd60#api
10001254,3762,20250309,1,Rate24,分期乐,dpd,9,60,9,mob9_dpd60,小程序,分期乐#mob9_dpd60#小程序
10001254,3763,20251220,0,Rate24,分期乐,dpd,3,60,3,mob3_dpd60,api,分期乐#mob3_dpd60#api
10001254,3764,20251201,1,Rate24,分期乐,dpd,12,30,12,mob12_dpd30,小程序,分期乐#mob12_dpd30#小程序
10001255,3765,20250802,0,Rate24,分期乐,dpd,6,60,6,mob6_dpd60,小程序,分期乐#mob6_dpd60#小程序
10001255,3766,20251010,0,Rate24,零钱罐,dpd,6,30,6,mob6_dpd30,api,零钱罐#mob6_dpd30#api
10001255,3767,20260107,1,Rate24,零钱罐,dpd,3,60,3,mob3_dpd60,api,零钱罐#mob3_dpd60#api
10001256,3768,20241015,0,Rate24,分期乐,dpd,6,30,6,mob6_dpd30,小程序,分期乐#mob6_dpd30#小程序
10001256,3769,20260110,0,Rate24,分期乐,dpd,6,30,6,mob6_dpd30,小程序,分期乐#mob6_dpd30#小程序
10001256,3770,20240626,0,Rate24,零钱罐,dpd,6,30,6,mob6_dpd30,api,零钱罐#mob6_dpd30#api
10001257,3771,20250307,-2,Rate24,分期乐,dpd,9,30,9,mob9_dpd30,api,分期乐#mob9_dpd30#api
10001257,3772,20250126,0,Rate24,分期乐,dpd,3,60,3,mob3_dpd60,api,分期乐#mob3_dpd60#api
10001257,3773,20250409,0,Rate24,分期乐,dpd,3,30,3,mob3_dpd30,api,分期乐#mob3_dpd30#api
10001258,3774,20250121,1,Rate24,零钱罐,dpd,3,60,3,mob3_dpd60,小程序,零钱罐#mob3_dpd60#小程序
10001258,3775,20251211,0,Rate24,分期乐,dpd,3,30,3,mob3_dpd30,小程序,分期乐#mob3_dpd30#小程序
10001258,3776,20241117,0,Rate24,零钱罐,dpd,3,30,3,mob3_dpd30,api,零钱罐#mob3_dpd30#api
10001259,3777,20250505,0,Rate24,零钱罐,dpd,6,30,6,mob6_dpd30,小程序,零钱罐#mob6_dpd30#小程序
10001259,3778,20250704,1,Rate24,零钱罐,dpd,6,30,6,mob6_dpd30,小程序,零钱罐#mob6_dpd30#小程序
10001259,3779,20250722,0,Rate24,零钱罐,dpd,12,60,12,mob12_dpd60,小程序,零钱罐#mob12_dpd60#小程序
10001260,3780,20251123,-2,Rate24,零钱罐,fpd,,60,,fpd60,api,零钱罐#fpd60#api
10001260,3781,20250306,0,Rate24,零钱罐,dpd,6,30,6,mob6_dpd30,api,零钱罐#mob6_dpd30#api
10001260,3782,20260205,1,Rate24,零钱罐,dpd,12,60,12,mob12_dpd60,小程序,零钱罐#mob12_dpd60#小程序
10001261,3783,20240526,-2,Rate24,零钱罐,dpd,9,30,9,mob9_dpd30,小程序,零钱罐#mob9_dpd30#小程序
10001261,3784,20240528,0,Rate24,零钱罐,fpd,,30,,fpd30,小程序,零钱罐#fpd30#小程序
10001261,3785,20250414,0,Rate24,分期乐,dpd,9,30,9,mob9_dpd30,api,分期乐#mob9_dpd30#api
10001262,3786,20250224,0,Rate24,分期乐,dpd,9,30,9,mob9_dpd30,小程序,分期乐#mob9_dpd30#小程序
10001262,3787,20241226,1,Rate24,零钱罐,dpd,12,60,12,mob12_dpd60,小程序,零钱罐#mob12_dpd60#小程序
10001262,3788,20240328,0,Rate24,零钱罐,dpd,3,30,3,mob3_dpd30,api,零钱罐#mob3_dpd30#api
10001263,3789,20240403,0,Rate24,分期乐,dpd,6,60,6,mob6_dpd60,小程序,分期乐#mob6_dpd60#小程序
10001263,3790,20251104,0,Rate24,零钱罐,dpd,6,60,6,mob6_dpd60,小程序,零钱罐#mob6_dpd60#小程序
10001263,3791,20250620,0,Rate24,零钱罐,dpd,3,30,3,mob3_dpd30,api,零钱罐#mob3_dpd30#api
10001264,3792,20241205,0,Rate24,零钱罐,fpd,,60,,fpd60,小程序,零钱罐#fpd60#小程序
10001264,3793,20240506,0,Rate24,零钱罐,dpd,12,30,12,mob12_dpd30,小程序,零钱罐#mob12_dpd30#小程序
10001264,3794,20240307,1,Rate24,零钱罐,fpd,,30,,fpd30,api,零钱罐#fpd30#api
10001265,3795,20251004,1,Rate24,分期乐,dpd,12,60,12,mob12_dpd60,api,分期乐#mob12_dpd60#api
10001265,3796,20241219,0,Rate24,零钱罐,fpd,,60,,fpd60,小程序,零钱罐#fpd60#小程序
10001265,3797,20250504,0,Rate24,零钱罐,dpd,9,60,9,mob9_dpd60,小程序,零钱罐#mob9_dpd60#小程序
10001266,3798,20251027,0,Rate24,零钱罐,dpd,9,60,9,mob9_dpd60,小程序,零钱罐#mob9_dpd60#小程序
10001266,3799,20250516,0,Rate24,分期乐,dpd,6,30,6,mob6_dpd30,api,分期乐#mob6_dpd30#api
10001266,3800,20250809,-2,Rate24,零钱罐,dpd,12,60,12,mob12_dpd60,小程序,零钱罐#mob12_dpd60#小程序
10001267,3801,20241117,0,Rate24,零钱罐,dpd,12,60,12,mob12_dpd60,api,零钱罐#mob12_dpd60#api
10001267,3802,20240901,0,Rate24,零钱罐,dpd,6,30,6,mob6_dpd30,小程序,零钱罐#mob6_dpd30#小程序
10001267,3803,20241103,0,Rate24,零钱罐,fpd,,60,,fpd60,api,零钱罐#fpd60#api
10001268,3804,20240605,0,Rate24,零钱罐,dpd,3,30,3,mob3_dpd30,小程序,零钱罐#mob3_dpd30#小程序
10001268,3805,20250715,-2,Rate24,分期乐,dpd,3,30,3,mob3_dpd30,api,分期乐#mob3_dpd30#api
10001268,3806,20250122,0,Rate24,分期乐,dpd,6,60,6,mob6_dpd60,小程序,分期乐#mob6_dpd60#小程序
10001269,3807,20240809,0,Rate24,分期乐,fpd,,30,,fpd30,小程序,分期乐#fpd30#小程序
10001269,3808,20250318,0,Rate24,零钱罐,dpd,12,60,12,mob12_dpd60,api,零钱罐#mob12_dpd60#api
10001269,3809,20240515,0,Rate24,零钱罐,dpd,3,60,3,mob3_dpd60,小程序,零钱罐#mob3_dpd60#小程序
10001270,3810,20250106,0,Rate24,分期乐,dpd,3,60,3,mob3_dpd60,小程序,分期乐#mob3_dpd60#小程序
10001270,3811,20240524,0,Rate24,分期乐,dpd,9,30,9,mob9_dpd30,小程序,分期乐#mob9_dpd30#小程序
10001270,3812,20240506,1,Rate24,零钱罐,dpd,12,60,12,mob12_dpd60,api,零钱罐#mob12_dpd60#api
10001271,3813,20250422,0,Rate24,分期乐,fpd,,30,,fpd30,小程序,分期乐#fpd30#小程序
10001271,3814,20240901,0,Rate24,零钱罐,dpd,9,30,9,mob9_dpd30,api,零钱罐#mob9_dpd30#api
10001271,3815,20250228,0,Rate24,分期乐,dpd,3,60,3,mob3_dpd60,api,分期乐#mob3_dpd60#api
10001272,3816,20240401,0,Rate24,零钱罐,dpd,6,60,6,mob6_dpd60,api,零钱罐#mob6_dpd60#api
10001272,3817,20251201,0,Rate24,零钱罐,dpd,6,30,6,mob6_dpd30,api,零钱罐#mob6_dpd30#api
10001272,3818,20251220,0,Rate24,分期乐,dpd,3,60,3,mob3_dpd60,小程序,分期乐#mob3_dpd60#小程序
10001273,3819,20250617,0,Rate24,分期乐,dpd,9,30,9,mob9_dpd30,小程序,分期乐#mob9_dpd30#小程序
10001273,3820,20260128,-2,Rate24,零钱罐,fpd,,60,,fpd60,api,零钱罐#fpd60#api
10001273,3821,20241120,0,Rate24,分期乐,fpd,,30,,fpd30,api,分期乐#fpd30#api
10001274,3822,20240310,0,Rate24,分期乐,dpd,3,30,3,mob3_dpd30,api,分期乐#mob3_dpd30#api
10001274,3823,20250504,0,Rate24,零钱罐,dpd,12,30,12,mob12_dpd30,api,零钱罐#mob12_dpd30#api
10001274,3824,20240310,0,Rate24,零钱罐,dpd,3,60,3,mob3_dpd60,小程序,零钱罐#mob3_dpd60#小程序
10001275,3825,20250128,0,Rate24,分期乐,dpd,9,30,9,mob9_dpd30,api,分期乐#mob9_dpd30#api
10001275,3826,20240302,0,Rate24,分期乐,dpd,9,30,9,mob9_dpd30,api,分期乐#mob9_dpd30#api
10001275,3827,20250401,0,Rate24,分期乐,dpd,6,60,6,mob6_dpd60,小程序,分期乐#mob6_dpd60#小程序
10001276,3828,20251122,0,Rate24,分期乐,dpd,3,30,3,mob3_dpd30,小程序,分期乐#mob3_dpd30#小程序
10001276,3829,20240906,0,Rate24,分期乐,dpd,12,30,12,mob12_dpd30,api,分期乐#mob12_dpd30#api
10001276,3830,20240908,0,Rate24,零钱罐,dpd,3,30,3,mob3_dpd30,小程序,零钱罐#mob3_dpd30#小程序
10001277,3831,20260218,1,Rate24,零钱罐,dpd,12,60,12,mob12_dpd60,小程序,零钱罐#mob12_dpd60#小程序
10001277,3832,20241114,0,Rate24,零钱罐,dpd,3,30,3,mob3_dpd30,小程序,零钱罐#mob3_dpd30#小程序
10001277,3833,20240726,0,Rate24,分期乐,dpd,6,60,6,mob6_dpd60,api,分期乐#mob6_dpd60#api
10001278,3834,20250411,0,Rate24,分期乐,dpd,9,30,9,mob9_dpd30,api,分期乐#mob9_dpd30#api
10001278,3835,20240612,0,Rate24,分期乐,dpd,6,60,6,mob6_dpd60,小程序,分期乐#mob6_dpd60#小程序
10001278,3836,20251015,-2,Rate24,分期乐,dpd,3,30,3,mob3_dpd30,api,分期乐#mob3_dpd30#api
10001279,3837,20241020,0,Rate24,分期乐,dpd,3,60,3,mob3_dpd60,api,分期乐#mob3_dpd60#api
10001279,3838,20241008,0,Rate24,分期乐,dpd,12,30,12,mob12_dpd30,小程序,分期乐#mob12_dpd30#小程序
10001279,3839,20240928,0,Rate24,分期乐,dpd,6,30,6,mob6_dpd30,api,分期乐#mob6_dpd30#api
10001280,3840,20241227,1,Rate24,分期乐,fpd,,60,,fpd60,api,分期乐#fpd60#api
10001280,3841,20250927,0,Rate24,零钱罐,dpd,3,30,3,mob3_dpd30,api,零钱罐#mob3_dpd30#api
10001280,3842,20251228,0,Rate24,零钱罐,dpd,6,60,6,mob6_dpd60,api,零钱罐#mob6_dpd60#api
10001281,3843,20251224,0,Rate24,零钱罐,dpd,6,60,6,mob6_dpd60,小程序,零钱罐#mob6_dpd60#小程序
10001281,3844,20250505,0,Rate24,零钱罐,dpd,9,30,9,mob9_dpd30,api,零钱罐#mob9_dpd30#api
10001281,3845,20250624,0,Rate24,分期乐,fpd,,60,,fpd60,小程序,分期乐#fpd60#小程序
10001282,3846,20250609,0,Rate24,分期乐,dpd,12,60,12,mob12_dpd60,api,分期乐#mob12_dpd60#api
10001282,3847,20250202,0,Rate24,分期乐,dpd,9,30,9,mob9_dpd30,小程序,分期乐#mob9_dpd30#小程序
10001282,3848,20240304,0,Rate24,分期乐,dpd,12,30,12,mob12_dpd30,小程序,分期乐#mob12_dpd30#小程序
10001283,3849,20251109,0,Rate24,分期乐,dpd,12,30,12,mob12_dpd30,小程序,分期乐#mob12_dpd30#小程序
10001283,3850,20241006,0,Rate24,分期乐,dpd,6,60,6,mob6_dpd60,api,分期乐#mob6_dpd60#api
10001283,3851,20251006,0,Rate24,零钱罐,dpd,6,30,6,mob6_dpd30,api,零钱罐#mob6_dpd30#api
10001284,3852,20240722,0,Rate24,零钱罐,dpd,9,60,9,mob9_dpd60,小程序,零钱罐#mob9_dpd60#小程序
10001284,3853,20250715,1,Rate24,零钱罐,dpd,3,30,3,mob3_dpd30,小程序,零钱罐#mob3_dpd30#小程序
10001284,3854,20250305,0,Rate24,分期乐,dpd,12,60,12,mob12_dpd60,小程序,分期乐#mob12_dpd60#小程序
10001285,3855,20250903,0,Rate24,零钱罐,dpd,12,60,12,mob12_dpd60,小程序,零钱罐#mob12_dpd60#小程序
10001285,3856,20240626,-2,Rate24,零钱罐,dpd,3,30,3,mob3_dpd30,api,零钱罐#mob3_dpd30#api
10001285,3857,20251223,-2,Rate24,零钱罐,dpd,9,30,9,mob9_dpd30,小程序,零钱罐#mob9_dpd30#小程序
10001286,3858,20250412,0,Rate24,分期乐,fpd,,30,,fpd30,api,分期乐#fpd30#api
10001286,3859,20250216,1,Rate24,分期乐,dpd,6,30,6,mob6_dpd30,api,分期乐#mob6_dpd30#api
10001286,3860,20240721,0,Rate24,零钱罐,dpd,6,60,6,mob6_dpd60,api,零钱罐#mob6_dpd60#api
10001287,3861,20241101,1,Rate24,零钱罐,dpd,12,60,12,mob12_dpd60,api,零钱罐#mob12_dpd60#api
10001287,3862,20240722,0,Rate24,零钱罐,dpd,12,30,12,mob12_dpd30,api,零钱罐#mob12_dpd30#api
10001287,3863,20250328,0,Rate24,分期乐,dpd,9,30,9,mob9_dpd30,api,分期乐#mob9_dpd30#api
10001288,3864,20240721,0,Rate24,零钱罐,dpd,12,60,12,mob12_dpd60,api,零钱罐#mob12_dpd60#api
10001288,3865,20240728,0,Rate24,分期乐,dpd,12,30,12,mob12_dpd30,小程序,分期乐#mob12_dpd30#小程序
10001288,3866,20240627,0,Rate24,零钱罐,fpd,,30,,fpd30,api,零钱罐#fpd30#api
10001289,3867,20240620,0,Rate24,分期乐,dpd,12,60,12,mob12_dpd60,api,分期乐#mob12_dpd60#api
10001289,3868,20250205,0,Rate24,分期乐,fpd,,30,,fpd30,小程序,分期乐#fpd30#小程序
10001289,3869,20250210,0,Rate24,分期乐,dpd,6,30,6,mob6_dpd30,小程序,分期乐#mob6_dpd30#小程序
10001290,3870,20240401,0,Rate24,分期乐,dpd,3,60,3,mob3_dpd60,api,分期乐#mob3_dpd60#api
10001290,3871,20250705,0,Rate24,分期乐,fpd,,30,,fpd30,api,分期乐#fpd30#api
10001290,3872,20250307,0,Rate24,零钱罐,dpd,6,60,6,mob6_dpd60,小程序,零钱罐#mob6_dpd60#小程序
10001291,3873,20240608,1,Rate24,零钱罐,dpd,9,60,9,mob9_dpd60,api,零钱罐#mob9_dpd60#api
10001291,3874,20241007,0,Rate24,零钱罐,dpd,3,60,3,mob3_dpd60,api,零钱罐#mob3_dpd60#api
10001291,3875,20240422,0,Rate24,零钱罐,dpd,6,30,6,mob6_dpd30,api,零钱罐#mob6_dpd30#api
10001292,3876,20240604,1,Rate24,零钱罐,dpd,9,30,9,mob9_dpd30,api,零钱罐#mob9_dpd30#api
10001292,3877,20250917,0,Rate24,分期乐,dpd,6,60,6,mob6_dpd60,api,分期乐#mob6_dpd60#api
10001292,3878,20250809,-2,Rate24,分期乐,dpd,9,30,9,mob9_dpd30,小程序,分期乐#mob9_dpd30#小程序
10001293,3879,20250403,0,Rate24,分期乐,dpd,12,30,12,mob12_dpd30,小程序,分期乐#mob12_dpd30#小程序
10001293,3880,20241011,0,Rate24,分期乐,dpd,6,30,6,mob6_dpd30,小程序,分期乐#mob6_dpd30#小程序
10001293,3881,20241217,0,Rate24,分期乐,dpd,12,60,12,mob12_dpd60,小程序,分期乐#mob12_dpd60#小程序
10001294,3882,20260213,0,Rate24,分期乐,dpd,3,30,3,mob3_dpd30,api,分期乐#mob3_dpd30#api
10001294,3883,20240722,0,Rate24,零钱罐,dpd,6,30,6,mob6_dpd30,api,零钱罐#mob6_dpd30#api
10001294,3884,20251026,0,Rate24,零钱罐,dpd,12,60,12,mob12_dpd60,小程序,零钱罐#mob12_dpd60#小程序
10001295,3885,20250609,0,Rate24,零钱罐,dpd,12,30,12,mob12_dpd30,api,零钱罐#mob12_dpd30#api
10001295,3886,20240628,0,Rate24,零钱罐,dpd,12,60,12,mob12_dpd60,api,零钱罐#mob12_dpd60#api
10001295,3887,20250204,0,Rate24,零钱罐,dpd,9,30,9,mob9_dpd30,小程序,零钱罐#mob9_dpd30#小程序
10001296,3888,20250219,1,Rate24,零钱罐,dpd,6,30,6,mob6_dpd30,小程序,零钱罐#mob6_dpd30#小程序
10001296,3889,20250810,0,Rate24,零钱罐,dpd,3,60,3,mob3_dpd60,小程序,零钱罐#mob3_dpd60#小程序
10001296,3890,20240706,0,Rate24,分期乐,dpd,6,60,6,mob6_dpd60,api,分期乐#mob6_dpd60#api
10001297,3891,20240613,0,Rate24,分期乐,dpd,12,30,12,mob12_dpd30,小程序,分期乐#mob12_dpd30#小程序
10001297,3892,20240316,0,Rate24,零钱罐,dpd,12,30,12,mob12_dpd30,小程序,零钱罐#mob12_dpd30#小程序
10001297,3893,20250713,0,Rate24,分期乐,dpd,3,30,3,mob3_dpd30,小程序,分期乐#mob3_dpd30#小程序
10001298,3894,20240909,1,Rate24,分期乐,dpd,9,60,9,mob9_dpd60,小程序,分期乐#mob9_dpd60#小程序
10001298,3895,20250807,-2,Rate24,分期乐,dpd,6,30,6,mob6_dpd30,api,分期乐#mob6_dpd30#api
10001298,3896,20240301,0,Rate24,零钱罐,dpd,3,30,3,mob3_dpd30,api,零钱罐#mob3_dpd30#api
10001299,3897,20240917,0,Rate24,零钱罐,dpd,9,30,9,mob9_dpd30,小程序,零钱罐#mob9_dpd30#小程序
10001299,3898,20250903,1,Rate24,零钱罐,dpd,12,30,12,mob12_dpd30,小程序,零钱罐#mob12_dpd30#小程序
10001299,3899,20250705,0,Rate24,分期乐,fpd,,60,,fpd60,api,分期乐#fpd60#api
10001300,3900,20241006,0,Rate24,分期乐,dpd,3,30,3,mob3_dpd30,小程序,分期乐#mob3_dpd30#小程序
10001300,3901,20251015,0,Rate24,零钱罐,dpd,3,60,3,mob3_dpd60,小程序,零钱罐#mob3_dpd60#小程序
10001300,3902,20250112,0,Rate24,零钱罐,dpd,3,30,3,mob3_dpd30,api,零钱罐#mob3_dpd30#api
10001301,3903,20240906,0,Rate24,零钱罐,dpd,6,30,6,mob6_dpd30,小程序,零钱罐#mob6_dpd30#小程序
10001301,3904,20250628,0,Rate24,分期乐,dpd,3,60,3,mob3_dpd60,api,分期乐#mob3_dpd60#api
10001301,3905,20250217,0,Rate24,分期乐,dpd,3,30,3,mob3_dpd30,api,分期乐#mob3_dpd30#api
10001302,3906,20241023,0,Rate24,分期乐,fpd,,60,,fpd60,api,分期乐#fpd60#api
10001302,3907,20250101,0,Rate24,分期乐,dpd,6,60,6,mob6_dpd60,api,分期乐#mob6_dpd60#api
10001302,3908,20260105,0,Rate24,分期乐,dpd,3,60,3,mob3_dpd60,api,分期乐#mob3_dpd60#api
10001303,3909,20250112,0,Rate24,零钱罐,dpd,6,30,6,mob6_dpd30,api,零钱罐#mob6_dpd30#api
10001303,3910,20241010,0,Rate24,分期乐,dpd,6,60,6,mob6_dpd60,api,分期乐#mob6_dpd60#api
10001303,3911,20241017,0,Rate24,分期乐,dpd,3,60,3,mob3_dpd60,api,分期乐#mob3_dpd60#api
10001304,3912,20250823,0,Rate24,零钱罐,dpd,12,30,12,mob12_dpd30,小程序,零钱罐#mob12_dpd30#小程序
10001304,3913,20250609,0,Rate24,分期乐,dpd,12,30,12,mob12_dpd30,api,分期乐#mob12_dpd30#api
10001304,3914,20250214,0,Rate24,分期乐,fpd,,60,,fpd60,小程序,分期乐#fpd60#小程序
10001305,3915,20260106,0,Rate24,分期乐,dpd,3,30,3,mob3_dpd30,api,分期乐#mob3_dpd30#api
10001305,3916,20260123,0,Rate24,零钱罐,dpd,6,30,6,mob6_dpd30,api,零钱罐#mob6_dpd30#api
10001305,3917,20250608,0,Rate24,零钱罐,dpd,9,60,9,mob9_dpd60,小程序,零钱罐#mob9_dpd60#小程序
10001306,3918,20240612,0,Rate24,零钱罐,fpd,,30,,fpd30,api,零钱罐#fpd30#api
10001306,3919,20240623,0,Rate24,零钱罐,fpd,,30,,fpd30,小程序,零钱罐#fpd30#小程序
10001306,3920,20250313,0,Rate24,零钱罐,dpd,9,60,9,mob9_dpd60,api,零钱罐#mob9_dpd60#api
10001307,3921,20260204,0,Rate24,分期乐,dpd,6,60,6,mob6_dpd60,api,分期乐#mob6_dpd60#api
10001307,3922,20240723,1,Rate24,分期乐,dpd,6,60,6,mob6_dpd60,小程序,分期乐#mob6_dpd60#小程序
10001307,3923,20240322,0,Rate24,分期乐,fpd,,30,,fpd30,api,分期乐#fpd30#api
10001308,3924,20250914,1,Rate24,零钱罐,dpd,9,60,9,mob9_dpd60,小程序,零钱罐#mob9_dpd60#小程序
10001308,3925,20240419,0,Rate24,零钱罐,fpd,,30,,fpd30,api,零钱罐#fpd30#api
10001308,3926,20240322,0,Rate24,分期乐,dpd,9,60,9,mob9_dpd60,小程序,分期乐#mob9_dpd60#小程序
10001309,3927,20251008,0,Rate24,零钱罐,fpd,,30,,fpd30,小程序,零钱罐#fpd30#小程序
10001309,3928,20240919,0,Rate24,分期乐,dpd,3,60,3,mob3_dpd60,小程序,分期乐#mob3_dpd60#小程序
10001309,3929,20250201,0,Rate24,分期乐,dpd,12,30,12,mob12_dpd30,小程序,分期乐#mob12_dpd30#小程序
10001310,3930,20251016,0,Rate24,零钱罐,dpd,9,60,9,mob9_dpd60,小程序,零钱罐#mob9_dpd60#小程序
10001310,3931,20260114,-2,Rate24,分期乐,dpd,3,60,3,mob3_dpd60,api,分期乐#mob3_dpd60#api
10001310,3932,20241120,0,Rate24,零钱罐,fpd,,30,,fpd30,api,零钱罐#fpd30#api
10001311,3933,20240418,0,Rate24,零钱罐,dpd,12,30,12,mob12_dpd30,api,零钱罐#mob12_dpd30#api
10001311,3934,20240803,0,Rate24,分期乐,dpd,6,30,6,mob6_dpd30,api,分期乐#mob6_dpd30#api
10001311,3935,20240611,0,Rate24,零钱罐,fpd,,30,,fpd30,api,零钱罐#fpd30#api
10001312,3936,20240427,0,Rate24,分期乐,fpd,,60,,fpd60,小程序,分期乐#fpd60#小程序
10001312,3937,20251105,1,Rate24,零钱罐,dpd,3,60,3,mob3_dpd60,小程序,零钱罐#mob3_dpd60#小程序
10001312,3938,20250923,0,Rate24,零钱罐,dpd,6,60,6,mob6_dpd60,api,零钱罐#mob6_dpd60#api
10001313,3939,20240328,0,Rate24,分期乐,dpd,3,60,3,mob3_dpd60,小程序,分期乐#mob3_dpd60#小程序
10001313,3940,20241007,-2,Rate24,分期乐,dpd,6,60,6,mob6_dpd60,小程序,分期乐#mob6_dpd60#小程序
10001313,3941,20250221,0,Rate24,零钱罐,dpd,3,30,3,mob3_dpd30,api,零钱罐#mob3_dpd30#api
10001314,3942,20241027,0,Rate24,分期乐,dpd,6,30,6,mob6_dpd30,api,分期乐#mob6_dpd30#api
10001314,3943,20251127,0,Rate24,分期乐,dpd,12,60,12,mob12_dpd60,api,分期乐#mob12_dpd60#api
10001314,3944,20250311,0,Rate24,分期乐,fpd,,60,,fpd60,小程序,分期乐#fpd60#小程序
10001315,3945,20240608,1,Rate24,分期乐,dpd,6,60,6,mob6_dpd60,小程序,分期乐#mob6_dpd60#小程序
10001315,3946,20240715,1,Rate24,分期乐,dpd,12,30,12,mob12_dpd30,小程序,分期乐#mob12_dpd30#小程序
10001315,3947,20251225,1,Rate24,零钱罐,dpd,3,60,3,mob3_dpd60,小程序,零钱罐#mob3_dpd60#小程序
10001316,3948,20241015,0,Rate24,零钱罐,dpd,12,60,12,mob12_dpd60,api,零钱罐#mob12_dpd60#api
10001316,3949,20250223,0,Rate24,零钱罐,dpd,9,30,9,mob9_dpd30,api,零钱罐#mob9_dpd30#api
10001316,3950,20251013,0,Rate24,分期乐,dpd,6,30,6,mob6_dpd30,api,分期乐#mob6_dpd30#api
10001317,3951,20250403,-2,Rate24,分期乐,dpd,6,60,6,mob6_dpd60,api,分期乐#mob6_dpd60#api
10001317,3952,20241104,-2,Rate24,分期乐,dpd,12,60,12,mob12_dpd60,小程序,分期乐#mob12_dpd60#小程序
10001317,3953,20250815,0,Rate24,分期乐,fpd,,60,,fpd60,api,分期乐#fpd60#api
10001318,3954,20260218,0,Rate24,分期乐,dpd,6,30,6,mob6_dpd30,api,分期乐#mob6_dpd30#api
10001318,3955,20250801,0,Rate24,零钱罐,dpd,6,60,6,mob6_dpd60,api,零钱罐#mob6_dpd60#api
10001318,3956,20241107,0,Rate24,分期乐,fpd,,30,,fpd30,小程序,分期乐#fpd30#小程序
10001319,3957,20251208,0,Rate24,零钱罐,dpd,9,60,9,mob9_dpd60,api,零钱罐#mob9_dpd60#api
10001319,3958,20250908,0,Rate24,分期乐,fpd,,60,,fpd60,小程序,分期乐#fpd60#小程序
10001319,3959,20240921,0,Rate24,分期乐,dpd,12,30,12,mob12_dpd30,api,分期乐#mob12_dpd30#api
10001320,3960,20240609,0,Rate24,零钱罐,dpd,3,30,3,mob3_dpd30,小程序,零钱罐#mob3_dpd30#小程序
10001320,3961,20240827,0,Rate24,零钱罐,dpd,3,30,3,mob3_dpd30,小程序,零钱罐#mob3_dpd30#小程序
10001320,3962,20240524,0,Rate24,分期乐,dpd,9,30,9,mob9_dpd30,小程序,分期乐#mob9_dpd30#小程序
10001321,3963,20250601,0,Rate24,分期乐,dpd,6,60,6,mob6_dpd60,小程序,分期乐#mob6_dpd60#小程序
10001321,3964,20250107,0,Rate24,零钱罐,dpd,6,60,6,mob6_dpd60,api,零钱罐#mob6_dpd60#api
10001321,3965,20240720,0,Rate24,零钱罐,dpd,6,60,6,mob6_dpd60,api,零钱罐#mob6_dpd60#api
10001322,3966,20250410,0,Rate24,分期乐,fpd,,30,,fpd30,小程序,分期乐#fpd30#小程序
10001322,3967,20250716,0,Rate24,分期乐,dpd,3,60,3,mob3_dpd60,api,分期乐#mob3_dpd60#api
10001322,3968,20260216,0,Rate24,零钱罐,dpd,3,60,3,mob3_dpd60,小程序,零钱罐#mob3_dpd60#小程序
10001323,3969,20251225,0,Rate24,分期乐,dpd,12,30,12,mob12_dpd30,api,分期乐#mob12_dpd30#api
10001323,3970,20250515,0,Rate24,零钱罐,dpd,6,60,6,mob6_dpd60,小程序,零钱罐#mob6_dpd60#小程序
10001323,3971,20240921,-2,Rate24,分期乐,dpd,12,30,12,mob12_dpd30,小程序,分期乐#mob12_dpd30#小程序
10001324,3972,20240728,0,Rate24,分期乐,fpd,,30,,fpd30,api,分期乐#fpd30#api
10001324,3973,20251023,0,Rate24,分期乐,dpd,12,60,12,mob12_dpd60,api,分期乐#mob12_dpd60#api
10001324,3974,20250627,0,Rate24,零钱罐,dpd,3,60,3,mob3_dpd60,api,零钱罐#mob3_dpd60#api
10001325,3975,20250809,0,Rate24,分期乐,dpd,9,30,9,mob9_dpd30,小程序,分期乐#mob9_dpd30#小程序
10001325,3976,20250710,1,Rate24,零钱罐,dpd,3,30,3,mob3_dpd30,小程序,零钱罐#mob3_dpd30#小程序
10001325,3977,20240727,0,Rate24,分期乐,dpd,9,30,9,mob9_dpd30,api,分期乐#mob9_dpd30#api
10001326,3978,20241113,0,Rate24,分期乐,dpd,9,60,9,mob9_dpd60,小程序,分期乐#mob9_dpd60#小程序
10001326,3979,20240828,0,Rate24,分期乐,dpd,3,30,3,mob3_dpd30,api,分期乐#mob3_dpd30#api
10001326,3980,20250607,0,Rate24,分期乐,dpd,6,30,6,mob6_dpd30,api,分期乐#mob6_dpd30#api
10001327,3981,20250218,0,Rate24,分期乐,dpd,12,60,12,mob12_dpd60,api,分期乐#mob12_dpd60#api
10001327,3982,20241227,0,Rate24,零钱罐,dpd,3,60,3,mob3_dpd60,小程序,零钱罐#mob3_dpd60#小程序
10001327,3983,20250518,0,Rate24,分期乐,dpd,12,60,12,mob12_dpd60,api,分期乐#mob12_dpd60#api
10001328,3984,20250508,0,Rate24,零钱罐,fpd,,30,,fpd30,小程序,零钱罐#fpd30#小程序
10001328,3985,20240710,0,Rate24,零钱罐,dpd,9,60,9,mob9_dpd60,小程序,零钱罐#mob9_dpd60#小程序
10001328,3986,20260106,0,Rate24,分期乐,dpd,9,60,9,mob9_dpd60,api,分期乐#mob9_dpd60#api
10001329,3987,20250622,0,Rate24,零钱罐,dpd,6,30,6,mob6_dpd30,api,零钱罐#mob6_dpd30#api
10001329,3988,20240912,0,Rate24,分期乐,dpd,9,60,9,mob9_dpd60,小程序,分期乐#mob9_dpd60#小程序
10001329,3989,20240410,0,Rate24,零钱罐,dpd,9,30,9,mob9_dpd30,小程序,零钱罐#mob9_dpd30#小程序
10001330,3990,20240606,0,Rate24,零钱罐,fpd,,60,,fpd60,api,零钱罐#fpd60#api
10001330,3991,20250325,0,Rate24,分期乐,dpd,6,30,6,mob6_dpd30,api,分期乐#mob6_dpd30#api
10001330,3992,20240928,0,Rate24,零钱罐,dpd,6,30,6,mob6_dpd30,api,零钱罐#mob6_dpd30#api
10001331,3993,20250110,0,Rate24,零钱罐,dpd,6,30,6,mob6_dpd30,api,零钱罐#mob6_dpd30#api
10001331,3994,20250822,0,Rate24,零钱罐,dpd,9,30,9,mob9_dpd30,api,零钱罐#mob9_dpd30#api
10001331,3995,20241226,0,Rate24,分期乐,dpd,12,60,12,mob12_dpd60,api,分期乐#mob12_dpd60#api
10001332,3996,20250702,0,Rate24,分期乐,fpd,,30,,fpd30,api,分期乐#fpd30#api
10001332,3997,20240623,-2,Rate24,分期乐,dpd,12,60,12,mob12_dpd60,小程序,分期乐#mob12_dpd60#小程序
10001332,3998,20250711,-2,Rate24,分期乐,dpd,6,30,6,mob6_dpd30,小程序,分期乐#mob6_dpd30#小程序
10001333,3999,20241022,0,Rate24,分期乐,dpd,6,60,6,mob6_dpd60,api,分期乐#mob6_dpd60#api
10001333,4000,20250609,0,Rate24,分期乐,dpd,6,60,6,mob6_dpd60,小程序,分期乐#mob6_dpd60#小程序
10001333,4001,20241109,0,Rate24,零钱罐,fpd,,60,,fpd60,小程序,零钱罐#fpd60#小程序
10001334,4002,20241205,0,Rate24,分期乐,dpd,3,60,3,mob3_dpd60,小程序,分期乐#mob3_dpd60#小程序
10001334,4003,20240921,0,Rate24,零钱罐,dpd,6,60,6,mob6_dpd60,小程序,零钱罐#mob6_dpd60#小程序
10001334,4004,20250316,0,Rate24,分期乐,dpd,3,30,3,mob3_dpd30,小程序,分期乐#mob3_dpd30#小程序
10001335,4005,20251109,0,Rate24,零钱罐,dpd,12,30,12,mob12_dpd30,小程序,零钱罐#mob12_dpd30#小程序
10001335,4006,20250802,0,Rate24,分期乐,dpd,3,60,3,mob3_dpd60,小程序,分期乐#mob3_dpd60#小程序
10001335,4007,20241223,0,Rate24,分期乐,dpd,9,60,9,mob9_dpd60,小程序,分期乐#mob9_dpd60#小程序
10001336,4008,20241012,1,Rate24,零钱罐,dpd,9,60,9,mob9_dpd60,小程序,零钱罐#mob9_dpd60#小程序
10001336,4009,20250721,1,Rate24,分期乐,dpd,9,30,9,mob9_dpd30,api,分期乐#mob9_dpd30#api
10001336,4010,20260113,0,Rate24,分期乐,dpd,3,30,3,mob3_dpd30,小程序,分期乐#mob3_dpd30#小程序
10001337,4011,20250222,-2,Rate24,零钱罐,dpd,12,60,12,mob12_dpd60,api,零钱罐#mob12_dpd60#api
10001337,4012,20250619,0,Rate24,分期乐,dpd,3,60,3,mob3_dpd60,api,分期乐#mob3_dpd60#api
10001337,4013,20260213,0,Rate24,分期乐,dpd,12,30,12,mob12_dpd30,小程序,分期乐#mob12_dpd30#小程序
10001338,4014,20241008,0,Rate24,零钱罐,dpd,12,60,12,mob12_dpd60,api,零钱罐#mob12_dpd60#api
10001338,4015,20240621,1,Rate24,分期乐,dpd,9,60,9,mob9_dpd60,api,分期乐#mob9_dpd60#api
10001338,4016,20250524,0,Rate24,零钱罐,dpd,9,30,9,mob9_dpd30,小程序,零钱罐#mob9_dpd30#小程序
10001339,4017,20250921,0,Rate24,零钱罐,dpd,6,30,6,mob6_dpd30,api,零钱罐#mob6_dpd30#api
10001339,4018,20260205,0,Rate24,零钱罐,fpd,,30,,fpd30,api,零钱罐#fpd30#api
10001339,4019,20250113,0,Rate24,分期乐,dpd,3,30,3,mob3_dpd30,小程序,分期乐#mob3_dpd30#小程序
10001340,4020,20251224,0,Rate24,零钱罐,fpd,,60,,fpd60,api,零钱罐#fpd60#api
10001340,4021,20241119,1,Rate24,分期乐,dpd,9,30,9,mob9_dpd30,api,分期乐#mob9_dpd30#api
10001340,4022,20260208,0,Rate24,分期乐,dpd,9,60,9,mob9_dpd60,小程序,分期乐#mob9_dpd60#小程序
10001341,4023,20250705,0,Rate24,分期乐,dpd,6,60,6,mob6_dpd60,api,分期乐#mob6_dpd60#api
10001341,4024,20240421,-2,Rate24,分期乐,dpd,9,30,9,mob9_dpd30,api,分期乐#mob9_dpd30#api
10001341,4025,20240413,0,Rate24,零钱罐,dpd,3,60,3,mob3_dpd60,api,零钱罐#mob3_dpd60#api
10001342,4026,20250210,0,Rate24,分期乐,fpd,,30,,fpd30,小程序,分期乐#fpd30#小程序
10001342,4027,20240819,0,Rate24,分期乐,dpd,3,30,3,mob3_dpd30,api,分期乐#mob3_dpd30#api
10001342,4028,20250115,1,Rate24,零钱罐,dpd,12,30,12,mob12_dpd30,小程序,零钱罐#mob12_dpd30#小程序
10001343,4029,20251101,1,Rate24,零钱罐,dpd,6,60,6,mob6_dpd60,小程序,零钱罐#mob6_dpd60#小程序
10001343,4030,20240826,0,Rate24,分期乐,fpd,,60,,fpd60,小程序,分期乐#fpd60#小程序
10001343,4031,20250812,0,Rate24,分期乐,dpd,9,60,9,mob9_dpd60,小程序,分期乐#mob9_dpd60#小程序
10001344,4032,20250415,0,Rate24,零钱罐,dpd,9,30,9,mob9_dpd30,api,零钱罐#mob9_dpd30#api
10001344,4033,20250207,0,Rate24,分期乐,dpd,3,30,3,mob3_dpd30,api,分期乐#mob3_dpd30#api
10001344,4034,20260117,0,Rate24,零钱罐,dpd,6,60,6,mob6_dpd60,小程序,零钱罐#mob6_dpd60#小程序
10001345,4035,20240412,0,Rate24,零钱罐,fpd,,30,,fpd30,小程序,零钱罐#fpd30#小程序
10001345,4036,20241111,-2,Rate24,零钱罐,dpd,12,30,12,mob12_dpd30,小程序,零钱罐#mob12_dpd30#小程序
10001345,4037,20251004,0,Rate24,分期乐,dpd,9,30,9,mob9_dpd30,小程序,分期乐#mob9_dpd30#小程序
10001346,4038,20241207,1,Rate24,分期乐,dpd,12,60,12,mob12_dpd60,小程序,分期乐#mob12_dpd60#小程序
10001346,4039,20260218,0,Rate24,零钱罐,dpd,12,30,12,mob12_dpd30,小程序,零钱罐#mob12_dpd30#小程序
10001346,4040,20241128,-2,Rate24,分期乐,dpd,12,30,12,mob12_dpd30,api,分期乐#mob12_dpd30#api
10001347,4041,20251022,0,Rate24,零钱罐,fpd,,30,,fpd30,api,零钱罐#fpd30#api
10001347,4042,20240618,0,Rate24,分期乐,dpd,6,30,6,mob6_dpd30,api,分期乐#mob6_dpd30#api
10001347,4043,20250802,0,Rate24,零钱罐,fpd,,30,,fpd30,小程序,零钱罐#fpd30#小程序
10001348,4044,20250811,-2,Rate24,分期乐,dpd,6,60,6,mob6_dpd60,api,分期乐#mob6_dpd60#api
10001348,4045,20240806,0,Rate24,分期乐,fpd,,30,,fpd30,api,分期乐#fpd30#api
10001348,4046,20250721,0,Rate24,分期乐,fpd,,30,,fpd30,小程序,分期乐#fpd30#小程序
10001349,4047,20240922,0,Rate24,分期乐,dpd,9,30,9,mob9_dpd30,api,分期乐#mob9_dpd30#api
10001349,4048,20250716,0,Rate24,分期乐,dpd,3,30,3,mob3_dpd30,api,分期乐#mob3_dpd30#api
10001349,4049,20240427,0,Rate24,分期乐,dpd,6,60,6,mob6_dpd60,api,分期乐#mob6_dpd60#api
10001350,4050,20250308,0,Rate24,分期乐,dpd,12,30,12,mob12_dpd30,小程序,分期乐#mob12_dpd30#小程序
10001350,4051,20260213,1,Rate24,分期乐,dpd,12,60,12,mob12_dpd60,小程序,分期乐#mob12_dpd60#小程序
10001350,4052,20260201,0,Rate24,分期乐,fpd,,30,,fpd30,api,分期乐#fpd30#api
10001351,4053,20241124,1,Rate24,分期乐,dpd,12,30,12,mob12_dpd30,小程序,分期乐#mob12_dpd30#小程序
10001351,4054,20241221,0,Rate24,零钱罐,fpd,,60,,fpd60,小程序,零钱罐#fpd60#小程序
10001351,4055,20251109,0,Rate24,零钱罐,dpd,3,30,3,mob3_dpd30,小程序,零钱罐#mob3_dpd30#小程序
10001352,4056,20260213,-2,Rate24,零钱罐,fpd,,60,,fpd60,api,零钱罐#fpd60#api
10001352,4057,20250720,0,Rate24,分期乐,dpd,6,30,6,mob6_dpd30,小程序,分期乐#mob6_dpd30#小程序
10001352,4058,20250316,0,Rate24,分期乐,dpd,6,60,6,mob6_dpd60,小程序,分期乐#mob6_dpd60#小程序
10001353,4059,20250204,0,Rate24,分期乐,dpd,6,60,6,mob6_dpd60,api,分期乐#mob6_dpd60#api
10001353,4060,20250724,1,Rate24,分期乐,dpd,6,30,6,mob6_dpd30,小程序,分期乐#mob6_dpd30#小程序
10001353,4061,20250904,0,Rate24,分期乐,dpd,12,60,12,mob12_dpd60,小程序,分期乐#mob12_dpd60#小程序
10001354,4062,20250220,0,Rate24,分期乐,dpd,6,60,6,mob6_dpd60,api,分期乐#mob6_dpd60#api
10001354,4063,20250321,0,Rate24,分期乐,fpd,,60,,fpd60,api,分期乐#fpd60#api
10001354,4064,20260126,1,Rate24,零钱罐,dpd,12,30,12,mob12_dpd30,api,零钱罐#mob12_dpd30#api
10001355,4065,20251212,0,Rate24,零钱罐,dpd,3,30,3,mob3_dpd30,小程序,零钱罐#mob3_dpd30#小程序
10001355,4066,20240812,0,Rate24,零钱罐,dpd,6,30,6,mob6_dpd30,小程序,零钱罐#mob6_dpd30#小程序
10001355,4067,20260125,0,Rate24,分期乐,dpd,9,60,9,mob9_dpd60,api,分期乐#mob9_dpd60#api
10001356,4068,20241016,-2,Rate24,分期乐,dpd,12,30,12,mob12_dpd30,api,分期乐#mob12_dpd30#api
10001356,4069,20250521,0,Rate24,零钱罐,dpd,12,30,12,mob12_dpd30,api,零钱罐#mob12_dpd30#api
10001356,4070,20240618,1,Rate24,分期乐,fpd,,60,,fpd60,小程序,分期乐#fpd60#小程序
10001357,4071,20251122,0,Rate24,分期乐,dpd,9,30,9,mob9_dpd30,小程序,分期乐#mob9_dpd30#小程序
10001357,4072,20250514,0,Rate24,零钱罐,dpd,3,30,3,mob3_dpd30,小程序,零钱罐#mob3_dpd30#小程序
10001357,4073,20241112,0,Rate24,零钱罐,dpd,12,30,12,mob12_dpd30,小程序,零钱罐#mob12_dpd30#小程序
10001358,4074,20240617,0,Rate24,分期乐,dpd,3,30,3,mob3_dpd30,api,分期乐#mob3_dpd30#api
10001358,4075,20250703,0,Rate24,分期乐,dpd,9,30,9,mob9_dpd30,小程序,分期乐#mob9_dpd30#小程序
10001358,4076,20250316,0,Rate24,零钱罐,dpd,9,30,9,mob9_dpd30,小程序,零钱罐#mob9_dpd30#小程序
10001359,4077,20251224,0,Rate24,分期乐,dpd,9,60,9,mob9_dpd60,api,分期乐#mob9_dpd60#api
10001359,4078,20250104,0,Rate24,零钱罐,dpd,12,60,12,mob12_dpd60,api,零钱罐#mob12_dpd60#api
10001359,4079,20240723,0,Rate24,零钱罐,dpd,9,60,9,mob9_dpd60,小程序,零钱罐#mob9_dpd60#小程序
10001360,4080,20250221,1,Rate24,分期乐,dpd,6,30,6,mob6_dpd30,api,分期乐#mob6_dpd30#api
10001360,4081,20251212,0,Rate24,零钱罐,fpd,,60,,fpd60,小程序,零钱罐#fpd60#小程序
10001360,4082,20240305,0,Rate24,零钱罐,dpd,12,30,12,mob12_dpd30,api,零钱罐#mob12_dpd30#api
10001361,4083,20240626,0,Rate24,分期乐,dpd,12,60,12,mob12_dpd60,小程序,分期乐#mob12_dpd60#小程序
10001361,4084,20241125,0,Rate24,分期乐,dpd,6,60,6,mob6_dpd60,api,分期乐#mob6_dpd60#api
10001361,4085,20240305,0,Rate24,零钱罐,dpd,6,60,6,mob6_dpd60,小程序,零钱罐#mob6_dpd60#小程序
10001362,4086,20240409,0,Rate24,分期乐,dpd,6,60,6,mob6_dpd60,api,分期乐#mob6_dpd60#api
10001362,4087,20241007,-2,Rate24,零钱罐,fpd,,60,,fpd60,api,零钱罐#fpd60#api
10001362,4088,20240714,1,Rate24,零钱罐,dpd,9,30,9,mob9_dpd30,api,零钱罐#mob9_dpd30#api
10001363,4089,20250109,0,Rate24,零钱罐,dpd,9,60,9,mob9_dpd60,小程序,零钱罐#mob9_dpd60#小程序
10001363,4090,20240904,0,Rate24,零钱罐,dpd,6,30,6,mob6_dpd30,小程序,零钱罐#mob6_dpd30#小程序
10001363,4091,20251105,0,Rate24,分期乐,dpd,3,60,3,mob3_dpd60,小程序,分期乐#mob3_dpd60#小程序
10001364,4092,20250910,0,Rate24,分期乐,dpd,9,30,9,mob9_dpd30,小程序,分期乐#mob9_dpd30#小程序
10001364,4093,20260218,0,Rate24,零钱罐,dpd,3,60,3,mob3_dpd60,小程序,零钱罐#mob3_dpd60#小程序
10001364,4094,20250726,1,Rate24,分期乐,dpd,3,60,3,mob3_dpd60,api,分期乐#mob3_dpd60#api
10001365,4095,20241122,0,Rate24,零钱罐,dpd,6,60,6,mob6_dpd60,小程序,零钱罐#mob6_dpd60#小程序
10001365,4096,20241207,0,Rate24,零钱罐,dpd,9,60,9,mob9_dpd60,小程序,零钱罐#mob9_dpd60#小程序
10001365,4097,20241009,0,Rate24,零钱罐,dpd,12,30,12,mob12_dpd30,api,零钱罐#mob12_dpd30#api
10001366,4098,20240904,0,Rate24,零钱罐,dpd,12,30,12,mob12_dpd30,小程序,零钱罐#mob12_dpd30#小程序
10001366,4099,20250606,0,Rate24,零钱罐,dpd,6,60,6,mob6_dpd60,api,零钱罐#mob6_dpd60#api
10001366,4100,20260122,-2,Rate24,分期乐,fpd,,30,,fpd30,小程序,分期乐#fpd30#小程序
10001367,4101,20240617,1,Rate24,零钱罐,dpd,3,30,3,mob3_dpd30,api,零钱罐#mob3_dpd30#api
10001367,4102,20250205,0,Rate24,分期乐,dpd,12,60,12,mob12_dpd60,api,分期乐#mob12_dpd60#api
10001367,4103,20250625,0,Rate24,零钱罐,dpd,9,30,9,mob9_dpd30,api,零钱罐#mob9_dpd30#api
10001368,4104,20251026,0,Rate24,分期乐,dpd,3,30,3,mob3_dpd30,小程序,分期乐#mob3_dpd30#小程序
10001368,4105,20241112,0,Rate24,分期乐,dpd,3,60,3,mob3_dpd60,小程序,分期乐#mob3_dpd60#小程序
10001368,4106,20250623,0,Rate24,分期乐,dpd,9,60,9,mob9_dpd60,api,分期乐#mob9_dpd60#api
10001369,4107,20250511,0,Rate24,分期乐,dpd,6,30,6,mob6_dpd30,小程序,分期乐#mob6_dpd30#小程序
10001369,4108,20240305,0,Rate24,分期乐,dpd,3,60,3,mob3_dpd60,api,分期乐#mob3_dpd60#api
10001369,4109,20240711,0,Rate24,零钱罐,dpd,12,60,12,mob12_dpd60,api,零钱罐#mob12_dpd60#api
10001370,4110,20240816,0,Rate24,分期乐,dpd,6,30,6,mob6_dpd30,小程序,分期乐#mob6_dpd30#小程序
10001370,4111,20241118,0,Rate24,分期乐,dpd,12,30,12,mob12_dpd30,小程序,分期乐#mob12_dpd30#小程序
10001370,4112,20251127,0,Rate24,分期乐,fpd,,30,,fpd30,小程序,分期乐#fpd30#小程序
10001371,4113,20251016,0,Rate24,零钱罐,fpd,,60,,fpd60,api,零钱罐#fpd60#api
10001371,4114,20240727,0,Rate24,零钱罐,dpd,12,60,12,mob12_dpd60,api,零钱罐#mob12_dpd60#api
10001371,4115,20241110,1,Rate24,零钱罐,dpd,9,60,9,mob9_dpd60,小程序,零钱罐#mob9_dpd60#小程序
10001372,4116,20240605,0,Rate24,分期乐,dpd,6,60,6,mob6_dpd60,小程序,分期乐#mob6_dpd60#小程序
10001372,4117,20250520,0,Rate24,分期乐,fpd,,30,,fpd30,小程序,分期乐#fpd30#小程序
10001372,4118,20240815,0,Rate24,分期乐,fpd,,60,,fpd60,api,分期乐#fpd60#api
10001373,4119,20241019,0,Rate24,零钱罐,dpd,6,30,6,mob6_dpd30,小程序,零钱罐#mob6_dpd30#小程序
10001373,4120,20250303,0,Rate24,零钱罐,fpd,,30,,fpd30,小程序,零钱罐#fpd30#小程序
10001373,4121,20250211,1,Rate24,零钱罐,dpd,12,60,12,mob12_dpd60,api,零钱罐#mob12_dpd60#api
10001374,4122,20241210,-2,Rate24,零钱罐,dpd,6,30,6,mob6_dpd30,api,零钱罐#mob6_dpd30#api
10001374,4123,20240610,0,Rate24,分期乐,dpd,6,30,6,mob6_dpd30,小程序,分期乐#mob6_dpd30#小程序
10001374,4124,20260212,0,Rate24,零钱罐,fpd,,30,,fpd30,小程序,零钱罐#fpd30#小程序
10001375,4125,20260126,0,Rate24,分期乐,fpd,,30,,fpd30,api,分期乐#fpd30#api
10001375,4126,20240413,-2,Rate24,分期乐,dpd,3,30,3,mob3_dpd30,小程序,分期乐#mob3_dpd30#小程序
10001375,4127,20250815,1,Rate24,分期乐,dpd,6,30,6,mob6_dpd30,小程序,分期乐#mob6_dpd30#小程序
10001376,4128,20240407,0,Rate24,分期乐,fpd,,30,,fpd30,小程序,分期乐#fpd30#小程序
10001376,4129,20240619,0,Rate24,零钱罐,dpd,6,30,6,mob6_dpd30,小程序,零钱罐#mob6_dpd30#小程序
10001376,4130,20240602,1,Rate24,分期乐,fpd,,30,,fpd30,小程序,分期乐#fpd30#小程序
10001377,4131,20240323,0,Rate24,零钱罐,fpd,,30,,fpd30,小程序,零钱罐#fpd30#小程序
10001377,4132,20240605,0,Rate24,零钱罐,dpd,9,30,9,mob9_dpd30,小程序,零钱罐#mob9_dpd30#小程序
10001377,4133,20250102,0,Rate24,零钱罐,dpd,3,60,3,mob3_dpd60,小程序,零钱罐#mob3_dpd60#小程序
10001378,4134,20260102,0,Rate24,分期乐,dpd,3,30,3,mob3_dpd30,小程序,分期乐#mob3_dpd30#小程序
10001378,4135,20240817,0,Rate24,零钱罐,dpd,6,60,6,mob6_dpd60,api,零钱罐#mob6_dpd60#api
10001378,4136,20250819,0,Rate24,分期乐,dpd,3,60,3,mob3_dpd60,小程序,分期乐#mob3_dpd60#小程序
10001379,4137,20251212,1,Rate24,零钱罐,dpd,12,60,12,mob12_dpd60,api,零钱罐#mob12_dpd60#api
10001379,4138,20241102,-2,Rate24,零钱罐,fpd,,30,,fpd30,api,零钱罐#fpd30#api
10001379,4139,20250901,-2,Rate24,分期乐,dpd,6,30,6,mob6_dpd30,小程序,分期乐#mob6_dpd30#小程序
10001380,4140,20240523,0,Rate24,分期乐,dpd,12,60,12,mob12_dpd60,api,分期乐#mob12_dpd60#api
10001380,4141,20250226,0,Rate24,零钱罐,fpd,,30,,fpd30,小程序,零钱罐#fpd30#小程序
10001380,4142,20260214,0,Rate24,分期乐,dpd,9,30,9,mob9_dpd30,小程序,分期乐#mob9_dpd30#小程序
10001381,4143,20260107,0,Rate24,零钱罐,dpd,9,60,9,mob9_dpd60,小程序,零钱罐#mob9_dpd60#小程序
10001381,4144,20240328,0,Rate24,零钱罐,fpd,,30,,fpd30,小程序,零钱罐#fpd30#小程序
10001381,4145,20250620,0,Rate24,分期乐,dpd,9,30,9,mob9_dpd30,api,分期乐#mob9_dpd30#api
10001382,4146,20250210,0,Rate24,零钱罐,dpd,12,60,12,mob12_dpd60,api,零钱罐#mob12_dpd60#api
10001382,4147,20260112,0,Rate24,零钱罐,fpd,,30,,fpd30,api,零钱罐#fpd30#api
10001382,4148,20240916,0,Rate24,零钱罐,dpd,6,30,6,mob6_dpd30,小程序,零钱罐#mob6_dpd30#小程序
10001383,4149,20260201,0,Rate24,零钱罐,fpd,,30,,fpd30,api,零钱罐#fpd30#api
10001383,4150,20260228,0,Rate24,分期乐,dpd,12,30,12,mob12_dpd30,api,分期乐#mob12_dpd30#api
10001383,4151,20240406,0,Rate24,零钱罐,dpd,6,30,6,mob6_dpd30,api,零钱罐#mob6_dpd30#api
10001384,4152,20240324,0,Rate24,分期乐,dpd,6,60,6,mob6_dpd60,小程序,分期乐#mob6_dpd60#小程序
10001384,4153,20251213,0,Rate24,零钱罐,dpd,9,30,9,mob9_dpd30,api,零钱罐#mob9_dpd30#api
10001384,4154,20250827,0,Rate24,分期乐,dpd,3,60,3,mob3_dpd60,小程序,分期乐#mob3_dpd60#小程序
10001385,4155,20251111,0,Rate24,零钱罐,dpd,6,30,6,mob6_dpd30,api,零钱罐#mob6_dpd30#api
10001385,4156,20251118,1,Rate24,零钱罐,dpd,9,30,9,mob9_dpd30,小程序,零钱罐#mob9_dpd30#小程序
10001385,4157,20251109,0,Rate24,分期乐,dpd,3,30,3,mob3_dpd30,小程序,分期乐#mob3_dpd30#小程序
10001386,4158,20241109,0,Rate24,零钱罐,dpd,6,60,6,mob6_dpd60,小程序,零钱罐#mob6_dpd60#小程序
10001386,4159,20260117,0,Rate24,零钱罐,dpd,12,60,12,mob12_dpd60,api,零钱罐#mob12_dpd60#api
10001386,4160,20250618,0,Rate24,分期乐,dpd,6,30,6,mob6_dpd30,小程序,分期乐#mob6_dpd30#小程序
10001387,4161,20241226,-2,Rate24,零钱罐,dpd,3,30,3,mob3_dpd30,api,零钱罐#mob3_dpd30#api
10001387,4162,20240614,0,Rate24,零钱罐,dpd,3,60,3,mob3_dpd60,小程序,零钱罐#mob3_dpd60#小程序
10001387,4163,20250605,0,Rate24,分期乐,dpd,12,30,12,mob12_dpd30,api,分期乐#mob12_dpd30#api
10001388,4164,20250223,0,Rate24,分期乐,dpd,3,30,3,mob3_dpd30,小程序,分期乐#mob3_dpd30#小程序
10001388,4165,20240328,0,Rate24,分期乐,dpd,9,30,9,mob9_dpd30,api,分期乐#mob9_dpd30#api
10001388,4166,20240313,0,Rate24,零钱罐,fpd,,60,,fpd60,api,零钱罐#fpd60#api
10001389,4167,20260209,0,Rate24,分期乐,fpd,,30,,fpd30,小程序,分期乐#fpd30#小程序
10001389,4168,20250819,0,Rate24,分期乐,dpd,3,60,3,mob3_dpd60,api,分期乐#mob3_dpd60#api
10001389,4169,20250221,0,Rate24,分期乐,fpd,,60,,fpd60,小程序,分期乐#fpd60#小程序
10001390,4170,20250422,-2,Rate24,零钱罐,dpd,9,30,9,mob9_dpd30,小程序,零钱罐#mob9_dpd30#小程序
10001390,4171,20250101,0,Rate24,分期乐,dpd,3,30,3,mob3_dpd30,api,分期乐#mob3_dpd30#api
10001390,4172,20241011,0,Rate24,分期乐,dpd,3,30,3,mob3_dpd30,小程序,分期乐#mob3_dpd30#小程序
10001391,4173,20240708,0,Rate24,分期乐,dpd,9,30,9,mob9_dpd30,api,分期乐#mob9_dpd30#api
10001391,4174,20260111,-2,Rate24,零钱罐,dpd,6,30,6,mob6_dpd30,小程序,零钱罐#mob6_dpd30#小程序
10001391,4175,20250927,0,Rate24,零钱罐,dpd,3,30,3,mob3_dpd30,api,零钱罐#mob3_dpd30#api
10001392,4176,20240915,-2,Rate24,分期乐,dpd,6,30,6,mob6_dpd30,api,分期乐#mob6_dpd30#api
10001392,4177,20241006,0,Rate24,分期乐,fpd,,30,,fpd30,api,分期乐#fpd30#api
10001392,4178,20251017,0,Rate24,零钱罐,dpd,12,60,12,mob12_dpd60,api,零钱罐#mob12_dpd60#api
10001393,4179,20240524,0,Rate24,分期乐,fpd,,60,,fpd60,小程序,分期乐#fpd60#小程序
10001393,4180,20241102,0,Rate24,零钱罐,dpd,3,60,3,mob3_dpd60,小程序,零钱罐#mob3_dpd60#小程序
10001393,4181,20250201,0,Rate24,零钱罐,fpd,,30,,fpd30,小程序,零钱罐#fpd30#小程序
10001394,4182,20241002,1,Rate24,零钱罐,dpd,9,30,9,mob9_dpd30,小程序,零钱罐#mob9_dpd30#小程序
10001394,4183,20250425,0,Rate24,分期乐,fpd,,60,,fpd60,api,分期乐#fpd60#api
10001394,4184,20240618,0,Rate24,零钱罐,dpd,9,30,9,mob9_dpd30,小程序,零钱罐#mob9_dpd30#小程序
10001395,4185,20240603,0,Rate24,零钱罐,dpd,3,60,3,mob3_dpd60,小程序,零钱罐#mob3_dpd60#小程序
10001395,4186,20250528,0,Rate24,零钱罐,dpd,6,60,6,mob6_dpd60,小程序,零钱罐#mob6_dpd60#小程序
10001395,4187,20251012,0,Rate24,分期乐,dpd,12,30,12,mob12_dpd30,小程序,分期乐#mob12_dpd30#小程序
10001396,4188,20250428,0,Rate24,零钱罐,fpd,,30,,fpd30,小程序,零钱罐#fpd30#小程序
10001396,4189,20250319,0,Rate24,分期乐,dpd,9,60,9,mob9_dpd60,api,分期乐#mob9_dpd60#api
10001396,4190,20240413,1,Rate24,零钱罐,dpd,12,60,12,mob12_dpd60,小程序,零钱罐#mob12_dpd60#小程序
10001397,4191,20240510,0,Rate24,分期乐,dpd,9,30,9,mob9_dpd30,小程序,分期乐#mob9_dpd30#小程序
10001397,4192,20240901,0,Rate24,零钱罐,dpd,9,60,9,mob9_dpd60,小程序,零钱罐#mob9_dpd60#小程序
10001397,4193,20240422,1,Rate24,零钱罐,dpd,9,60,9,mob9_dpd60,api,零钱罐#mob9_dpd60#api
10001398,4194,20240928,0,Rate24,分期乐,dpd,12,30,12,mob12_dpd30,小程序,分期乐#mob12_dpd30#小程序
10001398,4195,20240924,0,Rate24,分期乐,dpd,9,60,9,mob9_dpd60,api,分期乐#mob9_dpd60#api
10001398,4196,20260104,1,Rate24,分期乐,dpd,6,60,6,mob6_dpd60,小程序,分期乐#mob6_dpd60#小程序
10001399,4197,20260217,0,Rate24,分期乐,dpd,3,60,3,mob3_dpd60,小程序,分期乐#mob3_dpd60#小程序
10001399,4198,20250923,0,Rate24,零钱罐,dpd,3,60,3,mob3_dpd60,小程序,零钱罐#mob3_dpd60#小程序
10001399,4199,20250516,0,Rate24,分期乐,dpd,3,30,3,mob3_dpd30,小程序,分期乐#mob3_dpd30#小程序
10001400,4200,20251225,0,Rate24,零钱罐,dpd,3,60,3,mob3_dpd60,小程序,零钱罐#mob3_dpd60#小程序
10001400,4201,20241108,0,Rate24,零钱罐,dpd,12,30,12,mob12_dpd30,api,零钱罐#mob12_dpd30#api
10001400,4202,20250708,0,Rate24,零钱罐,dpd,6,60,6,mob6_dpd60,api,零钱罐#mob6_dpd60#api
10001401,4203,20250916,0,Rate24,零钱罐,dpd,3,30,3,mob3_dpd30,api,零钱罐#mob3_dpd30#api
10001401,4204,20251112,0,Rate24,分期乐,dpd,9,60,9,mob9_dpd60,api,分期乐#mob9_dpd60#api
10001401,4205,20250409,0,Rate24,分期乐,dpd,12,30,12,mob12_dpd30,小程序,分期乐#mob12_dpd30#小程序
10001402,4206,20240824,0,Rate24,零钱罐,dpd,9,30,9,mob9_dpd30,小程序,零钱罐#mob9_dpd30#小程序
10001402,4207,20240726,0,Rate24,零钱罐,dpd,6,60,6,mob6_dpd60,api,零钱罐#mob6_dpd60#api
10001402,4208,20250215,0,Rate24,分期乐,dpd,3,30,3,mob3_dpd30,api,分期乐#mob3_dpd30#api
10001403,4209,20240509,0,Rate24,分期乐,dpd,3,30,3,mob3_dpd30,api,分期乐#mob3_dpd30#api
10001403,4210,20240911,1,Rate24,分期乐,dpd,6,30,6,mob6_dpd30,小程序,分期乐#mob6_dpd30#小程序
10001403,4211,20241110,0,Rate24,零钱罐,dpd,12,60,12,mob12_dpd60,小程序,零钱罐#mob12_dpd60#小程序
10001404,4212,20241014,0,Rate24,零钱罐,dpd,12,30,12,mob12_dpd30,小程序,零钱罐#mob12_dpd30#小程序
10001404,4213,20240509,0,Rate24,零钱罐,dpd,9,60,9,mob9_dpd60,小程序,零钱罐#mob9_dpd60#小程序
10001404,4214,20250420,0,Rate24,零钱罐,fpd,,30,,fpd30,小程序,零钱罐#fpd30#小程序
10001405,4215,20240728,0,Rate24,零钱罐,fpd,,60,,fpd60,api,零钱罐#fpd60#api
10001405,4216,20240407,0,Rate24,分期乐,dpd,6,60,6,mob6_dpd60,api,分期乐#mob6_dpd60#api
10001405,4217,20240414,1,Rate24,分期乐,dpd,9,30,9,mob9_dpd30,小程序,分期乐#mob9_dpd30#小程序
10001406,4218,20240619,0,Rate24,分期乐,dpd,6,60,6,mob6_dpd60,小程序,分期乐#mob6_dpd60#小程序
10001406,4219,20240908,0,Rate24,零钱罐,dpd,3,60,3,mob3_dpd60,api,零钱罐#mob3_dpd60#api
10001406,4220,20240326,0,Rate24,零钱罐,dpd,9,60,9,mob9_dpd60,小程序,零钱罐#mob9_dpd60#小程序
10001407,4221,20250101,0,Rate24,分期乐,fpd,,30,,fpd30,小程序,分期乐#fpd30#小程序
10001407,4222,20250116,0,Rate24,分期乐,dpd,9,30,9,mob9_dpd30,api,分期乐#mob9_dpd30#api
10001407,4223,20241003,0,Rate24,分期乐,dpd,9,30,9,mob9_dpd30,小程序,分期乐#mob9_dpd30#小程序
10001408,4224,20240611,-2,Rate24,分期乐,dpd,9,60,9,mob9_dpd60,api,分期乐#mob9_dpd60#api
10001408,4225,20250709,0,Rate24,分期乐,dpd,3,60,3,mob3_dpd60,小程序,分期乐#mob3_dpd60#小程序
10001408,4226,20250923,0,Rate24,分期乐,dpd,6,30,6,mob6_dpd30,api,分期乐#mob6_dpd30#api
10001409,4227,20251204,0,Rate24,零钱罐,dpd,6,60,6,mob6_dpd60,小程序,零钱罐#mob6_dpd60#小程序
10001409,4228,20240823,1,Rate24,分期乐,dpd,9,60,9,mob9_dpd60,小程序,分期乐#mob9_dpd60#小程序
10001409,4229,20240503,0,Rate24,分期乐,dpd,6,30,6,mob6_dpd30,小程序,分期乐#mob6_dpd30#小程序
10001410,4230,20250201,0,Rate24,分期乐,fpd,,30,,fpd30,小程序,分期乐#fpd30#小程序
10001410,4231,20260126,0,Rate24,分期乐,dpd,3,60,3,mob3_dpd60,api,分期乐#mob3_dpd60#api
10001410,4232,20241109,0,Rate24,分期乐,dpd,6,60,6,mob6_dpd60,小程序,分期乐#mob6_dpd60#小程序
10001411,4233,20240909,0,Rate24,零钱罐,dpd,9,60,9,mob9_dpd60,小程序,零钱罐#mob9_dpd60#小程序
10001411,4234,20240811,0,Rate24,分期乐,dpd,3,60,3,mob3_dpd60,小程序,分期乐#mob3_dpd60#小程序
10001411,4235,20250723,0,Rate24,分期乐,dpd,6,30,6,mob6_dpd30,小程序,分期乐#mob6_dpd30#小程序
10001412,4236,20250204,0,Rate24,分期乐,dpd,9,60,9,mob9_dpd60,小程序,分期乐#mob9_dpd60#小程序
10001412,4237,20240406,0,Rate24,分期乐,dpd,3,30,3,mob3_dpd30,小程序,分期乐#mob3_dpd30#小程序
10001412,4238,20250323,0,Rate24,分期乐,fpd,,60,,fpd60,小程序,分期乐#fpd60#小程序
10001413,4239,20250506,0,Rate24,零钱罐,dpd,3,30,3,mob3_dpd30,小程序,零钱罐#mob3_dpd30#小程序
10001413,4240,20240822,0,Rate24,零钱罐,dpd,6,60,6,mob6_dpd60,小程序,零钱罐#mob6_dpd60#小程序
10001413,4241,20250427,0,Rate24,零钱罐,dpd,3,60,3,mob3_dpd60,api,零钱罐#mob3_dpd60#api
10001414,4242,20240719,0,Rate24,分期乐,dpd,6,30,6,mob6_dpd30,api,分期乐#mob6_dpd30#api
10001414,4243,20241122,0,Rate24,分期乐,dpd,12,30,12,mob12_dpd30,api,分期乐#mob12_dpd30#api
10001414,4244,20241116,0,Rate24,分期乐,fpd,,60,,fpd60,小程序,分期乐#fpd60#小程序
10001415,4245,20241103,0,Rate24,分期乐,dpd,6,30,6,mob6_dpd30,小程序,分期乐#mob6_dpd30#小程序
10001415,4246,20250903,1,Rate24,分期乐,dpd,12,30,12,mob12_dpd30,api,分期乐#mob12_dpd30#api
10001415,4247,20260204,0,Rate24,零钱罐,dpd,9,60,9,mob9_dpd60,小程序,零钱罐#mob9_dpd60#小程序
10001416,4248,20250321,1,Rate24,零钱罐,dpd,12,30,12,mob12_dpd30,api,零钱罐#mob12_dpd30#api
10001416,4249,20250208,1,Rate24,零钱罐,dpd,6,60,6,mob6_dpd60,小程序,零钱罐#mob6_dpd60#小程序
10001416,4250,20260126,0,Rate24,零钱罐,fpd,,30,,fpd30,小程序,零钱罐#fpd30#小程序
10001417,4251,20251019,0,Rate24,零钱罐,dpd,9,30,9,mob9_dpd30,api,零钱罐#mob9_dpd30#api
10001417,4252,20251028,0,Rate24,分期乐,dpd,9,30,9,mob9_dpd30,小程序,分期乐#mob9_dpd30#小程序
10001417,4253,20250925,0,Rate24,分期乐,dpd,12,30,12,mob12_dpd30,api,分期乐#mob12_dpd30#api
10001418,4254,20240723,0,Rate24,零钱罐,dpd,9,60,9,mob9_dpd60,api,零钱罐#mob9_dpd60#api
10001418,4255,20240305,1,Rate24,分期乐,dpd,12,30,12,mob12_dpd30,api,分期乐#mob12_dpd30#api
10001418,4256,20260215,0,Rate24,零钱罐,fpd,,60,,fpd60,小程序,零钱罐#fpd60#小程序
10001419,4257,20240723,0,Rate24,零钱罐,dpd,9,30,9,mob9_dpd30,api,零钱罐#mob9_dpd30#api
10001419,4258,20240907,-2,Rate24,分期乐,dpd,6,30,6,mob6_dpd30,api,分期乐#mob6_dpd30#api
10001419,4259,20250116,0,Rate24,零钱罐,dpd,3,60,3,mob3_dpd60,小程序,零钱罐#mob3_dpd60#小程序
10001420,4260,20250719,1,Rate24,分期乐,dpd,12,60,12,mob12_dpd60,小程序,分期乐#mob12_dpd60#小程序
10001420,4261,20240621,0,Rate24,零钱罐,dpd,9,30,9,mob9_dpd30,api,零钱罐#mob9_dpd30#api
10001420,4262,20250807,0,Rate24,零钱罐,dpd,12,30,12,mob12_dpd30,小程序,零钱罐#mob12_dpd30#小程序
10001421,4263,20250924,0,Rate24,零钱罐,dpd,6,60,6,mob6_dpd60,api,零钱罐#mob6_dpd60#api
10001421,4264,20250106,0,Rate24,零钱罐,dpd,9,60,9,mob9_dpd60,api,零钱罐#mob9_dpd60#api
10001421,4265,20250609,0,Rate24,分期乐,dpd,3,30,3,mob3_dpd30,api,分期乐#mob3_dpd30#api
10001422,4266,20250310,0,Rate24,零钱罐,dpd,12,30,12,mob12_dpd30,api,零钱罐#mob12_dpd30#api
10001422,4267,20250424,0,Rate24,零钱罐,dpd,3,60,3,mob3_dpd60,api,零钱罐#mob3_dpd60#api
10001422,4268,20251226,0,Rate24,零钱罐,dpd,12,60,12,mob12_dpd60,api,零钱罐#mob12_dpd60#api
10001423,4269,20250617,0,Rate24,分期乐,dpd,12,30,12,mob12_dpd30,api,分期乐#mob12_dpd30#api
10001423,4270,20240717,0,Rate24,分期乐,dpd,6,30,6,mob6_dpd30,小程序,分期乐#mob6_dpd30#小程序
10001423,4271,20241012,-2,Rate24,分期乐,fpd,,30,,fpd30,api,分期乐#fpd30#api
10001424,4272,20240519,0,Rate24,零钱罐,fpd,,30,,fpd30,小程序,零钱罐#fpd30#小程序
10001424,4273,20250325,0,Rate24,零钱罐,dpd,3,60,3,mob3_dpd60,小程序,零钱罐#mob3_dpd60#小程序
10001424,4274,20241125,0,Rate24,分期乐,fpd,,30,,fpd30,小程序,分期乐#fpd30#小程序
10001425,4275,20250309,0,Rate24,分期乐,fpd,,60,,fpd60,api,分期乐#fpd60#api
10001425,4276,20240815,1,Rate24,零钱罐,dpd,12,30,12,mob12_dpd30,api,零钱罐#mob12_dpd30#api
10001425,4277,20250108,1,Rate24,零钱罐,dpd,3,30,3,mob3_dpd30,小程序,零钱罐#mob3_dpd30#小程序
10001426,4278,20250322,0,Rate24,分期乐,dpd,9,60,9,mob9_dpd60,小程序,分期乐#mob9_dpd60#小程序
10001426,4279,20250417,0,Rate24,分期乐,dpd,9,30,9,mob9_dpd30,小程序,分期乐#mob9_dpd30#小程序
10001426,4280,20241228,1,Rate24,零钱罐,dpd,9,30,9,mob9_dpd30,小程序,零钱罐#mob9_dpd30#小程序
10001427,4281,20240623,0,Rate24,零钱罐,dpd,12,30,12,mob12_dpd30,api,零钱罐#mob12_dpd30#api
10001427,4282,20251219,0,Rate24,分期乐,dpd,3,60,3,mob3_dpd60,小程序,分期乐#mob3_dpd60#小程序
10001427,4283,20240925,0,Rate24,零钱罐,dpd,12,30,12,mob12_dpd30,小程序,零钱罐#mob12_dpd30#小程序
10001428,4284,20260213,0,Rate24,分期乐,dpd,12,30,12,mob12_dpd30,小程序,分期乐#mob12_dpd30#小程序
10001428,4285,20241115,0,Rate24,零钱罐,dpd,3,30,3,mob3_dpd30,小程序,零钱罐#mob3_dpd30#小程序
10001428,4286,20240601,0,Rate24,分期乐,dpd,6,30,6,mob6_dpd30,小程序,分期乐#mob6_dpd30#小程序
10001429,4287,20250324,0,Rate24,零钱罐,fpd,,60,,fpd60,小程序,零钱罐#fpd60#小程序
10001429,4288,20250815,0,Rate24,零钱罐,dpd,6,30,6,mob6_dpd30,小程序,零钱罐#mob6_dpd30#小程序
10001429,4289,20251125,1,Rate24,零钱罐,fpd,,30,,fpd30,api,零钱罐#fpd30#api
10001430,4290,20250605,0,Rate24,分期乐,fpd,,30,,fpd30,api,分期乐#fpd30#api
10001430,4291,20251025,-2,Rate24,零钱罐,dpd,6,60,6,mob6_dpd60,api,零钱罐#mob6_dpd60#api
10001430,4292,20260207,0,Rate24,分期乐,dpd,3,60,3,mob3_dpd60,api,分期乐#mob3_dpd60#api
10001431,4293,20260207,0,Rate24,分期乐,dpd,9,60,9,mob9_dpd60,api,分期乐#mob9_dpd60#api
10001431,4294,20240925,0,Rate24,分期乐,fpd,,30,,fpd30,api,分期乐#fpd30#api
10001431,4295,20240427,0,Rate24,分期乐,dpd,9,60,9,mob9_dpd60,api,分期乐#mob9_dpd60#api
10001432,4296,20240606,0,Rate24,零钱罐,dpd,3,30,3,mob3_dpd30,小程序,零钱罐#mob3_dpd30#小程序
10001432,4297,20260213,1,Rate24,分期乐,dpd,9,60,9,mob9_dpd60,小程序,分期乐#mob9_dpd60#小程序
10001432,4298,20250707,0,Rate24,分期乐,fpd,,60,,fpd60,api,分期乐#fpd60#api
10001433,4299,20250108,0,Rate24,分期乐,dpd,6,30,6,mob6_dpd30,api,分期乐#mob6_dpd30#api
10001433,4300,20251020,1,Rate24,分期乐,dpd,6,30,6,mob6_dpd30,小程序,分期乐#mob6_dpd30#小程序
10001433,4301,20250705,0,Rate24,分期乐,dpd,3,60,3,mob3_dpd60,api,分期乐#mob3_dpd60#api
10001434,4302,20250818,0,Rate24,分期乐,dpd,3,30,3,mob3_dpd30,小程序,分期乐#mob3_dpd30#小程序
10001434,4303,20240507,-2,Rate24,分期乐,dpd,9,60,9,mob9_dpd60,小程序,分期乐#mob9_dpd60#小程序
10001434,4304,20240920,0,Rate24,分期乐,dpd,12,30,12,mob12_dpd30,小程序,分期乐#mob12_dpd30#小程序
10001435,4305,20240712,0,Rate24,零钱罐,dpd,12,60,12,mob12_dpd60,小程序,零钱罐#mob12_dpd60#小程序
10001435,4306,20240407,0,Rate24,零钱罐,dpd,6,30,6,mob6_dpd30,小程序,零钱罐#mob6_dpd30#小程序
10001435,4307,20250204,0,Rate24,零钱罐,dpd,3,60,3,mob3_dpd60,小程序,零钱罐#mob3_dpd60#小程序
10001436,4308,20250502,0,Rate24,零钱罐,fpd,,30,,fpd30,小程序,零钱罐#fpd30#小程序
10001436,4309,20240704,0,Rate24,零钱罐,dpd,9,30,9,mob9_dpd30,api,零钱罐#mob9_dpd30#api
10001436,4310,20260127,0,Rate24,零钱罐,dpd,6,30,6,mob6_dpd30,小程序,零钱罐#mob6_dpd30#小程序
10001437,4311,20240325,0,Rate24,分期乐,fpd,,30,,fpd30,api,分期乐#fpd30#api
10001437,4312,20250412,0,Rate24,分期乐,dpd,9,30,9,mob9_dpd30,api,分期乐#mob9_dpd30#api
10001437,4313,20250612,0,Rate24,零钱罐,dpd,6,30,6,mob6_dpd30,api,零钱罐#mob6_dpd30#api
10001438,4314,20250625,0,Rate24,零钱罐,fpd,,60,,fpd60,小程序,零钱罐#fpd60#小程序
10001438,4315,20250628,0,Rate24,零钱罐,dpd,9,30,9,mob9_dpd30,api,零钱罐#mob9_dpd30#api
10001438,4316,20260114,0,Rate24,零钱罐,dpd,6,60,6,mob6_dpd60,小程序,零钱罐#mob6_dpd60#小程序
10001439,4317,20241203,0,Rate24,零钱罐,dpd,9,60,9,mob9_dpd60,api,零钱罐#mob9_dpd60#api
10001439,4318,20250607,0,Rate24,分期乐,fpd,,60,,fpd60,api,分期乐#fpd60#api
10001439,4319,20240921,0,Rate24,分期乐,fpd,,30,,fpd30,api,分期乐#fpd30#api
10001440,4320,20240820,0,Rate24,零钱罐,dpd,3,60,3,mob3_dpd60,小程序,零钱罐#mob3_dpd60#小程序
10001440,4321,20250424,-2,Rate24,零钱罐,dpd,6,30,6,mob6_dpd30,api,零钱罐#mob6_dpd30#api
10001440,4322,20250617,0,Rate24,零钱罐,dpd,3,30,3,mob3_dpd30,api,零钱罐#mob3_dpd30#api
10001441,4323,20240520,0,Rate24,零钱罐,dpd,6,30,6,mob6_dpd30,小程序,零钱罐#mob6_dpd30#小程序
10001441,4324,20260106,0,Rate24,分期乐,fpd,,60,,fpd60,小程序,分期乐#fpd60#小程序
10001441,4325,20240719,0,Rate24,零钱罐,fpd,,60,,fpd60,api,零钱罐#fpd60#api
10001442,4326,20250103,1,Rate24,零钱罐,dpd,6,60,6,mob6_dpd60,小程序,零钱罐#mob6_dpd60#小程序
10001442,4327,20240605,0,Rate24,零钱罐,dpd,6,60,6,mob6_dpd60,小程序,零钱罐#mob6_dpd60#小程序
10001442,4328,20240513,0,Rate24,分期乐,dpd,9,30,9,mob9_dpd30,api,分期乐#mob9_dpd30#api
10001443,4329,20250523,1,Rate24,分期乐,dpd,12,60,12,mob12_dpd60,小程序,分期乐#mob12_dpd60#小程序
10001443,4330,20241013,0,Rate24,分期乐,dpd,9,60,9,mob9_dpd60,小程序,分期乐#mob9_dpd60#小程序
10001443,4331,20250312,0,Rate24,零钱罐,fpd,,60,,fpd60,小程序,零钱罐#fpd60#小程序
10001444,4332,20260102,0,Rate24,零钱罐,dpd,9,30,9,mob9_dpd30,小程序,零钱罐#mob9_dpd30#小程序
10001444,4333,20250128,0,Rate24,分期乐,dpd,9,60,9,mob9_dpd60,api,分期乐#mob9_dpd60#api
10001444,4334,20240614,0,Rate24,分期乐,dpd,9,60,9,mob9_dpd60,小程序,分期乐#mob9_dpd60#小程序
10001445,4335,20240721,1,Rate24,分期乐,dpd,6,60,6,mob6_dpd60,api,分期乐#mob6_dpd60#api
10001445,4336,20250416,0,Rate24,零钱罐,dpd,3,30,3,mob3_dpd30,api,零钱罐#mob3_dpd30#api
10001445,4337,20240628,0,Rate24,分期乐,dpd,6,30,6,mob6_dpd30,小程序,分期乐#mob6_dpd30#小程序
10001446,4338,20251103,1,Rate24,零钱罐,dpd,9,30,9,mob9_dpd30,小程序,零钱罐#mob9_dpd30#小程序
10001446,4339,20241005,0,Rate24,分期乐,fpd,,60,,fpd60,小程序,分期乐#fpd60#小程序
10001446,4340,20241003,0,Rate24,分期乐,dpd,9,30,9,mob9_dpd30,小程序,分期乐#mob9_dpd30#小程序
10001447,4341,20250528,-2,Rate24,零钱罐,dpd,6,30,6,mob6_dpd30,api,零钱罐#mob6_dpd30#api
10001447,4342,20250723,0,Rate24,分期乐,dpd,9,60,9,mob9_dpd60,api,分期乐#mob9_dpd60#api
10001447,4343,20250519,-2,Rate24,分期乐,fpd,,30,,fpd30,api,分期乐#fpd30#api
10001448,4344,20260121,0,Rate24,零钱罐,dpd,12,30,12,mob12_dpd30,api,零钱罐#mob12_dpd30#api
10001448,4345,20250602,0,Rate24,零钱罐,fpd,,60,,fpd60,小程序,零钱罐#fpd60#小程序
10001448,4346,20250909,0,Rate24,零钱罐,dpd,3,30,3,mob3_dpd30,api,零钱罐#mob3_dpd30#api
10001449,4347,20240611,0,Rate24,分期乐,dpd,3,30,3,mob3_dpd30,api,分期乐#mob3_dpd30#api
10001449,4348,20251019,1,Rate24,分期乐,dpd,6,60,6,mob6_dpd60,小程序,分期乐#mob6_dpd60#小程序
10001449,4349,20240422,0,Rate24,零钱罐,dpd,6,30,6,mob6_dpd30,小程序,零钱罐#mob6_dpd30#小程序
10001450,4350,20240503,0,Rate24,分期乐,dpd,3,30,3,mob3_dpd30,api,分期乐#mob3_dpd30#api
10001450,4351,20260216,0,Rate24,零钱罐,fpd,,30,,fpd30,api,零钱罐#fpd30#api
10001450,4352,20250919,1,Rate24,分期乐,dpd,6,30,6,mob6_dpd30,小程序,分期乐#mob6_dpd30#小程序
10001451,4353,20240518,0,Rate24,零钱罐,dpd,3,60,3,mob3_dpd60,api,零钱罐#mob3_dpd60#api
10001451,4354,20260209,0,Rate24,分期乐,dpd,12,30,12,mob12_dpd30,api,分期乐#mob12_dpd30#api
10001451,4355,20241006,0,Rate24,零钱罐,fpd,,30,,fpd30,api,零钱罐#fpd30#api
10001452,4356,20251009,0,Rate24,零钱罐,dpd,6,60,6,mob6_dpd60,api,零钱罐#mob6_dpd60#api
10001452,4357,20251218,0,Rate24,分期乐,dpd,3,30,3,mob3_dpd30,api,分期乐#mob3_dpd30#api
10001452,4358,20260126,0,Rate24,分期乐,dpd,3,60,3,mob3_dpd60,小程序,分期乐#mob3_dpd60#小程序
10001453,4359,20240306,0,Rate24,零钱罐,dpd,9,60,9,mob9_dpd60,api,零钱罐#mob9_dpd60#api
10001453,4360,20241206,0,Rate24,分期乐,dpd,6,30,6,mob6_dpd30,api,分期乐#mob6_dpd30#api
10001453,4361,20241027,1,Rate24,分期乐,dpd,9,60,9,mob9_dpd60,小程序,分期乐#mob9_dpd60#小程序
10001454,4362,20251112,0,Rate24,分期乐,dpd,9,30,9,mob9_dpd30,小程序,分期乐#mob9_dpd30#小程序
10001454,4363,20250911,1,Rate24,分期乐,dpd,12,60,12,mob12_dpd60,api,分期乐#mob12_dpd60#api
10001454,4364,20241101,0,Rate24,分期乐,dpd,3,60,3,mob3_dpd60,小程序,分期乐#mob3_dpd60#小程序
10001455,4365,20251213,1,Rate24,零钱罐,fpd,,30,,fpd30,小程序,零钱罐#fpd30#小程序
10001455,4366,20240912,0,Rate24,零钱罐,fpd,,60,,fpd60,api,零钱罐#fpd60#api
10001455,4367,20240301,0,Rate24,分期乐,dpd,3,60,3,mob3_dpd60,小程序,分期乐#mob3_dpd60#小程序
10001456,4368,20250710,0,Rate24,分期乐,dpd,6,60,6,mob6_dpd60,api,分期乐#mob6_dpd60#api
10001456,4369,20250716,0,Rate24,分期乐,dpd,12,30,12,mob12_dpd30,小程序,分期乐#mob12_dpd30#小程序
10001456,4370,20240618,0,Rate24,零钱罐,dpd,6,30,6,mob6_dpd30,api,零钱罐#mob6_dpd30#api
10001457,4371,20240914,0,Rate24,分期乐,dpd,12,60,12,mob12_dpd60,小程序,分期乐#mob12_dpd60#小程序
10001457,4372,20251225,-2,Rate24,零钱罐,dpd,3,30,3,mob3_dpd30,api,零钱罐#mob3_dpd30#api
10001457,4373,20250128,0,Rate24,分期乐,dpd,3,30,3,mob3_dpd30,api,分期乐#mob3_dpd30#api
10001458,4374,20240715,0,Rate24,零钱罐,fpd,,30,,fpd30,小程序,零钱罐#fpd30#小程序
10001458,4375,20240524,-2,Rate24,分期乐,fpd,,60,,fpd60,小程序,分期乐#fpd60#小程序
10001458,4376,20240409,0,Rate24,零钱罐,fpd,,60,,fpd60,api,零钱罐#fpd60#api
10001459,4377,20250306,-2,Rate24,零钱罐,fpd,,60,,fpd60,api,零钱罐#fpd60#api
10001459,4378,20241121,0,Rate24,零钱罐,fpd,,30,,fpd30,api,零钱罐#fpd30#api
10001459,4379,20250712,0,Rate24,分期乐,dpd,3,60,3,mob3_dpd60,api,分期乐#mob3_dpd60#api
10001460,4380,20241005,1,Rate24,零钱罐,dpd,12,60,12,mob12_dpd60,api,零钱罐#mob12_dpd60#api
10001460,4381,20250620,0,Rate24,零钱罐,dpd,6,60,6,mob6_dpd60,小程序,零钱罐#mob6_dpd60#小程序
10001460,4382,20240627,0,Rate24,零钱罐,dpd,3,60,3,mob3_dpd60,小程序,零钱罐#mob3_dpd60#小程序
10001461,4383,20240605,0,Rate24,分期乐,dpd,12,30,12,mob12_dpd30,api,分期乐#mob12_dpd30#api
10001461,4384,20250304,0,Rate24,分期乐,fpd,,60,,fpd60,api,分期乐#fpd60#api
10001461,4385,20241018,0,Rate24,分期乐,dpd,12,60,12,mob12_dpd60,小程序,分期乐#mob12_dpd60#小程序
10001462,4386,20241016,1,Rate24,零钱罐,dpd,9,60,9,mob9_dpd60,小程序,零钱罐#mob9_dpd60#小程序
10001462,4387,20250603,0,Rate24,分期乐,dpd,9,30,9,mob9_dpd30,api,分期乐#mob9_dpd30#api
10001462,4388,20251209,0,Rate24,分期乐,dpd,12,30,12,mob12_dpd30,小程序,分期乐#mob12_dpd30#小程序
10001463,4389,20240613,-2,Rate24,分期乐,dpd,3,60,3,mob3_dpd60,api,分期乐#mob3_dpd60#api
10001463,4390,20260222,0,Rate24,零钱罐,dpd,9,60,9,mob9_dpd60,api,零钱罐#mob9_dpd60#api
10001463,4391,20250220,0,Rate24,分期乐,fpd,,30,,fpd30,小程序,分期乐#fpd30#小程序
10001464,4392,20260112,0,Rate24,分期乐,dpd,9,30,9,mob9_dpd30,api,分期乐#mob9_dpd30#api
10001464,4393,20240514,0,Rate24,分期乐,dpd,6,60,6,mob6_dpd60,小程序,分期乐#mob6_dpd60#小程序
10001464,4394,20251222,0,Rate24,零钱罐,fpd,,30,,fpd30,小程序,零钱罐#fpd30#小程序
10001465,4395,20250714,0,Rate24,分期乐,dpd,6,60,6,mob6_dpd60,api,分期乐#mob6_dpd60#api
10001465,4396,20250123,0,Rate24,零钱罐,dpd,9,30,9,mob9_dpd30,小程序,零钱罐#mob9_dpd30#小程序
10001465,4397,20250522,0,Rate24,分期乐,fpd,,60,,fpd60,api,分期乐#fpd60#api
10001466,4398,20240619,0,Rate24,分期乐,dpd,12,30,12,mob12_dpd30,小程序,分期乐#mob12_dpd30#小程序
10001466,4399,20251124,1,Rate24,零钱罐,fpd,,60,,fpd60,api,零钱罐#fpd60#api
10001466,4400,20250104,0,Rate24,零钱罐,dpd,9,30,9,mob9_dpd30,api,零钱罐#mob9_dpd30#api
10001467,4401,20241112,0,Rate24,分期乐,fpd,,60,,fpd60,小程序,分期乐#fpd60#小程序
10001467,4402,20250207,1,Rate24,分期乐,dpd,12,60,12,mob12_dpd60,api,分期乐#mob12_dpd60#api
10001467,4403,20240804,0,Rate24,零钱罐,dpd,3,60,3,mob3_dpd60,小程序,零钱罐#mob3_dpd60#小程序
10001468,4404,20241202,0,Rate24,分期乐,dpd,3,60,3,mob3_dpd60,api,分期乐#mob3_dpd60#api
10001468,4405,20240328,0,Rate24,零钱罐,dpd,3,30,3,mob3_dpd30,小程序,零钱罐#mob3_dpd30#小程序
10001468,4406,20241021,0,Rate24,分期乐,fpd,,60,,fpd60,小程序,分期乐#fpd60#小程序
10001469,4407,20250427,0,Rate24,分期乐,dpd,6,30,6,mob6_dpd30,api,分期乐#mob6_dpd30#api
10001469,4408,20250209,0,Rate24,分期乐,dpd,6,60,6,mob6_dpd60,小程序,分期乐#mob6_dpd60#小程序
10001469,4409,20250410,0,Rate24,零钱罐,dpd,3,30,3,mob3_dpd30,api,零钱罐#mob3_dpd30#api
10001470,4410,20250725,0,Rate24,分期乐,dpd,3,60,3,mob3_dpd60,api,分期乐#mob3_dpd60#api
10001470,4411,20240304,0,Rate24,分期乐,fpd,,30,,fpd30,api,分期乐#fpd30#api
10001470,4412,20240523,0,Rate24,零钱罐,dpd,9,30,9,mob9_dpd30,api,零钱罐#mob9_dpd30#api
10001471,4413,20240920,0,Rate24,分期乐,fpd,,30,,fpd30,小程序,分期乐#fpd30#小程序
10001471,4414,20240608,-2,Rate24,零钱罐,dpd,6,60,6,mob6_dpd60,小程序,零钱罐#mob6_dpd60#小程序
10001471,4415,20251212,0,Rate24,零钱罐,fpd,,30,,fpd30,api,零钱罐#fpd30#api
10001472,4416,20260202,0,Rate24,零钱罐,fpd,,60,,fpd60,小程序,零钱罐#fpd60#小程序
10001472,4417,20240702,0,Rate24,零钱罐,dpd,12,30,12,mob12_dpd30,小程序,零钱罐#mob12_dpd30#小程序
10001472,4418,20250522,0,Rate24,零钱罐,dpd,3,60,3,mob3_dpd60,小程序,零钱罐#mob3_dpd60#小程序
10001473,4419,20260224,0,Rate24,分期乐,fpd,,60,,fpd60,api,分期乐#fpd60#api
10001473,4420,20250726,0,Rate24,零钱罐,dpd,9,30,9,mob9_dpd30,api,零钱罐#mob9_dpd30#api
10001473,4421,20260102,0,Rate24,分期乐,dpd,9,30,9,mob9_dpd30,api,分期乐#mob9_dpd30#api
10001474,4422,20260227,0,Rate24,零钱罐,fpd,,60,,fpd60,api,零钱罐#fpd60#api
10001474,4423,20240316,0,Rate24,分期乐,dpd,12,30,12,mob12_dpd30,api,分期乐#mob12_dpd30#api
10001474,4424,20250806,0,Rate24,分期乐,fpd,,30,,fpd30,api,分期乐#fpd30#api
10001475,4425,20250201,0,Rate24,分期乐,dpd,12,30,12,mob12_dpd30,小程序,分期乐#mob12_dpd30#小程序
10001475,4426,20240517,0,Rate24,分期乐,dpd,6,30,6,mob6_dpd30,api,分期乐#mob6_dpd30#api
10001475,4427,20250928,0,Rate24,分期乐,fpd,,30,,fpd30,api,分期乐#fpd30#api
10001476,4428,20240719,0,Rate24,零钱罐,dpd,3,30,3,mob3_dpd30,api,零钱罐#mob3_dpd30#api
10001476,4429,20240508,0,Rate24,分期乐,dpd,6,30,6,mob6_dpd30,api,分期乐#mob6_dpd30#api
10001476,4430,20250408,0,Rate24,分期乐,dpd,12,30,12,mob12_dpd30,api,分期乐#mob12_dpd30#api
10001477,4431,20240918,0,Rate24,零钱罐,dpd,3,30,3,mob3_dpd30,小程序,零钱罐#mob3_dpd30#小程序
10001477,4432,20251013,0,Rate24,零钱罐,fpd,,30,,fpd30,小程序,零钱罐#fpd30#小程序
10001477,4433,20250414,0,Rate24,分期乐,dpd,9,60,9,mob9_dpd60,api,分期乐#mob9_dpd60#api
10001478,4434,20251026,0,Rate24,分期乐,dpd,6,30,6,mob6_dpd30,api,分期乐#mob6_dpd30#api
10001478,4435,20260224,0,Rate24,零钱罐,dpd,3,30,3,mob3_dpd30,api,零钱罐#mob3_dpd30#api
10001478,4436,20240513,0,Rate24,分期乐,dpd,9,30,9,mob9_dpd30,api,分期乐#mob9_dpd30#api
10001479,4437,20250428,1,Rate24,分期乐,dpd,3,30,3,mob3_dpd30,api,分期乐#mob3_dpd30#api
10001479,4438,20250318,0,Rate24,分期乐,fpd,,30,,fpd30,api,分期乐#fpd30#api
10001479,4439,20250302,1,Rate24,分期乐,fpd,,30,,fpd30,api,分期乐#fpd30#api
10001480,4440,20250514,0,Rate24,零钱罐,dpd,12,60,12,mob12_dpd60,api,零钱罐#mob12_dpd60#api
10001480,4441,20250417,0,Rate24,零钱罐,dpd,3,60,3,mob3_dpd60,小程序,零钱罐#mob3_dpd60#小程序
10001480,4442,20250209,0,Rate24,分期乐,fpd,,30,,fpd30,api,分期乐#fpd30#api
10001481,4443,20250406,0,Rate24,零钱罐,fpd,,30,,fpd30,api,零钱罐#fpd30#api
10001481,4444,20241221,1,Rate24,分期乐,dpd,12,60,12,mob12_dpd60,api,分期乐#mob12_dpd60#api
10001481,4445,20240315,-2,Rate24,分期乐,dpd,6,30,6,mob6_dpd30,api,分期乐#mob6_dpd30#api
10001482,4446,20260104,0,Rate24,分期乐,dpd,6,30,6,mob6_dpd30,api,分期乐#mob6_dpd30#api
10001482,4447,20250909,0,Rate24,分期乐,dpd,6,30,6,mob6_dpd30,api,分期乐#mob6_dpd30#api
10001482,4448,20250426,0,Rate24,分期乐,dpd,9,30,9,mob9_dpd30,api,分期乐#mob9_dpd30#api
10001483,4449,20240420,0,Rate24,分期乐,dpd,3,30,3,mob3_dpd30,小程序,分期乐#mob3_dpd30#小程序
10001483,4450,20240925,0,Rate24,零钱罐,fpd,,60,,fpd60,api,零钱罐#fpd60#api
10001483,4451,20240804,0,Rate24,分期乐,dpd,6,30,6,mob6_dpd30,小程序,分期乐#mob6_dpd30#小程序
10001484,4452,20250628,0,Rate24,零钱罐,dpd,9,60,9,mob9_dpd60,api,零钱罐#mob9_dpd60#api
10001484,4453,20250101,0,Rate24,零钱罐,fpd,,60,,fpd60,小程序,零钱罐#fpd60#小程序
10001484,4454,20260127,1,Rate24,分期乐,fpd,,60,,fpd60,小程序,分期乐#fpd60#小程序
10001485,4455,20260213,0,Rate24,分期乐,dpd,12,30,12,mob12_dpd30,api,分期乐#mob12_dpd30#api
10001485,4456,20250521,0,Rate24,分期乐,dpd,9,60,9,mob9_dpd60,小程序,分期乐#mob9_dpd60#小程序
10001485,4457,20250907,0,Rate24,分期乐,dpd,3,30,3,mob3_dpd30,api,分期乐#mob3_dpd30#api
10001486,4458,20250122,0,Rate24,分期乐,fpd,,30,,fpd30,api,分期乐#fpd30#api
10001486,4459,20251202,0,Rate24,零钱罐,dpd,9,60,9,mob9_dpd60,小程序,零钱罐#mob9_dpd60#小程序
10001486,4460,20241014,0,Rate24,零钱罐,dpd,6,30,6,mob6_dpd30,api,零钱罐#mob6_dpd30#api
10001487,4461,20251107,0,Rate24,零钱罐,fpd,,30,,fpd30,api,零钱罐#fpd30#api
10001487,4462,20251014,0,Rate24,零钱罐,dpd,6,30,6,mob6_dpd30,api,零钱罐#mob6_dpd30#api
10001487,4463,20250503,-2,Rate24,零钱罐,dpd,9,60,9,mob9_dpd60,api,零钱罐#mob9_dpd60#api
10001488,4464,20251205,0,Rate24,零钱罐,dpd,6,30,6,mob6_dpd30,小程序,零钱罐#mob6_dpd30#小程序
10001488,4465,20251118,-2,Rate24,分期乐,fpd,,30,,fpd30,小程序,分期乐#fpd30#小程序
10001488,4466,20250228,0,Rate24,分期乐,dpd,6,30,6,mob6_dpd30,小程序,分期乐#mob6_dpd30#小程序
10001489,4467,20240713,0,Rate24,零钱罐,dpd,9,60,9,mob9_dpd60,小程序,零钱罐#mob9_dpd60#小程序
10001489,4468,20241216,0,Rate24,零钱罐,dpd,6,30,6,mob6_dpd30,小程序,零钱罐#mob6_dpd30#小程序
10001489,4469,20251220,0,Rate24,零钱罐,fpd,,30,,fpd30,api,零钱罐#fpd30#api
10001490,4470,20251221,0,Rate24,零钱罐,dpd,12,60,12,mob12_dpd60,api,零钱罐#mob12_dpd60#api
10001490,4471,20250212,0,Rate24,零钱罐,dpd,6,60,6,mob6_dpd60,小程序,零钱罐#mob6_dpd60#小程序
10001490,4472,20240526,0,Rate24,分期乐,fpd,,60,,fpd60,小程序,分期乐#fpd60#小程序
10001491,4473,20240716,1,Rate24,零钱罐,fpd,,60,,fpd60,小程序,零钱罐#fpd60#小程序
10001491,4474,20250507,-2,Rate24,分期乐,dpd,3,60,3,mob3_dpd60,小程序,分期乐#mob3_dpd60#小程序
10001491,4475,20250404,0,Rate24,分期乐,dpd,3,60,3,mob3_dpd60,api,分期乐#mob3_dpd60#api
10001492,4476,20240813,0,Rate24,零钱罐,fpd,,30,,fpd30,小程序,零钱罐#fpd30#小程序
10001492,4477,20241013,0,Rate24,分期乐,dpd,3,30,3,mob3_dpd30,api,分期乐#mob3_dpd30#api
10001492,4478,20250402,0,Rate24,分期乐,dpd,6,60,6,mob6_dpd60,小程序,分期乐#mob6_dpd60#小程序
10001493,4479,20240622,0,Rate24,零钱罐,dpd,9,60,9,mob9_dpd60,小程序,零钱罐#mob9_dpd60#小程序
10001493,4480,20240317,-2,Rate24,分期乐,fpd,,60,,fpd60,小程序,分期乐#fpd60#小程序
10001493,4481,20250210,0,Rate24,零钱罐,dpd,3,30,3,mob3_dpd30,小程序,零钱罐#mob3_dpd30#小程序
10001494,4482,20251017,0,Rate24,零钱罐,dpd,3,60,3,mob3_dpd60,小程序,零钱罐#mob3_dpd60#小程序
10001494,4483,20260222,0,Rate24,零钱罐,dpd,9,30,9,mob9_dpd30,小程序,零钱罐#mob9_dpd30#小程序
10001494,4484,20250101,1,Rate24,分期乐,dpd,6,60,6,mob6_dpd60,小程序,分期乐#mob6_dpd60#小程序
10001495,4485,20240516,-2,Rate24,零钱罐,dpd,12,30,12,mob12_dpd30,api,零钱罐#mob12_dpd30#api
10001495,4486,20251018,0,Rate24,分期乐,fpd,,60,,fpd60,小程序,分期乐#fpd60#小程序
10001495,4487,20250516,0,Rate24,分期乐,fpd,,30,,fpd30,小程序,分期乐#fpd30#小程序
10001496,4488,20260128,0,Rate24,分期乐,dpd,12,30,12,mob12_dpd30,api,分期乐#mob12_dpd30#api
10001496,4489,20250811,0,Rate24,分期乐,dpd,9,30,9,mob9_dpd30,api,分期乐#mob9_dpd30#api
10001496,4490,20251103,0,Rate24,零钱罐,dpd,6,30,6,mob6_dpd30,小程序,零钱罐#mob6_dpd30#小程序
10001497,4491,20260127,0,Rate24,零钱罐,dpd,3,60,3,mob3_dpd60,api,零钱罐#mob3_dpd60#api
10001497,4492,20241023,-2,Rate24,分期乐,dpd,12,60,12,mob12_dpd60,小程序,分期乐#mob12_dpd60#小程序
10001497,4493,20250918,0,Rate24,分期乐,fpd,,30,,fpd30,小程序,分期乐#fpd30#小程序
10001498,4494,20260121,0,Rate24,零钱罐,dpd,9,60,9,mob9_dpd60,api,零钱罐#mob9_dpd60#api
10001498,4495,20251128,1,Rate24,分期乐,fpd,,30,,fpd30,api,分期乐#fpd30#api
10001498,4496,20250403,1,Rate24,分期乐,dpd,9,60,9,mob9_dpd60,小程序,分期乐#mob9_dpd60#小程序
10001499,4497,20250815,0,Rate24,零钱罐,dpd,12,30,12,mob12_dpd30,api,零钱罐#mob12_dpd30#api
10001499,4498,20240306,0,Rate24,零钱罐,dpd,6,60,6,mob6_dpd60,小程序,零钱罐#mob6_dpd60#小程序
10001499,4499,20240719,1,Rate24,零钱罐,dpd,12,30,12,mob12_dpd30,api,零钱罐#mob12_dpd30#api
10001500,4500,20250525,1,Rate24,分期乐,fpd,,60,,fpd60,小程序,分期乐#fpd60#小程序
10001500,4501,20240619,0,Rate24,分期乐,dpd,3,30,3,mob3_dpd30,api,分期乐#mob3_dpd30#api
10001500,4502,20250323,1,Rate24,零钱罐,dpd,12,60,12,mob12_dpd60,api,零钱罐#mob12_dpd60#api
10001501,4503,20240509,0,Rate24,分期乐,dpd,6,60,6,mob6_dpd60,api,分期乐#mob6_dpd60#api
10001501,4504,20250913,0,Rate24,零钱罐,dpd,9,30,9,mob9_dpd30,api,零钱罐#mob9_dpd30#api
10001501,4505,20260218,0,Rate24,零钱罐,dpd,12,30,12,mob12_dpd30,小程序,零钱罐#mob12_dpd30#小程序
10001502,4506,20250924,0,Rate24,分期乐,fpd,,60,,fpd60,api,分期乐#fpd60#api
10001502,4507,20250410,0,Rate24,零钱罐,dpd,12,30,12,mob12_dpd30,api,零钱罐#mob12_dpd30#api
10001502,4508,20240915,0,Rate24,分期乐,dpd,12,30,12,mob12_dpd30,小程序,分期乐#mob12_dpd30#小程序
10001503,4509,20250216,0,Rate24,零钱罐,dpd,9,60,9,mob9_dpd60,api,零钱罐#mob9_dpd60#api
10001503,4510,20250204,0,Rate24,分期乐,dpd,9,30,9,mob9_dpd30,api,分期乐#mob9_dpd30#api
10001503,4511,20240425,0,Rate24,零钱罐,fpd,,30,,fpd30,api,零钱罐#fpd30#api
10001504,4512,20240415,1,Rate24,分期乐,dpd,12,30,12,mob12_dpd30,api,分期乐#mob12_dpd30#api
10001504,4513,20240721,0,Rate24,分期乐,dpd,3,30,3,mob3_dpd30,api,分期乐#mob3_dpd30#api
10001504,4514,20250508,0,Rate24,分期乐,dpd,9,30,9,mob9_dpd30,小程序,分期乐#mob9_dpd30#小程序
10001505,4515,20250719,0,Rate24,分期乐,dpd,12,30,12,mob12_dpd30,api,分期乐#mob12_dpd30#api
10001505,4516,20260127,0,Rate24,零钱罐,dpd,6,30,6,mob6_dpd30,小程序,零钱罐#mob6_dpd30#小程序
10001505,4517,20250828,0,Rate24,分期乐,dpd,6,30,6,mob6_dpd30,api,分期乐#mob6_dpd30#api
10001506,4518,20250715,0,Rate24,分期乐,dpd,12,30,12,mob12_dpd30,小程序,分期乐#mob12_dpd30#小程序
10001506,4519,20240824,0,Rate24,分期乐,dpd,3,30,3,mob3_dpd30,小程序,分期乐#mob3_dpd30#小程序
10001506,4520,20260201,0,Rate24,零钱罐,dpd,9,30,9,mob9_dpd30,小程序,零钱罐#mob9_dpd30#小程序
10001507,4521,20260114,0,Rate24,分期乐,fpd,,60,,fpd60,api,分期乐#fpd60#api
10001507,4522,20250611,-2,Rate24,分期乐,dpd,12,30,12,mob12_dpd30,api,分期乐#mob12_dpd30#api
10001507,4523,20250807,0,Rate24,分期乐,dpd,3,30,3,mob3_dpd30,api,分期乐#mob3_dpd30#api
10001508,4524,20250718,1,Rate24,零钱罐,dpd,12,30,12,mob12_dpd30,小程序,零钱罐#mob12_dpd30#小程序
10001508,4525,20240710,0,Rate24,零钱罐,fpd,,30,,fpd30,小程序,零钱罐#fpd30#小程序
10001508,4526,20241114,-2,Rate24,零钱罐,dpd,12,60,12,mob12_dpd60,api,零钱罐#mob12_dpd60#api
10001509,4527,20250609,0,Rate24,分期乐,dpd,12,30,12,mob12_dpd30,小程序,分期乐#mob12_dpd30#小程序
10001509,4528,20240919,0,Rate24,分期乐,dpd,3,60,3,mob3_dpd60,api,分期乐#mob3_dpd60#api
10001509,4529,20250419,0,Rate24,分期乐,dpd,6,60,6,mob6_dpd60,小程序,分期乐#mob6_dpd60#小程序
10001510,4530,20251002,0,Rate24,零钱罐,dpd,3,30,3,mob3_dpd30,api,零钱罐#mob3_dpd30#api
10001510,4531,20250620,1,Rate24,分期乐,dpd,6,30,6,mob6_dpd30,小程序,分期乐#mob6_dpd30#小程序
10001510,4532,20260217,0,Rate24,零钱罐,dpd,6,30,6,mob6_dpd30,api,零钱罐#mob6_dpd30#api
10001511,4533,20250903,0,Rate24,分期乐,dpd,6,30,6,mob6_dpd30,api,分期乐#mob6_dpd30#api
10001511,4534,20250924,0,Rate24,分期乐,fpd,,30,,fpd30,api,分期乐#fpd30#api
10001511,4535,20250117,0,Rate24,零钱罐,dpd,12,30,12,mob12_dpd30,小程序,零钱罐#mob12_dpd30#小程序
10001512,4536,20251114,0,Rate24,分期乐,fpd,,30,,fpd30,小程序,分期乐#fpd30#小程序
10001512,4537,20240408,1,Rate24,分期乐,dpd,12,60,12,mob12_dpd60,api,分期乐#mob12_dpd60#api
10001512,4538,20250820,0,Rate24,零钱罐,fpd,,30,,fpd30,小程序,零钱罐#fpd30#小程序
10001513,4539,20260214,0,Rate24,分期乐,dpd,9,60,9,mob9_dpd60,小程序,分期乐#mob9_dpd60#小程序
10001513,4540,20240304,0,Rate24,零钱罐,dpd,9,60,9,mob9_dpd60,api,零钱罐#mob9_dpd60#api
10001513,4541,20240625,1,Rate24,分期乐,dpd,12,60,12,mob12_dpd60,api,分期乐#mob12_dpd60#api
10001514,4542,20251020,0,Rate24,分期乐,fpd,,60,,fpd60,api,分期乐#fpd60#api
10001514,4543,20250111,0,Rate24,分期乐,dpd,6,60,6,mob6_dpd60,小程序,分期乐#mob6_dpd60#小程序
10001514,4544,20251120,0,Rate24,零钱罐,dpd,9,60,9,mob9_dpd60,小程序,零钱罐#mob9_dpd60#小程序
10001515,4545,20251215,0,Rate24,零钱罐,dpd,12,60,12,mob12_dpd60,api,零钱罐#mob12_dpd60#api
10001515,4546,20260210,0,Rate24,零钱罐,dpd,9,60,9,mob9_dpd60,小程序,零钱罐#mob9_dpd60#小程序
10001515,4547,20250613,-2,Rate24,分期乐,dpd,12,30,12,mob12_dpd30,小程序,分期乐#mob12_dpd30#小程序
10001516,4548,20240416,0,Rate24,分期乐,dpd,3,30,3,mob3_dpd30,小程序,分期乐#mob3_dpd30#小程序
10001516,4549,20250609,-2,Rate24,零钱罐,dpd,12,30,12,mob12_dpd30,api,零钱罐#mob12_dpd30#api
10001516,4550,20241215,0,Rate24,零钱罐,dpd,6,30,6,mob6_dpd30,小程序,零钱罐#mob6_dpd30#小程序
10001517,4551,20240812,0,Rate24,分期乐,fpd,,60,,fpd60,小程序,分期乐#fpd60#小程序
10001517,4552,20260112,0,Rate24,零钱罐,dpd,12,30,12,mob12_dpd30,api,零钱罐#mob12_dpd30#api
10001517,4553,20240826,0,Rate24,零钱罐,dpd,9,30,9,mob9_dpd30,api,零钱罐#mob9_dpd30#api
10001518,4554,20250625,0,Rate24,零钱罐,dpd,3,30,3,mob3_dpd30,api,零钱罐#mob3_dpd30#api
10001518,4555,20250516,0,Rate24,分期乐,dpd,9,30,9,mob9_dpd30,api,分期乐#mob9_dpd30#api
10001518,4556,20240506,0,Rate24,零钱罐,dpd,3,30,3,mob3_dpd30,小程序,零钱罐#mob3_dpd30#小程序
10001519,4557,20250817,1,Rate24,零钱罐,dpd,9,60,9,mob9_dpd60,小程序,零钱罐#mob9_dpd60#小程序
10001519,4558,20240909,0,Rate24,分期乐,dpd,3,30,3,mob3_dpd30,小程序,分期乐#mob3_dpd30#小程序
10001519,4559,20260112,0,Rate24,零钱罐,dpd,6,60,6,mob6_dpd60,小程序,零钱罐#mob6_dpd60#小程序
10001520,4560,20241220,0,Rate24,分期乐,dpd,6,30,6,mob6_dpd30,小程序,分期乐#mob6_dpd30#小程序
10001520,4561,20250108,-2,Rate24,分期乐,dpd,3,60,3,mob3_dpd60,api,分期乐#mob3_dpd60#api
10001520,4562,20250312,0,Rate24,零钱罐,dpd,3,60,3,mob3_dpd60,小程序,零钱罐#mob3_dpd60#小程序
10001521,4563,20240609,0,Rate24,零钱罐,dpd,12,60,12,mob12_dpd60,api,零钱罐#mob12_dpd60#api
10001521,4564,20251002,0,Rate24,分期乐,fpd,,30,,fpd30,api,分期乐#fpd30#api
10001521,4565,20240805,0,Rate24,零钱罐,dpd,3,60,3,mob3_dpd60,api,零钱罐#mob3_dpd60#api
10001522,4566,20250117,0,Rate24,零钱罐,dpd,6,30,6,mob6_dpd30,小程序,零钱罐#mob6_dpd30#小程序
10001522,4567,20240404,0,Rate24,分期乐,dpd,12,30,12,mob12_dpd30,小程序,分期乐#mob12_dpd30#小程序
10001522,4568,20251203,0,Rate24,分期乐,fpd,,30,,fpd30,api,分期乐#fpd30#api
10001523,4569,20250606,0,Rate24,分期乐,dpd,3,60,3,mob3_dpd60,小程序,分期乐#mob3_dpd60#小程序
10001523,4570,20240406,1,Rate24,零钱罐,dpd,12,30,12,mob12_dpd30,小程序,零钱罐#mob12_dpd30#小程序
10001523,4571,20250802,0,Rate24,零钱罐,dpd,6,30,6,mob6_dpd30,小程序,零钱罐#mob6_dpd30#小程序
10001524,4572,20250210,1,Rate24,零钱罐,dpd,12,60,12,mob12_dpd60,小程序,零钱罐#mob12_dpd60#小程序
10001524,4573,20250111,0,Rate24,零钱罐,dpd,3,60,3,mob3_dpd60,api,零钱罐#mob3_dpd60#api
10001524,4574,20250709,0,Rate24,零钱罐,dpd,3,60,3,mob3_dpd60,小程序,零钱罐#mob3_dpd60#小程序
10001525,4575,20240705,0,Rate24,分期乐,dpd,3,30,3,mob3_dpd30,api,分期乐#mob3_dpd30#api
10001525,4576,20250310,0,Rate24,零钱罐,dpd,9,30,9,mob9_dpd30,api,零钱罐#mob9_dpd30#api
10001525,4577,20250323,1,Rate24,零钱罐,dpd,6,60,6,mob6_dpd60,小程序,零钱罐#mob6_dpd60#小程序
10001526,4578,20240816,0,Rate24,零钱罐,dpd,6,30,6,mob6_dpd30,小程序,零钱罐#mob6_dpd30#小程序
10001526,4579,20240322,0,Rate24,分期乐,dpd,9,30,9,mob9_dpd30,api,分期乐#mob9_dpd30#api
10001526,4580,20240403,0,Rate24,分期乐,fpd,,30,,fpd30,api,分期乐#fpd30#api
10001527,4581,20250424,0,Rate24,分期乐,dpd,9,30,9,mob9_dpd30,api,分期乐#mob9_dpd30#api
10001527,4582,20251117,-2,Rate24,分期乐,fpd,,30,,fpd30,api,分期乐#fpd30#api
10001527,4583,20250506,0,Rate24,零钱罐,dpd,9,60,9,mob9_dpd60,api,零钱罐#mob9_dpd60#api
10001528,4584,20240506,0,Rate24,零钱罐,fpd,,60,,fpd60,api,零钱罐#fpd60#api
10001528,4585,20251005,0,Rate24,零钱罐,dpd,3,30,3,mob3_dpd30,api,零钱罐#mob3_dpd30#api
10001528,4586,20251019,0,Rate24,分期乐,dpd,9,30,9,mob9_dpd30,api,分期乐#mob9_dpd30#api
10001529,4587,20240924,1,Rate24,零钱罐,dpd,6,30,6,mob6_dpd30,小程序,零钱罐#mob6_dpd30#小程序
10001529,4588,20240423,1,Rate24,分期乐,dpd,12,60,12,mob12_dpd60,api,分期乐#mob12_dpd60#api
10001529,4589,20240518,0,Rate24,分期乐,dpd,12,30,12,mob12_dpd30,api,分期乐#mob12_dpd30#api
10001530,4590,20240522,0,Rate24,零钱罐,dpd,9,30,9,mob9_dpd30,小程序,零钱罐#mob9_dpd30#小程序
10001530,4591,20241005,-2,Rate24,分期乐,fpd,,60,,fpd60,小程序,分期乐#fpd60#小程序
10001530,4592,20251227,0,Rate24,分期乐,fpd,,30,,fpd30,api,分期乐#fpd30#api
10001531,4593,20250628,-2,Rate24,分期乐,fpd,,60,,fpd60,小程序,分期乐#fpd60#小程序
10001531,4594,20250317,-2,Rate24,分期乐,dpd,9,60,9,mob9_dpd60,小程序,分期乐#mob9_dpd60#小程序
10001531,4595,20240623,0,Rate24,分期乐,dpd,3,60,3,mob3_dpd60,小程序,分期乐#mob3_dpd60#小程序
10001532,4596,20250127,0,Rate24,零钱罐,dpd,6,60,6,mob6_dpd60,api,零钱罐#mob6_dpd60#api
10001532,4597,20240618,0,Rate24,零钱罐,dpd,9,30,9,mob9_dpd30,api,零钱罐#mob9_dpd30#api
10001532,4598,20250421,1,Rate24,分期乐,dpd,3,30,3,mob3_dpd30,api,分期乐#mob3_dpd30#api
10001533,4599,20250819,0,Rate24,分期乐,dpd,3,30,3,mob3_dpd30,小程序,分期乐#mob3_dpd30#小程序
10001533,4600,20250520,0,Rate24,零钱罐,dpd,6,30,6,mob6_dpd30,api,零钱罐#mob6_dpd30#api
10001533,4601,20250604,0,Rate24,分期乐,dpd,6,30,6,mob6_dpd30,小程序,分期乐#mob6_dpd30#小程序
10001534,4602,20251014,0,Rate24,零钱罐,dpd,12,30,12,mob12_dpd30,api,零钱罐#mob12_dpd30#api
10001534,4603,20240809,0,Rate24,零钱罐,dpd,12,30,12,mob12_dpd30,api,零钱罐#mob12_dpd30#api
10001534,4604,20250728,0,Rate24,零钱罐,dpd,9,30,9,mob9_dpd30,小程序,零钱罐#mob9_dpd30#小程序
10001535,4605,20240408,1,Rate24,零钱罐,dpd,6,30,6,mob6_dpd30,小程序,零钱罐#mob6_dpd30#小程序
10001535,4606,20260107,0,Rate24,分期乐,dpd,12,30,12,mob12_dpd30,api,分期乐#mob12_dpd30#api
10001535,4607,20250403,0,Rate24,零钱罐,dpd,3,60,3,mob3_dpd60,api,零钱罐#mob3_dpd60#api
10001536,4608,20240720,-2,Rate24,分期乐,dpd,9,30,9,mob9_dpd30,小程序,分期乐#mob9_dpd30#小程序
10001536,4609,20250722,0,Rate24,分期乐,dpd,6,30,6,mob6_dpd30,小程序,分期乐#mob6_dpd30#小程序
10001536,4610,20240916,0,Rate24,分期乐,dpd,9,30,9,mob9_dpd30,api,分期乐#mob9_dpd30#api
10001537,4611,20240806,1,Rate24,分期乐,dpd,12,30,12,mob12_dpd30,小程序,分期乐#mob12_dpd30#小程序
10001537,4612,20250222,0,Rate24,分期乐,dpd,6,60,6,mob6_dpd60,api,分期乐#mob6_dpd60#api
10001537,4613,20250210,0,Rate24,分期乐,dpd,6,30,6,mob6_dpd30,api,分期乐#mob6_dpd30#api
10001538,4614,20251222,0,Rate24,零钱罐,dpd,6,30,6,mob6_dpd30,api,零钱罐#mob6_dpd30#api
10001538,4615,20250410,0,Rate24,分期乐,dpd,9,30,9,mob9_dpd30,api,分期乐#mob9_dpd30#api
10001538,4616,20240306,0,Rate24,零钱罐,dpd,12,60,12,mob12_dpd60,小程序,零钱罐#mob12_dpd60#小程序
10001539,4617,20250812,0,Rate24,零钱罐,dpd,12,60,12,mob12_dpd60,api,零钱罐#mob12_dpd60#api
10001539,4618,20250218,1,Rate24,零钱罐,dpd,12,60,12,mob12_dpd60,小程序,零钱罐#mob12_dpd60#小程序
10001539,4619,20241024,0,Rate24,分期乐,dpd,6,30,6,mob6_dpd30,api,分期乐#mob6_dpd30#api
10001540,4620,20240816,0,Rate24,零钱罐,dpd,12,30,12,mob12_dpd30,api,零钱罐#mob12_dpd30#api
10001540,4621,20240810,-2,Rate24,零钱罐,fpd,,30,,fpd30,api,零钱罐#fpd30#api
10001540,4622,20250625,0,Rate24,分期乐,dpd,3,60,3,mob3_dpd60,api,分期乐#mob3_dpd60#api
10001541,4623,20250525,0,Rate24,分期乐,fpd,,30,,fpd30,小程序,分期乐#fpd30#小程序
10001541,4624,20251126,0,Rate24,分期乐,dpd,3,30,3,mob3_dpd30,api,分期乐#mob3_dpd30#api
10001541,4625,20251213,1,Rate24,零钱罐,dpd,3,30,3,mob3_dpd30,小程序,零钱罐#mob3_dpd30#小程序
10001542,4626,20241115,-2,Rate24,分期乐,fpd,,30,,fpd30,api,分期乐#fpd30#api
10001542,4627,20250208,0,Rate24,分期乐,dpd,9,30,9,mob9_dpd30,小程序,分期乐#mob9_dpd30#小程序
10001542,4628,20251211,0,Rate24,零钱罐,dpd,6,30,6,mob6_dpd30,api,零钱罐#mob6_dpd30#api
10001543,4629,20251103,0,Rate24,零钱罐,fpd,,60,,fpd60,小程序,零钱罐#fpd60#小程序
10001543,4630,20250112,-2,Rate24,零钱罐,dpd,9,60,9,mob9_dpd60,api,零钱罐#mob9_dpd60#api
10001543,4631,20250304,0,Rate24,分期乐,fpd,,30,,fpd30,小程序,分期乐#fpd30#小程序
10001544,4632,20240611,1,Rate24,分期乐,dpd,6,30,6,mob6_dpd30,小程序,分期乐#mob6_dpd30#小程序
10001544,4633,20251227,0,Rate24,分期乐,dpd,12,30,12,mob12_dpd30,小程序,分期乐#mob12_dpd30#小程序
10001544,4634,20250612,0,Rate24,零钱罐,dpd,3,60,3,mob3_dpd60,api,零钱罐#mob3_dpd60#api
10001545,4635,20240803,0,Rate24,零钱罐,dpd,3,30,3,mob3_dpd30,小程序,零钱罐#mob3_dpd30#小程序
10001545,4636,20250116,1,Rate24,分期乐,dpd,6,60,6,mob6_dpd60,小程序,分期乐#mob6_dpd60#小程序
10001545,4637,20240316,0,Rate24,零钱罐,dpd,3,60,3,mob3_dpd60,api,零钱罐#mob3_dpd60#api
10001546,4638,20250315,0,Rate24,分期乐,fpd,,60,,fpd60,小程序,分期乐#fpd60#小程序
10001546,4639,20250608,0,Rate24,分期乐,dpd,12,60,12,mob12_dpd60,小程序,分期乐#mob12_dpd60#小程序
10001546,4640,20250310,0,Rate24,零钱罐,fpd,,60,,fpd60,小程序,零钱罐#fpd60#小程序
10001547,4641,20240910,0,Rate24,分期乐,dpd,9,60,9,mob9_dpd60,小程序,分期乐#mob9_dpd60#小程序
10001547,4642,20251117,0,Rate24,零钱罐,dpd,12,60,12,mob12_dpd60,小程序,零钱罐#mob12_dpd60#小程序
10001547,4643,20240301,1,Rate24,零钱罐,dpd,6,30,6,mob6_dpd30,api,零钱罐#mob6_dpd30#api
10001548,4644,20240627,0,Rate24,分期乐,dpd,6,60,6,mob6_dpd60,小程序,分期乐#mob6_dpd60#小程序
10001548,4645,20240927,0,Rate24,零钱罐,dpd,12,60,12,mob12_dpd60,api,零钱罐#mob12_dpd60#api
10001548,4646,20240826,-2,Rate24,分期乐,fpd,,60,,fpd60,小程序,分期乐#fpd60#小程序
10001549,4647,20241114,0,Rate24,零钱罐,dpd,6,30,6,mob6_dpd30,小程序,零钱罐#mob6_dpd30#小程序
10001549,4648,20251022,1,Rate24,分期乐,dpd,6,30,6,mob6_dpd30,api,分期乐#mob6_dpd30#api
10001549,4649,20240327,0,Rate24,分期乐,fpd,,60,,fpd60,api,分期乐#fpd60#api
10001550,4650,20250907,0,Rate24,零钱罐,fpd,,30,,fpd30,小程序,零钱罐#fpd30#小程序
10001550,4651,20250404,0,Rate24,分期乐,dpd,12,60,12,mob12_dpd60,小程序,分期乐#mob12_dpd60#小程序
10001550,4652,20240516,0,Rate24,分期乐,fpd,,30,,fpd30,api,分期乐#fpd30#api
10001551,4653,20250820,0,Rate24,零钱罐,dpd,6,60,6,mob6_dpd60,api,零钱罐#mob6_dpd60#api
10001551,4654,20250316,0,Rate24,零钱罐,dpd,9,30,9,mob9_dpd30,小程序,零钱罐#mob9_dpd30#小程序
10001551,4655,20240724,-2,Rate24,分期乐,fpd,,30,,fpd30,api,分期乐#fpd30#api
10001552,4656,20260205,0,Rate24,分期乐,fpd,,30,,fpd30,api,分期乐#fpd30#api
10001552,4657,20260103,0,Rate24,分期乐,dpd,9,30,9,mob9_dpd30,小程序,分期乐#mob9_dpd30#小程序
10001552,4658,20250924,0,Rate24,零钱罐,dpd,6,30,6,mob6_dpd30,小程序,零钱罐#mob6_dpd30#小程序
10001553,4659,20240624,0,Rate24,分期乐,dpd,6,30,6,mob6_dpd30,小程序,分期乐#mob6_dpd30#小程序
10001553,4660,20250307,0,Rate24,零钱罐,dpd,12,30,12,mob12_dpd30,api,零钱罐#mob12_dpd30#api
10001553,4661,20241006,0,Rate24,分期乐,dpd,9,30,9,mob9_dpd30,小程序,分期乐#mob9_dpd30#小程序
10001554,4662,20250614,0,Rate24,分期乐,dpd,12,60,12,mob12_dpd60,小程序,分期乐#mob12_dpd60#小程序
10001554,4663,20260225,0,Rate24,零钱罐,fpd,,60,,fpd60,api,零钱罐#fpd60#api
10001554,4664,20250606,1,Rate24,零钱罐,dpd,12,60,12,mob12_dpd60,api,零钱罐#mob12_dpd60#api
10001555,4665,20260213,0,Rate24,分期乐,fpd,,60,,fpd60,小程序,分期乐#fpd60#小程序
10001555,4666,20251224,0,Rate24,零钱罐,fpd,,30,,fpd30,小程序,零钱罐#fpd30#小程序
10001555,4667,20250920,0,Rate24,零钱罐,dpd,3,30,3,mob3_dpd30,小程序,零钱罐#mob3_dpd30#小程序
10001556,4668,20241204,0,Rate24,零钱罐,dpd,6,30,6,mob6_dpd30,小程序,零钱罐#mob6_dpd30#小程序
10001556,4669,20250213,0,Rate24,分期乐,fpd,,30,,fpd30,小程序,分期乐#fpd30#小程序
10001556,4670,20250913,0,Rate24,分期乐,dpd,9,30,9,mob9_dpd30,小程序,分期乐#mob9_dpd30#小程序
10001557,4671,20241204,0,Rate24,分期乐,dpd,9,30,9,mob9_dpd30,小程序,分期乐#mob9_dpd30#小程序
10001557,4672,20240921,0,Rate24,零钱罐,dpd,6,30,6,mob6_dpd30,api,零钱罐#mob6_dpd30#api
10001557,4673,20250321,0,Rate24,分期乐,dpd,3,30,3,mob3_dpd30,api,分期乐#mob3_dpd30#api
10001558,4674,20260123,0,Rate24,零钱罐,dpd,6,30,6,mob6_dpd30,api,零钱罐#mob6_dpd30#api
10001558,4675,20260217,0,Rate24,零钱罐,dpd,9,30,9,mob9_dpd30,api,零钱罐#mob9_dpd30#api
10001558,4676,20250426,1,Rate24,零钱罐,dpd,12,30,12,mob12_dpd30,小程序,零钱罐#mob12_dpd30#小程序
10001559,4677,20250226,1,Rate24,分期乐,dpd,12,60,12,mob12_dpd60,小程序,分期乐#mob12_dpd60#小程序
10001559,4678,20251015,0,Rate24,零钱罐,dpd,3,30,3,mob3_dpd30,api,零钱罐#mob3_dpd30#api
10001559,4679,20251227,0,Rate24,分期乐,dpd,3,30,3,mob3_dpd30,小程序,分期乐#mob3_dpd30#小程序
10001560,4680,20240308,0,Rate24,零钱罐,fpd,,60,,fpd60,小程序,零钱罐#fpd60#小程序
10001560,4681,20260226,0,Rate24,分期乐,dpd,3,30,3,mob3_dpd30,小程序,分期乐#mob3_dpd30#小程序
10001560,4682,20250225,0,Rate24,零钱罐,dpd,3,30,3,mob3_dpd30,api,零钱罐#mob3_dpd30#api
10001561,4683,20260104,-2,Rate24,分期乐,dpd,6,60,6,mob6_dpd60,小程序,分期乐#mob6_dpd60#小程序
10001561,4684,20240912,0,Rate24,零钱罐,dpd,3,60,3,mob3_dpd60,api,零钱罐#mob3_dpd60#api
10001561,4685,20240907,-2,Rate24,零钱罐,fpd,,30,,fpd30,api,零钱罐#fpd30#api
10001562,4686,20240414,0,Rate24,零钱罐,dpd,9,30,9,mob9_dpd30,小程序,零钱罐#mob9_dpd30#小程序
10001562,4687,20241025,0,Rate24,分期乐,dpd,6,60,6,mob6_dpd60,小程序,分期乐#mob6_dpd60#小程序
10001562,4688,20240309,0,Rate24,分期乐,dpd,9,30,9,mob9_dpd30,api,分期乐#mob9_dpd30#api
10001563,4689,20260112,0,Rate24,分期乐,dpd,9,30,9,mob9_dpd30,小程序,分期乐#mob9_dpd30#小程序
10001563,4690,20260119,1,Rate24,分期乐,dpd,6,30,6,mob6_dpd30,api,分期乐#mob6_dpd30#api
10001563,4691,20250801,-2,Rate24,零钱罐,dpd,12,60,12,mob12_dpd60,小程序,零钱罐#mob12_dpd60#小程序
10001564,4692,20240818,0,Rate24,零钱罐,dpd,12,30,12,mob12_dpd30,小程序,零钱罐#mob12_dpd30#小程序
10001564,4693,20250805,0,Rate24,零钱罐,fpd,,30,,fpd30,小程序,零钱罐#fpd30#小程序
10001564,4694,20250814,0,Rate24,零钱罐,fpd,,30,,fpd30,小程序,零钱罐#fpd30#小程序
10001565,4695,20260223,0,Rate24,分期乐,dpd,3,60,3,mob3_dpd60,小程序,分期乐#mob3_dpd60#小程序
10001565,4696,20240603,0,Rate24,分期乐,fpd,,60,,fpd60,api,分期乐#fpd60#api
10001565,4697,20250512,0,Rate24,分期乐,dpd,12,60,12,mob12_dpd60,api,分期乐#mob12_dpd60#api
10001566,4698,20240509,0,Rate24,分期乐,dpd,12,30,12,mob12_dpd30,小程序,分期乐#mob12_dpd30#小程序
10001566,4699,20250724,0,Rate24,分期乐,fpd,,30,,fpd30,小程序,分期乐#fpd30#小程序
10001566,4700,20250920,-2,Rate24,分期乐,dpd,9,60,9,mob9_dpd60,api,分期乐#mob9_dpd60#api
10001567,4701,20240406,0,Rate24,零钱罐,dpd,6,60,6,mob6_dpd60,api,零钱罐#mob6_dpd60#api
10001567,4702,20250509,0,Rate24,分期乐,dpd,12,30,12,mob12_dpd30,api,分期乐#mob12_dpd30#api
10001567,4703,20250526,0,Rate24,零钱罐,dpd,3,30,3,mob3_dpd30,api,零钱罐#mob3_dpd30#api
10001568,4704,20240712,0,Rate24,零钱罐,dpd,3,60,3,mob3_dpd60,小程序,零钱罐#mob3_dpd60#小程序
10001568,4705,20240516,0,Rate24,零钱罐,fpd,,30,,fpd30,api,零钱罐#fpd30#api
10001568,4706,20250527,0,Rate24,零钱罐,dpd,9,60,9,mob9_dpd60,小程序,零钱罐#mob9_dpd60#小程序
10001569,4707,20240302,0,Rate24,分期乐,dpd,6,30,6,mob6_dpd30,api,分期乐#mob6_dpd30#api
10001569,4708,20241120,0,Rate24,零钱罐,dpd,3,30,3,mob3_dpd30,api,零钱罐#mob3_dpd30#api
10001569,4709,20260102,1,Rate24,零钱罐,dpd,9,60,9,mob9_dpd60,api,零钱罐#mob9_dpd60#api
10001570,4710,20240310,0,Rate24,零钱罐,dpd,9,60,9,mob9_dpd60,api,零钱罐#mob9_dpd60#api
10001570,4711,20241003,0,Rate24,零钱罐,fpd,,30,,fpd30,api,零钱罐#fpd30#api
10001570,4712,20250602,1,Rate24,分期乐,dpd,12,30,12,mob12_dpd30,api,分期乐#mob12_dpd30#api
10001571,4713,20241211,0,Rate24,零钱罐,dpd,12,60,12,mob12_dpd60,api,零钱罐#mob12_dpd60#api
10001571,4714,20240507,1,Rate24,分期乐,dpd,6,60,6,mob6_dpd60,api,分期乐#mob6_dpd60#api
10001571,4715,20250613,0,Rate24,分期乐,dpd,6,30,6,mob6_dpd30,api,分期乐#mob6_dpd30#api
10001572,4716,20240725,0,Rate24,零钱罐,dpd,6,30,6,mob6_dpd30,api,零钱罐#mob6_dpd30#api
10001572,4717,20240701,0,Rate24,分期乐,dpd,9,60,9,mob9_dpd60,小程序,分期乐#mob9_dpd60#小程序
10001572,4718,20241212,0,Rate24,分期乐,fpd,,60,,fpd60,小程序,分期乐#fpd60#小程序
10001573,4719,20241203,1,Rate24,零钱罐,fpd,,60,,fpd60,api,零钱罐#fpd60#api
10001573,4720,20250122,0,Rate24,分期乐,dpd,3,30,3,mob3_dpd30,api,分期乐#mob3_dpd30#api
10001573,4721,20240803,0,Rate24,零钱罐,dpd,12,60,12,mob12_dpd60,小程序,零钱罐#mob12_dpd60#小程序
10001574,4722,20260125,0,Rate24,零钱罐,dpd,12,30,12,mob12_dpd30,小程序,零钱罐#mob12_dpd30#小程序
10001574,4723,20251027,1,Rate24,分期乐,dpd,6,30,6,mob6_dpd30,api,分期乐#mob6_dpd30#api
10001574,4724,20250914,1,Rate24,分期乐,dpd,12,30,12,mob12_dpd30,小程序,分期乐#mob12_dpd30#小程序
10001575,4725,20241004,0,Rate24,分期乐,fpd,,60,,fpd60,小程序,分期乐#fpd60#小程序
10001575,4726,20250122,0,Rate24,分期乐,dpd,6,60,6,mob6_dpd60,小程序,分期乐#mob6_dpd60#小程序
10001575,4727,20250722,1,Rate24,零钱罐,dpd,9,60,9,mob9_dpd60,api,零钱罐#mob9_dpd60#api
10001576,4728,20240501,0,Rate24,零钱罐,dpd,3,30,3,mob3_dpd30,小程序,零钱罐#mob3_dpd30#小程序
10001576,4729,20260109,0,Rate24,零钱罐,dpd,6,60,6,mob6_dpd60,api,零钱罐#mob6_dpd60#api
10001576,4730,20250320,0,Rate24,零钱罐,dpd,3,60,3,mob3_dpd60,小程序,零钱罐#mob3_dpd60#小程序
10001577,4731,20250711,0,Rate24,分期乐,dpd,12,60,12,mob12_dpd60,小程序,分期乐#mob12_dpd60#小程序
10001577,4732,20250809,0,Rate24,零钱罐,dpd,9,60,9,mob9_dpd60,小程序,零钱罐#mob9_dpd60#小程序
10001577,4733,20240607,0,Rate24,零钱罐,dpd,3,30,3,mob3_dpd30,小程序,零钱罐#mob3_dpd30#小程序
10001578,4734,20240905,0,Rate24,零钱罐,dpd,12,30,12,mob12_dpd30,api,零钱罐#mob12_dpd30#api
10001578,4735,20240825,0,Rate24,零钱罐,fpd,,60,,fpd60,小程序,零钱罐#fpd60#小程序
10001578,4736,20241220,-2,Rate24,分期乐,dpd,6,60,6,mob6_dpd60,api,分期乐#mob6_dpd60#api
10001579,4737,20240412,0,Rate24,分期乐,dpd,6,60,6,mob6_dpd60,小程序,分期乐#mob6_dpd60#小程序
10001579,4738,20250521,0,Rate24,分期乐,dpd,3,60,3,mob3_dpd60,api,分期乐#mob3_dpd60#api
10001579,4739,20240626,0,Rate24,零钱罐,dpd,12,30,12,mob12_dpd30,小程序,零钱罐#mob12_dpd30#小程序
10001580,4740,20250111,0,Rate24,零钱罐,dpd,9,30,9,mob9_dpd30,小程序,零钱罐#mob9_dpd30#小程序
10001580,4741,20241016,1,Rate24,分期乐,dpd,9,30,9,mob9_dpd30,api,分期乐#mob9_dpd30#api
10001580,4742,20251216,0,Rate24,分期乐,dpd,3,30,3,mob3_dpd30,小程序,分期乐#mob3_dpd30#小程序
10001581,4743,20241122,-2,Rate24,分期乐,dpd,6,30,6,mob6_dpd30,小程序,分期乐#mob6_dpd30#小程序
10001581,4744,20260212,-2,Rate24,零钱罐,fpd,,30,,fpd30,api,零钱罐#fpd30#api
10001581,4745,20240511,0,Rate24,零钱罐,dpd,12,60,12,mob12_dpd60,小程序,零钱罐#mob12_dpd60#小程序
10001582,4746,20260204,0,Rate24,零钱罐,dpd,12,30,12,mob12_dpd30,小程序,零钱罐#mob12_dpd30#小程序
10001582,4747,20240908,0,Rate24,零钱罐,dpd,9,30,9,mob9_dpd30,小程序,零钱罐#mob9_dpd30#小程序
10001582,4748,20260210,0,Rate24,零钱罐,dpd,9,30,9,mob9_dpd30,api,零钱罐#mob9_dpd30#api
10001583,4749,20250323,0,Rate24,分期乐,dpd,6,60,6,mob6_dpd60,小程序,分期乐#mob6_dpd60#小程序
10001583,4750,20260224,0,Rate24,分期乐,dpd,3,30,3,mob3_dpd30,api,分期乐#mob3_dpd30#api
10001583,4751,20250326,0,Rate24,零钱罐,dpd,6,60,6,mob6_dpd60,小程序,零钱罐#mob6_dpd60#小程序
10001584,4752,20240407,1,Rate24,零钱罐,fpd,,60,,fpd60,小程序,零钱罐#fpd60#小程序
10001584,4753,20250813,0,Rate24,分期乐,fpd,,30,,fpd30,小程序,分期乐#fpd30#小程序
10001584,4754,20250117,0,Rate24,分期乐,dpd,3,30,3,mob3_dpd30,api,分期乐#mob3_dpd30#api
10001585,4755,20251215,0,Rate24,分期乐,dpd,9,30,9,mob9_dpd30,小程序,分期乐#mob9_dpd30#小程序
10001585,4756,20240420,0,Rate24,零钱罐,dpd,3,60,3,mob3_dpd60,api,零钱罐#mob3_dpd60#api
10001585,4757,20240702,0,Rate24,零钱罐,fpd,,30,,fpd30,api,零钱罐#fpd30#api
10001586,4758,20260125,0,Rate24,分期乐,dpd,9,30,9,mob9_dpd30,api,分期乐#mob9_dpd30#api
10001586,4759,20240426,0,Rate24,分期乐,dpd,3,30,3,mob3_dpd30,api,分期乐#mob3_dpd30#api
10001586,4760,20250805,-2,Rate24,零钱罐,dpd,12,30,12,mob12_dpd30,小程序,零钱罐#mob12_dpd30#小程序
10001587,4761,20240417,0,Rate24,分期乐,fpd,,30,,fpd30,api,分期乐#fpd30#api
10001587,4762,20250505,0,Rate24,零钱罐,fpd,,30,,fpd30,api,零钱罐#fpd30#api
10001587,4763,20250121,0,Rate24,分期乐,dpd,3,60,3,mob3_dpd60,api,分期乐#mob3_dpd60#api
10001588,4764,20251114,0,Rate24,零钱罐,fpd,,60,,fpd60,小程序,零钱罐#fpd60#小程序
10001588,4765,20250612,1,Rate24,分期乐,dpd,9,30,9,mob9_dpd30,小程序,分期乐#mob9_dpd30#小程序
10001588,4766,20240316,0,Rate24,分期乐,dpd,9,60,9,mob9_dpd60,小程序,分期乐#mob9_dpd60#小程序
10001589,4767,20251007,0,Rate24,分期乐,dpd,3,60,3,mob3_dpd60,api,分期乐#mob3_dpd60#api
10001589,4768,20250210,-2,Rate24,零钱罐,dpd,12,30,12,mob12_dpd30,小程序,零钱罐#mob12_dpd30#小程序
10001589,4769,20240305,-2,Rate24,零钱罐,dpd,12,30,12,mob12_dpd30,小程序,零钱罐#mob12_dpd30#小程序
10001590,4770,20250714,-2,Rate24,分期乐,fpd,,30,,fpd30,api,分期乐#fpd30#api
10001590,4771,20240727,0,Rate24,零钱罐,dpd,9,30,9,mob9_dpd30,api,零钱罐#mob9_dpd30#api
10001590,4772,20241019,0,Rate24,零钱罐,dpd,6,30,6,mob6_dpd30,小程序,零钱罐#mob6_dpd30#小程序
10001591,4773,20240911,0,Rate24,分期乐,dpd,9,30,9,mob9_dpd30,api,分期乐#mob9_dpd30#api
10001591,4774,20241008,0,Rate24,分期乐,dpd,9,30,9,mob9_dpd30,api,分期乐#mob9_dpd30#api
10001591,4775,20241020,0,Rate24,零钱罐,dpd,9,60,9,mob9_dpd60,小程序,零钱罐#mob9_dpd60#小程序
10001592,4776,20250104,0,Rate24,零钱罐,dpd,12,60,12,mob12_dpd60,api,零钱罐#mob12_dpd60#api
10001592,4777,20250605,0,Rate24,零钱罐,dpd,3,60,3,mob3_dpd60,api,零钱罐#mob3_dpd60#api
10001592,4778,20250618,1,Rate24,零钱罐,dpd,12,60,12,mob12_dpd60,小程序,零钱罐#mob12_dpd60#小程序
10001593,4779,20250310,0,Rate24,零钱罐,dpd,12,30,12,mob12_dpd30,小程序,零钱罐#mob12_dpd30#小程序
10001593,4780,20250616,0,Rate24,分期乐,dpd,3,30,3,mob3_dpd30,api,分期乐#mob3_dpd30#api
10001593,4781,20250303,1,Rate24,零钱罐,dpd,12,60,12,mob12_dpd60,小程序,零钱罐#mob12_dpd60#小程序
10001594,4782,20250115,0,Rate24,零钱罐,dpd,12,60,12,mob12_dpd60,api,零钱罐#mob12_dpd60#api
10001594,4783,20250225,-2,Rate24,分期乐,dpd,6,30,6,mob6_dpd30,小程序,分期乐#mob6_dpd30#小程序
10001594,4784,20251121,0,Rate24,分期乐,dpd,9,30,9,mob9_dpd30,小程序,分期乐#mob9_dpd30#小程序
10001595,4785,20241206,0,Rate24,分期乐,dpd,3,30,3,mob3_dpd30,api,分期乐#mob3_dpd30#api
10001595,4786,20240721,1,Rate24,分期乐,dpd,3,60,3,mob3_dpd60,小程序,分期乐#mob3_dpd60#小程序
10001595,4787,20240708,0,Rate24,分期乐,dpd,12,60,12,mob12_dpd60,api,分期乐#mob12_dpd60#api
10001596,4788,20241001,0,Rate24,分期乐,dpd,9,30,9,mob9_dpd30,api,分期乐#mob9_dpd30#api
10001596,4789,20251215,0,Rate24,分期乐,dpd,3,60,3,mob3_dpd60,小程序,分期乐#mob3_dpd60#小程序
10001596,4790,20250820,0,Rate24,分期乐,fpd,,30,,fpd30,小程序,分期乐#fpd30#小程序
10001597,4791,20240423,1,Rate24,分期乐,dpd,12,30,12,mob12_dpd30,api,分期乐#mob12_dpd30#api
10001597,4792,20251006,0,Rate24,分期乐,dpd,12,30,12,mob12_dpd30,api,分期乐#mob12_dpd30#api
10001597,4793,20240313,0,Rate24,零钱罐,dpd,12,60,12,mob12_dpd60,api,零钱罐#mob12_dpd60#api
10001598,4794,20241017,0,Rate24,分期乐,dpd,6,60,6,mob6_dpd60,小程序,分期乐#mob6_dpd60#小程序
10001598,4795,20250914,-2,Rate24,分期乐,dpd,6,60,6,mob6_dpd60,api,分期乐#mob6_dpd60#api
10001598,4796,20241127,0,Rate24,分期乐,dpd,3,30,3,mob3_dpd30,api,分期乐#mob3_dpd30#api
10001599,4797,20260113,0,Rate24,零钱罐,dpd,6,30,6,mob6_dpd30,api,零钱罐#mob6_dpd30#api
10001599,4798,20240610,0,Rate24,分期乐,dpd,12,60,12,mob12_dpd60,小程序,分期乐#mob12_dpd60#小程序
10001599,4799,20240608,0,Rate24,零钱罐,dpd,3,30,3,mob3_dpd30,api,零钱罐#mob3_dpd30#api
10001600,4800,20251015,0,Rate24,零钱罐,dpd,3,30,3,mob3_dpd30,小程序,零钱罐#mob3_dpd30#小程序
10001600,4801,20250524,0,Rate24,分期乐,dpd,3,60,3,mob3_dpd60,小程序,分期乐#mob3_dpd60#小程序
10001600,4802,20241001,0,Rate24,零钱罐,dpd,9,30,9,mob9_dpd30,小程序,零钱罐#mob9_dpd30#小程序
10001601,4803,20250815,1,Rate24,零钱罐,dpd,9,30,9,mob9_dpd30,api,零钱罐#mob9_dpd30#api
10001601,4804,20240402,0,Rate24,零钱罐,dpd,9,60,9,mob9_dpd60,api,零钱罐#mob9_dpd60#api
10001601,4805,20251119,0,Rate24,零钱罐,fpd,,30,,fpd30,小程序,零钱罐#fpd30#小程序
10001602,4806,20240409,1,Rate24,零钱罐,dpd,9,60,9,mob9_dpd60,api,零钱罐#mob9_dpd60#api
10001602,4807,20240523,0,Rate24,零钱罐,dpd,9,60,9,mob9_dpd60,api,零钱罐#mob9_dpd60#api
10001602,4808,20241027,0,Rate24,分期乐,dpd,12,30,12,mob12_dpd30,小程序,分期乐#mob12_dpd30#小程序
10001603,4809,20240707,0,Rate24,零钱罐,dpd,3,60,3,mob3_dpd60,api,零钱罐#mob3_dpd60#api
10001603,4810,20250328,0,Rate24,分期乐,dpd,12,60,12,mob12_dpd60,api,分期乐#mob12_dpd60#api
10001603,4811,20240523,0,Rate24,零钱罐,dpd,12,30,12,mob12_dpd30,api,零钱罐#mob12_dpd30#api
10001604,4812,20250610,0,Rate24,分期乐,dpd,9,60,9,mob9_dpd60,api,分期乐#mob9_dpd60#api
10001604,4813,20240928,0,Rate24,零钱罐,dpd,3,30,3,mob3_dpd30,api,零钱罐#mob3_dpd30#api
10001604,4814,20250524,0,Rate24,零钱罐,dpd,12,30,12,mob12_dpd30,api,零钱罐#mob12_dpd30#api
10001605,4815,20251110,0,Rate24,分期乐,dpd,6,30,6,mob6_dpd30,小程序,分期乐#mob6_dpd30#小程序
10001605,4816,20241017,0,Rate24,分期乐,dpd,12,30,12,mob12_dpd30,api,分期乐#mob12_dpd30#api
10001605,4817,20240606,0,Rate24,零钱罐,fpd,,30,,fpd30,api,零钱罐#fpd30#api
10001606,4818,20260102,0,Rate24,零钱罐,dpd,9,60,9,mob9_dpd60,api,零钱罐#mob9_dpd60#api
10001606,4819,20250314,0,Rate24,分期乐,dpd,3,30,3,mob3_dpd30,小程序,分期乐#mob3_dpd30#小程序
10001606,4820,20251219,0,Rate24,分期乐,dpd,6,30,6,mob6_dpd30,api,分期乐#mob6_dpd30#api
10001607,4821,20250723,0,Rate24,分期乐,dpd,6,30,6,mob6_dpd30,小程序,分期乐#mob6_dpd30#小程序
10001607,4822,20240627,0,Rate24,零钱罐,dpd,6,60,6,mob6_dpd60,小程序,零钱罐#mob6_dpd60#小程序
10001607,4823,20250604,1,Rate24,零钱罐,dpd,9,60,9,mob9_dpd60,小程序,零钱罐#mob9_dpd60#小程序
10001608,4824,20260201,0,Rate24,分期乐,dpd,3,60,3,mob3_dpd60,小程序,分期乐#mob3_dpd60#小程序
10001608,4825,20240720,0,Rate24,分期乐,dpd,12,60,12,mob12_dpd60,api,分期乐#mob12_dpd60#api
10001608,4826,20240606,0,Rate24,零钱罐,fpd,,30,,fpd30,api,零钱罐#fpd30#api
10001609,4827,20240719,0,Rate24,零钱罐,dpd,9,30,9,mob9_dpd30,小程序,零钱罐#mob9_dpd30#小程序
10001609,4828,20250603,0,Rate24,零钱罐,dpd,3,30,3,mob3_dpd30,api,零钱罐#mob3_dpd30#api
10001609,4829,20240327,0,Rate24,分期乐,dpd,3,30,3,mob3_dpd30,小程序,分期乐#mob3_dpd30#小程序
10001610,4830,20241103,0,Rate24,分期乐,fpd,,30,,fpd30,api,分期乐#fpd30#api
10001610,4831,20250726,0,Rate24,零钱罐,dpd,3,60,3,mob3_dpd60,api,零钱罐#mob3_dpd60#api
10001610,4832,20240811,0,Rate24,零钱罐,fpd,,30,,fpd30,api,零钱罐#fpd30#api
10001611,4833,20240917,0,Rate24,零钱罐,dpd,6,30,6,mob6_dpd30,api,零钱罐#mob6_dpd30#api
10001611,4834,20260118,1,Rate24,分期乐,fpd,,60,,fpd60,api,分期乐#fpd60#api
10001611,4835,20250306,0,Rate24,零钱罐,dpd,9,30,9,mob9_dpd30,小程序,零钱罐#mob9_dpd30#小程序
10001612,4836,20240522,0,Rate24,零钱罐,dpd,6,30,6,mob6_dpd30,api,零钱罐#mob6_dpd30#api
10001612,4837,20251127,0,Rate24,分期乐,dpd,12,60,12,mob12_dpd60,小程序,分期乐#mob12_dpd60#小程序
10001612,4838,20250711,0,Rate24,零钱罐,dpd,9,30,9,mob9_dpd30,api,零钱罐#mob9_dpd30#api
10001613,4839,20240524,0,Rate24,零钱罐,dpd,6,30,6,mob6_dpd30,小程序,零钱罐#mob6_dpd30#小程序
10001613,4840,20260112,0,Rate24,零钱罐,dpd,3,30,3,mob3_dpd30,小程序,零钱罐#mob3_dpd30#小程序
10001613,4841,20250922,1,Rate24,零钱罐,dpd,9,30,9,mob9_dpd30,api,零钱罐#mob9_dpd30#api
10001614,4842,20240517,0,Rate24,分期乐,dpd,9,30,9,mob9_dpd30,小程序,分期乐#mob9_dpd30#小程序
10001614,4843,20240706,-2,Rate24,零钱罐,fpd,,30,,fpd30,api,零钱罐#fpd30#api
10001614,4844,20250527,0,Rate24,分期乐,dpd,9,30,9,mob9_dpd30,小程序,分期乐#mob9_dpd30#小程序
10001615,4845,20260105,0,Rate24,零钱罐,dpd,9,60,9,mob9_dpd60,api,零钱罐#mob9_dpd60#api
10001615,4846,20240621,0,Rate24,零钱罐,dpd,9,30,9,mob9_dpd30,小程序,零钱罐#mob9_dpd30#小程序
10001615,4847,20250815,-2,Rate24,零钱罐,dpd,6,60,6,mob6_dpd60,api,零钱罐#mob6_dpd60#api
10001616,4848,20251214,1,Rate24,分期乐,dpd,9,60,9,mob9_dpd60,api,分期乐#mob9_dpd60#api
10001616,4849,20250927,0,Rate24,分期乐,dpd,9,30,9,mob9_dpd30,小程序,分期乐#mob9_dpd30#小程序
10001616,4850,20251118,0,Rate24,零钱罐,fpd,,60,,fpd60,api,零钱罐#fpd60#api
10001617,4851,20250815,0,Rate24,零钱罐,dpd,9,30,9,mob9_dpd30,api,零钱罐#mob9_dpd30#api
10001617,4852,20251009,0,Rate24,分期乐,dpd,9,60,9,mob9_dpd60,api,分期乐#mob9_dpd60#api
10001617,4853,20260226,0,Rate24,分期乐,fpd,,60,,fpd60,小程序,分期乐#fpd60#小程序
10001618,4854,20241112,0,Rate24,分期乐,dpd,6,30,6,mob6_dpd30,api,分期乐#mob6_dpd30#api
10001618,4855,20250816,1,Rate24,零钱罐,dpd,6,60,6,mob6_dpd60,api,零钱罐#mob6_dpd60#api
10001618,4856,20240312,1,Rate24,零钱罐,dpd,12,30,12,mob12_dpd30,api,零钱罐#mob12_dpd30#api
10001619,4857,20240618,0,Rate24,分期乐,dpd,9,30,9,mob9_dpd30,小程序,分期乐#mob9_dpd30#小程序
10001619,4858,20251107,0,Rate24,分期乐,fpd,,60,,fpd60,api,分期乐#fpd60#api
10001619,4859,20240327,0,Rate24,零钱罐,dpd,9,30,9,mob9_dpd30,小程序,零钱罐#mob9_dpd30#小程序
10001620,4860,20241027,0,Rate24,分期乐,dpd,3,60,3,mob3_dpd60,api,分期乐#mob3_dpd60#api
10001620,4861,20240412,0,Rate24,零钱罐,dpd,12,30,12,mob12_dpd30,小程序,零钱罐#mob12_dpd30#小程序
10001620,4862,20260112,0,Rate24,分期乐,fpd,,30,,fpd30,api,分期乐#fpd30#api
10001621,4863,20241114,0,Rate24,分期乐,dpd,12,30,12,mob12_dpd30,小程序,分期乐#mob12_dpd30#小程序
10001621,4864,20250817,-2,Rate24,分期乐,dpd,9,30,9,mob9_dpd30,小程序,分期乐#mob9_dpd30#小程序
10001621,4865,20240723,0,Rate24,零钱罐,dpd,9,60,9,mob9_dpd60,小程序,零钱罐#mob9_dpd60#小程序
10001622,4866,20250108,0,Rate24,分期乐,fpd,,30,,fpd30,小程序,分期乐#fpd30#小程序
10001622,4867,20260115,0,Rate24,零钱罐,dpd,12,60,12,mob12_dpd60,api,零钱罐#mob12_dpd60#api
10001622,4868,20240709,0,Rate24,零钱罐,fpd,,60,,fpd60,api,零钱罐#fpd60#api
10001623,4869,20251211,0,Rate24,分期乐,fpd,,60,,fpd60,小程序,分期乐#fpd60#小程序
10001623,4870,20240301,0,Rate24,分期乐,dpd,9,60,9,mob9_dpd60,api,分期乐#mob9_dpd60#api
10001623,4871,20240411,0,Rate24,零钱罐,dpd,3,30,3,mob3_dpd30,小程序,零钱罐#mob3_dpd30#小程序
10001624,4872,20240402,0,Rate24,零钱罐,fpd,,30,,fpd30,api,零钱罐#fpd30#api
10001624,4873,20240503,0,Rate24,零钱罐,dpd,12,60,12,mob12_dpd60,小程序,零钱罐#mob12_dpd60#小程序
10001624,4874,20240320,0,Rate24,分期乐,dpd,12,30,12,mob12_dpd30,api,分期乐#mob12_dpd30#api
10001625,4875,20251113,0,Rate24,分期乐,fpd,,30,,fpd30,api,分期乐#fpd30#api
10001625,4876,20250108,0,Rate24,零钱罐,dpd,12,60,12,mob12_dpd60,api,零钱罐#mob12_dpd60#api
10001625,4877,20260103,0,Rate24,零钱罐,dpd,9,30,9,mob9_dpd30,api,零钱罐#mob9_dpd30#api
10001626,4878,20240314,0,Rate24,分期乐,dpd,3,60,3,mob3_dpd60,api,分期乐#mob3_dpd60#api
10001626,4879,20250323,0,Rate24,分期乐,dpd,12,30,12,mob12_dpd30,api,分期乐#mob12_dpd30#api
10001626,4880,20240911,0,Rate24,零钱罐,fpd,,60,,fpd60,小程序,零钱罐#fpd60#小程序
10001627,4881,20250417,0,Rate24,零钱罐,dpd,12,30,12,mob12_dpd30,api,零钱罐#mob12_dpd30#api
10001627,4882,20251227,0,Rate24,分期乐,dpd,9,60,9,mob9_dpd60,小程序,分期乐#mob9_dpd60#小程序
10001627,4883,20241020,0,Rate24,零钱罐,fpd,,30,,fpd30,小程序,零钱罐#fpd30#小程序
10001628,4884,20240613,0,Rate24,零钱罐,dpd,6,60,6,mob6_dpd60,api,零钱罐#mob6_dpd60#api
10001628,4885,20250317,0,Rate24,零钱罐,dpd,3,30,3,mob3_dpd30,api,零钱罐#mob3_dpd30#api
10001628,4886,20240423,0,Rate24,分期乐,dpd,3,30,3,mob3_dpd30,小程序,分期乐#mob3_dpd30#小程序
10001629,4887,20251026,0,Rate24,零钱罐,dpd,9,30,9,mob9_dpd30,小程序,零钱罐#mob9_dpd30#小程序
10001629,4888,20241108,0,Rate24,分期乐,dpd,3,30,3,mob3_dpd30,小程序,分期乐#mob3_dpd30#小程序
10001629,4889,20250709,0,Rate24,分期乐,fpd,,30,,fpd30,api,分期乐#fpd30#api
10001630,4890,20250320,0,Rate24,零钱罐,dpd,3,30,3,mob3_dpd30,api,零钱罐#mob3_dpd30#api
10001630,4891,20240509,0,Rate24,零钱罐,dpd,12,60,12,mob12_dpd60,api,零钱罐#mob12_dpd60#api
10001630,4892,20251211,0,Rate24,零钱罐,dpd,3,60,3,mob3_dpd60,api,零钱罐#mob3_dpd60#api
10001631,4893,20240906,0,Rate24,分期乐,dpd,12,60,12,mob12_dpd60,api,分期乐#mob12_dpd60#api
10001631,4894,20241023,0,Rate24,分期乐,dpd,6,60,6,mob6_dpd60,小程序,分期乐#mob6_dpd60#小程序
10001631,4895,20240928,0,Rate24,分期乐,dpd,3,60,3,mob3_dpd60,api,分期乐#mob3_dpd60#api
10001632,4896,20250725,1,Rate24,分期乐,dpd,12,30,12,mob12_dpd30,api,分期乐#mob12_dpd30#api
10001632,4897,20251014,0,Rate24,零钱罐,dpd,9,30,9,mob9_dpd30,小程序,零钱罐#mob9_dpd30#小程序
10001632,4898,20241128,0,Rate24,分期乐,dpd,12,30,12,mob12_dpd30,小程序,分期乐#mob12_dpd30#小程序
10001633,4899,20250521,0,Rate24,零钱罐,dpd,3,60,3,mob3_dpd60,api,零钱罐#mob3_dpd60#api
10001633,4900,20250323,0,Rate24,零钱罐,dpd,12,30,12,mob12_dpd30,小程序,零钱罐#mob12_dpd30#小程序
10001633,4901,20240525,0,Rate24,分期乐,dpd,9,30,9,mob9_dpd30,api,分期乐#mob9_dpd30#api
10001634,4902,20260201,0,Rate24,零钱罐,dpd,3,30,3,mob3_dpd30,小程序,零钱罐#mob3_dpd30#小程序
10001634,4903,20250508,0,Rate24,分期乐,dpd,12,30,12,mob12_dpd30,小程序,分期乐#mob12_dpd30#小程序
10001634,4904,20240921,-2,Rate24,零钱罐,dpd,3,60,3,mob3_dpd60,小程序,零钱罐#mob3_dpd60#小程序
10001635,4905,20240612,0,Rate24,分期乐,fpd,,30,,fpd30,api,分期乐#fpd30#api
10001635,4906,20250427,0,Rate24,零钱罐,dpd,6,30,6,mob6_dpd30,api,零钱罐#mob6_dpd30#api
10001635,4907,20250126,0,Rate24,零钱罐,dpd,3,60,3,mob3_dpd60,api,零钱罐#mob3_dpd60#api
10001636,4908,20240828,0,Rate24,分期乐,dpd,9,30,9,mob9_dpd30,api,分期乐#mob9_dpd30#api
10001636,4909,20240915,-2,Rate24,零钱罐,dpd,12,30,12,mob12_dpd30,api,零钱罐#mob12_dpd30#api
10001636,4910,20251227,0,Rate24,分期乐,dpd,9,30,9,mob9_dpd30,小程序,分期乐#mob9_dpd30#小程序
10001637,4911,20241001,0,Rate24,分期乐,dpd,3,60,3,mob3_dpd60,小程序,分期乐#mob3_dpd60#小程序
10001637,4912,20240520,0,Rate24,分期乐,dpd,6,30,6,mob6_dpd30,api,分期乐#mob6_dpd30#api
10001637,4913,20250814,1,Rate24,零钱罐,fpd,,60,,fpd60,api,零钱罐#fpd60#api
10001638,4914,20240817,0,Rate24,零钱罐,dpd,3,30,3,mob3_dpd30,小程序,零钱罐#mob3_dpd30#小程序
10001638,4915,20241228,0,Rate24,零钱罐,dpd,3,60,3,mob3_dpd60,小程序,零钱罐#mob3_dpd60#小程序
10001638,4916,20250803,0,Rate24,分期乐,dpd,6,30,6,mob6_dpd30,api,分期乐#mob6_dpd30#api
10001639,4917,20240325,0,Rate24,零钱罐,dpd,9,60,9,mob9_dpd60,小程序,零钱罐#mob9_dpd60#小程序
10001639,4918,20260204,-2,Rate24,零钱罐,fpd,,30,,fpd30,api,零钱罐#fpd30#api
10001639,4919,20251018,0,Rate24,分期乐,fpd,,30,,fpd30,小程序,分期乐#fpd30#小程序
10001640,4920,20251122,1,Rate24,分期乐,dpd,6,30,6,mob6_dpd30,小程序,分期乐#mob6_dpd30#小程序
10001640,4921,20250925,0,Rate24,零钱罐,fpd,,30,,fpd30,小程序,零钱罐#fpd30#小程序
10001640,4922,20241208,0,Rate24,分期乐,fpd,,30,,fpd30,api,分期乐#fpd30#api
10001641,4923,20250415,0,Rate24,分期乐,dpd,3,60,3,mob3_dpd60,api,分期乐#mob3_dpd60#api
10001641,4924,20240425,1,Rate24,零钱罐,dpd,12,30,12,mob12_dpd30,小程序,零钱罐#mob12_dpd30#小程序
10001641,4925,20250424,0,Rate24,分期乐,dpd,12,30,12,mob12_dpd30,小程序,分期乐#mob12_dpd30#小程序
10001642,4926,20240809,0,Rate24,零钱罐,dpd,9,30,9,mob9_dpd30,api,零钱罐#mob9_dpd30#api
10001642,4927,20250707,0,Rate24,分期乐,dpd,12,30,12,mob12_dpd30,小程序,分期乐#mob12_dpd30#小程序
10001642,4928,20260118,0,Rate24,分期乐,dpd,6,60,6,mob6_dpd60,小程序,分期乐#mob6_dpd60#小程序
10001643,4929,20260216,0,Rate24,零钱罐,dpd,12,30,12,mob12_dpd30,小程序,零钱罐#mob12_dpd30#小程序
10001643,4930,20241111,0,Rate24,分期乐,dpd,12,30,12,mob12_dpd30,小程序,分期乐#mob12_dpd30#小程序
10001643,4931,20251014,0,Rate24,分期乐,dpd,6,30,6,mob6_dpd30,小程序,分期乐#mob6_dpd30#小程序
10001644,4932,20250617,0,Rate24,分期乐,dpd,6,30,6,mob6_dpd30,api,分期乐#mob6_dpd30#api
10001644,4933,20240827,1,Rate24,零钱罐,dpd,12,60,12,mob12_dpd60,小程序,零钱罐#mob12_dpd60#小程序
10001644,4934,20250520,0,Rate24,零钱罐,fpd,,60,,fpd60,api,零钱罐#fpd60#api
10001645,4935,20251224,0,Rate24,零钱罐,fpd,,60,,fpd60,小程序,零钱罐#fpd60#小程序
10001645,4936,20241105,0,Rate24,分期乐,fpd,,30,,fpd30,小程序,分期乐#fpd30#小程序
10001645,4937,20250807,0,Rate24,分期乐,dpd,3,30,3,mob3_dpd30,api,分期乐#mob3_dpd30#api
10001646,4938,20241220,0,Rate24,零钱罐,dpd,12,30,12,mob12_dpd30,api,零钱罐#mob12_dpd30#api
10001646,4939,20250602,0,Rate24,分期乐,fpd,,30,,fpd30,小程序,分期乐#fpd30#小程序
10001646,4940,20240317,0,Rate24,分期乐,dpd,9,30,9,mob9_dpd30,api,分期乐#mob9_dpd30#api
10001647,4941,20240613,0,Rate24,分期乐,dpd,9,30,9,mob9_dpd30,api,分期乐#mob9_dpd30#api
10001647,4942,20251219,0,Rate24,零钱罐,dpd,6,30,6,mob6_dpd30,api,零钱罐#mob6_dpd30#api
10001647,4943,20240426,-2,Rate24,零钱罐,dpd,3,30,3,mob3_dpd30,小程序,零钱罐#mob3_dpd30#小程序
10001648,4944,20251015,1,Rate24,零钱罐,dpd,9,60,9,mob9_dpd60,小程序,零钱罐#mob9_dpd60#小程序
10001648,4945,20250723,0,Rate24,分期乐,dpd,3,60,3,mob3_dpd60,api,分期乐#mob3_dpd60#api
10001648,4946,20240907,-2,Rate24,零钱罐,dpd,3,60,3,mob3_dpd60,api,零钱罐#mob3_dpd60#api
10001649,4947,20250421,0,Rate24,零钱罐,dpd,6,30,6,mob6_dpd30,小程序,零钱罐#mob6_dpd30#小程序
10001649,4948,20251224,0,Rate24,分期乐,dpd,3,30,3,mob3_dpd30,小程序,分期乐#mob3_dpd30#小程序
10001649,4949,20241214,0,Rate24,分期乐,fpd,,30,,fpd30,小程序,分期乐#fpd30#小程序
10001650,4950,20250107,0,Rate24,零钱罐,dpd,3,60,3,mob3_dpd60,小程序,零钱罐#mob3_dpd60#小程序
10001650,4951,20260103,0,Rate24,分期乐,dpd,12,30,12,mob12_dpd30,api,分期乐#mob12_dpd30#api
10001650,4952,20250117,0,Rate24,分期乐,dpd,9,60,9,mob9_dpd60,api,分期乐#mob9_dpd60#api
10001651,4953,20240713,0,Rate24,分期乐,dpd,3,30,3,mob3_dpd30,小程序,分期乐#mob3_dpd30#小程序
10001651,4954,20250727,0,Rate24,零钱罐,dpd,9,60,9,mob9_dpd60,api,零钱罐#mob9_dpd60#api
10001651,4955,20250218,0,Rate24,零钱罐,dpd,12,60,12,mob12_dpd60,api,零钱罐#mob12_dpd60#api
10001652,4956,20260103,0,Rate24,零钱罐,dpd,12,30,12,mob12_dpd30,api,零钱罐#mob12_dpd30#api
10001652,4957,20260115,0,Rate24,分期乐,dpd,12,60,12,mob12_dpd60,api,分期乐#mob12_dpd60#api
10001652,4958,20240318,1,Rate24,零钱罐,dpd,12,30,12,mob12_dpd30,api,零钱罐#mob12_dpd30#api
10001653,4959,20240305,0,Rate24,零钱罐,fpd,,30,,fpd30,api,零钱罐#fpd30#api
10001653,4960,20250204,-2,Rate24,分期乐,dpd,12,30,12,mob12_dpd30,小程序,分期乐#mob12_dpd30#小程序
10001653,4961,20240925,0,Rate24,零钱罐,fpd,,60,,fpd60,小程序,零钱罐#fpd60#小程序
10001654,4962,20250507,0,Rate24,零钱罐,fpd,,30,,fpd30,小程序,零钱罐#fpd30#小程序
10001654,4963,20250816,1,Rate24,零钱罐,fpd,,60,,fpd60,api,零钱罐#fpd60#api
10001654,4964,20250925,1,Rate24,分期乐,dpd,12,60,12,mob12_dpd60,小程序,分期乐#mob12_dpd60#小程序
10001655,4965,20260110,0,Rate24,零钱罐,dpd,12,60,12,mob12_dpd60,api,零钱罐#mob12_dpd60#api
10001655,4966,20250619,0,Rate24,零钱罐,fpd,,60,,fpd60,小程序,零钱罐#fpd60#小程序
10001655,4967,20250324,0,Rate24,分期乐,dpd,6,30,6,mob6_dpd30,小程序,分期乐#mob6_dpd30#小程序
10001656,4968,20251108,0,Rate24,分期乐,dpd,3,30,3,mob3_dpd30,api,分期乐#mob3_dpd30#api
10001656,4969,20251102,0,Rate24,分期乐,dpd,6,30,6,mob6_dpd30,api,分期乐#mob6_dpd30#api
10001656,4970,20251118,-2,Rate24,零钱罐,fpd,,60,,fpd60,小程序,零钱罐#fpd60#小程序
10001657,4971,20240425,0,Rate24,分期乐,dpd,6,60,6,mob6_dpd60,小程序,分期乐#mob6_dpd60#小程序
10001657,4972,20251204,0,Rate24,零钱罐,dpd,6,30,6,mob6_dpd30,小程序,零钱罐#mob6_dpd30#小程序
10001657,4973,20250124,-2,Rate24,零钱罐,dpd,6,30,6,mob6_dpd30,api,零钱罐#mob6_dpd30#api
10001658,4974,20251103,-2,Rate24,零钱罐,dpd,9,60,9,mob9_dpd60,小程序,零钱罐#mob9_dpd60#小程序
10001658,4975,20250924,0,Rate24,分期乐,dpd,9,60,9,mob9_dpd60,小程序,分期乐#mob9_dpd60#小程序
10001658,4976,20260119,0,Rate24,零钱罐,dpd,12,30,12,mob12_dpd30,小程序,零钱罐#mob12_dpd30#小程序
10001659,4977,20241107,0,Rate24,分期乐,dpd,12,60,12,mob12_dpd60,小程序,分期乐#mob12_dpd60#小程序
10001659,4978,20250802,0,Rate24,分期乐,fpd,,60,,fpd60,api,分期乐#fpd60#api
10001659,4979,20260201,0,Rate24,分期乐,fpd,,30,,fpd30,api,分期乐#fpd30#api
10001660,4980,20251218,0,Rate24,分期乐,dpd,9,60,9,mob9_dpd60,api,分期乐#mob9_dpd60#api
10001660,4981,20250125,0,Rate24,分期乐,dpd,6,30,6,mob6_dpd30,小程序,分期乐#mob6_dpd30#小程序
10001660,4982,20250516,1,Rate24,零钱罐,dpd,12,30,12,mob12_dpd30,api,零钱罐#mob12_dpd30#api
10001661,4983,20240818,0,Rate24,分期乐,dpd,12,30,12,mob12_dpd30,api,分期乐#mob12_dpd30#api
10001661,4984,20260228,0,Rate24,分期乐,dpd,12,60,12,mob12_dpd60,小程序,分期乐#mob12_dpd60#小程序
10001661,4985,20250103,0,Rate24,分期乐,fpd,,30,,fpd30,api,分期乐#fpd30#api
10001662,4986,20251215,0,Rate24,零钱罐,fpd,,30,,fpd30,api,零钱罐#fpd30#api
10001662,4987,20240622,0,Rate24,零钱罐,dpd,9,30,9,mob9_dpd30,小程序,零钱罐#mob9_dpd30#小程序
10001662,4988,20240807,0,Rate24,零钱罐,dpd,6,60,6,mob6_dpd60,小程序,零钱罐#mob6_dpd60#小程序
10001663,4989,20241105,-2,Rate24,零钱罐,dpd,3,30,3,mob3_dpd30,api,零钱罐#mob3_dpd30#api
10001663,4990,20241005,1,Rate24,零钱罐,dpd,12,60,12,mob12_dpd60,api,零钱罐#mob12_dpd60#api
10001663,4991,20240411,0,Rate24,零钱罐,dpd,3,30,3,mob3_dpd30,api,零钱罐#mob3_dpd30#api
10001664,4992,20241010,0,Rate24,分期乐,dpd,6,60,6,mob6_dpd60,小程序,分期乐#mob6_dpd60#小程序
10001664,4993,20250907,0,Rate24,零钱罐,dpd,6,30,6,mob6_dpd30,api,零钱罐#mob6_dpd30#api
10001664,4994,20241118,0,Rate24,零钱罐,fpd,,30,,fpd30,小程序,零钱罐#fpd30#小程序
10001665,4995,20250111,0,Rate24,零钱罐,dpd,9,60,9,mob9_dpd60,小程序,零钱罐#mob9_dpd60#小程序
10001665,4996,20240801,0,Rate24,零钱罐,dpd,12,60,12,mob12_dpd60,api,零钱罐#mob12_dpd60#api
10001665,4997,20240817,0,Rate24,零钱罐,fpd,,30,,fpd30,小程序,零钱罐#fpd30#小程序
10001666,4998,20250527,0,Rate24,分期乐,dpd,3,30,3,mob3_dpd30,api,分期乐#mob3_dpd30#api
10001666,4999,20250918,0,Rate24,分期乐,dpd,12,60,12,mob12_dpd60,小程序,分期乐#mob12_dpd60#小程序
10001666,5000,20240708,0,Rate24,分期乐,dpd,3,60,3,mob3_dpd60,api,分期乐#mob3_dpd60#api
10001667,5001,20250318,-2,Rate24,零钱罐,dpd,9,30,9,mob9_dpd30,小程序,零钱罐#mob9_dpd30#小程序
10001667,5002,20240714,0,Rate24,零钱罐,dpd,9,60,9,mob9_dpd60,小程序,零钱罐#mob9_dpd60#小程序
10001667,5003,20250511,0,Rate24,零钱罐,dpd,9,60,9,mob9_dpd60,api,零钱罐#mob9_dpd60#api
10001668,5004,20240626,0,Rate24,零钱罐,fpd,,30,,fpd30,小程序,零钱罐#fpd30#小程序
10001668,5005,20240914,0,Rate24,零钱罐,fpd,,30,,fpd30,api,零钱罐#fpd30#api
10001668,5006,20240727,0,Rate24,零钱罐,dpd,12,30,12,mob12_dpd30,小程序,零钱罐#mob12_dpd30#小程序
10001669,5007,20250212,0,Rate24,零钱罐,dpd,9,60,9,mob9_dpd60,小程序,零钱罐#mob9_dpd60#小程序
10001669,5008,20241106,1,Rate24,零钱罐,dpd,9,30,9,mob9_dpd30,小程序,零钱罐#mob9_dpd30#小程序
10001669,5009,20250901,0,Rate24,分期乐,dpd,3,30,3,mob3_dpd30,小程序,分期乐#mob3_dpd30#小程序
10001670,5010,20250928,0,Rate24,零钱罐,dpd,3,60,3,mob3_dpd60,api,零钱罐#mob3_dpd60#api
10001670,5011,20240917,0,Rate24,分期乐,fpd,,60,,fpd60,小程序,分期乐#fpd60#小程序
10001670,5012,20250621,-2,Rate24,分期乐,dpd,9,30,9,mob9_dpd30,api,分期乐#mob9_dpd30#api
10001671,5013,20240815,0,Rate24,分期乐,dpd,12,60,12,mob12_dpd60,小程序,分期乐#mob12_dpd60#小程序
10001671,5014,20241104,0,Rate24,分期乐,dpd,9,60,9,mob9_dpd60,小程序,分期乐#mob9_dpd60#小程序
10001671,5015,20251018,0,Rate24,零钱罐,dpd,12,30,12,mob12_dpd30,小程序,零钱罐#mob12_dpd30#小程序
10001672,5016,20251228,0,Rate24,分期乐,dpd,9,30,9,mob9_dpd30,api,分期乐#mob9_dpd30#api
10001672,5017,20250310,0,Rate24,分期乐,dpd,9,30,9,mob9_dpd30,小程序,分期乐#mob9_dpd30#小程序
10001672,5018,20241103,0,Rate24,分期乐,dpd,12,30,12,mob12_dpd30,小程序,分期乐#mob12_dpd30#小程序
10001673,5019,20240403,-2,Rate24,分期乐,dpd,9,60,9,mob9_dpd60,api,分期乐#mob9_dpd60#api
10001673,5020,20260102,0,Rate24,零钱罐,dpd,9,30,9,mob9_dpd30,api,零钱罐#mob9_dpd30#api
10001673,5021,20250517,1,Rate24,分期乐,dpd,3,60,3,mob3_dpd60,api,分期乐#mob3_dpd60#api
10001674,5022,20250108,0,Rate24,分期乐,dpd,3,60,3,mob3_dpd60,小程序,分期乐#mob3_dpd60#小程序
10001674,5023,20260116,0,Rate24,分期乐,dpd,12,30,12,mob12_dpd30,小程序,分期乐#mob12_dpd30#小程序
10001674,5024,20240419,0,Rate24,零钱罐,dpd,6,30,6,mob6_dpd30,小程序,零钱罐#mob6_dpd30#小程序
10001675,5025,20251214,0,Rate24,分期乐,fpd,,60,,fpd60,小程序,分期乐#fpd60#小程序
10001675,5026,20250804,0,Rate24,分期乐,dpd,6,30,6,mob6_dpd30,api,分期乐#mob6_dpd30#api
10001675,5027,20240613,0,Rate24,分期乐,dpd,3,30,3,mob3_dpd30,小程序,分期乐#mob3_dpd30#小程序
10001676,5028,20251006,0,Rate24,分期乐,fpd,,30,,fpd30,api,分期乐#fpd30#api
10001676,5029,20251224,1,Rate24,零钱罐,fpd,,60,,fpd60,api,零钱罐#fpd60#api
10001676,5030,20260204,0,Rate24,零钱罐,dpd,9,30,9,mob9_dpd30,小程序,零钱罐#mob9_dpd30#小程序
10001677,5031,20251206,0,Rate24,零钱罐,fpd,,30,,fpd30,api,零钱罐#fpd30#api
10001677,5032,20250516,1,Rate24,零钱罐,dpd,9,30,9,mob9_dpd30,小程序,零钱罐#mob9_dpd30#小程序
10001677,5033,20250620,-2,Rate24,零钱罐,dpd,9,60,9,mob9_dpd60,小程序,零钱罐#mob9_dpd60#小程序
10001678,5034,20240320,0,Rate24,分期乐,fpd,,60,,fpd60,api,分期乐#fpd60#api
10001678,5035,20240720,0,Rate24,分期乐,fpd,,60,,fpd60,api,分期乐#fpd60#api
10001678,5036,20250813,0,Rate24,分期乐,dpd,12,60,12,mob12_dpd60,小程序,分期乐#mob12_dpd60#小程序
10001679,5037,20250209,0,Rate24,零钱罐,fpd,,60,,fpd60,小程序,零钱罐#fpd60#小程序
10001679,5038,20260127,1,Rate24,零钱罐,dpd,12,30,12,mob12_dpd30,小程序,零钱罐#mob12_dpd30#小程序
10001679,5039,20251123,0,Rate24,零钱罐,dpd,3,30,3,mob3_dpd30,小程序,零钱罐#mob3_dpd30#小程序
10001680,5040,20240726,0,Rate24,零钱罐,dpd,12,30,12,mob12_dpd30,小程序,零钱罐#mob12_dpd30#小程序
10001680,5041,20250420,0,Rate24,零钱罐,dpd,12,30,12,mob12_dpd30,api,零钱罐#mob12_dpd30#api
10001680,5042,20250504,0,Rate24,零钱罐,dpd,9,60,9,mob9_dpd60,api,零钱罐#mob9_dpd60#api
10001681,5043,20251116,0,Rate24,分期乐,dpd,12,60,12,mob12_dpd60,api,分期乐#mob12_dpd60#api
10001681,5044,20251226,1,Rate24,零钱罐,dpd,6,60,6,mob6_dpd60,api,零钱罐#mob6_dpd60#api
10001681,5045,20250716,0,Rate24,零钱罐,fpd,,30,,fpd30,api,零钱罐#fpd30#api
10001682,5046,20251125,0,Rate24,分期乐,dpd,6,30,6,mob6_dpd30,小程序,分期乐#mob6_dpd30#小程序
10001682,5047,20250714,0,Rate24,分期乐,dpd,12,30,12,mob12_dpd30,小程序,分期乐#mob12_dpd30#小程序
10001682,5048,20250228,-2,Rate24,零钱罐,dpd,9,30,9,mob9_dpd30,api,零钱罐#mob9_dpd30#api
10001683,5049,20250922,0,Rate24,分期乐,dpd,6,60,6,mob6_dpd60,api,分期乐#mob6_dpd60#api
10001683,5050,20241010,0,Rate24,分期乐,dpd,12,60,12,mob12_dpd60,api,分期乐#mob12_dpd60#api
10001683,5051,20250716,0,Rate24,零钱罐,dpd,12,60,12,mob12_dpd60,api,零钱罐#mob12_dpd60#api
10001684,5052,20240824,1,Rate24,零钱罐,fpd,,60,,fpd60,api,零钱罐#fpd60#api
10001684,5053,20250712,0,Rate24,零钱罐,dpd,6,30,6,mob6_dpd30,api,零钱罐#mob6_dpd30#api
10001684,5054,20260126,0,Rate24,零钱罐,dpd,3,60,3,mob3_dpd60,小程序,零钱罐#mob3_dpd60#小程序
10001685,5055,20251122,1,Rate24,零钱罐,dpd,9,60,9,mob9_dpd60,小程序,零钱罐#mob9_dpd60#小程序
10001685,5056,20250125,-2,Rate24,零钱罐,fpd,,30,,fpd30,api,零钱罐#fpd30#api
10001685,5057,20250904,0,Rate24,分期乐,fpd,,30,,fpd30,小程序,分期乐#fpd30#小程序
10001686,5058,20250827,-2,Rate24,分期乐,dpd,12,60,12,mob12_dpd60,小程序,分期乐#mob12_dpd60#小程序
10001686,5059,20260210,0,Rate24,分期乐,dpd,12,30,12,mob12_dpd30,小程序,分期乐#mob12_dpd30#小程序
10001686,5060,20250104,0,Rate24,零钱罐,dpd,6,30,6,mob6_dpd30,小程序,零钱罐#mob6_dpd30#小程序
10001687,5061,20240404,1,Rate24,分期乐,dpd,6,60,6,mob6_dpd60,小程序,分期乐#mob6_dpd60#小程序
10001687,5062,20241120,0,Rate24,零钱罐,dpd,6,60,6,mob6_dpd60,api,零钱罐#mob6_dpd60#api
10001687,5063,20241111,0,Rate24,零钱罐,fpd,,60,,fpd60,小程序,零钱罐#fpd60#小程序
10001688,5064,20240621,1,Rate24,零钱罐,dpd,3,60,3,mob3_dpd60,小程序,零钱罐#mob3_dpd60#小程序
10001688,5065,20250627,0,Rate24,零钱罐,dpd,9,30,9,mob9_dpd30,api,零钱罐#mob9_dpd30#api
10001688,5066,20240425,0,Rate24,分期乐,dpd,12,30,12,mob12_dpd30,api,分期乐#mob12_dpd30#api
10001689,5067,20240509,0,Rate24,分期乐,fpd,,60,,fpd60,api,分期乐#fpd60#api
10001689,5068,20240910,-2,Rate24,零钱罐,dpd,9,60,9,mob9_dpd60,api,零钱罐#mob9_dpd60#api
10001689,5069,20240316,-2,Rate24,分期乐,dpd,12,30,12,mob12_dpd30,小程序,分期乐#mob12_dpd30#小程序
10001690,5070,20251121,0,Rate24,零钱罐,dpd,12,30,12,mob12_dpd30,api,零钱罐#mob12_dpd30#api
10001690,5071,20241101,0,Rate24,分期乐,fpd,,60,,fpd60,api,分期乐#fpd60#api
10001690,5072,20250622,0,Rate24,分期乐,dpd,3,30,3,mob3_dpd30,api,分期乐#mob3_dpd30#api
10001691,5073,20260209,0,Rate24,分期乐,dpd,3,60,3,mob3_dpd60,api,分期乐#mob3_dpd60#api
10001691,5074,20240528,0,Rate24,分期乐,fpd,,30,,fpd30,api,分期乐#fpd30#api
10001691,5075,20240825,0,Rate24,零钱罐,dpd,3,30,3,mob3_dpd30,api,零钱罐#mob3_dpd30#api
10001692,5076,20250911,0,Rate24,零钱罐,dpd,9,30,9,mob9_dpd30,api,零钱罐#mob9_dpd30#api
10001692,5077,20250110,0,Rate24,分期乐,fpd,,30,,fpd30,api,分期乐#fpd30#api
10001692,5078,20251106,0,Rate24,分期乐,dpd,3,60,3,mob3_dpd60,小程序,分期乐#mob3_dpd60#小程序
10001693,5079,20241213,0,Rate24,分期乐,dpd,9,30,9,mob9_dpd30,api,分期乐#mob9_dpd30#api
10001693,5080,20250525,0,Rate24,零钱罐,dpd,6,30,6,mob6_dpd30,小程序,零钱罐#mob6_dpd30#小程序
10001693,5081,20240517,0,Rate24,分期乐,fpd,,30,,fpd30,小程序,分期乐#fpd30#小程序
10001694,5082,20240508,0,Rate24,分期乐,fpd,,60,,fpd60,api,分期乐#fpd60#api
10001694,5083,20240810,0,Rate24,零钱罐,dpd,9,60,9,mob9_dpd60,api,零钱罐#mob9_dpd60#api
10001694,5084,20250520,0,Rate24,分期乐,fpd,,60,,fpd60,api,分期乐#fpd60#api
10001695,5085,20260123,0,Rate24,分期乐,dpd,3,30,3,mob3_dpd30,小程序,分期乐#mob3_dpd30#小程序
10001695,5086,20260126,0,Rate24,分期乐,fpd,,30,,fpd30,小程序,分期乐#fpd30#小程序
10001695,5087,20241119,0,Rate24,零钱罐,dpd,12,60,12,mob12_dpd60,api,零钱罐#mob12_dpd60#api
10001696,5088,20240810,0,Rate24,分期乐,dpd,12,30,12,mob12_dpd30,小程序,分期乐#mob12_dpd30#小程序
10001696,5089,20250911,0,Rate24,零钱罐,dpd,12,60,12,mob12_dpd60,api,零钱罐#mob12_dpd60#api
10001696,5090,20260106,0,Rate24,零钱罐,dpd,9,30,9,mob9_dpd30,api,零钱罐#mob9_dpd30#api
10001697,5091,20240503,0,Rate24,分期乐,dpd,3,30,3,mob3_dpd30,api,分期乐#mob3_dpd30#api
10001697,5092,20240927,0,Rate24,分期乐,dpd,6,60,6,mob6_dpd60,小程序,分期乐#mob6_dpd60#小程序
10001697,5093,20250523,0,Rate24,分期乐,dpd,6,30,6,mob6_dpd30,api,分期乐#mob6_dpd30#api
10001698,5094,20250909,1,Rate24,零钱罐,dpd,9,30,9,mob9_dpd30,api,零钱罐#mob9_dpd30#api
10001698,5095,20250213,0,Rate24,零钱罐,dpd,6,30,6,mob6_dpd30,api,零钱罐#mob6_dpd30#api
10001698,5096,20250428,0,Rate24,零钱罐,dpd,12,60,12,mob12_dpd60,小程序,零钱罐#mob12_dpd60#小程序
10001699,5097,20250605,-2,Rate24,分期乐,dpd,3,60,3,mob3_dpd60,api,分期乐#mob3_dpd60#api
10001699,5098,20240314,0,Rate24,分期乐,dpd,9,30,9,mob9_dpd30,api,分期乐#mob9_dpd30#api
10001699,5099,20250917,0,Rate24,零钱罐,dpd,9,60,9,mob9_dpd60,小程序,零钱罐#mob9_dpd60#小程序
10001700,5100,20240625,0,Rate24,零钱罐,dpd,3,60,3,mob3_dpd60,api,零钱罐#mob3_dpd60#api
10001700,5101,20260223,0,Rate24,零钱罐,fpd,,60,,fpd60,小程序,零钱罐#fpd60#小程序
10001700,5102,20250822,0,Rate24,分期乐,dpd,6,60,6,mob6_dpd60,小程序,分期乐#mob6_dpd60#小程序
10001701,5103,20241212,0,Rate24,零钱罐,dpd,3,30,3,mob3_dpd30,api,零钱罐#mob3_dpd30#api
10001701,5104,20241026,0,Rate24,分期乐,dpd,6,30,6,mob6_dpd30,小程序,分期乐#mob6_dpd30#小程序
10001701,5105,20260201,0,Rate24,分期乐,dpd,9,30,9,mob9_dpd30,api,分期乐#mob9_dpd30#api
10001702,5106,20250628,0,Rate24,零钱罐,dpd,12,30,12,mob12_dpd30,小程序,零钱罐#mob12_dpd30#小程序
10001702,5107,20250507,0,Rate24,分期乐,dpd,6,30,6,mob6_dpd30,api,分期乐#mob6_dpd30#api
10001702,5108,20241124,0,Rate24,零钱罐,dpd,3,30,3,mob3_dpd30,api,零钱罐#mob3_dpd30#api
10001703,5109,20241016,1,Rate24,分期乐,dpd,6,60,6,mob6_dpd60,小程序,分期乐#mob6_dpd60#小程序
10001703,5110,20241214,0,Rate24,分期乐,dpd,6,30,6,mob6_dpd30,小程序,分期乐#mob6_dpd30#小程序
10001703,5111,20241212,0,Rate24,分期乐,dpd,12,30,12,mob12_dpd30,小程序,分期乐#mob12_dpd30#小程序
10001704,5112,20250117,0,Rate24,分期乐,dpd,3,30,3,mob3_dpd30,api,分期乐#mob3_dpd30#api
10001704,5113,20240326,0,Rate24,分期乐,dpd,9,30,9,mob9_dpd30,小程序,分期乐#mob9_dpd30#小程序
10001704,5114,20241205,0,Rate24,零钱罐,dpd,9,60,9,mob9_dpd60,api,零钱罐#mob9_dpd60#api
10001705,5115,20251128,-2,Rate24,零钱罐,dpd,12,60,12,mob12_dpd60,api,零钱罐#mob12_dpd60#api
10001705,5116,20241214,0,Rate24,零钱罐,dpd,9,60,9,mob9_dpd60,小程序,零钱罐#mob9_dpd60#小程序
10001705,5117,20250412,1,Rate24,零钱罐,dpd,12,60,12,mob12_dpd60,api,零钱罐#mob12_dpd60#api
10001706,5118,20241014,1,Rate24,分期乐,dpd,3,30,3,mob3_dpd30,小程序,分期乐#mob3_dpd30#小程序
10001706,5119,20241014,0,Rate24,分期乐,dpd,3,60,3,mob3_dpd60,小程序,分期乐#mob3_dpd60#小程序
10001706,5120,20260228,0,Rate24,零钱罐,dpd,9,30,9,mob9_dpd30,api,零钱罐#mob9_dpd30#api
10001707,5121,20260208,0,Rate24,分期乐,fpd,,30,,fpd30,小程序,分期乐#fpd30#小程序
10001707,5122,20240308,0,Rate24,分期乐,dpd,9,30,9,mob9_dpd30,小程序,分期乐#mob9_dpd30#小程序
10001707,5123,20250119,0,Rate24,零钱罐,dpd,6,30,6,mob6_dpd30,api,零钱罐#mob6_dpd30#api
10001708,5124,20250126,0,Rate24,零钱罐,dpd,6,60,6,mob6_dpd60,api,零钱罐#mob6_dpd60#api
10001708,5125,20250721,0,Rate24,零钱罐,dpd,3,30,3,mob3_dpd30,小程序,零钱罐#mob3_dpd30#小程序
10001708,5126,20240710,0,Rate24,零钱罐,dpd,3,60,3,mob3_dpd60,api,零钱罐#mob3_dpd60#api
10001709,5127,20241210,0,Rate24,零钱罐,dpd,3,60,3,mob3_dpd60,小程序,零钱罐#mob3_dpd60#小程序
10001709,5128,20260104,0,Rate24,零钱罐,dpd,3,60,3,mob3_dpd60,api,零钱罐#mob3_dpd60#api
10001709,5129,20250204,0,Rate24,零钱罐,dpd,12,30,12,mob12_dpd30,小程序,零钱罐#mob12_dpd30#小程序
10001710,5130,20240826,0,Rate24,分期乐,fpd,,60,,fpd60,小程序,分期乐#fpd60#小程序
10001710,5131,20241220,0,Rate24,分期乐,dpd,3,60,3,mob3_dpd60,小程序,分期乐#mob3_dpd60#小程序
10001710,5132,20240316,0,Rate24,分期乐,dpd,6,30,6,mob6_dpd30,api,分期乐#mob6_dpd30#api
10001711,5133,20240717,0,Rate24,零钱罐,dpd,3,60,3,mob3_dpd60,api,零钱罐#mob3_dpd60#api
10001711,5134,20240606,0,Rate24,分期乐,fpd,,60,,fpd60,api,分期乐#fpd60#api
10001711,5135,20241119,0,Rate24,分期乐,fpd,,60,,fpd60,小程序,分期乐#fpd60#小程序
10001712,5136,20241216,0,Rate24,零钱罐,dpd,9,60,9,mob9_dpd60,小程序,零钱罐#mob9_dpd60#小程序
10001712,5137,20240912,0,Rate24,零钱罐,fpd,,60,,fpd60,api,零钱罐#fpd60#api
10001712,5138,20241123,0,Rate24,零钱罐,dpd,3,60,3,mob3_dpd60,api,零钱罐#mob3_dpd60#api
10001713,5139,20241105,0,Rate24,零钱罐,fpd,,60,,fpd60,小程序,零钱罐#fpd60#小程序
10001713,5140,20260228,0,Rate24,零钱罐,fpd,,30,,fpd30,小程序,零钱罐#fpd30#小程序
10001713,5141,20240428,0,Rate24,分期乐,dpd,9,30,9,mob9_dpd30,小程序,分期乐#mob9_dpd30#小程序
10001714,5142,20250923,0,Rate24,分期乐,dpd,3,30,3,mob3_dpd30,小程序,分期乐#mob3_dpd30#小程序
10001714,5143,20241201,0,Rate24,分期乐,dpd,12,60,12,mob12_dpd60,小程序,分期乐#mob12_dpd60#小程序
10001714,5144,20250706,1,Rate24,零钱罐,dpd,6,30,6,mob6_dpd30,api,零钱罐#mob6_dpd30#api
10001715,5145,20240506,0,Rate24,分期乐,dpd,12,60,12,mob12_dpd60,小程序,分期乐#mob12_dpd60#小程序
10001715,5146,20240903,0,Rate24,零钱罐,dpd,12,30,12,mob12_dpd30,api,零钱罐#mob12_dpd30#api
10001715,5147,20260104,0,Rate24,零钱罐,dpd,9,60,9,mob9_dpd60,小程序,零钱罐#mob9_dpd60#小程序
10001716,5148,20240312,1,Rate24,分期乐,dpd,9,60,9,mob9_dpd60,api,分期乐#mob9_dpd60#api
10001716,5149,20260204,1,Rate24,分期乐,dpd,9,60,9,mob9_dpd60,api,分期乐#mob9_dpd60#api
10001716,5150,20250822,0,Rate24,零钱罐,dpd,3,60,3,mob3_dpd60,api,零钱罐#mob3_dpd60#api
10001717,5151,20251203,0,Rate24,零钱罐,dpd,12,30,12,mob12_dpd30,api,零钱罐#mob12_dpd30#api
10001717,5152,20240504,1,Rate24,零钱罐,dpd,12,60,12,mob12_dpd60,api,零钱罐#mob12_dpd60#api
10001717,5153,20251008,0,Rate24,零钱罐,dpd,12,60,12,mob12_dpd60,小程序,零钱罐#mob12_dpd60#小程序
10001718,5154,20240323,0,Rate24,零钱罐,dpd,9,30,9,mob9_dpd30,小程序,零钱罐#mob9_dpd30#小程序
10001718,5155,20241019,0,Rate24,分期乐,fpd,,60,,fpd60,api,分期乐#fpd60#api
10001718,5156,20251010,0,Rate24,分期乐,dpd,6,30,6,mob6_dpd30,小程序,分期乐#mob6_dpd30#小程序
10001719,5157,20241015,0,Rate24,零钱罐,dpd,12,30,12,mob12_dpd30,小程序,零钱罐#mob12_dpd30#小程序
10001719,5158,20240921,0,Rate24,零钱罐,dpd,6,30,6,mob6_dpd30,小程序,零钱罐#mob6_dpd30#小程序
10001719,5159,20241022,0,Rate24,零钱罐,dpd,6,30,6,mob6_dpd30,api,零钱罐#mob6_dpd30#api
10001720,5160,20250227,0,Rate24,零钱罐,fpd,,60,,fpd60,api,零钱罐#fpd60#api
10001720,5161,20250321,0,Rate24,零钱罐,dpd,6,60,6,mob6_dpd60,小程序,零钱罐#mob6_dpd60#小程序
10001720,5162,20240324,0,Rate24,零钱罐,dpd,3,60,3,mob3_dpd60,小程序,零钱罐#mob3_dpd60#小程序
10001721,5163,20251203,0,Rate24,零钱罐,dpd,12,30,12,mob12_dpd30,api,零钱罐#mob12_dpd30#api
10001721,5164,20240825,0,Rate24,零钱罐,fpd,,60,,fpd60,小程序,零钱罐#fpd60#小程序
10001721,5165,20260202,0,Rate24,分期乐,dpd,6,30,6,mob6_dpd30,api,分期乐#mob6_dpd30#api
10001722,5166,20260219,0,Rate24,分期乐,dpd,9,60,9,mob9_dpd60,小程序,分期乐#mob9_dpd60#小程序
10001722,5167,20250817,0,Rate24,分期乐,dpd,6,30,6,mob6_dpd30,小程序,分期乐#mob6_dpd30#小程序
10001722,5168,20240620,0,Rate24,分期乐,dpd,9,60,9,mob9_dpd60,小程序,分期乐#mob9_dpd60#小程序
10001723,5169,20250207,-2,Rate24,零钱罐,dpd,6,30,6,mob6_dpd30,小程序,零钱罐#mob6_dpd30#小程序
10001723,5170,20250717,0,Rate24,分期乐,dpd,3,30,3,mob3_dpd30,api,分期乐#mob3_dpd30#api
10001723,5171,20260223,0,Rate24,分期乐,fpd,,60,,fpd60,api,分期乐#fpd60#api
10001724,5172,20240513,0,Rate24,分期乐,dpd,9,60,9,mob9_dpd60,小程序,分期乐#mob9_dpd60#小程序
10001724,5173,20250913,0,Rate24,分期乐,dpd,12,60,12,mob12_dpd60,api,分期乐#mob12_dpd60#api
10001724,5174,20250715,0,Rate24,分期乐,dpd,3,30,3,mob3_dpd30,api,分期乐#mob3_dpd30#api
10001725,5175,20241119,0,Rate24,零钱罐,dpd,3,60,3,mob3_dpd60,小程序,零钱罐#mob3_dpd60#小程序
10001725,5176,20250807,0,Rate24,分期乐,dpd,12,30,12,mob12_dpd30,小程序,分期乐#mob12_dpd30#小程序
10001725,5177,20250710,0,Rate24,分期乐,dpd,3,60,3,mob3_dpd60,小程序,分期乐#mob3_dpd60#小程序
10001726,5178,20240828,0,Rate24,分期乐,dpd,9,30,9,mob9_dpd30,小程序,分期乐#mob9_dpd30#小程序
10001726,5179,20241105,0,Rate24,分期乐,dpd,6,60,6,mob6_dpd60,小程序,分期乐#mob6_dpd60#小程序
10001726,5180,20240903,0,Rate24,分期乐,fpd,,60,,fpd60,小程序,分期乐#fpd60#小程序
10001727,5181,20250717,0,Rate24,分期乐,dpd,12,30,12,mob12_dpd30,小程序,分期乐#mob12_dpd30#小程序
10001727,5182,20250208,-2,Rate24,零钱罐,dpd,6,30,6,mob6_dpd30,api,零钱罐#mob6_dpd30#api
10001727,5183,20251017,0,Rate24,分期乐,dpd,12,30,12,mob12_dpd30,小程序,分期乐#mob12_dpd30#小程序
10001728,5184,20250901,0,Rate24,分期乐,dpd,12,60,12,mob12_dpd60,api,分期乐#mob12_dpd60#api
10001728,5185,20250507,0,Rate24,分期乐,dpd,3,30,3,mob3_dpd30,api,分期乐#mob3_dpd30#api
10001728,5186,20250718,0,Rate24,分期乐,dpd,6,30,6,mob6_dpd30,api,分期乐#mob6_dpd30#api
10001729,5187,20251007,1,Rate24,零钱罐,dpd,12,30,12,mob12_dpd30,api,零钱罐#mob12_dpd30#api
10001729,5188,20250907,1,Rate24,分期乐,dpd,12,30,12,mob12_dpd30,小程序,分期乐#mob12_dpd30#小程序
10001729,5189,20251209,0,Rate24,零钱罐,dpd,9,30,9,mob9_dpd30,小程序,零钱罐#mob9_dpd30#小程序
10001730,5190,20251002,0,Rate24,分期乐,fpd,,30,,fpd30,api,分期乐#fpd30#api
10001730,5191,20250528,0,Rate24,分期乐,dpd,12,30,12,mob12_dpd30,小程序,分期乐#mob12_dpd30#小程序
10001730,5192,20240927,0,Rate24,分期乐,dpd,6,60,6,mob6_dpd60,api,分期乐#mob6_dpd60#api
10001731,5193,20250508,0,Rate24,分期乐,fpd,,60,,fpd60,api,分期乐#fpd60#api
10001731,5194,20250913,0,Rate24,零钱罐,fpd,,60,,fpd60,小程序,零钱罐#fpd60#小程序
10001731,5195,20241114,0,Rate24,零钱罐,dpd,12,30,12,mob12_dpd30,api,零钱罐#mob12_dpd30#api
10001732,5196,20250605,0,Rate24,分期乐,dpd,12,60,12,mob12_dpd60,小程序,分期乐#mob12_dpd60#小程序
10001732,5197,20241217,-2,Rate24,分期乐,dpd,12,30,12,mob12_dpd30,api,分期乐#mob12_dpd30#api
10001732,5198,20241217,0,Rate24,零钱罐,dpd,6,60,6,mob6_dpd60,api,零钱罐#mob6_dpd60#api
10001733,5199,20250517,0,Rate24,零钱罐,fpd,,30,,fpd30,小程序,零钱罐#fpd30#小程序
10001733,5200,20260123,0,Rate24,分期乐,dpd,6,60,6,mob6_dpd60,api,分期乐#mob6_dpd60#api
10001733,5201,20240414,0,Rate24,分期乐,dpd,9,30,9,mob9_dpd30,api,分期乐#mob9_dpd30#api
10001734,5202,20250812,0,Rate24,分期乐,dpd,6,30,6,mob6_dpd30,api,分期乐#mob6_dpd30#api
10001734,5203,20250122,0,Rate24,零钱罐,dpd,3,30,3,mob3_dpd30,小程序,零钱罐#mob3_dpd30#小程序
10001734,5204,20240324,0,Rate24,零钱罐,dpd,6,30,6,mob6_dpd30,api,零钱罐#mob6_dpd30#api
10001735,5205,20250302,0,Rate24,分期乐,dpd,12,30,12,mob12_dpd30,小程序,分期乐#mob12_dpd30#小程序
10001735,5206,20250705,-2,Rate24,分期乐,dpd,6,60,6,mob6_dpd60,小程序,分期乐#mob6_dpd60#小程序
10001735,5207,20260206,-2,Rate24,分期乐,dpd,3,60,3,mob3_dpd60,小程序,分期乐#mob3_dpd60#小程序
10001736,5208,20240605,0,Rate24,分期乐,dpd,9,30,9,mob9_dpd30,小程序,分期乐#mob9_dpd30#小程序
10001736,5209,20241002,0,Rate24,分期乐,dpd,9,30,9,mob9_dpd30,小程序,分期乐#mob9_dpd30#小程序
10001736,5210,20250104,1,Rate24,分期乐,fpd,,30,,fpd30,小程序,分期乐#fpd30#小程序
10001737,5211,20240308,0,Rate24,零钱罐,dpd,3,30,3,mob3_dpd30,小程序,零钱罐#mob3_dpd30#小程序
10001737,5212,20241005,0,Rate24,分期乐,dpd,12,30,12,mob12_dpd30,api,分期乐#mob12_dpd30#api
10001737,5213,20250716,0,Rate24,零钱罐,dpd,9,30,9,mob9_dpd30,小程序,零钱罐#mob9_dpd30#小程序
10001738,5214,20250910,0,Rate24,分期乐,dpd,6,60,6,mob6_dpd60,小程序,分期乐#mob6_dpd60#小程序
10001738,5215,20260119,0,Rate24,零钱罐,dpd,3,60,3,mob3_dpd60,api,零钱罐#mob3_dpd60#api
10001738,5216,20240313,0,Rate24,零钱罐,fpd,,30,,fpd30,小程序,零钱罐#fpd30#小程序
10001739,5217,20240927,0,Rate24,零钱罐,dpd,9,30,9,mob9_dpd30,api,零钱罐#mob9_dpd30#api
10001739,5218,20250106,0,Rate24,分期乐,dpd,9,60,9,mob9_dpd60,小程序,分期乐#mob9_dpd60#小程序
10001739,5219,20250928,0,Rate24,分期乐,fpd,,30,,fpd30,小程序,分期乐#fpd30#小程序
10001740,5220,20250619,-2,Rate24,分期乐,dpd,9,30,9,mob9_dpd30,小程序,分期乐#mob9_dpd30#小程序
10001740,5221,20240420,-2,Rate24,分期乐,dpd,3,30,3,mob3_dpd30,小程序,分期乐#mob3_dpd30#小程序
10001740,5222,20250602,0,Rate24,分期乐,fpd,,30,,fpd30,api,分期乐#fpd30#api
10001741,5223,20250610,-2,Rate24,零钱罐,dpd,9,30,9,mob9_dpd30,api,零钱罐#mob9_dpd30#api
10001741,5224,20250703,0,Rate24,零钱罐,fpd,,60,,fpd60,小程序,零钱罐#fpd60#小程序
10001741,5225,20240614,0,Rate24,零钱罐,dpd,6,60,6,mob6_dpd60,api,零钱罐#mob6_dpd60#api
10001742,5226,20250927,0,Rate24,分期乐,fpd,,60,,fpd60,小程序,分期乐#fpd60#小程序
10001742,5227,20241212,0,Rate24,分期乐,fpd,,60,,fpd60,小程序,分期乐#fpd60#小程序
10001742,5228,20240622,0,Rate24,分期乐,dpd,12,30,12,mob12_dpd30,小程序,分期乐#mob12_dpd30#小程序
10001743,5229,20241221,0,Rate24,分期乐,dpd,9,30,9,mob9_dpd30,小程序,分期乐#mob9_dpd30#小程序
10001743,5230,20240610,0,Rate24,分期乐,fpd,,30,,fpd30,小程序,分期乐#fpd30#小程序
10001743,5231,20250928,0,Rate24,分期乐,fpd,,30,,fpd30,小程序,分期乐#fpd30#小程序
10001744,5232,20251008,1,Rate24,零钱罐,dpd,6,60,6,mob6_dpd60,小程序,零钱罐#mob6_dpd60#小程序
10001744,5233,20250502,0,Rate24,分期乐,dpd,12,30,12,mob12_dpd30,小程序,分期乐#mob12_dpd30#小程序
10001744,5234,20240519,0,Rate24,零钱罐,fpd,,60,,fpd60,小程序,零钱罐#fpd60#小程序
10001745,5235,20240711,0,Rate24,零钱罐,dpd,3,60,3,mob3_dpd60,小程序,零钱罐#mob3_dpd60#小程序
10001745,5236,20250602,0,Rate24,零钱罐,dpd,9,30,9,mob9_dpd30,api,零钱罐#mob9_dpd30#api
10001745,5237,20250604,0,Rate24,分期乐,fpd,,30,,fpd30,api,分期乐#fpd30#api
10001746,5238,20240414,0,Rate24,零钱罐,dpd,6,60,6,mob6_dpd60,小程序,零钱罐#mob6_dpd60#小程序
10001746,5239,20240906,0,Rate24,分期乐,dpd,3,30,3,mob3_dpd30,api,分期乐#mob3_dpd30#api
10001746,5240,20240328,0,Rate24,分期乐,dpd,3,30,3,mob3_dpd30,小程序,分期乐#mob3_dpd30#小程序
10001747,5241,20240513,0,Rate24,分期乐,dpd,12,60,12,mob12_dpd60,小程序,分期乐#mob12_dpd60#小程序
10001747,5242,20240525,0,Rate24,零钱罐,dpd,6,30,6,mob6_dpd30,小程序,零钱罐#mob6_dpd30#小程序
10001747,5243,20240914,0,Rate24,零钱罐,dpd,12,30,12,mob12_dpd30,小程序,零钱罐#mob12_dpd30#小程序
10001748,5244,20250803,1,Rate24,零钱罐,dpd,12,30,12,mob12_dpd30,api,零钱罐#mob12_dpd30#api
10001748,5245,20250213,-2,Rate24,零钱罐,dpd,12,30,12,mob12_dpd30,小程序,零钱罐#mob12_dpd30#小程序
10001748,5246,20250327,0,Rate24,零钱罐,dpd,6,60,6,mob6_dpd60,api,零钱罐#mob6_dpd60#api
10001749,5247,20250810,0,Rate24,零钱罐,dpd,12,60,12,mob12_dpd60,小程序,零钱罐#mob12_dpd60#小程序
10001749,5248,20241003,0,Rate24,零钱罐,dpd,9,60,9,mob9_dpd60,api,零钱罐#mob9_dpd60#api
10001749,5249,20240713,0,Rate24,零钱罐,dpd,12,30,12,mob12_dpd30,api,零钱罐#mob12_dpd30#api
10001750,5250,20251107,0,Rate24,零钱罐,dpd,6,60,6,mob6_dpd60,小程序,零钱罐#mob6_dpd60#小程序
10001750,5251,20240819,0,Rate24,零钱罐,dpd,9,30,9,mob9_dpd30,小程序,零钱罐#mob9_dpd30#小程序
10001750,5252,20251219,0,Rate24,零钱罐,dpd,12,30,12,mob12_dpd30,api,零钱罐#mob12_dpd30#api
10001751,5253,20260217,-2,Rate24,分期乐,dpd,6,60,6,mob6_dpd60,api,分期乐#mob6_dpd60#api
10001751,5254,20250822,0,Rate24,零钱罐,dpd,12,30,12,mob12_dpd30,api,零钱罐#mob12_dpd30#api
10001751,5255,20250705,0,Rate24,零钱罐,fpd,,60,,fpd60,api,零钱罐#fpd60#api
10001752,5256,20240527,0,Rate24,零钱罐,dpd,9,60,9,mob9_dpd60,小程序,零钱罐#mob9_dpd60#小程序
10001752,5257,20240904,0,Rate24,零钱罐,dpd,12,60,12,mob12_dpd60,小程序,零钱罐#mob12_dpd60#小程序
10001752,5258,20250713,0,Rate24,分期乐,dpd,9,30,9,mob9_dpd30,api,分期乐#mob9_dpd30#api
10001753,5259,20240712,0,Rate24,分期乐,dpd,6,30,6,mob6_dpd30,小程序,分期乐#mob6_dpd30#小程序
10001753,5260,20260105,0,Rate24,零钱罐,fpd,,30,,fpd30,api,零钱罐#fpd30#api
10001753,5261,20251017,0,Rate24,分期乐,dpd,9,60,9,mob9_dpd60,小程序,分期乐#mob9_dpd60#小程序
10001754,5262,20250701,-2,Rate24,零钱罐,dpd,12,60,12,mob12_dpd60,api,零钱罐#mob12_dpd60#api
10001754,5263,20251006,-2,Rate24,分期乐,dpd,3,60,3,mob3_dpd60,小程序,分期乐#mob3_dpd60#小程序
10001754,5264,20250115,1,Rate24,零钱罐,fpd,,30,,fpd30,api,零钱罐#fpd30#api
10001755,5265,20251115,0,Rate24,分期乐,dpd,9,60,9,mob9_dpd60,api,分期乐#mob9_dpd60#api
10001755,5266,20250402,1,Rate24,分期乐,fpd,,60,,fpd60,小程序,分期乐#fpd60#小程序
10001755,5267,20250708,0,Rate24,分期乐,dpd,9,60,9,mob9_dpd60,小程序,分期乐#mob9_dpd60#小程序
10001756,5268,20240815,0,Rate24,零钱罐,dpd,3,30,3,mob3_dpd30,小程序,零钱罐#mob3_dpd30#小程序
10001756,5269,20240906,0,Rate24,零钱罐,dpd,12,60,12,mob12_dpd60,api,零钱罐#mob12_dpd60#api
10001756,5270,20241011,0,Rate24,零钱罐,dpd,12,60,12,mob12_dpd60,api,零钱罐#mob12_dpd60#api
10001757,5271,20240922,0,Rate24,零钱罐,dpd,12,60,12,mob12_dpd60,小程序,零钱罐#mob12_dpd60#小程序
10001757,5272,20240726,0,Rate24,分期乐,dpd,6,60,6,mob6_dpd60,api,分期乐#mob6_dpd60#api
10001757,5273,20240820,0,Rate24,分期乐,dpd,9,30,9,mob9_dpd30,api,分期乐#mob9_dpd30#api
10001758,5274,20240410,1,Rate24,零钱罐,dpd,6,60,6,mob6_dpd60,小程序,零钱罐#mob6_dpd60#小程序
10001758,5275,20250928,1,Rate24,分期乐,dpd,9,60,9,mob9_dpd60,小程序,分期乐#mob9_dpd60#小程序
10001758,5276,20260217,0,Rate24,零钱罐,dpd,3,60,3,mob3_dpd60,小程序,零钱罐#mob3_dpd60#小程序
10001759,5277,20241102,-2,Rate24,分期乐,dpd,3,60,3,mob3_dpd60,api,分期乐#mob3_dpd60#api
10001759,5278,20250515,0,Rate24,零钱罐,dpd,9,60,9,mob9_dpd60,api,零钱罐#mob9_dpd60#api
10001759,5279,20250926,0,Rate24,分期乐,dpd,6,30,6,mob6_dpd30,小程序,分期乐#mob6_dpd30#小程序
10001760,5280,20240428,0,Rate24,零钱罐,dpd,12,30,12,mob12_dpd30,小程序,零钱罐#mob12_dpd30#小程序
10001760,5281,20241013,-2,Rate24,零钱罐,dpd,9,30,9,mob9_dpd30,小程序,零钱罐#mob9_dpd30#小程序
10001760,5282,20250803,0,Rate24,分期乐,fpd,,60,,fpd60,api,分期乐#fpd60#api
10001761,5283,20240424,0,Rate24,零钱罐,dpd,6,30,6,mob6_dpd30,api,零钱罐#mob6_dpd30#api
10001761,5284,20250616,0,Rate24,零钱罐,dpd,12,60,12,mob12_dpd60,api,零钱罐#mob12_dpd60#api
10001761,5285,20241217,0,Rate24,零钱罐,dpd,12,60,12,mob12_dpd60,小程序,零钱罐#mob12_dpd60#小程序
10001762,5286,20250914,0,Rate24,分期乐,dpd,9,60,9,mob9_dpd60,小程序,分期乐#mob9_dpd60#小程序
10001762,5287,20251202,0,Rate24,分期乐,dpd,3,30,3,mob3_dpd30,小程序,分期乐#mob3_dpd30#小程序
10001762,5288,20241201,0,Rate24,分期乐,dpd,3,30,3,mob3_dpd30,小程序,分期乐#mob3_dpd30#小程序
10001763,5289,20240408,0,Rate24,零钱罐,dpd,3,30,3,mob3_dpd30,api,零钱罐#mob3_dpd30#api
10001763,5290,20250906,0,Rate24,零钱罐,dpd,12,30,12,mob12_dpd30,api,零钱罐#mob12_dpd30#api
10001763,5291,20250815,0,Rate24,分期乐,dpd,6,60,6,mob6_dpd60,api,分期乐#mob6_dpd60#api
10001764,5292,20250418,-2,Rate24,分期乐,dpd,6,60,6,mob6_dpd60,api,分期乐#mob6_dpd60#api
10001764,5293,20240607,0,Rate24,零钱罐,dpd,6,30,6,mob6_dpd30,api,零钱罐#mob6_dpd30#api
10001764,5294,20250407,-2,Rate24,分期乐,dpd,6,60,6,mob6_dpd60,小程序,分期乐#mob6_dpd60#小程序
10001765,5295,20241024,0,Rate24,分期乐,dpd,12,60,12,mob12_dpd60,api,分期乐#mob12_dpd60#api
10001765,5296,20250812,0,Rate24,分期乐,fpd,,30,,fpd30,小程序,分期乐#fpd30#小程序
10001765,5297,20240918,0,Rate24,零钱罐,dpd,3,30,3,mob3_dpd30,api,零钱罐#mob3_dpd30#api
10001766,5298,20240515,-2,Rate24,分期乐,dpd,9,30,9,mob9_dpd30,api,分期乐#mob9_dpd30#api
10001766,5299,20250909,0,Rate24,零钱罐,dpd,3,30,3,mob3_dpd30,小程序,零钱罐#mob3_dpd30#小程序
10001766,5300,20250502,1,Rate24,零钱罐,dpd,3,30,3,mob3_dpd30,小程序,零钱罐#mob3_dpd30#小程序
10001767,5301,20251124,1,Rate24,分期乐,dpd,6,60,6,mob6_dpd60,api,分期乐#mob6_dpd60#api
10001767,5302,20240801,0,Rate24,零钱罐,dpd,12,60,12,mob12_dpd60,api,零钱罐#mob12_dpd60#api
10001767,5303,20241121,0,Rate24,分期乐,dpd,3,30,3,mob3_dpd30,api,分期乐#mob3_dpd30#api
10001768,5304,20241022,1,Rate24,零钱罐,dpd,6,30,6,mob6_dpd30,小程序,零钱罐#mob6_dpd30#小程序
10001768,5305,20241110,0,Rate24,零钱罐,dpd,3,30,3,mob3_dpd30,小程序,零钱罐#mob3_dpd30#小程序
10001768,5306,20241007,0,Rate24,分期乐,fpd,,30,,fpd30,小程序,分期乐#fpd30#小程序
10001769,5307,20240604,0,Rate24,分期乐,fpd,,60,,fpd60,api,分期乐#fpd60#api
10001769,5308,20250917,0,Rate24,分期乐,fpd,,30,,fpd30,小程序,分期乐#fpd30#小程序
10001769,5309,20251003,0,Rate24,分期乐,dpd,12,30,12,mob12_dpd30,api,分期乐#mob12_dpd30#api
10001770,5310,20250802,1,Rate24,零钱罐,fpd,,30,,fpd30,小程序,零钱罐#fpd30#小程序
10001770,5311,20250705,0,Rate24,零钱罐,fpd,,30,,fpd30,api,零钱罐#fpd30#api
10001770,5312,20250821,0,Rate36,拍拍贷,dpd,3,30,3,mob3_dpd30,h5,拍拍贷#mob3_dpd30#h5
10001771,5313,20250803,0,Rate36,拍拍贷,dpd,3,60,3,mob3_dpd60,h5,拍拍贷#mob3_dpd60#h5
10001771,5314,20251017,0,Rate36,美团月付,dpd,6,60,6,mob6_dpd60,h5,美团月付#mob6_dpd60#h5
10001771,5315,20240713,0,Rate36,美团月付,dpd,12,30,12,mob12_dpd30,api,美团月付#mob12_dpd30#api
10001772,5316,20240401,0,Rate36,拍拍贷,dpd,12,30,12,mob12_dpd30,h5,拍拍贷#mob12_dpd30#h5
10001772,5317,20240410,0,Rate36,拍拍贷,dpd,6,60,6,mob6_dpd60,h5,拍拍贷#mob6_dpd60#h5
10001772,5318,20250228,1,Rate36,美团月付,fpd,,30,,fpd30,h5,美团月付#fpd30#h5
10001773,5319,20250802,0,Rate36,拍拍贷,dpd,12,60,12,mob12_dpd60,api,拍拍贷#mob12_dpd60#api
10001773,5320,20250422,1,Rate36,美团月付,dpd,6,30,6,mob6_dpd30,h5,美团月付#mob6_dpd30#h5
10001773,5321,20250815,0,Rate36,美团月付,dpd,3,60,3,mob3_dpd60,api,美团月付#mob3_dpd60#api
10001774,5322,20241205,0,Rate36,拍拍贷,dpd,12,30,12,mob12_dpd30,api,拍拍贷#mob12_dpd30#api
10001774,5323,20240905,0,Rate36,拍拍贷,dpd,9,60,9,mob9_dpd60,api,拍拍贷#mob9_dpd60#api
10001774,5324,20240703,0,Rate36,拍拍贷,dpd,6,30,6,mob6_dpd30,h5,拍拍贷#mob6_dpd30#h5
10001775,5325,20251125,1,Rate36,拍拍贷,dpd,3,60,3,mob3_dpd60,h5,拍拍贷#mob3_dpd60#h5
10001775,5326,20251219,0,Rate36,美团月付,dpd,9,30,9,mob9_dpd30,api,美团月付#mob9_dpd30#api
10001775,5327,20240526,1,Rate36,拍拍贷,fpd,,30,,fpd30,api,拍拍贷#fpd30#api
10001776,5328,20251009,1,Rate36,美团月付,fpd,,60,,fpd60,api,美团月付#fpd60#api
10001776,5329,20241225,1,Rate36,美团月付,dpd,6,30,6,mob6_dpd30,api,美团月付#mob6_dpd30#api
10001776,5330,20240602,0,Rate36,美团月付,dpd,12,30,12,mob12_dpd30,api,美团月付#mob12_dpd30#api
10001777,5331,20241206,0,Rate36,美团月付,fpd,,30,,fpd30,api,美团月付#fpd30#api
10001777,5332,20240903,0,Rate36,拍拍贷,dpd,12,30,12,mob12_dpd30,h5,拍拍贷#mob12_dpd30#h5
10001777,5333,20250201,0,Rate36,美团月付,dpd,12,60,12,mob12_dpd60,api,美团月付#mob12_dpd60#api
10001778,5334,20241111,0,Rate36,拍拍贷,fpd,,30,,fpd30,api,拍拍贷#fpd30#api
10001778,5335,20250808,1,Rate36,拍拍贷,dpd,12,60,12,mob12_dpd60,api,拍拍贷#mob12_dpd60#api
10001778,5336,20241124,0,Rate36,拍拍贷,fpd,,60,,fpd60,h5,拍拍贷#fpd60#h5
10001779,5337,20240423,0,Rate36,拍拍贷,dpd,3,30,3,mob3_dpd30,h5,拍拍贷#mob3_dpd30#h5
10001779,5338,20251126,0,Rate36,拍拍贷,dpd,3,60,3,mob3_dpd60,api,拍拍贷#mob3_dpd60#api
10001779,5339,20241222,0,Rate36,拍拍贷,dpd,6,30,6,mob6_dpd30,api,拍拍贷#mob6_dpd30#api
10001780,5340,20241222,1,Rate36,美团月付,dpd,12,30,12,mob12_dpd30,h5,美团月付#mob12_dpd30#h5
10001780,5341,20251214,0,Rate36,美团月付,dpd,6,30,6,mob6_dpd30,api,美团月付#mob6_dpd30#api
10001780,5342,20240824,0,Rate36,美团月付,dpd,6,60,6,mob6_dpd60,h5,美团月付#mob6_dpd60#h5
10001781,5343,20260224,1,Rate36,美团月付,fpd,,60,,fpd60,api,美团月付#fpd60#api
10001781,5344,20250203,-2,Rate36,拍拍贷,dpd,9,30,9,mob9_dpd30,h5,拍拍贷#mob9_dpd30#h5
10001781,5345,20240526,0,Rate36,美团月付,dpd,6,60,6,mob6_dpd60,api,美团月付#mob6_dpd60#api
10001782,5346,20250821,0,Rate36,拍拍贷,dpd,9,60,9,mob9_dpd60,api,拍拍贷#mob9_dpd60#api
10001782,5347,20251101,1,Rate36,美团月付,dpd,9,30,9,mob9_dpd30,h5,美团月付#mob9_dpd30#h5
10001782,5348,20241220,0,Rate36,美团月付,dpd,6,60,6,mob6_dpd60,api,美团月付#mob6_dpd60#api
10001783,5349,20250321,1,Rate36,美团月付,dpd,12,60,12,mob12_dpd60,api,美团月付#mob12_dpd60#api
10001783,5350,20251207,0,Rate36,美团月付,fpd,,60,,fpd60,api,美团月付#fpd60#api
10001783,5351,20250605,1,Rate36,拍拍贷,dpd,6,30,6,mob6_dpd30,api,拍拍贷#mob6_dpd30#api
10001784,5352,20260111,0,Rate36,美团月付,fpd,,30,,fpd30,h5,美团月付#fpd30#h5
10001784,5353,20240325,0,Rate36,美团月付,dpd,12,60,12,mob12_dpd60,h5,美团月付#mob12_dpd60#h5
10001784,5354,20240727,0,Rate36,拍拍贷,dpd,9,30,9,mob9_dpd30,h5,拍拍贷#mob9_dpd30#h5
10001785,5355,20250805,0,Rate36,拍拍贷,fpd,,30,,fpd30,h5,拍拍贷#fpd30#h5
10001785,5356,20240904,-2,Rate36,美团月付,dpd,9,30,9,mob9_dpd30,h5,美团月付#mob9_dpd30#h5
10001785,5357,20250925,0,Rate36,拍拍贷,dpd,9,60,9,mob9_dpd60,api,拍拍贷#mob9_dpd60#api
10001786,5358,20240422,0,Rate36,美团月付,fpd,,60,,fpd60,h5,美团月付#fpd60#h5
10001786,5359,20250219,1,Rate36,美团月付,dpd,12,60,12,mob12_dpd60,h5,美团月付#mob12_dpd60#h5
10001786,5360,20241006,0,Rate36,拍拍贷,fpd,,30,,fpd30,api,拍拍贷#fpd30#api
10001787,5361,20240825,0,Rate36,拍拍贷,fpd,,60,,fpd60,h5,拍拍贷#fpd60#h5
10001787,5362,20240827,0,Rate36,拍拍贷,fpd,,60,,fpd60,api,拍拍贷#fpd60#api
10001787,5363,20250424,1,Rate36,拍拍贷,dpd,9,30,9,mob9_dpd30,h5,拍拍贷#mob9_dpd30#h5
10001788,5364,20250504,0,Rate36,美团月付,dpd,3,60,3,mob3_dpd60,h5,美团月付#mob3_dpd60#h5
10001788,5365,20240527,0,Rate36,美团月付,dpd,12,30,12,mob12_dpd30,api,美团月付#mob12_dpd30#api
10001788,5366,20240414,1,Rate36,拍拍贷,dpd,6,60,6,mob6_dpd60,h5,拍拍贷#mob6_dpd60#h5
10001789,5367,20240301,0,Rate36,美团月付,dpd,12,60,12,mob12_dpd60,h5,美团月付#mob12_dpd60#h5
10001789,5368,20241023,0,Rate36,美团月付,dpd,6,60,6,mob6_dpd60,h5,美团月付#mob6_dpd60#h5
10001789,5369,20250509,0,Rate36,拍拍贷,dpd,9,60,9,mob9_dpd60,api,拍拍贷#mob9_dpd60#api
10001790,5370,20240401,0,Rate36,拍拍贷,fpd,,60,,fpd60,h5,拍拍贷#fpd60#h5
10001790,5371,20250606,0,Rate36,拍拍贷,dpd,6,30,6,mob6_dpd30,h5,拍拍贷#mob6_dpd30#h5
10001790,5372,20250523,0,Rate36,美团月付,dpd,6,30,6,mob6_dpd30,api,美团月付#mob6_dpd30#api
10001791,5373,20251207,0,Rate36,美团月付,dpd,12,30,12,mob12_dpd30,h5,美团月付#mob12_dpd30#h5
10001791,5374,20251121,0,Rate36,拍拍贷,dpd,9,60,9,mob9_dpd60,h5,拍拍贷#mob9_dpd60#h5
10001791,5375,20260118,1,Rate36,美团月付,dpd,9,30,9,mob9_dpd30,h5,美团月付#mob9_dpd30#h5
10001792,5376,20240814,0,Rate36,拍拍贷,fpd,,30,,fpd30,h5,拍拍贷#fpd30#h5
10001792,5377,20240712,0,Rate36,美团月付,dpd,9,30,9,mob9_dpd30,h5,美团月付#mob9_dpd30#h5
10001792,5378,20250406,0,Rate36,美团月付,dpd,6,60,6,mob6_dpd60,api,美团月付#mob6_dpd60#api
10001793,5379,20250905,0,Rate36,拍拍贷,dpd,12,60,12,mob12_dpd60,h5,拍拍贷#mob12_dpd60#h5
10001793,5380,20250507,-2,Rate36,拍拍贷,fpd,,30,,fpd30,h5,拍拍贷#fpd30#h5
10001793,5381,20251204,0,Rate36,拍拍贷,dpd,3,60,3,mob3_dpd60,api,拍拍贷#mob3_dpd60#api
10001794,5382,20240813,0,Rate36,美团月付,dpd,12,60,12,mob12_dpd60,h5,美团月付#mob12_dpd60#h5
10001794,5383,20240707,0,Rate36,美团月付,dpd,12,30,12,mob12_dpd30,h5,美团月付#mob12_dpd30#h5
10001794,5384,20250710,0,Rate36,拍拍贷,dpd,6,30,6,mob6_dpd30,h5,拍拍贷#mob6_dpd30#h5
10001795,5385,20241217,0,Rate36,拍拍贷,dpd,6,30,6,mob6_dpd30,api,拍拍贷#mob6_dpd30#api
10001795,5386,20241022,0,Rate36,拍拍贷,fpd,,60,,fpd60,api,拍拍贷#fpd60#api
10001795,5387,20240917,0,Rate36,美团月付,dpd,9,30,9,mob9_dpd30,api,美团月付#mob9_dpd30#api
10001796,5388,20250406,-2,Rate36,拍拍贷,dpd,6,30,6,mob6_dpd30,api,拍拍贷#mob6_dpd30#api
10001796,5389,20250727,0,Rate36,拍拍贷,dpd,3,60,3,mob3_dpd60,h5,拍拍贷#mob3_dpd60#h5
10001796,5390,20250510,1,Rate36,拍拍贷,fpd,,30,,fpd30,h5,拍拍贷#fpd30#h5
10001797,5391,20241024,0,Rate36,美团月付,dpd,12,60,12,mob12_dpd60,h5,美团月付#mob12_dpd60#h5
10001797,5392,20250908,1,Rate36,美团月付,dpd,12,30,12,mob12_dpd30,h5,美团月付#mob12_dpd30#h5
10001797,5393,20240906,1,Rate36,美团月付,dpd,9,60,9,mob9_dpd60,h5,美团月付#mob9_dpd60#h5
10001798,5394,20250408,0,Rate36,美团月付,fpd,,60,,fpd60,api,美团月付#fpd60#api
10001798,5395,20250220,-2,Rate36,美团月付,dpd,9,30,9,mob9_dpd30,h5,美团月付#mob9_dpd30#h5
10001798,5396,20250414,0,Rate36,拍拍贷,dpd,12,30,12,mob12_dpd30,api,拍拍贷#mob12_dpd30#api
10001799,5397,20250411,0,Rate36,美团月付,dpd,9,60,9,mob9_dpd60,api,美团月付#mob9_dpd60#api
10001799,5398,20260222,0,Rate36,美团月付,dpd,3,60,3,mob3_dpd60,h5,美团月付#mob3_dpd60#h5
10001799,5399,20240408,1,Rate36,拍拍贷,dpd,6,60,6,mob6_dpd60,h5,拍拍贷#mob6_dpd60#h5
10001800,5400,20240927,0,Rate36,拍拍贷,fpd,,30,,fpd30,h5,拍拍贷#fpd30#h5
10001800,5401,20250109,0,Rate36,拍拍贷,dpd,12,60,12,mob12_dpd60,api,拍拍贷#mob12_dpd60#api
10001800,5402,20240809,0,Rate36,拍拍贷,dpd,9,30,9,mob9_dpd30,h5,拍拍贷#mob9_dpd30#h5
10001801,5403,20240905,1,Rate36,拍拍贷,dpd,6,30,6,mob6_dpd30,api,拍拍贷#mob6_dpd30#api
10001801,5404,20250113,0,Rate36,拍拍贷,fpd,,30,,fpd30,api,拍拍贷#fpd30#api
10001801,5405,20250828,0,Rate36,拍拍贷,dpd,6,30,6,mob6_dpd30,h5,拍拍贷#mob6_dpd30#h5
10001802,5406,20240402,0,Rate36,拍拍贷,dpd,9,60,9,mob9_dpd60,api,拍拍贷#mob9_dpd60#api
10001802,5407,20240610,0,Rate36,拍拍贷,dpd,12,30,12,mob12_dpd30,h5,拍拍贷#mob12_dpd30#h5
10001802,5408,20240323,0,Rate36,美团月付,fpd,,60,,fpd60,h5,美团月付#fpd60#h5
10001803,5409,20251002,1,Rate36,拍拍贷,dpd,9,60,9,mob9_dpd60,h5,拍拍贷#mob9_dpd60#h5
10001803,5410,20240511,-2,Rate36,美团月付,fpd,,30,,fpd30,h5,美团月付#fpd30#h5
10001803,5411,20240610,0,Rate36,拍拍贷,fpd,,30,,fpd30,api,拍拍贷#fpd30#api
10001804,5412,20240612,0,Rate36,拍拍贷,dpd,9,30,9,mob9_dpd30,api,拍拍贷#mob9_dpd30#api
10001804,5413,20250717,0,Rate36,拍拍贷,dpd,6,60,6,mob6_dpd60,api,拍拍贷#mob6_dpd60#api
10001804,5414,20240522,0,Rate36,拍拍贷,dpd,12,60,12,mob12_dpd60,h5,拍拍贷#mob12_dpd60#h5
10001805,5415,20240813,0,Rate36,拍拍贷,dpd,9,60,9,mob9_dpd60,h5,拍拍贷#mob9_dpd60#h5
10001805,5416,20250103,0,Rate36,拍拍贷,dpd,3,30,3,mob3_dpd30,h5,拍拍贷#mob3_dpd30#h5
10001805,5417,20251212,-2,Rate36,拍拍贷,dpd,9,30,9,mob9_dpd30,h5,拍拍贷#mob9_dpd30#h5
10001806,5418,20250201,0,Rate36,美团月付,dpd,6,60,6,mob6_dpd60,h5,美团月付#mob6_dpd60#h5
10001806,5419,20250228,0,Rate36,美团月付,dpd,6,30,6,mob6_dpd30,api,美团月付#mob6_dpd30#api
10001806,5420,20240316,0,Rate36,拍拍贷,dpd,9,30,9,mob9_dpd30,h5,拍拍贷#mob9_dpd30#h5
10001807,5421,20240317,0,Rate36,拍拍贷,fpd,,30,,fpd30,h5,拍拍贷#fpd30#h5
10001807,5422,20250126,0,Rate36,美团月付,dpd,12,60,12,mob12_dpd60,h5,美团月付#mob12_dpd60#h5
10001807,5423,20250513,0,Rate36,拍拍贷,dpd,9,60,9,mob9_dpd60,h5,拍拍贷#mob9_dpd60#h5
10001808,5424,20250510,0,Rate36,拍拍贷,dpd,12,30,12,mob12_dpd30,api,拍拍贷#mob12_dpd30#api
10001808,5425,20240415,0,Rate36,拍拍贷,dpd,9,60,9,mob9_dpd60,h5,拍拍贷#mob9_dpd60#h5
10001808,5426,20241010,0,Rate36,拍拍贷,dpd,12,60,12,mob12_dpd60,api,拍拍贷#mob12_dpd60#api
10001809,5427,20241221,-2,Rate36,美团月付,dpd,9,60,9,mob9_dpd60,api,美团月付#mob9_dpd60#api
10001809,5428,20250121,0,Rate36,美团月付,dpd,6,30,6,mob6_dpd30,api,美团月付#mob6_dpd30#api
10001809,5429,20250212,0,Rate36,拍拍贷,dpd,12,30,12,mob12_dpd30,h5,拍拍贷#mob12_dpd30#h5
10001810,5430,20250519,0,Rate36,美团月付,fpd,,30,,fpd30,api,美团月付#fpd30#api
10001810,5431,20250725,-2,Rate36,拍拍贷,fpd,,30,,fpd30,api,拍拍贷#fpd30#api
10001810,5432,20260213,1,Rate36,拍拍贷,fpd,,60,,fpd60,api,拍拍贷#fpd60#api
10001811,5433,20250807,0,Rate36,美团月付,dpd,12,30,12,mob12_dpd30,api,美团月付#mob12_dpd30#api
10001811,5434,20251204,1,Rate36,美团月付,dpd,3,30,3,mob3_dpd30,api,美团月付#mob3_dpd30#api
10001811,5435,20240318,0,Rate36,美团月付,dpd,12,60,12,mob12_dpd60,api,美团月付#mob12_dpd60#api
10001812,5436,20250521,0,Rate36,拍拍贷,fpd,,60,,fpd60,h5,拍拍贷#fpd60#h5
10001812,5437,20250204,0,Rate36,美团月付,dpd,9,60,9,mob9_dpd60,api,美团月付#mob9_dpd60#api
10001812,5438,20240919,0,Rate36,美团月付,dpd,6,30,6,mob6_dpd30,api,美团月付#mob6_dpd30#api
10001813,5439,20251114,-2,Rate36,美团月付,fpd,,60,,fpd60,h5,美团月付#fpd60#h5
10001813,5440,20240416,0,Rate36,美团月付,dpd,3,30,3,mob3_dpd30,h5,美团月付#mob3_dpd30#h5
10001813,5441,20240907,0,Rate36,美团月付,dpd,6,30,6,mob6_dpd30,h5,美团月付#mob6_dpd30#h5
10001814,5442,20240617,1,Rate36,拍拍贷,dpd,9,30,9,mob9_dpd30,h5,拍拍贷#mob9_dpd30#h5
10001814,5443,20240712,-2,Rate36,美团月付,dpd,9,30,9,mob9_dpd30,h5,美团月付#mob9_dpd30#h5
10001814,5444,20250716,-2,Rate36,美团月付,dpd,12,30,12,mob12_dpd30,h5,美团月付#mob12_dpd30#h5
10001815,5445,20260117,0,Rate36,拍拍贷,dpd,3,30,3,mob3_dpd30,api,拍拍贷#mob3_dpd30#api
10001815,5446,20250904,0,Rate36,美团月付,dpd,12,30,12,mob12_dpd30,api,美团月付#mob12_dpd30#api
10001815,5447,20250812,0,Rate36,拍拍贷,dpd,9,30,9,mob9_dpd30,api,拍拍贷#mob9_dpd30#api
10001816,5448,20240610,1,Rate36,美团月付,dpd,9,60,9,mob9_dpd60,h5,美团月付#mob9_dpd60#h5
10001816,5449,20250201,0,Rate36,拍拍贷,fpd,,60,,fpd60,h5,拍拍贷#fpd60#h5
10001816,5450,20240918,1,Rate36,拍拍贷,dpd,6,60,6,mob6_dpd60,api,拍拍贷#mob6_dpd60#api
10001817,5451,20250809,0,Rate36,美团月付,dpd,6,60,6,mob6_dpd60,h5,美团月付#mob6_dpd60#h5
10001817,5452,20241216,0,Rate36,美团月付,dpd,6,60,6,mob6_dpd60,api,美团月付#mob6_dpd60#api
10001817,5453,20240505,1,Rate36,美团月付,dpd,9,60,9,mob9_dpd60,h5,美团月付#mob9_dpd60#h5
10001818,5454,20240603,0,Rate36,拍拍贷,dpd,12,60,12,mob12_dpd60,h5,拍拍贷#mob12_dpd60#h5
10001818,5455,20240509,0,Rate36,拍拍贷,dpd,12,60,12,mob12_dpd60,api,拍拍贷#mob12_dpd60#api
10001818,5456,20240511,0,Rate36,美团月付,dpd,12,30,12,mob12_dpd30,api,美团月付#mob12_dpd30#api
10001819,5457,20250801,0,Rate36,美团月付,fpd,,30,,fpd30,h5,美团月付#fpd30#h5
10001819,5458,20240312,0,Rate36,拍拍贷,dpd,6,30,6,mob6_dpd30,h5,拍拍贷#mob6_dpd30#h5
10001819,5459,20241101,1,Rate36,拍拍贷,dpd,9,60,9,mob9_dpd60,api,拍拍贷#mob9_dpd60#api
10001820,5460,20240523,-2,Rate36,拍拍贷,dpd,3,60,3,mob3_dpd60,h5,拍拍贷#mob3_dpd60#h5
10001820,5461,20251107,-2,Rate36,美团月付,dpd,9,30,9,mob9_dpd30,h5,美团月付#mob9_dpd30#h5
10001820,5462,20260107,0,Rate36,拍拍贷,fpd,,30,,fpd30,h5,拍拍贷#fpd30#h5
10001821,5463,20240911,0,Rate36,美团月付,dpd,6,30,6,mob6_dpd30,h5,美团月付#mob6_dpd30#h5
10001821,5464,20251112,-2,Rate36,拍拍贷,fpd,,30,,fpd30,api,拍拍贷#fpd30#api
10001821,5465,20240719,-2,Rate36,美团月付,dpd,9,60,9,mob9_dpd60,h5,美团月付#mob9_dpd60#h5
10001822,5466,20250728,-2,Rate36,拍拍贷,dpd,9,30,9,mob9_dpd30,api,拍拍贷#mob9_dpd30#api
10001822,5467,20240303,0,Rate36,拍拍贷,dpd,12,30,12,mob12_dpd30,api,拍拍贷#mob12_dpd30#api
10001822,5468,20250921,0,Rate36,美团月付,dpd,3,30,3,mob3_dpd30,h5,美团月付#mob3_dpd30#h5
10001823,5469,20250202,1,Rate36,拍拍贷,dpd,9,60,9,mob9_dpd60,api,拍拍贷#mob9_dpd60#api
10001823,5470,20240525,0,Rate36,美团月付,fpd,,30,,fpd30,api,美团月付#fpd30#api
10001823,5471,20240916,0,Rate36,美团月付,dpd,3,60,3,mob3_dpd60,api,美团月付#mob3_dpd60#api
10001824,5472,20260208,0,Rate36,拍拍贷,dpd,3,30,3,mob3_dpd30,h5,拍拍贷#mob3_dpd30#h5
10001824,5473,20250526,0,Rate36,拍拍贷,dpd,9,60,9,mob9_dpd60,api,拍拍贷#mob9_dpd60#api
10001824,5474,20251213,0,Rate36,美团月付,dpd,9,30,9,mob9_dpd30,h5,美团月付#mob9_dpd30#h5
10001825,5475,20250921,0,Rate36,拍拍贷,dpd,6,30,6,mob6_dpd30,api,拍拍贷#mob6_dpd30#api
10001825,5476,20240810,0,Rate36,美团月付,fpd,,60,,fpd60,api,美团月付#fpd60#api
10001825,5477,20250928,0,Rate36,拍拍贷,dpd,9,60,9,mob9_dpd60,api,拍拍贷#mob9_dpd60#api
10001826,5478,20250216,0,Rate36,美团月付,fpd,,30,,fpd30,h5,美团月付#fpd30#h5
10001826,5479,20240327,0,Rate36,美团月付,dpd,9,30,9,mob9_dpd30,h5,美团月付#mob9_dpd30#h5
10001826,5480,20241206,0,Rate36,美团月付,dpd,6,30,6,mob6_dpd30,api,美团月付#mob6_dpd30#api
10001827,5481,20240815,0,Rate36,拍拍贷,dpd,6,30,6,mob6_dpd30,h5,拍拍贷#mob6_dpd30#h5
10001827,5482,20250415,0,Rate36,美团月付,dpd,9,30,9,mob9_dpd30,api,美团月付#mob9_dpd30#api
10001827,5483,20240905,1,Rate36,美团月付,dpd,9,30,9,mob9_dpd30,api,美团月付#mob9_dpd30#api
10001828,5484,20241018,0,Rate36,拍拍贷,dpd,6,30,6,mob6_dpd30,api,拍拍贷#mob6_dpd30#api
10001828,5485,20240814,0,Rate36,拍拍贷,dpd,9,60,9,mob9_dpd60,h5,拍拍贷#mob9_dpd60#h5
10001828,5486,20240521,0,Rate36,美团月付,dpd,9,60,9,mob9_dpd60,api,美团月付#mob9_dpd60#api
10001829,5487,20240917,1,Rate36,拍拍贷,dpd,9,30,9,mob9_dpd30,h5,拍拍贷#mob9_dpd30#h5
10001829,5488,20240514,0,Rate36,拍拍贷,dpd,6,60,6,mob6_dpd60,h5,拍拍贷#mob6_dpd60#h5
10001829,5489,20251226,1,Rate36,拍拍贷,fpd,,30,,fpd30,api,拍拍贷#fpd30#api
10001830,5490,20251103,0,Rate36,美团月付,dpd,12,30,12,mob12_dpd30,h5,美团月付#mob12_dpd30#h5
10001830,5491,20241023,0,Rate36,拍拍贷,dpd,12,60,12,mob12_dpd60,api,拍拍贷#mob12_dpd60#api
10001830,5492,20251001,0,Rate36,美团月付,dpd,3,30,3,mob3_dpd30,api,美团月付#mob3_dpd30#api
10001831,5493,20240318,0,Rate36,拍拍贷,dpd,6,60,6,mob6_dpd60,h5,拍拍贷#mob6_dpd60#h5
10001831,5494,20240407,0,Rate36,拍拍贷,dpd,9,60,9,mob9_dpd60,h5,拍拍贷#mob9_dpd60#h5
10001831,5495,20250724,0,Rate36,美团月付,dpd,3,30,3,mob3_dpd30,h5,美团月付#mob3_dpd30#h5
10001832,5496,20251223,0,Rate36,美团月付,dpd,9,60,9,mob9_dpd60,api,美团月付#mob9_dpd60#api
10001832,5497,20260210,0,Rate36,美团月付,dpd,9,30,9,mob9_dpd30,h5,美团月付#mob9_dpd30#h5
10001832,5498,20250313,-2,Rate36,拍拍贷,fpd,,60,,fpd60,api,拍拍贷#fpd60#api
10001833,5499,20240405,0,Rate36,美团月付,dpd,6,60,6,mob6_dpd60,h5,美团月付#mob6_dpd60#h5
10001833,5500,20240604,0,Rate36,拍拍贷,dpd,6,30,6,mob6_dpd30,h5,拍拍贷#mob6_dpd30#h5
10001833,5501,20240915,-2,Rate36,拍拍贷,fpd,,30,,fpd30,h5,拍拍贷#fpd30#h5
10001834,5502,20250325,1,Rate36,拍拍贷,dpd,12,30,12,mob12_dpd30,api,拍拍贷#mob12_dpd30#api
10001834,5503,20241011,0,Rate36,拍拍贷,dpd,9,30,9,mob9_dpd30,api,拍拍贷#mob9_dpd30#api
10001834,5504,20240528,0,Rate36,拍拍贷,dpd,6,60,6,mob6_dpd60,api,拍拍贷#mob6_dpd60#api
10001835,5505,20251015,0,Rate36,美团月付,dpd,6,60,6,mob6_dpd60,h5,美团月付#mob6_dpd60#h5
10001835,5506,20251123,1,Rate36,拍拍贷,dpd,9,30,9,mob9_dpd30,api,拍拍贷#mob9_dpd30#api
10001835,5507,20241219,-2,Rate36,美团月付,fpd,,30,,fpd30,h5,美团月付#fpd30#h5
10001836,5508,20240407,0,Rate36,美团月付,dpd,12,30,12,mob12_dpd30,h5,美团月付#mob12_dpd30#h5
10001836,5509,20250902,0,Rate36,美团月付,fpd,,60,,fpd60,h5,美团月付#fpd60#h5
10001836,5510,20240625,0,Rate36,美团月付,fpd,,60,,fpd60,h5,美团月付#fpd60#h5
10001837,5511,20240608,1,Rate36,美团月付,dpd,6,60,6,mob6_dpd60,api,美团月付#mob6_dpd60#api
10001837,5512,20240408,0,Rate36,美团月付,dpd,3,30,3,mob3_dpd30,h5,美团月付#mob3_dpd30#h5
10001837,5513,20240303,1,Rate36,拍拍贷,dpd,9,30,9,mob9_dpd30,h5,拍拍贷#mob9_dpd30#h5
10001838,5514,20250102,0,Rate36,拍拍贷,dpd,6,30,6,mob6_dpd30,api,拍拍贷#mob6_dpd30#api
10001838,5515,20241028,1,Rate36,美团月付,dpd,3,60,3,mob3_dpd60,h5,美团月付#mob3_dpd60#h5
10001838,5516,20260214,1,Rate36,美团月付,dpd,3,60,3,mob3_dpd60,h5,美团月付#mob3_dpd60#h5
10001839,5517,20250706,0,Rate36,美团月付,dpd,6,60,6,mob6_dpd60,h5,美团月付#mob6_dpd60#h5
10001839,5518,20250702,1,Rate36,拍拍贷,dpd,12,30,12,mob12_dpd30,h5,拍拍贷#mob12_dpd30#h5
10001839,5519,20250910,1,Rate36,美团月付,dpd,9,30,9,mob9_dpd30,api,美团月付#mob9_dpd30#api
10001840,5520,20241125,-2,Rate36,美团月付,dpd,3,60,3,mob3_dpd60,api,美团月付#mob3_dpd60#api
10001840,5521,20240412,0,Rate36,美团月付,dpd,6,60,6,mob6_dpd60,api,美团月付#mob6_dpd60#api
10001840,5522,20240909,0,Rate36,拍拍贷,dpd,6,30,6,mob6_dpd30,h5,拍拍贷#mob6_dpd30#h5
10001841,5523,20240317,-2,Rate36,拍拍贷,dpd,12,60,12,mob12_dpd60,api,拍拍贷#mob12_dpd60#api
10001841,5524,20240416,0,Rate36,美团月付,dpd,3,30,3,mob3_dpd30,api,美团月付#mob3_dpd30#api
10001841,5525,20250613,0,Rate36,拍拍贷,fpd,,60,,fpd60,api,拍拍贷#fpd60#api
10001842,5526,20251203,0,Rate36,美团月付,dpd,9,60,9,mob9_dpd60,h5,美团月付#mob9_dpd60#h5
10001842,5527,20250810,-2,Rate36,拍拍贷,dpd,12,30,12,mob12_dpd30,h5,拍拍贷#mob12_dpd30#h5
10001842,5528,20251221,0,Rate36,拍拍贷,dpd,3,30,3,mob3_dpd30,h5,拍拍贷#mob3_dpd30#h5
10001843,5529,20250825,1,Rate36,美团月付,fpd,,30,,fpd30,h5,美团月付#fpd30#h5
10001843,5530,20250524,0,Rate36,美团月付,dpd,9,60,9,mob9_dpd60,api,美团月付#mob9_dpd60#api
10001843,5531,20250203,0,Rate36,拍拍贷,dpd,12,30,12,mob12_dpd30,api,拍拍贷#mob12_dpd30#api
10001844,5532,20250907,0,Rate36,拍拍贷,dpd,3,30,3,mob3_dpd30,h5,拍拍贷#mob3_dpd30#h5
10001844,5533,20250403,0,Rate36,美团月付,dpd,12,60,12,mob12_dpd60,api,美团月付#mob12_dpd60#api
10001844,5534,20240428,0,Rate36,美团月付,dpd,6,30,6,mob6_dpd30,h5,美团月付#mob6_dpd30#h5
10001845,5535,20241205,0,Rate36,拍拍贷,dpd,12,30,12,mob12_dpd30,h5,拍拍贷#mob12_dpd30#h5
10001845,5536,20250320,0,Rate36,美团月付,dpd,3,30,3,mob3_dpd30,h5,美团月付#mob3_dpd30#h5
10001845,5537,20250107,0,Rate36,美团月付,dpd,3,60,3,mob3_dpd60,h5,美团月付#mob3_dpd60#h5
10001846,5538,20250721,0,Rate36,美团月付,dpd,9,60,9,mob9_dpd60,api,美团月付#mob9_dpd60#api
10001846,5539,20241113,0,Rate36,拍拍贷,fpd,,60,,fpd60,h5,拍拍贷#fpd60#h5
10001846,5540,20240525,0,Rate36,拍拍贷,dpd,3,30,3,mob3_dpd30,api,拍拍贷#mob3_dpd30#api
10001847,5541,20241004,0,Rate36,美团月付,dpd,6,30,6,mob6_dpd30,h5,美团月付#mob6_dpd30#h5
10001847,5542,20240405,0,Rate36,拍拍贷,fpd,,60,,fpd60,h5,拍拍贷#fpd60#h5
10001847,5543,20240614,0,Rate36,拍拍贷,fpd,,30,,fpd30,api,拍拍贷#fpd30#api
10001848,5544,20250514,0,Rate36,拍拍贷,dpd,6,60,6,mob6_dpd60,api,拍拍贷#mob6_dpd60#api
10001848,5545,20250302,1,Rate36,美团月付,dpd,12,60,12,mob12_dpd60,api,美团月付#mob12_dpd60#api
10001848,5546,20260110,0,Rate36,拍拍贷,fpd,,30,,fpd30,api,拍拍贷#fpd30#api
10001849,5547,20240416,0,Rate36,美团月付,dpd,9,60,9,mob9_dpd60,h5,美团月付#mob9_dpd60#h5
10001849,5548,20240710,-2,Rate36,拍拍贷,dpd,6,60,6,mob6_dpd60,h5,拍拍贷#mob6_dpd60#h5
10001849,5549,20241025,0,Rate36,拍拍贷,dpd,6,60,6,mob6_dpd60,h5,拍拍贷#mob6_dpd60#h5
10001850,5550,20251024,1,Rate36,美团月付,dpd,3,60,3,mob3_dpd60,h5,美团月付#mob3_dpd60#h5
10001850,5551,20251010,0,Rate36,美团月付,dpd,3,60,3,mob3_dpd60,api,美团月付#mob3_dpd60#api
10001850,5552,20240812,0,Rate36,美团月付,dpd,9,60,9,mob9_dpd60,h5,美团月付#mob9_dpd60#h5
10001851,5553,20250226,0,Rate36,拍拍贷,fpd,,60,,fpd60,h5,拍拍贷#fpd60#h5
10001851,5554,20250408,0,Rate36,美团月付,dpd,3,30,3,mob3_dpd30,api,美团月付#mob3_dpd30#api
10001851,5555,20250522,0,Rate36,美团月付,dpd,12,30,12,mob12_dpd30,api,美团月付#mob12_dpd30#api
10001852,5556,20241016,0,Rate36,美团月付,fpd,,30,,fpd30,api,美团月付#fpd30#api
10001852,5557,20250326,0,Rate36,拍拍贷,dpd,3,30,3,mob3_dpd30,h5,拍拍贷#mob3_dpd30#h5
10001852,5558,20260216,1,Rate36,拍拍贷,fpd,,60,,fpd60,api,拍拍贷#fpd60#api
10001853,5559,20250306,0,Rate36,拍拍贷,fpd,,30,,fpd30,api,拍拍贷#fpd30#api
10001853,5560,20240426,0,Rate36,拍拍贷,fpd,,60,,fpd60,h5,拍拍贷#fpd60#h5
10001853,5561,20240905,0,Rate36,拍拍贷,dpd,6,30,6,mob6_dpd30,h5,拍拍贷#mob6_dpd30#h5
10001854,5562,20241024,0,Rate36,拍拍贷,dpd,6,30,6,mob6_dpd30,h5,拍拍贷#mob6_dpd30#h5
10001854,5563,20240305,0,Rate36,拍拍贷,dpd,6,30,6,mob6_dpd30,api,拍拍贷#mob6_dpd30#api
10001854,5564,20250804,0,Rate36,美团月付,fpd,,30,,fpd30,h5,美团月付#fpd30#h5
10001855,5565,20240716,-2,Rate36,美团月付,dpd,3,60,3,mob3_dpd60,h5,美团月付#mob3_dpd60#h5
10001855,5566,20240825,0,Rate36,美团月付,dpd,3,60,3,mob3_dpd60,h5,美团月付#mob3_dpd60#h5
10001855,5567,20250721,0,Rate36,拍拍贷,dpd,3,60,3,mob3_dpd60,api,拍拍贷#mob3_dpd60#api
10001856,5568,20241020,0,Rate36,拍拍贷,dpd,12,60,12,mob12_dpd60,api,拍拍贷#mob12_dpd60#api
10001856,5569,20250901,0,Rate36,拍拍贷,dpd,6,60,6,mob6_dpd60,api,拍拍贷#mob6_dpd60#api
10001856,5570,20240803,0,Rate36,拍拍贷,dpd,6,30,6,mob6_dpd30,api,拍拍贷#mob6_dpd30#api
10001857,5571,20240326,1,Rate36,拍拍贷,dpd,12,60,12,mob12_dpd60,h5,拍拍贷#mob12_dpd60#h5
10001857,5572,20240516,0,Rate36,拍拍贷,fpd,,30,,fpd30,api,拍拍贷#fpd30#api
10001857,5573,20251202,0,Rate36,美团月付,dpd,12,30,12,mob12_dpd30,h5,美团月付#mob12_dpd30#h5
10001858,5574,20240505,0,Rate36,拍拍贷,dpd,12,30,12,mob12_dpd30,api,拍拍贷#mob12_dpd30#api
10001858,5575,20250910,0,Rate36,美团月付,dpd,12,30,12,mob12_dpd30,h5,美团月付#mob12_dpd30#h5
10001858,5576,20240623,0,Rate36,美团月付,dpd,9,30,9,mob9_dpd30,api,美团月付#mob9_dpd30#api
10001859,5577,20250207,1,Rate36,美团月付,dpd,9,60,9,mob9_dpd60,h5,美团月付#mob9_dpd60#h5
10001859,5578,20251105,0,Rate36,拍拍贷,dpd,3,60,3,mob3_dpd60,api,拍拍贷#mob3_dpd60#api
10001859,5579,20251106,0,Rate36,拍拍贷,dpd,6,30,6,mob6_dpd30,api,拍拍贷#mob6_dpd30#api
10001860,5580,20241025,0,Rate36,拍拍贷,dpd,3,60,3,mob3_dpd60,h5,拍拍贷#mob3_dpd60#h5
10001860,5581,20250901,0,Rate36,美团月付,dpd,9,60,9,mob9_dpd60,api,美团月付#mob9_dpd60#api
10001860,5582,20241224,0,Rate36,美团月付,dpd,3,30,3,mob3_dpd30,api,美团月付#mob3_dpd30#api
10001861,5583,20250111,0,Rate36,拍拍贷,fpd,,60,,fpd60,h5,拍拍贷#fpd60#h5
10001861,5584,20250404,0,Rate36,拍拍贷,dpd,9,30,9,mob9_dpd30,api,拍拍贷#mob9_dpd30#api
10001861,5585,20241021,0,Rate36,拍拍贷,dpd,9,60,9,mob9_dpd60,h5,拍拍贷#mob9_dpd60#h5
10001862,5586,20240923,0,Rate36,美团月付,fpd,,30,,fpd30,h5,美团月付#fpd30#h5
10001862,5587,20240308,0,Rate36,拍拍贷,dpd,6,60,6,mob6_dpd60,api,拍拍贷#mob6_dpd60#api
10001862,5588,20250603,0,Rate36,拍拍贷,dpd,6,30,6,mob6_dpd30,h5,拍拍贷#mob6_dpd30#h5
10001863,5589,20241023,0,Rate36,美团月付,dpd,9,60,9,mob9_dpd60,h5,美团月付#mob9_dpd60#h5
10001863,5590,20251201,1,Rate36,美团月付,dpd,12,30,12,mob12_dpd30,h5,美团月付#mob12_dpd30#h5
10001863,5591,20251112,0,Rate36,美团月付,fpd,,60,,fpd60,api,美团月付#fpd60#api
10001864,5592,20240723,1,Rate36,拍拍贷,dpd,12,60,12,mob12_dpd60,h5,拍拍贷#mob12_dpd60#h5
10001864,5593,20250809,0,Rate36,拍拍贷,dpd,9,30,9,mob9_dpd30,h5,拍拍贷#mob9_dpd30#h5
10001864,5594,20241220,1,Rate36,拍拍贷,dpd,6,60,6,mob6_dpd60,h5,拍拍贷#mob6_dpd60#h5
10001865,5595,20250123,0,Rate36,美团月付,dpd,9,60,9,mob9_dpd60,h5,美团月付#mob9_dpd60#h5
10001865,5596,20241221,1,Rate36,美团月付,fpd,,30,,fpd30,h5,美团月付#fpd30#h5
10001865,5597,20250228,0,Rate36,拍拍贷,fpd,,30,,fpd30,api,拍拍贷#fpd30#api
10001866,5598,20250823,0,Rate36,拍拍贷,fpd,,60,,fpd60,api,拍拍贷#fpd60#api
10001866,5599,20250315,0,Rate36,拍拍贷,fpd,,30,,fpd30,h5,拍拍贷#fpd30#h5
10001866,5600,20241010,0,Rate36,美团月付,dpd,3,30,3,mob3_dpd30,api,美团月付#mob3_dpd30#api
10001867,5601,20251112,0,Rate36,美团月付,dpd,9,30,9,mob9_dpd30,api,美团月付#mob9_dpd30#api
10001867,5602,20240515,0,Rate36,拍拍贷,fpd,,30,,fpd30,h5,拍拍贷#fpd30#h5
10001867,5603,20250316,0,Rate36,拍拍贷,dpd,3,60,3,mob3_dpd60,h5,拍拍贷#mob3_dpd60#h5
10001868,5604,20250303,0,Rate36,拍拍贷,fpd,,60,,fpd60,h5,拍拍贷#fpd60#h5
10001868,5605,20240810,-2,Rate36,美团月付,dpd,3,60,3,mob3_dpd60,api,美团月付#mob3_dpd60#api
10001868,5606,20260118,1,Rate36,拍拍贷,dpd,9,30,9,mob9_dpd30,api,拍拍贷#mob9_dpd30#api
10001869,5607,20240727,-2,Rate36,拍拍贷,dpd,3,30,3,mob3_dpd30,api,拍拍贷#mob3_dpd30#api
10001869,5608,20240309,-2,Rate36,拍拍贷,dpd,12,30,12,mob12_dpd30,api,拍拍贷#mob12_dpd30#api
10001869,5609,20251024,0,Rate36,拍拍贷,dpd,12,30,12,mob12_dpd30,api,拍拍贷#mob12_dpd30#api
10001870,5610,20251115,0,Rate36,美团月付,dpd,3,60,3,mob3_dpd60,h5,美团月付#mob3_dpd60#h5
10001870,5611,20241104,0,Rate36,美团月付,dpd,12,60,12,mob12_dpd60,api,美团月付#mob12_dpd60#api
10001870,5612,20240426,0,Rate36,拍拍贷,dpd,3,60,3,mob3_dpd60,api,拍拍贷#mob3_dpd60#api
10001871,5613,20250210,0,Rate36,拍拍贷,dpd,6,60,6,mob6_dpd60,h5,拍拍贷#mob6_dpd60#h5
10001871,5614,20260210,1,Rate36,美团月付,dpd,12,30,12,mob12_dpd30,api,美团月付#mob12_dpd30#api
10001871,5615,20240923,0,Rate36,拍拍贷,dpd,6,30,6,mob6_dpd30,api,拍拍贷#mob6_dpd30#api
10001872,5616,20240614,-2,Rate36,美团月付,dpd,12,30,12,mob12_dpd30,h5,美团月付#mob12_dpd30#h5
10001872,5617,20260107,0,Rate36,美团月付,fpd,,30,,fpd30,h5,美团月付#fpd30#h5
10001872,5618,20240713,0,Rate36,美团月付,fpd,,60,,fpd60,h5,美团月付#fpd60#h5
10001873,5619,20251004,0,Rate36,拍拍贷,dpd,12,30,12,mob12_dpd30,h5,拍拍贷#mob12_dpd30#h5
10001873,5620,20250620,0,Rate36,美团月付,fpd,,30,,fpd30,api,美团月付#fpd30#api
10001873,5621,20241128,0,Rate36,拍拍贷,dpd,6,60,6,mob6_dpd60,h5,拍拍贷#mob6_dpd60#h5
10001874,5622,20250106,0,Rate36,美团月付,dpd,9,30,9,mob9_dpd30,h5,美团月付#mob9_dpd30#h5
10001874,5623,20240828,0,Rate36,拍拍贷,dpd,12,30,12,mob12_dpd30,api,拍拍贷#mob12_dpd30#api
10001874,5624,20240925,0,Rate36,美团月付,dpd,3,30,3,mob3_dpd30,h5,美团月付#mob3_dpd30#h5
10001875,5625,20240722,0,Rate36,拍拍贷,dpd,3,30,3,mob3_dpd30,h5,拍拍贷#mob3_dpd30#h5
10001875,5626,20260228,0,Rate36,拍拍贷,dpd,12,60,12,mob12_dpd60,h5,拍拍贷#mob12_dpd60#h5
10001875,5627,20241108,1,Rate36,拍拍贷,dpd,9,60,9,mob9_dpd60,api,拍拍贷#mob9_dpd60#api
10001876,5628,20250528,1,Rate36,拍拍贷,dpd,12,60,12,mob12_dpd60,h5,拍拍贷#mob12_dpd60#h5
10001876,5629,20240822,0,Rate36,拍拍贷,fpd,,60,,fpd60,h5,拍拍贷#fpd60#h5
10001876,5630,20250710,1,Rate36,拍拍贷,dpd,12,60,12,mob12_dpd60,api,拍拍贷#mob12_dpd60#api
10001877,5631,20240704,0,Rate36,拍拍贷,dpd,3,30,3,mob3_dpd30,h5,拍拍贷#mob3_dpd30#h5
10001877,5632,20241213,1,Rate36,美团月付,dpd,6,60,6,mob6_dpd60,api,美团月付#mob6_dpd60#api
10001877,5633,20250213,0,Rate36,拍拍贷,fpd,,60,,fpd60,h5,拍拍贷#fpd60#h5
10001878,5634,20240814,1,Rate36,美团月付,dpd,6,60,6,mob6_dpd60,api,美团月付#mob6_dpd60#api
10001878,5635,20250705,0,Rate36,美团月付,dpd,3,30,3,mob3_dpd30,api,美团月付#mob3_dpd30#api
10001878,5636,20250724,1,Rate36,美团月付,dpd,3,30,3,mob3_dpd30,h5,美团月付#mob3_dpd30#h5
10001879,5637,20250111,-2,Rate36,美团月付,dpd,12,30,12,mob12_dpd30,api,美团月付#mob12_dpd30#api
10001879,5638,20240611,0,Rate36,美团月付,fpd,,60,,fpd60,h5,美团月付#fpd60#h5
10001879,5639,20240727,0,Rate36,拍拍贷,dpd,3,30,3,mob3_dpd30,api,拍拍贷#mob3_dpd30#api
10001880,5640,20241008,0,Rate36,美团月付,dpd,6,60,6,mob6_dpd60,h5,美团月付#mob6_dpd60#h5
10001880,5641,20250713,1,Rate36,美团月付,dpd,9,30,9,mob9_dpd30,h5,美团月付#mob9_dpd30#h5
10001880,5642,20240722,0,Rate36,美团月付,fpd,,60,,fpd60,h5,美团月付#fpd60#h5
10001881,5643,20250716,0,Rate36,美团月付,dpd,9,60,9,mob9_dpd60,h5,美团月付#mob9_dpd60#h5
10001881,5644,20241219,1,Rate36,拍拍贷,dpd,6,30,6,mob6_dpd30,h5,拍拍贷#mob6_dpd30#h5
10001881,5645,20260112,0,Rate36,拍拍贷,dpd,12,60,12,mob12_dpd60,h5,拍拍贷#mob12_dpd60#h5
10001882,5646,20241201,0,Rate36,拍拍贷,dpd,6,60,6,mob6_dpd60,h5,拍拍贷#mob6_dpd60#h5
10001882,5647,20241028,0,Rate36,拍拍贷,dpd,3,60,3,mob3_dpd60,api,拍拍贷#mob3_dpd60#api
10001882,5648,20240910,0,Rate36,美团月付,dpd,12,60,12,mob12_dpd60,h5,美团月付#mob12_dpd60#h5
10001883,5649,20250919,0,Rate36,美团月付,fpd,,60,,fpd60,api,美团月付#fpd60#api
10001883,5650,20240617,0,Rate36,美团月付,dpd,12,60,12,mob12_dpd60,api,美团月付#mob12_dpd60#api
10001883,5651,20250401,1,Rate36,美团月付,dpd,9,60,9,mob9_dpd60,api,美团月付#mob9_dpd60#api
10001884,5652,20240802,0,Rate36,美团月付,dpd,3,60,3,mob3_dpd60,api,美团月付#mob3_dpd60#api
10001884,5653,20240907,0,Rate36,美团月付,dpd,6,30,6,mob6_dpd30,api,美团月付#mob6_dpd30#api
10001884,5654,20251028,0,Rate36,拍拍贷,fpd,,60,,fpd60,api,拍拍贷#fpd60#api
10001885,5655,20240922,1,Rate36,美团月付,dpd,6,60,6,mob6_dpd60,h5,美团月付#mob6_dpd60#h5
10001885,5656,20250719,0,Rate36,拍拍贷,dpd,9,60,9,mob9_dpd60,h5,拍拍贷#mob9_dpd60#h5
10001885,5657,20240919,0,Rate36,美团月付,fpd,,60,,fpd60,h5,美团月付#fpd60#h5
10001886,5658,20260121,-2,Rate36,美团月付,dpd,12,60,12,mob12_dpd60,h5,美团月付#mob12_dpd60#h5
10001886,5659,20250412,0,Rate36,美团月付,dpd,12,60,12,mob12_dpd60,api,美团月付#mob12_dpd60#api
10001886,5660,20240407,0,Rate36,拍拍贷,dpd,12,30,12,mob12_dpd30,api,拍拍贷#mob12_dpd30#api
10001887,5661,20250727,0,Rate36,拍拍贷,dpd,6,60,6,mob6_dpd60,api,拍拍贷#mob6_dpd60#api
10001887,5662,20241019,0,Rate36,美团月付,dpd,3,60,3,mob3_dpd60,h5,美团月付#mob3_dpd60#h5
10001887,5663,20260121,1,Rate36,拍拍贷,dpd,9,60,9,mob9_dpd60,h5,拍拍贷#mob9_dpd60#h5
10001888,5664,20241222,0,Rate36,拍拍贷,dpd,6,60,6,mob6_dpd60,h5,拍拍贷#mob6_dpd60#h5
10001888,5665,20250303,1,Rate36,美团月付,fpd,,60,,fpd60,api,美团月付#fpd60#api
10001888,5666,20250110,1,Rate36,拍拍贷,dpd,6,60,6,mob6_dpd60,h5,拍拍贷#mob6_dpd60#h5
10001889,5667,20250428,0,Rate36,美团月付,dpd,12,30,12,mob12_dpd30,h5,美团月付#mob12_dpd30#h5
10001889,5668,20240418,0,Rate36,美团月付,dpd,6,60,6,mob6_dpd60,api,美团月付#mob6_dpd60#api
10001889,5669,20240905,0,Rate36,拍拍贷,dpd,9,30,9,mob9_dpd30,h5,拍拍贷#mob9_dpd30#h5
10001890,5670,20250128,0,Rate36,美团月付,dpd,6,60,6,mob6_dpd60,h5,美团月付#mob6_dpd60#h5
10001890,5671,20250512,0,Rate36,美团月付,dpd,3,30,3,mob3_dpd30,api,美团月付#mob3_dpd30#api
10001890,5672,20240414,1,Rate36,拍拍贷,dpd,9,30,9,mob9_dpd30,h5,拍拍贷#mob9_dpd30#h5
10001891,5673,20250117,0,Rate36,拍拍贷,dpd,12,30,12,mob12_dpd30,api,拍拍贷#mob12_dpd30#api
10001891,5674,20250627,0,Rate36,拍拍贷,fpd,,30,,fpd30,api,拍拍贷#fpd30#api
10001891,5675,20260217,0,Rate36,拍拍贷,dpd,6,30,6,mob6_dpd30,h5,拍拍贷#mob6_dpd30#h5
10001892,5676,20250621,0,Rate36,美团月付,fpd,,60,,fpd60,api,美团月付#fpd60#api
10001892,5677,20241102,0,Rate36,美团月付,dpd,12,30,12,mob12_dpd30,api,美团月付#mob12_dpd30#api
10001892,5678,20240815,0,Rate36,拍拍贷,dpd,6,30,6,mob6_dpd30,api,拍拍贷#mob6_dpd30#api
10001893,5679,20250908,0,Rate36,拍拍贷,fpd,,60,,fpd60,api,拍拍贷#fpd60#api
10001893,5680,20250622,0,Rate36,美团月付,dpd,6,60,6,mob6_dpd60,h5,美团月付#mob6_dpd60#h5
10001893,5681,20250327,0,Rate36,美团月付,dpd,6,30,6,mob6_dpd30,h5,美团月付#mob6_dpd30#h5
10001894,5682,20240726,-2,Rate36,拍拍贷,fpd,,30,,fpd30,api,拍拍贷#fpd30#api
10001894,5683,20250621,0,Rate36,美团月付,dpd,3,30,3,mob3_dpd30,api,美团月付#mob3_dpd30#api
10001894,5684,20250701,0,Rate36,拍拍贷,dpd,3,60,3,mob3_dpd60,h5,拍拍贷#mob3_dpd60#h5
10001895,5685,20240412,1,Rate36,美团月付,dpd,12,30,12,mob12_dpd30,h5,美团月付#mob12_dpd30#h5
10001895,5686,20250424,1,Rate36,拍拍贷,dpd,12,60,12,mob12_dpd60,h5,拍拍贷#mob12_dpd60#h5
10001895,5687,20250513,0,Rate36,美团月付,dpd,9,60,9,mob9_dpd60,api,美团月付#mob9_dpd60#api
10001896,5688,20260210,1,Rate36,美团月付,dpd,12,30,12,mob12_dpd30,api,美团月付#mob12_dpd30#api
10001896,5689,20241218,0,Rate36,美团月付,dpd,3,30,3,mob3_dpd30,h5,美团月付#mob3_dpd30#h5
10001896,5690,20240326,0,Rate36,美团月付,dpd,12,30,12,mob12_dpd30,h5,美团月付#mob12_dpd30#h5
10001897,5691,20250322,0,Rate36,拍拍贷,dpd,9,30,9,mob9_dpd30,api,拍拍贷#mob9_dpd30#api
10001897,5692,20250526,0,Rate36,拍拍贷,dpd,9,60,9,mob9_dpd60,h5,拍拍贷#mob9_dpd60#h5
10001897,5693,20250118,0,Rate36,拍拍贷,fpd,,30,,fpd30,api,拍拍贷#fpd30#api
10001898,5694,20240709,0,Rate36,美团月付,fpd,,60,,fpd60,api,美团月付#fpd60#api
10001898,5695,20240917,1,Rate36,美团月付,dpd,6,30,6,mob6_dpd30,h5,美团月付#mob6_dpd30#h5
10001898,5696,20250124,0,Rate36,美团月付,dpd,12,30,12,mob12_dpd30,h5,美团月付#mob12_dpd30#h5
10001899,5697,20240406,0,Rate36,拍拍贷,dpd,6,30,6,mob6_dpd30,h5,拍拍贷#mob6_dpd30#h5
10001899,5698,20260226,0,Rate36,美团月付,dpd,6,30,6,mob6_dpd30,h5,美团月付#mob6_dpd30#h5
10001899,5699,20240417,0,Rate36,美团月付,dpd,3,30,3,mob3_dpd30,h5,美团月付#mob3_dpd30#h5
10001900,5700,20241021,0,Rate36,美团月付,dpd,3,60,3,mob3_dpd60,h5,美团月付#mob3_dpd60#h5
10001900,5701,20260221,0,Rate36,拍拍贷,dpd,3,30,3,mob3_dpd30,h5,拍拍贷#mob3_dpd30#h5
10001900,5702,20250517,-2,Rate36,美团月付,dpd,6,60,6,mob6_dpd60,api,美团月付#mob6_dpd60#api
10001901,5703,20250403,-2,Rate36,美团月付,dpd,12,30,12,mob12_dpd30,api,美团月付#mob12_dpd30#api
10001901,5704,20250525,0,Rate36,美团月付,dpd,12,60,12,mob12_dpd60,api,美团月付#mob12_dpd60#api
10001901,5705,20241011,0,Rate36,美团月付,dpd,3,60,3,mob3_dpd60,api,美团月付#mob3_dpd60#api
10001902,5706,20250227,1,Rate36,拍拍贷,fpd,,60,,fpd60,api,拍拍贷#fpd60#api
10001902,5707,20240526,0,Rate36,拍拍贷,dpd,12,30,12,mob12_dpd30,api,拍拍贷#mob12_dpd30#api
10001902,5708,20250902,1,Rate36,拍拍贷,dpd,9,30,9,mob9_dpd30,h5,拍拍贷#mob9_dpd30#h5
10001903,5709,20240418,0,Rate36,拍拍贷,dpd,12,60,12,mob12_dpd60,h5,拍拍贷#mob12_dpd60#h5
10001903,5710,20250204,0,Rate36,美团月付,dpd,3,30,3,mob3_dpd30,h5,美团月付#mob3_dpd30#h5
10001903,5711,20250707,0,Rate36,美团月付,dpd,12,30,12,mob12_dpd30,api,美团月付#mob12_dpd30#api
10001904,5712,20240514,0,Rate36,美团月付,dpd,6,30,6,mob6_dpd30,h5,美团月付#mob6_dpd30#h5
10001904,5713,20240520,0,Rate36,拍拍贷,dpd,12,60,12,mob12_dpd60,api,拍拍贷#mob12_dpd60#api
10001904,5714,20250507,1,Rate36,拍拍贷,dpd,12,30,12,mob12_dpd30,api,拍拍贷#mob12_dpd30#api
10001905,5715,20250901,-2,Rate36,美团月付,dpd,9,60,9,mob9_dpd60,h5,美团月付#mob9_dpd60#h5
10001905,5716,20250322,0,Rate36,拍拍贷,fpd,,30,,fpd30,api,拍拍贷#fpd30#api
10001905,5717,20240808,0,Rate36,拍拍贷,dpd,12,30,12,mob12_dpd30,api,拍拍贷#mob12_dpd30#api
10001906,5718,20250822,0,Rate36,拍拍贷,dpd,3,30,3,mob3_dpd30,h5,拍拍贷#mob3_dpd30#h5
10001906,5719,20250910,-2,Rate36,拍拍贷,dpd,12,30,12,mob12_dpd30,h5,拍拍贷#mob12_dpd30#h5
10001906,5720,20260220,0,Rate36,拍拍贷,dpd,9,60,9,mob9_dpd60,api,拍拍贷#mob9_dpd60#api
10001907,5721,20241109,0,Rate36,美团月付,dpd,6,30,6,mob6_dpd30,api,美团月付#mob6_dpd30#api
10001907,5722,20240318,0,Rate36,美团月付,dpd,12,60,12,mob12_dpd60,h5,美团月付#mob12_dpd60#h5
10001907,5723,20240705,0,Rate36,美团月付,dpd,3,30,3,mob3_dpd30,h5,美团月付#mob3_dpd30#h5
10001908,5724,20250625,0,Rate36,美团月付,fpd,,60,,fpd60,api,美团月付#fpd60#api
10001908,5725,20250815,0,Rate36,美团月付,dpd,9,30,9,mob9_dpd30,h5,美团月付#mob9_dpd30#h5
10001908,5726,20240806,0,Rate36,美团月付,fpd,,30,,fpd30,h5,美团月付#fpd30#h5
10001909,5727,20240826,1,Rate36,拍拍贷,dpd,6,60,6,mob6_dpd60,api,拍拍贷#mob6_dpd60#api
10001909,5728,20260101,0,Rate36,拍拍贷,dpd,12,30,12,mob12_dpd30,api,拍拍贷#mob12_dpd30#api
10001909,5729,20240813,0,Rate36,拍拍贷,dpd,6,60,6,mob6_dpd60,h5,拍拍贷#mob6_dpd60#h5
10001910,5730,20260201,0,Rate36,拍拍贷,dpd,9,60,9,mob9_dpd60,h5,拍拍贷#mob9_dpd60#h5
10001910,5731,20251013,-2,Rate36,拍拍贷,dpd,6,30,6,mob6_dpd30,h5,拍拍贷#mob6_dpd30#h5
10001910,5732,20241209,1,Rate36,拍拍贷,dpd,12,60,12,mob12_dpd60,h5,拍拍贷#mob12_dpd60#h5
10001911,5733,20250501,0,Rate36,美团月付,dpd,3,60,3,mob3_dpd60,h5,美团月付#mob3_dpd60#h5
10001911,5734,20240607,1,Rate36,拍拍贷,dpd,9,30,9,mob9_dpd30,h5,拍拍贷#mob9_dpd30#h5
10001911,5735,20250323,0,Rate36,拍拍贷,dpd,12,60,12,mob12_dpd60,api,拍拍贷#mob12_dpd60#api
10001912,5736,20250520,0,Rate36,美团月付,dpd,6,60,6,mob6_dpd60,api,美团月付#mob6_dpd60#api
10001912,5737,20241217,0,Rate36,拍拍贷,dpd,12,30,12,mob12_dpd30,h5,拍拍贷#mob12_dpd30#h5
10001912,5738,20240823,0,Rate36,拍拍贷,fpd,,30,,fpd30,api,拍拍贷#fpd30#api
10001913,5739,20240615,0,Rate36,拍拍贷,dpd,9,60,9,mob9_dpd60,api,拍拍贷#mob9_dpd60#api
10001913,5740,20240505,0,Rate36,拍拍贷,dpd,6,30,6,mob6_dpd30,api,拍拍贷#mob6_dpd30#api
10001913,5741,20251106,0,Rate36,美团月付,dpd,12,60,12,mob12_dpd60,api,美团月付#mob12_dpd60#api
10001914,5742,20240918,0,Rate36,拍拍贷,dpd,6,30,6,mob6_dpd30,h5,拍拍贷#mob6_dpd30#h5
10001914,5743,20240501,0,Rate36,美团月付,dpd,3,30,3,mob3_dpd30,api,美团月付#mob3_dpd30#api
10001914,5744,20250108,0,Rate36,美团月付,fpd,,30,,fpd30,api,美团月付#fpd30#api
10001915,5745,20251019,0,Rate36,美团月付,fpd,,60,,fpd60,h5,美团月付#fpd60#h5
10001915,5746,20240828,1,Rate36,拍拍贷,dpd,9,30,9,mob9_dpd30,api,拍拍贷#mob9_dpd30#api
10001915,5747,20250424,0,Rate36,拍拍贷,dpd,12,30,12,mob12_dpd30,h5,拍拍贷#mob12_dpd30#h5
10001916,5748,20250826,0,Rate36,拍拍贷,dpd,6,60,6,mob6_dpd60,h5,拍拍贷#mob6_dpd60#h5
10001916,5749,20241201,0,Rate36,拍拍贷,dpd,9,60,9,mob9_dpd60,h5,拍拍贷#mob9_dpd60#h5
10001916,5750,20260128,1,Rate36,美团月付,dpd,12,30,12,mob12_dpd30,api,美团月付#mob12_dpd30#api
10001917,5751,20240923,-2,Rate36,美团月付,fpd,,60,,fpd60,api,美团月付#fpd60#api
10001917,5752,20250226,0,Rate36,拍拍贷,dpd,6,60,6,mob6_dpd60,api,拍拍贷#mob6_dpd60#api
10001917,5753,20260223,0,Rate36,拍拍贷,dpd,3,30,3,mob3_dpd30,api,拍拍贷#mob3_dpd30#api
10001918,5754,20260114,1,Rate36,美团月付,fpd,,60,,fpd60,h5,美团月付#fpd60#h5
10001918,5755,20240619,1,Rate36,拍拍贷,fpd,,30,,fpd30,h5,拍拍贷#fpd30#h5
10001918,5756,20240814,1,Rate36,美团月付,dpd,9,60,9,mob9_dpd60,h5,美团月付#mob9_dpd60#h5
10001919,5757,20250502,0,Rate36,拍拍贷,fpd,,30,,fpd30,api,拍拍贷#fpd30#api
10001919,5758,20250401,0,Rate36,拍拍贷,dpd,3,60,3,mob3_dpd60,h5,拍拍贷#mob3_dpd60#h5
10001919,5759,20241103,1,Rate36,美团月付,dpd,12,60,12,mob12_dpd60,api,美团月付#mob12_dpd60#api
10001920,5760,20241022,0,Rate36,拍拍贷,dpd,12,60,12,mob12_dpd60,h5,拍拍贷#mob12_dpd60#h5
10001920,5761,20251010,1,Rate36,拍拍贷,fpd,,30,,fpd30,h5,拍拍贷#fpd30#h5
10001920,5762,20250416,0,Rate36,美团月付,dpd,9,60,9,mob9_dpd60,h5,美团月付#mob9_dpd60#h5
10001921,5763,20260106,-2,Rate36,美团月付,dpd,9,30,9,mob9_dpd30,api,美团月付#mob9_dpd30#api
10001921,5764,20260209,1,Rate36,拍拍贷,fpd,,30,,fpd30,h5,拍拍贷#fpd30#h5
10001921,5765,20260217,0,Rate36,美团月付,dpd,3,30,3,mob3_dpd30,api,美团月付#mob3_dpd30#api
10001922,5766,20240321,0,Rate36,美团月付,fpd,,60,,fpd60,api,美团月付#fpd60#api
10001922,5767,20250906,0,Rate36,拍拍贷,dpd,3,30,3,mob3_dpd30,h5,拍拍贷#mob3_dpd30#h5
10001922,5768,20260104,0,Rate36,拍拍贷,dpd,9,60,9,mob9_dpd60,h5,拍拍贷#mob9_dpd60#h5
10001923,5769,20240822,0,Rate36,拍拍贷,dpd,9,30,9,mob9_dpd30,h5,拍拍贷#mob9_dpd30#h5
10001923,5770,20250618,0,Rate36,美团月付,dpd,6,30,6,mob6_dpd30,h5,美团月付#mob6_dpd30#h5
10001923,5771,20250123,0,Rate36,美团月付,dpd,3,30,3,mob3_dpd30,h5,美团月付#mob3_dpd30#h5
10001924,5772,20251025,0,Rate36,美团月付,dpd,6,60,6,mob6_dpd60,h5,美团月付#mob6_dpd60#h5
10001924,5773,20241124,0,Rate36,美团月付,dpd,12,30,12,mob12_dpd30,h5,美团月付#mob12_dpd30#h5
10001924,5774,20250105,1,Rate36,美团月付,dpd,9,60,9,mob9_dpd60,api,美团月付#mob9_dpd60#api
10001925,5775,20251214,0,Rate36,拍拍贷,fpd,,60,,fpd60,api,拍拍贷#fpd60#api
10001925,5776,20240505,0,Rate36,拍拍贷,dpd,9,30,9,mob9_dpd30,api,拍拍贷#mob9_dpd30#api
10001925,5777,20250726,0,Rate36,美团月付,fpd,,60,,fpd60,api,美团月付#fpd60#api
10001926,5778,20250717,0,Rate36,美团月付,dpd,6,30,6,mob6_dpd30,api,美团月付#mob6_dpd30#api
10001926,5779,20240621,0,Rate36,美团月付,dpd,3,30,3,mob3_dpd30,h5,美团月付#mob3_dpd30#h5
10001926,5780,20240616,1,Rate36,拍拍贷,dpd,3,60,3,mob3_dpd60,h5,拍拍贷#mob3_dpd60#h5
10001927,5781,20240428,0,Rate36,美团月付,dpd,3,30,3,mob3_dpd30,api,美团月付#mob3_dpd30#api
10001927,5782,20241018,0,Rate36,拍拍贷,dpd,3,30,3,mob3_dpd30,h5,拍拍贷#mob3_dpd30#h5
10001927,5783,20251215,0,Rate36,拍拍贷,dpd,12,60,12,mob12_dpd60,api,拍拍贷#mob12_dpd60#api
10001928,5784,20240523,0,Rate36,拍拍贷,fpd,,30,,fpd30,h5,拍拍贷#fpd30#h5
10001928,5785,20240706,-2,Rate36,美团月付,dpd,9,30,9,mob9_dpd30,h5,美团月付#mob9_dpd30#h5
10001928,5786,20250312,0,Rate36,美团月付,dpd,6,30,6,mob6_dpd30,h5,美团月付#mob6_dpd30#h5
10001929,5787,20250125,0,Rate36,拍拍贷,dpd,6,60,6,mob6_dpd60,h5,拍拍贷#mob6_dpd60#h5
10001929,5788,20240714,0,Rate36,拍拍贷,dpd,6,30,6,mob6_dpd30,api,拍拍贷#mob6_dpd30#api
10001929,5789,20260115,1,Rate36,美团月付,fpd,,30,,fpd30,api,美团月付#fpd30#api
10001930,5790,20240323,0,Rate36,美团月付,dpd,6,60,6,mob6_dpd60,api,美团月付#mob6_dpd60#api
10001930,5791,20240518,0,Rate36,拍拍贷,dpd,6,30,6,mob6_dpd30,h5,拍拍贷#mob6_dpd30#h5
10001930,5792,20250801,0,Rate36,拍拍贷,dpd,12,60,12,mob12_dpd60,api,拍拍贷#mob12_dpd60#api
10001931,5793,20251122,-2,Rate36,美团月付,fpd,,60,,fpd60,h5,美团月付#fpd60#h5
10001931,5794,20250815,0,Rate36,拍拍贷,dpd,6,60,6,mob6_dpd60,h5,拍拍贷#mob6_dpd60#h5
10001931,5795,20250402,0,Rate36,拍拍贷,dpd,6,30,6,mob6_dpd30,h5,拍拍贷#mob6_dpd30#h5
10001932,5796,20240502,0,Rate36,拍拍贷,fpd,,30,,fpd30,h5,拍拍贷#fpd30#h5
10001932,5797,20240512,0,Rate36,美团月付,dpd,3,30,3,mob3_dpd30,api,美团月付#mob3_dpd30#api
10001932,5798,20250407,0,Rate36,美团月付,dpd,12,30,12,mob12_dpd30,h5,美团月付#mob12_dpd30#h5
10001933,5799,20240405,0,Rate36,美团月付,fpd,,30,,fpd30,api,美团月付#fpd30#api
10001933,5800,20250419,0,Rate36,拍拍贷,dpd,6,30,6,mob6_dpd30,h5,拍拍贷#mob6_dpd30#h5
10001933,5801,20240307,1,Rate36,美团月付,dpd,6,30,6,mob6_dpd30,api,美团月付#mob6_dpd30#api
10001934,5802,20250501,0,Rate36,拍拍贷,fpd,,60,,fpd60,api,拍拍贷#fpd60#api
10001934,5803,20240328,0,Rate36,美团月付,fpd,,60,,fpd60,api,美团月付#fpd60#api
10001934,5804,20251122,0,Rate36,美团月付,dpd,9,60,9,mob9_dpd60,api,美团月付#mob9_dpd60#api
10001935,5805,20240819,1,Rate36,美团月付,dpd,9,30,9,mob9_dpd30,h5,美团月付#mob9_dpd30#h5
10001935,5806,20260112,1,Rate36,美团月付,dpd,9,60,9,mob9_dpd60,api,美团月付#mob9_dpd60#api
10001935,5807,20250816,1,Rate36,拍拍贷,dpd,12,30,12,mob12_dpd30,h5,拍拍贷#mob12_dpd30#h5
10001936,5808,20250619,0,Rate36,美团月付,dpd,6,60,6,mob6_dpd60,h5,美团月付#mob6_dpd60#h5
10001936,5809,20241122,0,Rate36,拍拍贷,dpd,12,30,12,mob12_dpd30,api,拍拍贷#mob12_dpd30#api
10001936,5810,20250804,0,Rate36,拍拍贷,fpd,,60,,fpd60,api,拍拍贷#fpd60#api
10001937,5811,20240810,1,Rate36,美团月付,dpd,12,30,12,mob12_dpd30,api,美团月付#mob12_dpd30#api
10001937,5812,20250819,0,Rate36,美团月付,fpd,,60,,fpd60,api,美团月付#fpd60#api
10001937,5813,20260105,0,Rate36,拍拍贷,dpd,9,30,9,mob9_dpd30,api,拍拍贷#mob9_dpd30#api
10001938,5814,20241024,0,Rate36,美团月付,dpd,9,60,9,mob9_dpd60,h5,美团月付#mob9_dpd60#h5
10001938,5815,20260122,0,Rate36,美团月付,dpd,6,30,6,mob6_dpd30,h5,美团月付#mob6_dpd30#h5
10001938,5816,20250324,0,Rate36,拍拍贷,dpd,9,30,9,mob9_dpd30,h5,拍拍贷#mob9_dpd30#h5
10001939,5817,20250701,0,Rate36,拍拍贷,dpd,9,60,9,mob9_dpd60,api,拍拍贷#mob9_dpd60#api
10001939,5818,20240425,0,Rate36,拍拍贷,fpd,,30,,fpd30,api,拍拍贷#fpd30#api
10001939,5819,20250728,0,Rate36,美团月付,dpd,12,30,12,mob12_dpd30,api,美团月付#mob12_dpd30#api
10001940,5820,20250507,1,Rate36,拍拍贷,dpd,9,60,9,mob9_dpd60,h5,拍拍贷#mob9_dpd60#h5
10001940,5821,20240623,0,Rate36,美团月付,dpd,12,60,12,mob12_dpd60,api,美团月付#mob12_dpd60#api
10001940,5822,20251107,0,Rate36,拍拍贷,fpd,,60,,fpd60,api,拍拍贷#fpd60#api
10001941,5823,20250802,0,Rate36,美团月付,dpd,9,60,9,mob9_dpd60,api,美团月付#mob9_dpd60#api
10001941,5824,20240626,0,Rate36,拍拍贷,fpd,,30,,fpd30,h5,拍拍贷#fpd30#h5
10001941,5825,20250223,0,Rate36,拍拍贷,dpd,9,30,9,mob9_dpd30,api,拍拍贷#mob9_dpd30#api
10001942,5826,20251221,1,Rate36,美团月付,dpd,6,60,6,mob6_dpd60,h5,美团月付#mob6_dpd60#h5
10001942,5827,20250414,0,Rate36,拍拍贷,dpd,3,30,3,mob3_dpd30,h5,拍拍贷#mob3_dpd30#h5
10001942,5828,20250108,0,Rate36,美团月付,dpd,12,30,12,mob12_dpd30,h5,美团月付#mob12_dpd30#h5
10001943,5829,20250723,-2,Rate36,美团月付,dpd,6,60,6,mob6_dpd60,h5,美团月付#mob6_dpd60#h5
10001943,5830,20251125,0,Rate36,拍拍贷,dpd,9,30,9,mob9_dpd30,api,拍拍贷#mob9_dpd30#api
10001943,5831,20240311,-2,Rate36,拍拍贷,fpd,,30,,fpd30,api,拍拍贷#fpd30#api
10001944,5832,20241003,0,Rate36,美团月付,fpd,,60,,fpd60,h5,美团月付#fpd60#h5
10001944,5833,20250525,-2,Rate36,美团月付,dpd,9,60,9,mob9_dpd60,h5,美团月付#mob9_dpd60#h5
10001944,5834,20250327,-2,Rate36,拍拍贷,dpd,12,30,12,mob12_dpd30,api,拍拍贷#mob12_dpd30#api
10001945,5835,20250902,0,Rate36,拍拍贷,dpd,3,30,3,mob3_dpd30,h5,拍拍贷#mob3_dpd30#h5
10001945,5836,20250301,1,Rate36,美团月付,dpd,12,30,12,mob12_dpd30,h5,美团月付#mob12_dpd30#h5
10001945,5837,20250605,0,Rate36,美团月付,dpd,6,60,6,mob6_dpd60,h5,美团月付#mob6_dpd60#h5
10001946,5838,20241104,0,Rate36,美团月付,fpd,,30,,fpd30,api,美团月付#fpd30#api
10001946,5839,20250506,0,Rate36,美团月付,dpd,6,60,6,mob6_dpd60,api,美团月付#mob6_dpd60#api
10001946,5840,20240309,0,Rate36,美团月付,dpd,6,30,6,mob6_dpd30,api,美团月付#mob6_dpd30#api
10001947,5841,20240807,0,Rate36,拍拍贷,dpd,6,60,6,mob6_dpd60,api,拍拍贷#mob6_dpd60#api
10001947,5842,20250924,0,Rate36,美团月付,dpd,9,60,9,mob9_dpd60,h5,美团月付#mob9_dpd60#h5
10001947,5843,20240322,1,Rate36,美团月付,dpd,9,30,9,mob9_dpd30,h5,美团月付#mob9_dpd30#h5
10001948,5844,20250913,1,Rate36,拍拍贷,dpd,12,30,12,mob12_dpd30,h5,拍拍贷#mob12_dpd30#h5
10001948,5845,20250621,-2,Rate36,拍拍贷,dpd,12,60,12,mob12_dpd60,api,拍拍贷#mob12_dpd60#api
10001948,5846,20240906,-2,Rate36,拍拍贷,dpd,6,60,6,mob6_dpd60,api,拍拍贷#mob6_dpd60#api
10001949,5847,20240806,0,Rate36,拍拍贷,dpd,12,30,12,mob12_dpd30,h5,拍拍贷#mob12_dpd30#h5
10001949,5848,20240316,-2,Rate36,拍拍贷,fpd,,60,,fpd60,h5,拍拍贷#fpd60#h5
10001949,5849,20250117,0,Rate36,美团月付,dpd,9,60,9,mob9_dpd60,h5,美团月付#mob9_dpd60#h5
10001950,5850,20250124,0,Rate36,拍拍贷,dpd,12,30,12,mob12_dpd30,h5,拍拍贷#mob12_dpd30#h5
10001950,5851,20240907,0,Rate36,美团月付,dpd,12,60,12,mob12_dpd60,h5,美团月付#mob12_dpd60#h5
10001950,5852,20250412,0,Rate36,美团月付,dpd,9,60,9,mob9_dpd60,h5,美团月付#mob9_dpd60#h5
10001951,5853,20240725,1,Rate36,拍拍贷,fpd,,60,,fpd60,h5,拍拍贷#fpd60#h5
10001951,5854,20241120,0,Rate36,拍拍贷,dpd,9,60,9,mob9_dpd60,api,拍拍贷#mob9_dpd60#api
10001951,5855,20240908,-2,Rate36,美团月付,dpd,12,60,12,mob12_dpd60,api,美团月付#mob12_dpd60#api
10001952,5856,20241224,0,Rate36,拍拍贷,fpd,,30,,fpd30,h5,拍拍贷#fpd30#h5
10001952,5857,20250624,-2,Rate36,美团月付,dpd,9,60,9,mob9_dpd60,h5,美团月付#mob9_dpd60#h5
10001952,5858,20260101,0,Rate36,美团月付,dpd,9,30,9,mob9_dpd30,api,美团月付#mob9_dpd30#api
10001953,5859,20251110,0,Rate36,美团月付,dpd,12,30,12,mob12_dpd30,h5,美团月付#mob12_dpd30#h5
10001953,5860,20240526,1,Rate36,拍拍贷,dpd,9,30,9,mob9_dpd30,api,拍拍贷#mob9_dpd30#api
10001953,5861,20250323,0,Rate36,拍拍贷,fpd,,30,,fpd30,h5,拍拍贷#fpd30#h5
10001954,5862,20241122,0,Rate36,拍拍贷,fpd,,30,,fpd30,api,拍拍贷#fpd30#api
10001954,5863,20240419,0,Rate36,美团月付,dpd,3,30,3,mob3_dpd30,api,美团月付#mob3_dpd30#api
10001954,5864,20241020,0,Rate36,美团月付,fpd,,60,,fpd60,h5,美团月付#fpd60#h5
10001955,5865,20250921,0,Rate36,拍拍贷,dpd,9,30,9,mob9_dpd30,h5,拍拍贷#mob9_dpd30#h5
10001955,5866,20241104,1,Rate36,拍拍贷,dpd,9,30,9,mob9_dpd30,api,拍拍贷#mob9_dpd30#api
10001955,5867,20240925,-2,Rate36,拍拍贷,dpd,6,60,6,mob6_dpd60,h5,拍拍贷#mob6_dpd60#h5
10001956,5868,20241012,1,Rate36,拍拍贷,dpd,12,30,12,mob12_dpd30,api,拍拍贷#mob12_dpd30#api
10001956,5869,20241224,0,Rate36,美团月付,fpd,,30,,fpd30,api,美团月付#fpd30#api
10001956,5870,20250219,0,Rate36,美团月付,dpd,6,60,6,mob6_dpd60,api,美团月付#mob6_dpd60#api
10001957,5871,20240405,0,Rate36,美团月付,dpd,3,60,3,mob3_dpd60,h5,美团月付#mob3_dpd60#h5
10001957,5872,20240628,0,Rate36,拍拍贷,dpd,12,30,12,mob12_dpd30,api,拍拍贷#mob12_dpd30#api
10001957,5873,20250302,0,Rate36,拍拍贷,dpd,12,30,12,mob12_dpd30,api,拍拍贷#mob12_dpd30#api
10001958,5874,20251025,1,Rate36,拍拍贷,fpd,,60,,fpd60,api,拍拍贷#fpd60#api
10001958,5875,20240824,0,Rate36,拍拍贷,fpd,,60,,fpd60,h5,拍拍贷#fpd60#h5
10001958,5876,20241001,1,Rate36,拍拍贷,fpd,,60,,fpd60,h5,拍拍贷#fpd60#h5
10001959,5877,20251024,0,Rate36,拍拍贷,dpd,3,30,3,mob3_dpd30,api,拍拍贷#mob3_dpd30#api
10001959,5878,20260213,0,Rate36,拍拍贷,dpd,3,60,3,mob3_dpd60,api,拍拍贷#mob3_dpd60#api
10001959,5879,20250322,1,Rate36,拍拍贷,dpd,12,30,12,mob12_dpd30,h5,拍拍贷#mob12_dpd30#h5
10001960,5880,20241026,0,Rate36,美团月付,dpd,9,60,9,mob9_dpd60,h5,美团月付#mob9_dpd60#h5
10001960,5881,20240411,-2,Rate36,美团月付,fpd,,30,,fpd30,api,美团月付#fpd30#api
10001960,5882,20241028,0,Rate36,美团月付,dpd,12,60,12,mob12_dpd60,h5,美团月付#mob12_dpd60#h5
10001961,5883,20250426,1,Rate36,拍拍贷,dpd,6,30,6,mob6_dpd30,h5,拍拍贷#mob6_dpd30#h5
10001961,5884,20250320,0,Rate36,美团月付,dpd,9,60,9,mob9_dpd60,h5,美团月付#mob9_dpd60#h5
10001961,5885,20260206,0,Rate36,美团月付,fpd,,30,,fpd30,h5,美团月付#fpd30#h5
10001962,5886,20250424,0,Rate36,拍拍贷,dpd,6,30,6,mob6_dpd30,h5,拍拍贷#mob6_dpd30#h5
10001962,5887,20250126,0,Rate36,拍拍贷,dpd,9,60,9,mob9_dpd60,h5,拍拍贷#mob9_dpd60#h5
10001962,5888,20241227,0,Rate36,拍拍贷,dpd,6,60,6,mob6_dpd60,h5,拍拍贷#mob6_dpd60#h5
10001963,5889,20250923,0,Rate36,美团月付,dpd,12,30,12,mob12_dpd30,h5,美团月付#mob12_dpd30#h5
10001963,5890,20251002,0,Rate36,拍拍贷,dpd,6,30,6,mob6_dpd30,h5,拍拍贷#mob6_dpd30#h5
10001963,5891,20250625,0,Rate36,拍拍贷,dpd,3,60,3,mob3_dpd60,h5,拍拍贷#mob3_dpd60#h5
10001964,5892,20250426,0,Rate36,拍拍贷,dpd,3,30,3,mob3_dpd30,h5,拍拍贷#mob3_dpd30#h5
10001964,5893,20250420,0,Rate36,美团月付,dpd,9,60,9,mob9_dpd60,h5,美团月付#mob9_dpd60#h5
10001964,5894,20250419,0,Rate36,美团月付,dpd,6,30,6,mob6_dpd30,api,美团月付#mob6_dpd30#api
10001965,5895,20260127,-2,Rate36,美团月付,dpd,9,30,9,mob9_dpd30,api,美团月付#mob9_dpd30#api
10001965,5896,20240912,0,Rate36,拍拍贷,fpd,,30,,fpd30,api,拍拍贷#fpd30#api
10001965,5897,20250917,0,Rate36,美团月付,fpd,,30,,fpd30,api,美团月付#fpd30#api
10001966,5898,20251120,1,Rate36,拍拍贷,dpd,12,30,12,mob12_dpd30,api,拍拍贷#mob12_dpd30#api
10001966,5899,20250809,0,Rate36,美团月付,dpd,6,30,6,mob6_dpd30,h5,美团月付#mob6_dpd30#h5
10001966,5900,20250601,1,Rate36,拍拍贷,dpd,12,30,12,mob12_dpd30,h5,拍拍贷#mob12_dpd30#h5
10001967,5901,20250411,0,Rate36,拍拍贷,dpd,6,60,6,mob6_dpd60,api,拍拍贷#mob6_dpd60#api
10001967,5902,20260219,0,Rate36,拍拍贷,dpd,9,60,9,mob9_dpd60,api,拍拍贷#mob9_dpd60#api
10001967,5903,20250305,0,Rate36,拍拍贷,dpd,9,30,9,mob9_dpd30,h5,拍拍贷#mob9_dpd30#h5
10001968,5904,20250210,0,Rate36,拍拍贷,dpd,6,60,6,mob6_dpd60,h5,拍拍贷#mob6_dpd60#h5
10001968,5905,20240526,0,Rate36,美团月付,dpd,6,30,6,mob6_dpd30,h5,美团月付#mob6_dpd30#h5
10001968,5906,20251023,0,Rate36,拍拍贷,dpd,9,60,9,mob9_dpd60,h5,拍拍贷#mob9_dpd60#h5
10001969,5907,20250215,0,Rate36,美团月付,dpd,6,30,6,mob6_dpd30,api,美团月付#mob6_dpd30#api
10001969,5908,20251120,0,Rate36,拍拍贷,fpd,,60,,fpd60,h5,拍拍贷#fpd60#h5
10001969,5909,20250914,0,Rate36,美团月付,dpd,9,60,9,mob9_dpd60,api,美团月付#mob9_dpd60#api
10001970,5910,20240712,-2,Rate36,美团月付,fpd,,30,,fpd30,api,美团月付#fpd30#api
10001970,5911,20241208,0,Rate36,拍拍贷,dpd,12,60,12,mob12_dpd60,api,拍拍贷#mob12_dpd60#api
10001970,5912,20251206,1,Rate36,拍拍贷,dpd,6,30,6,mob6_dpd30,api,拍拍贷#mob6_dpd30#api
10001971,5913,20241112,0,Rate36,美团月付,dpd,9,60,9,mob9_dpd60,api,美团月付#mob9_dpd60#api
10001971,5914,20240419,0,Rate36,拍拍贷,dpd,6,30,6,mob6_dpd30,h5,拍拍贷#mob6_dpd30#h5
10001971,5915,20251217,0,Rate36,拍拍贷,fpd,,60,,fpd60,h5,拍拍贷#fpd60#h5
10001972,5916,20240510,0,Rate36,美团月付,dpd,9,60,9,mob9_dpd60,h5,美团月付#mob9_dpd60#h5
10001972,5917,20251116,0,Rate36,拍拍贷,fpd,,60,,fpd60,h5,拍拍贷#fpd60#h5
10001972,5918,20250408,0,Rate36,拍拍贷,dpd,6,60,6,mob6_dpd60,h5,拍拍贷#mob6_dpd60#h5
10001973,5919,20240710,0,Rate36,拍拍贷,dpd,6,60,6,mob6_dpd60,api,拍拍贷#mob6_dpd60#api
10001973,5920,20240321,0,Rate36,美团月付,dpd,3,30,3,mob3_dpd30,h5,美团月付#mob3_dpd30#h5
10001973,5921,20250404,1,Rate36,美团月付,dpd,12,60,12,mob12_dpd60,api,美团月付#mob12_dpd60#api
10001974,5922,20240620,1,Rate36,拍拍贷,dpd,6,60,6,mob6_dpd60,h5,拍拍贷#mob6_dpd60#h5
10001974,5923,20241121,1,Rate36,拍拍贷,dpd,12,60,12,mob12_dpd60,api,拍拍贷#mob12_dpd60#api
10001974,5924,20250524,0,Rate36,拍拍贷,dpd,12,60,12,mob12_dpd60,api,拍拍贷#mob12_dpd60#api
10001975,5925,20250307,0,Rate36,美团月付,dpd,3,60,3,mob3_dpd60,api,美团月付#mob3_dpd60#api
10001975,5926,20260117,0,Rate36,拍拍贷,dpd,6,60,6,mob6_dpd60,h5,拍拍贷#mob6_dpd60#h5
10001975,5927,20240306,0,Rate36,拍拍贷,dpd,12,30,12,mob12_dpd30,api,拍拍贷#mob12_dpd30#api
10001976,5928,20260118,0,Rate36,美团月付,fpd,,60,,fpd60,api,美团月付#fpd60#api
10001976,5929,20250921,1,Rate36,美团月付,dpd,3,30,3,mob3_dpd30,api,美团月付#mob3_dpd30#api
10001976,5930,20260122,0,Rate36,拍拍贷,dpd,9,60,9,mob9_dpd60,h5,拍拍贷#mob9_dpd60#h5
10001977,5931,20240709,1,Rate36,拍拍贷,dpd,12,60,12,mob12_dpd60,api,拍拍贷#mob12_dpd60#api
10001977,5932,20250928,0,Rate36,美团月付,dpd,12,60,12,mob12_dpd60,h5,美团月付#mob12_dpd60#h5
10001977,5933,20251011,-2,Rate36,拍拍贷,dpd,9,30,9,mob9_dpd30,h5,拍拍贷#mob9_dpd30#h5
10001978,5934,20240611,0,Rate36,拍拍贷,dpd,3,30,3,mob3_dpd30,h5,拍拍贷#mob3_dpd30#h5
10001978,5935,20251225,0,Rate36,美团月付,dpd,9,30,9,mob9_dpd30,h5,美团月付#mob9_dpd30#h5
10001978,5936,20251223,0,Rate36,拍拍贷,dpd,6,60,6,mob6_dpd60,h5,拍拍贷#mob6_dpd60#h5
10001979,5937,20250927,0,Rate36,美团月付,dpd,6,30,6,mob6_dpd30,api,美团月付#mob6_dpd30#api
10001979,5938,20240623,0,Rate36,美团月付,dpd,6,60,6,mob6_dpd60,h5,美团月付#mob6_dpd60#h5
10001979,5939,20251008,0,Rate36,美团月付,dpd,9,60,9,mob9_dpd60,h5,美团月付#mob9_dpd60#h5
10001980,5940,20240718,0,Rate36,拍拍贷,dpd,3,30,3,mob3_dpd30,api,拍拍贷#mob3_dpd30#api
10001980,5941,20240513,0,Rate36,美团月付,dpd,9,30,9,mob9_dpd30,h5,美团月付#mob9_dpd30#h5
10001980,5942,20260209,1,Rate36,拍拍贷,dpd,9,60,9,mob9_dpd60,h5,拍拍贷#mob9_dpd60#h5
10001981,5943,20251101,1,Rate36,美团月付,dpd,12,60,12,mob12_dpd60,api,美团月付#mob12_dpd60#api
10001981,5944,20241118,0,Rate36,拍拍贷,dpd,3,60,3,mob3_dpd60,api,拍拍贷#mob3_dpd60#api
10001981,5945,20250713,0,Rate36,拍拍贷,fpd,,30,,fpd30,h5,拍拍贷#fpd30#h5
10001982,5946,20240920,0,Rate36,美团月付,dpd,9,30,9,mob9_dpd30,api,美团月付#mob9_dpd30#api
10001982,5947,20250209,0,Rate36,拍拍贷,dpd,6,60,6,mob6_dpd60,api,拍拍贷#mob6_dpd60#api
10001982,5948,20240410,-2,Rate36,美团月付,dpd,12,60,12,mob12_dpd60,h5,美团月付#mob12_dpd60#h5
10001983,5949,20241118,0,Rate36,拍拍贷,dpd,12,60,12,mob12_dpd60,h5,拍拍贷#mob12_dpd60#h5
10001983,5950,20241122,1,Rate36,拍拍贷,dpd,12,60,12,mob12_dpd60,h5,拍拍贷#mob12_dpd60#h5
10001983,5951,20250916,0,Rate36,美团月付,dpd,9,60,9,mob9_dpd60,h5,美团月付#mob9_dpd60#h5
10001984,5952,20240608,1,Rate36,美团月付,dpd,12,30,12,mob12_dpd30,api,美团月付#mob12_dpd30#api
10001984,5953,20251217,0,Rate36,拍拍贷,dpd,9,60,9,mob9_dpd60,api,拍拍贷#mob9_dpd60#api
10001984,5954,20241125,1,Rate36,美团月付,dpd,6,60,6,mob6_dpd60,h5,美团月付#mob6_dpd60#h5
10001985,5955,20250706,0,Rate36,拍拍贷,dpd,9,60,9,mob9_dpd60,h5,拍拍贷#mob9_dpd60#h5
10001985,5956,20240903,0,Rate36,美团月付,dpd,6,30,6,mob6_dpd30,api,美团月付#mob6_dpd30#api
10001985,5957,20250503,0,Rate36,美团月付,fpd,,30,,fpd30,h5,美团月付#fpd30#h5
10001986,5958,20250812,1,Rate36,美团月付,dpd,3,30,3,mob3_dpd30,api,美团月付#mob3_dpd30#api
10001986,5959,20250311,1,Rate36,拍拍贷,dpd,6,60,6,mob6_dpd60,h5,拍拍贷#mob6_dpd60#h5
10001986,5960,20240701,0,Rate36,美团月付,dpd,9,30,9,mob9_dpd30,api,美团月付#mob9_dpd30#api
10001987,5961,20250412,0,Rate36,拍拍贷,dpd,6,30,6,mob6_dpd30,api,拍拍贷#mob6_dpd30#api
10001987,5962,20250315,0,Rate36,拍拍贷,dpd,6,60,6,mob6_dpd60,api,拍拍贷#mob6_dpd60#api
10001987,5963,20250127,0,Rate36,美团月付,dpd,3,60,3,mob3_dpd60,h5,美团月付#mob3_dpd60#h5
10001988,5964,20250919,0,Rate36,美团月付,dpd,9,60,9,mob9_dpd60,h5,美团月付#mob9_dpd60#h5
10001988,5965,20240504,0,Rate36,拍拍贷,dpd,3,60,3,mob3_dpd60,api,拍拍贷#mob3_dpd60#api
10001988,5966,20241016,1,Rate36,拍拍贷,fpd,,60,,fpd60,h5,拍拍贷#fpd60#h5
10001989,5967,20250827,0,Rate36,美团月付,dpd,9,60,9,mob9_dpd60,api,美团月付#mob9_dpd60#api
10001989,5968,20241113,0,Rate36,拍拍贷,dpd,9,30,9,mob9_dpd30,api,拍拍贷#mob9_dpd30#api
10001989,5969,20240627,0,Rate36,拍拍贷,fpd,,30,,fpd30,api,拍拍贷#fpd30#api
10001990,5970,20240827,0,Rate36,拍拍贷,fpd,,30,,fpd30,h5,拍拍贷#fpd30#h5
10001990,5971,20250318,0,Rate36,美团月付,dpd,12,60,12,mob12_dpd60,h5,美团月付#mob12_dpd60#h5
10001990,5972,20250219,0,Rate36,美团月付,dpd,3,30,3,mob3_dpd30,api,美团月付#mob3_dpd30#api
10001991,5973,20250405,0,Rate36,美团月付,dpd,3,30,3,mob3_dpd30,h5,美团月付#mob3_dpd30#h5
10001991,5974,20250919,0,Rate36,美团月付,dpd,6,60,6,mob6_dpd60,h5,美团月付#mob6_dpd60#h5
10001991,5975,20250418,0,Rate36,拍拍贷,dpd,9,30,9,mob9_dpd30,h5,拍拍贷#mob9_dpd30#h5
10001992,5976,20240814,0,Rate36,美团月付,dpd,12,60,12,mob12_dpd60,h5,美团月付#mob12_dpd60#h5
10001992,5977,20250128,-2,Rate36,拍拍贷,dpd,9,30,9,mob9_dpd30,api,拍拍贷#mob9_dpd30#api
10001992,5978,20250103,0,Rate36,拍拍贷,dpd,12,60,12,mob12_dpd60,h5,拍拍贷#mob12_dpd60#h5
10001993,5979,20240912,0,Rate36,美团月付,dpd,3,30,3,mob3_dpd30,h5,美团月付#mob3_dpd30#h5
10001993,5980,20251216,0,Rate36,拍拍贷,fpd,,30,,fpd30,h5,拍拍贷#fpd30#h5
10001993,5981,20250528,0,Rate36,拍拍贷,fpd,,30,,fpd30,h5,拍拍贷#fpd30#h5
10001994,5982,20240402,0,Rate36,拍拍贷,dpd,3,60,3,mob3_dpd60,h5,拍拍贷#mob3_dpd60#h5
10001994,5983,20240503,0,Rate36,拍拍贷,fpd,,60,,fpd60,api,拍拍贷#fpd60#api
10001994,5984,20251223,0,Rate36,美团月付,dpd,9,60,9,mob9_dpd60,h5,美团月付#mob9_dpd60#h5
10001995,5985,20240317,0,Rate36,美团月付,fpd,,30,,fpd30,api,美团月付#fpd30#api
10001995,5986,20241109,0,Rate36,拍拍贷,fpd,,30,,fpd30,api,拍拍贷#fpd30#api
10001995,5987,20240522,0,Rate36,拍拍贷,fpd,,30,,fpd30,h5,拍拍贷#fpd30#h5
10001996,5988,20241208,0,Rate36,美团月付,dpd,12,30,12,mob12_dpd30,h5,美团月付#mob12_dpd30#h5
10001996,5989,20240813,0,Rate36,美团月付,fpd,,60,,fpd60,api,美团月付#fpd60#api
10001996,5990,20240627,-2,Rate36,拍拍贷,dpd,9,30,9,mob9_dpd30,api,拍拍贷#mob9_dpd30#api
10001997,5991,20250201,0,Rate36,美团月付,dpd,9,30,9,mob9_dpd30,api,美团月付#mob9_dpd30#api
10001997,5992,20250414,0,Rate36,拍拍贷,dpd,12,30,12,mob12_dpd30,api,拍拍贷#mob12_dpd30#api
10001997,5993,20240802,0,Rate36,美团月付,fpd,,60,,fpd60,h5,美团月付#fpd60#h5
10001998,5994,20241125,0,Rate36,美团月付,fpd,,30,,fpd30,h5,美团月付#fpd30#h5
10001998,5995,20240412,0,Rate36,美团月付,fpd,,30,,fpd30,h5,美团月付#fpd30#h5
10001998,5996,20260123,0,Rate36,拍拍贷,dpd,9,60,9,mob9_dpd60,api,拍拍贷#mob9_dpd60#api
10001999,5997,20250503,0,Rate36,美团月付,fpd,,30,,fpd30,api,美团月付#fpd30#api
10001999,5998,20250612,1,Rate36,拍拍贷,fpd,,60,,fpd60,api,拍拍贷#fpd60#api
10001999,5999,20250812,0,Rate36,美团月付,dpd,3,60,3,mob3_dpd60,h5,美团月付#mob3_dpd60#h5
10002000,6000,20260110,0,Rate36,拍拍贷,dpd,9,30,9,mob9_dpd30,api,拍拍贷#mob9_dpd30#api
10002000,6001,20260116,0,Rate36,拍拍贷,dpd,6,60,6,mob6_dpd60,h5,拍拍贷#mob6_dpd60#h5
10002000,6002,20240902,0,Rate36,美团月付,dpd,6,30,6,mob6_dpd30,h5,美团月付#mob6_dpd30#h5
10002001,6003,20241218,1,Rate36,拍拍贷,dpd,9,30,9,mob9_dpd30,api,拍拍贷#mob9_dpd30#api
10002001,6004,20250425,0,Rate36,拍拍贷,dpd,6,30,6,mob6_dpd30,h5,拍拍贷#mob6_dpd30#h5
10002001,6005,20250914,0,Rate36,美团月付,dpd,9,60,9,mob9_dpd60,api,美团月付#mob9_dpd60#api
10002002,6006,20250614,0,Rate36,拍拍贷,dpd,6,60,6,mob6_dpd60,api,拍拍贷#mob6_dpd60#api
10002002,6007,20240403,0,Rate36,美团月付,dpd,3,30,3,mob3_dpd30,api,美团月付#mob3_dpd30#api
10002002,6008,20250902,0,Rate36,美团月付,dpd,6,60,6,mob6_dpd60,api,美团月付#mob6_dpd60#api
10002003,6009,20250204,1,Rate36,拍拍贷,dpd,6,60,6,mob6_dpd60,api,拍拍贷#mob6_dpd60#api
10002003,6010,20260109,0,Rate36,美团月付,dpd,9,30,9,mob9_dpd30,h5,美团月付#mob9_dpd30#h5
10002003,6011,20240710,0,Rate36,拍拍贷,dpd,3,30,3,mob3_dpd30,api,拍拍贷#mob3_dpd30#api
10002004,6012,20241118,0,Rate36,拍拍贷,fpd,,60,,fpd60,api,拍拍贷#fpd60#api
10002004,6013,20241110,0,Rate36,拍拍贷,dpd,9,30,9,mob9_dpd30,api,拍拍贷#mob9_dpd30#api
10002004,6014,20250913,0,Rate36,拍拍贷,dpd,3,30,3,mob3_dpd30,api,拍拍贷#mob3_dpd30#api
10002005,6015,20240702,0,Rate36,拍拍贷,dpd,9,30,9,mob9_dpd30,api,拍拍贷#mob9_dpd30#api
10002005,6016,20250504,0,Rate36,美团月付,dpd,6,30,6,mob6_dpd30,api,美团月付#mob6_dpd30#api
10002005,6017,20241019,0,Rate36,美团月付,dpd,6,30,6,mob6_dpd30,h5,美团月付#mob6_dpd30#h5
10002006,6018,20240825,0,Rate36,拍拍贷,dpd,9,60,9,mob9_dpd60,api,拍拍贷#mob9_dpd60#api
10002006,6019,20250618,0,Rate36,美团月付,dpd,12,30,12,mob12_dpd30,api,美团月付#mob12_dpd30#api
10002006,6020,20251226,1,Rate36,拍拍贷,dpd,9,60,9,mob9_dpd60,api,拍拍贷#mob9_dpd60#api
10002007,6021,20251027,-2,Rate36,美团月付,dpd,9,30,9,mob9_dpd30,h5,美团月付#mob9_dpd30#h5
10002007,6022,20250103,0,Rate36,美团月付,dpd,3,30,3,mob3_dpd30,api,美团月付#mob3_dpd30#api
10002007,6023,20240726,0,Rate36,美团月付,dpd,3,30,3,mob3_dpd30,h5,美团月付#mob3_dpd30#h5
10002008,6024,20251112,-2,Rate36,美团月付,dpd,12,60,12,mob12_dpd60,h5,美团月付#mob12_dpd60#h5
10002008,6025,20240728,1,Rate36,拍拍贷,dpd,9,30,9,mob9_dpd30,api,拍拍贷#mob9_dpd30#api
10002008,6026,20240421,1,Rate36,拍拍贷,dpd,12,30,12,mob12_dpd30,h5,拍拍贷#mob12_dpd30#h5
10002009,6027,20260217,0,Rate36,拍拍贷,fpd,,30,,fpd30,api,拍拍贷#fpd30#api
10002009,6028,20251125,1,Rate36,美团月付,dpd,6,60,6,mob6_dpd60,api,美团月付#mob6_dpd60#api
10002009,6029,20250403,0,Rate36,拍拍贷,dpd,3,60,3,mob3_dpd60,api,拍拍贷#mob3_dpd60#api
10002010,6030,20251119,0,Rate36,美团月付,dpd,3,30,3,mob3_dpd30,h5,美团月付#mob3_dpd30#h5
10002010,6031,20240805,-2,Rate36,美团月付,dpd,9,30,9,mob9_dpd30,h5,美团月付#mob9_dpd30#h5
10002010,6032,20250311,1,Rate36,美团月付,dpd,9,60,9,mob9_dpd60,api,美团月付#mob9_dpd60#api
10002011,6033,20241018,-2,Rate36,拍拍贷,dpd,9,60,9,mob9_dpd60,api,拍拍贷#mob9_dpd60#api
10002011,6034,20240602,-2,Rate36,美团月付,dpd,3,60,3,mob3_dpd60,h5,美团月付#mob3_dpd60#h5
10002011,6035,20241015,1,Rate36,拍拍贷,fpd,,30,,fpd30,h5,拍拍贷#fpd30#h5
10002012,6036,20241220,-2,Rate36,美团月付,dpd,9,30,9,mob9_dpd30,api,美团月付#mob9_dpd30#api
10002012,6037,20251227,0,Rate36,拍拍贷,dpd,3,30,3,mob3_dpd30,api,拍拍贷#mob3_dpd30#api
10002012,6038,20251017,0,Rate36,美团月付,dpd,3,60,3,mob3_dpd60,api,美团月付#mob3_dpd60#api
10002013,6039,20241221,0,Rate36,美团月付,dpd,6,30,6,mob6_dpd30,h5,美团月付#mob6_dpd30#h5
10002013,6040,20240602,0,Rate36,拍拍贷,dpd,3,60,3,mob3_dpd60,h5,拍拍贷#mob3_dpd60#h5
10002013,6041,20250713,0,Rate36,美团月付,fpd,,30,,fpd30,api,美团月付#fpd30#api
10002014,6042,20240607,-2,Rate36,美团月付,dpd,6,30,6,mob6_dpd30,h5,美团月付#mob6_dpd30#h5
10002014,6043,20250312,0,Rate36,拍拍贷,fpd,,30,,fpd30,api,拍拍贷#fpd30#api
10002014,6044,20240914,0,Rate36,拍拍贷,dpd,3,60,3,mob3_dpd60,api,拍拍贷#mob3_dpd60#api
10002015,6045,20250310,0,Rate36,拍拍贷,dpd,9,60,9,mob9_dpd60,h5,拍拍贷#mob9_dpd60#h5
10002015,6046,20240825,0,Rate36,美团月付,fpd,,30,,fpd30,h5,美团月付#fpd30#h5
10002015,6047,20240317,0,Rate36,美团月付,dpd,12,30,12,mob12_dpd30,h5,美团月付#mob12_dpd30#h5
10002016,6048,20241124,-2,Rate36,拍拍贷,dpd,12,60,12,mob12_dpd60,h5,拍拍贷#mob12_dpd60#h5
10002016,6049,20250706,-2,Rate36,拍拍贷,dpd,12,30,12,mob12_dpd30,api,拍拍贷#mob12_dpd30#api
10002016,6050,20240726,0,Rate36,美团月付,dpd,12,30,12,mob12_dpd30,h5,美团月付#mob12_dpd30#h5
10002017,6051,20250328,0,Rate36,美团月付,dpd,12,30,12,mob12_dpd30,api,美团月付#mob12_dpd30#api
10002017,6052,20250807,0,Rate36,美团月付,fpd,,60,,fpd60,h5,美团月付#fpd60#h5
10002017,6053,20251221,0,Rate36,拍拍贷,dpd,9,30,9,mob9_dpd30,api,拍拍贷#mob9_dpd30#api
10002018,6054,20240626,-2,Rate36,拍拍贷,fpd,,60,,fpd60,api,拍拍贷#fpd60#api
10002018,6055,20240915,-2,Rate36,美团月付,dpd,6,60,6,mob6_dpd60,api,美团月付#mob6_dpd60#api
10002018,6056,20250426,0,Rate36,美团月付,fpd,,60,,fpd60,h5,美团月付#fpd60#h5
10002019,6057,20240624,0,Rate36,美团月付,dpd,12,60,12,mob12_dpd60,api,美团月付#mob12_dpd60#api
10002019,6058,20240528,0,Rate36,拍拍贷,fpd,,30,,fpd30,api,拍拍贷#fpd30#api
10002019,6059,20240514,1,Rate36,拍拍贷,dpd,9,30,9,mob9_dpd30,h5,拍拍贷#mob9_dpd30#h5
10002020,6060,20240418,0,Rate36,美团月付,dpd,9,60,9,mob9_dpd60,h5,美团月付#mob9_dpd60#h5
10002020,6061,20250727,0,Rate36,美团月付,dpd,12,60,12,mob12_dpd60,h5,美团月付#mob12_dpd60#h5
10002020,6062,20250708,0,Rate36,美团月付,dpd,3,30,3,mob3_dpd30,h5,美团月付#mob3_dpd30#h5
10002021,6063,20250902,0,Rate36,拍拍贷,fpd,,30,,fpd30,h5,拍拍贷#fpd30#h5
10002021,6064,20260216,0,Rate36,美团月付,fpd,,30,,fpd30,api,美团月付#fpd30#api
10002021,6065,20240804,0,Rate36,拍拍贷,dpd,6,30,6,mob6_dpd30,h5,拍拍贷#mob6_dpd30#h5
10002022,6066,20260219,1,Rate36,美团月付,dpd,9,30,9,mob9_dpd30,h5,美团月付#mob9_dpd30#h5
10002022,6067,20240528,0,Rate36,拍拍贷,dpd,9,60,9,mob9_dpd60,h5,拍拍贷#mob9_dpd60#h5
10002022,6068,20251225,-2,Rate36,美团月付,dpd,6,30,6,mob6_dpd30,h5,美团月付#mob6_dpd30#h5
10002023,6069,20250320,0,Rate36,拍拍贷,dpd,3,30,3,mob3_dpd30,h5,拍拍贷#mob3_dpd30#h5
10002023,6070,20240527,1,Rate36,拍拍贷,dpd,12,30,12,mob12_dpd30,api,拍拍贷#mob12_dpd30#api
10002023,6071,20240821,0,Rate36,拍拍贷,dpd,6,60,6,mob6_dpd60,api,拍拍贷#mob6_dpd60#api
10002024,6072,20251108,0,Rate36,美团月付,fpd,,60,,fpd60,h5,美团月付#fpd60#h5
10002024,6073,20251010,0,Rate36,美团月付,dpd,9,30,9,mob9_dpd30,api,美团月付#mob9_dpd30#api
10002024,6074,20241019,0,Rate36,美团月付,dpd,6,60,6,mob6_dpd60,api,美团月付#mob6_dpd60#api
10002025,6075,20250212,0,Rate36,拍拍贷,fpd,,30,,fpd30,h5,拍拍贷#fpd30#h5
10002025,6076,20251115,0,Rate36,美团月付,dpd,3,60,3,mob3_dpd60,api,美团月付#mob3_dpd60#api
10002025,6077,20241028,0,Rate36,拍拍贷,fpd,,60,,fpd60,api,拍拍贷#fpd60#api
10002026,6078,20250813,0,Rate36,美团月付,dpd,3,60,3,mob3_dpd60,api,美团月付#mob3_dpd60#api
10002026,6079,20240701,0,Rate36,美团月付,dpd,6,30,6,mob6_dpd30,api,美团月付#mob6_dpd30#api
10002026,6080,20250506,0,Rate36,拍拍贷,dpd,3,30,3,mob3_dpd30,api,拍拍贷#mob3_dpd30#api
10002027,6081,20240614,0,Rate36,美团月付,dpd,3,30,3,mob3_dpd30,h5,美团月付#mob3_dpd30#h5
10002027,6082,20250111,0,Rate36,拍拍贷,fpd,,60,,fpd60,h5,拍拍贷#fpd60#h5
10002027,6083,20241128,1,Rate36,拍拍贷,dpd,9,30,9,mob9_dpd30,api,拍拍贷#mob9_dpd30#api
10002028,6084,20241127,0,Rate36,拍拍贷,dpd,12,60,12,mob12_dpd60,api,拍拍贷#mob12_dpd60#api
10002028,6085,20260114,0,Rate36,美团月付,dpd,9,60,9,mob9_dpd60,h5,美团月付#mob9_dpd60#h5
10002028,6086,20240824,0,Rate36,拍拍贷,dpd,6,30,6,mob6_dpd30,h5,拍拍贷#mob6_dpd30#h5
10002029,6087,20251226,0,Rate36,拍拍贷,dpd,9,30,9,mob9_dpd30,h5,拍拍贷#mob9_dpd30#h5
10002029,6088,20250722,0,Rate36,美团月付,fpd,,60,,fpd60,h5,美团月付#fpd60#h5
10002029,6089,20260105,0,Rate36,拍拍贷,dpd,6,30,6,mob6_dpd30,api,拍拍贷#mob6_dpd30#api
10002030,6090,20240321,0,Rate36,拍拍贷,dpd,9,30,9,mob9_dpd30,api,拍拍贷#mob9_dpd30#api
10002030,6091,20240927,0,Rate36,美团月付,dpd,3,30,3,mob3_dpd30,h5,美团月付#mob3_dpd30#h5
10002030,6092,20250310,0,Rate36,拍拍贷,fpd,,30,,fpd30,api,拍拍贷#fpd30#api
10002031,6093,20251002,1,Rate36,拍拍贷,dpd,3,30,3,mob3_dpd30,api,拍拍贷#mob3_dpd30#api
10002031,6094,20250924,0,Rate36,美团月付,dpd,12,30,12,mob12_dpd30,h5,美团月付#mob12_dpd30#h5
10002031,6095,20250523,0,Rate36,拍拍贷,dpd,6,30,6,mob6_dpd30,h5,拍拍贷#mob6_dpd30#h5
10002032,6096,20251224,0,Rate36,拍拍贷,fpd,,30,,fpd30,h5,拍拍贷#fpd30#h5
10002032,6097,20250727,1,Rate36,美团月付,dpd,12,30,12,mob12_dpd30,api,美团月付#mob12_dpd30#api
10002032,6098,20260208,0,Rate36,拍拍贷,dpd,12,60,12,mob12_dpd60,h5,拍拍贷#mob12_dpd60#h5
10002033,6099,20241110,0,Rate36,美团月付,fpd,,30,,fpd30,h5,美团月付#fpd30#h5
10002033,6100,20251222,0,Rate36,美团月付,dpd,12,30,12,mob12_dpd30,api,美团月付#mob12_dpd30#api
10002033,6101,20250822,0,Rate36,拍拍贷,fpd,,60,,fpd60,h5,拍拍贷#fpd60#h5
10002034,6102,20240624,0,Rate36,拍拍贷,dpd,9,30,9,mob9_dpd30,api,拍拍贷#mob9_dpd30#api
10002034,6103,20251213,0,Rate36,拍拍贷,dpd,3,60,3,mob3_dpd60,api,拍拍贷#mob3_dpd60#api
10002034,6104,20251203,0,Rate36,美团月付,fpd,,60,,fpd60,h5,美团月付#fpd60#h5
10002035,6105,20250818,1,Rate36,美团月付,dpd,6,30,6,mob6_dpd30,h5,美团月付#mob6_dpd30#h5
10002035,6106,20241216,0,Rate36,美团月付,fpd,,60,,fpd60,h5,美团月付#fpd60#h5
10002035,6107,20241223,0,Rate36,美团月付,dpd,12,30,12,mob12_dpd30,h5,美团月付#mob12_dpd30#h5
10002036,6108,20240610,0,Rate36,美团月付,fpd,,30,,fpd30,api,美团月付#fpd30#api
10002036,6109,20240622,0,Rate36,美团月付,dpd,6,30,6,mob6_dpd30,h5,美团月付#mob6_dpd30#h5
10002036,6110,20240308,0,Rate36,拍拍贷,dpd,3,60,3,mob3_dpd60,h5,拍拍贷#mob3_dpd60#h5
10002037,6111,20241203,0,Rate36,美团月付,dpd,3,30,3,mob3_dpd30,api,美团月付#mob3_dpd30#api
10002037,6112,20240721,0,Rate36,拍拍贷,dpd,6,30,6,mob6_dpd30,h5,拍拍贷#mob6_dpd30#h5
10002037,6113,20260115,0,Rate36,拍拍贷,fpd,,60,,fpd60,api,拍拍贷#fpd60#api
10002038,6114,20241128,0,Rate36,拍拍贷,dpd,12,30,12,mob12_dpd30,api,拍拍贷#mob12_dpd30#api
10002038,6115,20251020,0,Rate36,美团月付,dpd,9,30,9,mob9_dpd30,h5,美团月付#mob9_dpd30#h5
10002038,6116,20240918,0,Rate36,美团月付,dpd,6,30,6,mob6_dpd30,api,美团月付#mob6_dpd30#api
10002039,6117,20251213,0,Rate36,美团月付,dpd,9,30,9,mob9_dpd30,h5,美团月付#mob9_dpd30#h5
10002039,6118,20241021,1,Rate36,拍拍贷,dpd,3,60,3,mob3_dpd60,h5,拍拍贷#mob3_dpd60#h5
10002039,6119,20250521,1,Rate36,美团月付,dpd,6,60,6,mob6_dpd60,h5,美团月付#mob6_dpd60#h5
10002040,6120,20241105,1,Rate36,美团月付,dpd,6,60,6,mob6_dpd60,h5,美团月付#mob6_dpd60#h5
10002040,6121,20250419,0,Rate36,美团月付,dpd,3,30,3,mob3_dpd30,h5,美团月付#mob3_dpd30#h5
10002040,6122,20251123,-2,Rate36,拍拍贷,dpd,9,30,9,mob9_dpd30,h5,拍拍贷#mob9_dpd30#h5
10002041,6123,20241120,0,Rate36,拍拍贷,dpd,12,60,12,mob12_dpd60,api,拍拍贷#mob12_dpd60#api
10002041,6124,20241228,0,Rate36,拍拍贷,dpd,12,30,12,mob12_dpd30,h5,拍拍贷#mob12_dpd30#h5
10002041,6125,20240927,0,Rate36,美团月付,dpd,3,30,3,mob3_dpd30,h5,美团月付#mob3_dpd30#h5
10002042,6126,20240410,0,Rate36,美团月付,dpd,3,30,3,mob3_dpd30,api,美团月付#mob3_dpd30#api
10002042,6127,20250324,0,Rate36,拍拍贷,dpd,3,30,3,mob3_dpd30,h5,拍拍贷#mob3_dpd30#h5
10002042,6128,20250115,0,Rate36,美团月付,dpd,3,30,3,mob3_dpd30,h5,美团月付#mob3_dpd30#h5
10002043,6129,20251013,0,Rate36,拍拍贷,dpd,9,60,9,mob9_dpd60,api,拍拍贷#mob9_dpd60#api
10002043,6130,20240306,0,Rate36,拍拍贷,fpd,,60,,fpd60,h5,拍拍贷#fpd60#h5
10002043,6131,20251106,0,Rate36,拍拍贷,dpd,3,60,3,mob3_dpd60,api,拍拍贷#mob3_dpd60#api
10002044,6132,20240604,0,Rate36,美团月付,dpd,12,30,12,mob12_dpd30,h5,美团月付#mob12_dpd30#h5
10002044,6133,20240308,0,Rate36,拍拍贷,fpd,,60,,fpd60,h5,拍拍贷#fpd60#h5
10002044,6134,20240701,0,Rate36,拍拍贷,dpd,9,30,9,mob9_dpd30,h5,拍拍贷#mob9_dpd30#h5
10002045,6135,20240707,0,Rate36,美团月付,dpd,6,60,6,mob6_dpd60,api,美团月付#mob6_dpd60#api
10002045,6136,20240309,0,Rate36,拍拍贷,dpd,6,30,6,mob6_dpd30,api,拍拍贷#mob6_dpd30#api
10002045,6137,20250625,0,Rate36,拍拍贷,fpd,,30,,fpd30,api,拍拍贷#fpd30#api
10002046,6138,20241007,-2,Rate36,拍拍贷,fpd,,60,,fpd60,h5,拍拍贷#fpd60#h5
10002046,6139,20240415,0,Rate36,美团月付,dpd,3,60,3,mob3_dpd60,api,美团月付#mob3_dpd60#api
10002046,6140,20240421,-2,Rate36,拍拍贷,dpd,12,30,12,mob12_dpd30,h5,拍拍贷#mob12_dpd30#h5
10002047,6141,20241212,0,Rate36,拍拍贷,dpd,3,60,3,mob3_dpd60,api,拍拍贷#mob3_dpd60#api
10002047,6142,20240909,0,Rate36,美团月付,dpd,6,60,6,mob6_dpd60,h5,美团月付#mob6_dpd60#h5
10002047,6143,20250423,0,Rate36,拍拍贷,fpd,,60,,fpd60,api,拍拍贷#fpd60#api
10002048,6144,20251126,0,Rate36,美团月付,dpd,6,30,6,mob6_dpd30,h5,美团月付#mob6_dpd30#h5
10002048,6145,20260105,1,Rate36,拍拍贷,dpd,6,30,6,mob6_dpd30,api,拍拍贷#mob6_dpd30#api
10002048,6146,20240321,0,Rate36,拍拍贷,dpd,6,30,6,mob6_dpd30,api,拍拍贷#mob6_dpd30#api
10002049,6147,20241128,-2,Rate36,美团月付,dpd,6,60,6,mob6_dpd60,api,美团月付#mob6_dpd60#api
10002049,6148,20250714,0,Rate36,美团月付,dpd,12,30,12,mob12_dpd30,h5,美团月付#mob12_dpd30#h5
10002049,6149,20241128,0,Rate36,拍拍贷,dpd,3,60,3,mob3_dpd60,h5,拍拍贷#mob3_dpd60#h5
10002050,6150,20250209,0,Rate36,美团月付,dpd,12,30,12,mob12_dpd30,h5,美团月付#mob12_dpd30#h5
10002050,6151,20240403,0,Rate36,美团月付,dpd,6,60,6,mob6_dpd60,h5,美团月付#mob6_dpd60#h5
10002050,6152,20240314,1,Rate36,美团月付,dpd,6,30,6,mob6_dpd30,h5,美团月付#mob6_dpd30#h5
10002051,6153,20241215,-2,Rate36,美团月付,dpd,12,60,12,mob12_dpd60,api,美团月付#mob12_dpd60#api
10002051,6154,20250328,0,Rate36,拍拍贷,dpd,9,30,9,mob9_dpd30,h5,拍拍贷#mob9_dpd30#h5
10002051,6155,20251016,-2,Rate36,拍拍贷,dpd,6,30,6,mob6_dpd30,h5,拍拍贷#mob6_dpd30#h5
10002052,6156,20250220,1,Rate36,拍拍贷,dpd,12,60,12,mob12_dpd60,h5,拍拍贷#mob12_dpd60#h5
10002052,6157,20240509,0,Rate36,美团月付,dpd,12,30,12,mob12_dpd30,h5,美团月付#mob12_dpd30#h5
10002052,6158,20250203,0,Rate36,拍拍贷,fpd,,30,,fpd30,api,拍拍贷#fpd30#api
10002053,6159,20250311,0,Rate36,拍拍贷,dpd,3,60,3,mob3_dpd60,h5,拍拍贷#mob3_dpd60#h5
10002053,6160,20241214,0,Rate36,拍拍贷,dpd,9,60,9,mob9_dpd60,api,拍拍贷#mob9_dpd60#api
10002053,6161,20250919,0,Rate36,拍拍贷,dpd,3,60,3,mob3_dpd60,h5,拍拍贷#mob3_dpd60#h5
10002054,6162,20241206,0,Rate36,拍拍贷,dpd,9,30,9,mob9_dpd30,h5,拍拍贷#mob9_dpd30#h5
10002054,6163,20251106,1,Rate36,美团月付,dpd,12,30,12,mob12_dpd30,api,美团月付#mob12_dpd30#api
10002054,6164,20241027,0,Rate36,拍拍贷,dpd,9,60,9,mob9_dpd60,h5,拍拍贷#mob9_dpd60#h5
10002055,6165,20260216,0,Rate36,拍拍贷,dpd,9,30,9,mob9_dpd30,h5,拍拍贷#mob9_dpd30#h5
10002055,6166,20250522,0,Rate36,美团月付,fpd,,30,,fpd30,api,美团月付#fpd30#api
10002055,6167,20251023,-2,Rate36,拍拍贷,dpd,6,60,6,mob6_dpd60,h5,拍拍贷#mob6_dpd60#h5
10002056,6168,20241217,1,Rate36,拍拍贷,dpd,9,60,9,mob9_dpd60,h5,拍拍贷#mob9_dpd60#h5
10002056,6169,20240617,0,Rate36,美团月付,dpd,6,30,6,mob6_dpd30,api,美团月付#mob6_dpd30#api
10002056,6170,20260207,0,Rate36,美团月付,dpd,9,30,9,mob9_dpd30,h5,美团月付#mob9_dpd30#h5
10002057,6171,20241214,0,Rate36,拍拍贷,dpd,9,30,9,mob9_dpd30,api,拍拍贷#mob9_dpd30#api
10002057,6172,20250702,0,Rate36,拍拍贷,dpd,6,30,6,mob6_dpd30,h5,拍拍贷#mob6_dpd30#h5
10002057,6173,20250610,0,Rate36,美团月付,dpd,12,30,12,mob12_dpd30,api,美团月付#mob12_dpd30#api
10002058,6174,20240521,0,Rate36,拍拍贷,dpd,9,60,9,mob9_dpd60,h5,拍拍贷#mob9_dpd60#h5
10002058,6175,20250307,0,Rate36,美团月付,dpd,3,30,3,mob3_dpd30,api,美团月付#mob3_dpd30#api
10002058,6176,20250624,1,Rate36,拍拍贷,dpd,9,60,9,mob9_dpd60,api,拍拍贷#mob9_dpd60#api
10002059,6177,20260216,-2,Rate36,美团月付,fpd,,60,,fpd60,h5,美团月付#fpd60#h5
10002059,6178,20240404,0,Rate36,美团月付,dpd,3,60,3,mob3_dpd60,h5,美团月付#mob3_dpd60#h5
10002059,6179,20250228,0,Rate36,拍拍贷,dpd,9,60,9,mob9_dpd60,api,拍拍贷#mob9_dpd60#api
10002060,6180,20250718,0,Rate36,美团月付,dpd,3,60,3,mob3_dpd60,api,美团月付#mob3_dpd60#api
10002060,6181,20241003,0,Rate36,拍拍贷,dpd,12,30,12,mob12_dpd30,api,拍拍贷#mob12_dpd30#api
10002060,6182,20241202,0,Rate36,拍拍贷,dpd,12,30,12,mob12_dpd30,h5,拍拍贷#mob12_dpd30#h5
10002061,6183,20240304,0,Rate36,美团月付,dpd,12,60,12,mob12_dpd60,h5,美团月付#mob12_dpd60#h5
10002061,6184,20240425,1,Rate36,美团月付,dpd,12,30,12,mob12_dpd30,h5,美团月付#mob12_dpd30#h5
10002061,6185,20251217,1,Rate36,美团月付,dpd,12,60,12,mob12_dpd60,api,美团月付#mob12_dpd60#api
10002062,6186,20250828,0,Rate36,美团月付,dpd,6,30,6,mob6_dpd30,api,美团月付#mob6_dpd30#api
10002062,6187,20241204,0,Rate36,美团月付,dpd,6,30,6,mob6_dpd30,h5,美团月付#mob6_dpd30#h5
10002062,6188,20250811,-2,Rate36,拍拍贷,dpd,6,30,6,mob6_dpd30,h5,拍拍贷#mob6_dpd30#h5
10002063,6189,20250807,0,Rate36,拍拍贷,dpd,12,30,12,mob12_dpd30,api,拍拍贷#mob12_dpd30#api
10002063,6190,20241216,0,Rate36,拍拍贷,dpd,9,60,9,mob9_dpd60,h5,拍拍贷#mob9_dpd60#h5
10002063,6191,20241126,0,Rate36,美团月付,fpd,,30,,fpd30,h5,美团月付#fpd30#h5
10002064,6192,20240302,0,Rate36,美团月付,fpd,,60,,fpd60,h5,美团月付#fpd60#h5
10002064,6193,20240406,0,Rate36,拍拍贷,dpd,3,30,3,mob3_dpd30,api,拍拍贷#mob3_dpd30#api
10002064,6194,20250804,0,Rate36,拍拍贷,dpd,3,60,3,mob3_dpd60,api,拍拍贷#mob3_dpd60#api
10002065,6195,20250117,1,Rate36,美团月付,dpd,3,30,3,mob3_dpd30,api,美团月付#mob3_dpd30#api
10002065,6196,20251105,0,Rate36,拍拍贷,dpd,9,60,9,mob9_dpd60,h5,拍拍贷#mob9_dpd60#h5
10002065,6197,20240416,0,Rate36,拍拍贷,dpd,9,30,9,mob9_dpd30,h5,拍拍贷#mob9_dpd30#h5
10002066,6198,20240717,1,Rate36,美团月付,dpd,12,30,12,mob12_dpd30,api,美团月付#mob12_dpd30#api
10002066,6199,20250727,0,Rate36,拍拍贷,dpd,3,30,3,mob3_dpd30,h5,拍拍贷#mob3_dpd30#h5
10002066,6200,20240419,0,Rate36,拍拍贷,dpd,12,30,12,mob12_dpd30,h5,拍拍贷#mob12_dpd30#h5
10002067,6201,20240522,0,Rate36,美团月付,fpd,,30,,fpd30,h5,美团月付#fpd30#h5
10002067,6202,20250416,0,Rate36,拍拍贷,dpd,6,60,6,mob6_dpd60,h5,拍拍贷#mob6_dpd60#h5
10002067,6203,20240820,0,Rate36,拍拍贷,dpd,12,30,12,mob12_dpd30,api,拍拍贷#mob12_dpd30#api
10002068,6204,20240909,0,Rate36,拍拍贷,dpd,9,30,9,mob9_dpd30,api,拍拍贷#mob9_dpd30#api
10002068,6205,20250610,0,Rate36,拍拍贷,dpd,3,30,3,mob3_dpd30,h5,拍拍贷#mob3_dpd30#h5
10002068,6206,20241128,0,Rate36,美团月付,fpd,,30,,fpd30,h5,美团月付#fpd30#h5
10002069,6207,20260120,0,Rate36,美团月付,dpd,6,30,6,mob6_dpd30,api,美团月付#mob6_dpd30#api
10002069,6208,20241212,0,Rate36,美团月付,dpd,12,60,12,mob12_dpd60,api,美团月付#mob12_dpd60#api
10002069,6209,20240408,0,Rate36,拍拍贷,fpd,,60,,fpd60,h5,拍拍贷#fpd60#h5
10002070,6210,20251228,0,Rate36,拍拍贷,dpd,6,30,6,mob6_dpd30,api,拍拍贷#mob6_dpd30#api
10002070,6211,20250525,0,Rate36,拍拍贷,dpd,9,60,9,mob9_dpd60,api,拍拍贷#mob9_dpd60#api
10002070,6212,20260225,0,Rate36,美团月付,dpd,3,60,3,mob3_dpd60,api,美团月付#mob3_dpd60#api
10002071,6213,20250914,0,Rate36,美团月付,dpd,12,60,12,mob12_dpd60,h5,美团月付#mob12_dpd60#h5
10002071,6214,20240722,0,Rate36,美团月付,fpd,,30,,fpd30,api,美团月付#fpd30#api
10002071,6215,20241010,-2,Rate36,美团月付,dpd,12,60,12,mob12_dpd60,h5,美团月付#mob12_dpd60#h5
10002072,6216,20240705,0,Rate36,美团月付,dpd,3,30,3,mob3_dpd30,h5,美团月付#mob3_dpd30#h5
10002072,6217,20251120,0,Rate36,美团月付,dpd,6,60,6,mob6_dpd60,h5,美团月付#mob6_dpd60#h5
10002072,6218,20250704,1,Rate36,美团月付,dpd,6,60,6,mob6_dpd60,h5,美团月付#mob6_dpd60#h5
10002073,6219,20240906,0,Rate36,美团月付,dpd,9,30,9,mob9_dpd30,api,美团月付#mob9_dpd30#api
10002073,6220,20240528,1,Rate36,拍拍贷,dpd,12,30,12,mob12_dpd30,api,拍拍贷#mob12_dpd30#api
10002073,6221,20250819,0,Rate36,拍拍贷,dpd,6,60,6,mob6_dpd60,h5,拍拍贷#mob6_dpd60#h5
10002074,6222,20250612,1,Rate36,拍拍贷,dpd,6,30,6,mob6_dpd30,api,拍拍贷#mob6_dpd30#api
10002074,6223,20241119,0,Rate36,拍拍贷,dpd,3,30,3,mob3_dpd30,h5,拍拍贷#mob3_dpd30#h5
10002074,6224,20260218,0,Rate36,美团月付,fpd,,30,,fpd30,h5,美团月付#fpd30#h5
10002075,6225,20260117,0,Rate36,美团月付,dpd,3,60,3,mob3_dpd60,h5,美团月付#mob3_dpd60#h5
10002075,6226,20240506,1,Rate36,拍拍贷,dpd,9,60,9,mob9_dpd60,api,拍拍贷#mob9_dpd60#api
10002075,6227,20250704,0,Rate36,拍拍贷,fpd,,30,,fpd30,api,拍拍贷#fpd30#api
10002076,6228,20250505,0,Rate36,美团月付,dpd,3,30,3,mob3_dpd30,api,美团月付#mob3_dpd30#api
10002076,6229,20250822,0,Rate36,拍拍贷,dpd,9,30,9,mob9_dpd30,api,拍拍贷#mob9_dpd30#api
10002076,6230,20250725,0,Rate36,美团月付,dpd,9,60,9,mob9_dpd60,h5,美团月付#mob9_dpd60#h5
10002077,6231,20240303,0,Rate36,拍拍贷,fpd,,60,,fpd60,api,拍拍贷#fpd60#api
10002077,6232,20251004,0,Rate36,美团月付,dpd,9,30,9,mob9_dpd30,h5,美团月付#mob9_dpd30#h5
10002077,6233,20260113,0,Rate36,拍拍贷,dpd,3,30,3,mob3_dpd30,h5,拍拍贷#mob3_dpd30#h5
10002078,6234,20250901,1,Rate36,拍拍贷,dpd,12,30,12,mob12_dpd30,api,拍拍贷#mob12_dpd30#api
10002078,6235,20250703,1,Rate36,拍拍贷,dpd,3,60,3,mob3_dpd60,h5,拍拍贷#mob3_dpd60#h5
10002078,6236,20251107,0,Rate36,美团月付,dpd,3,30,3,mob3_dpd30,api,美团月付#mob3_dpd30#api
10002079,6237,20250408,1,Rate36,拍拍贷,dpd,12,60,12,mob12_dpd60,api,拍拍贷#mob12_dpd60#api
10002079,6238,20240825,0,Rate36,美团月付,dpd,9,30,9,mob9_dpd30,h5,美团月付#mob9_dpd30#h5
10002079,6239,20250810,0,Rate36,拍拍贷,fpd,,60,,fpd60,h5,拍拍贷#fpd60#h5
10002080,6240,20240311,0,Rate36,美团月付,dpd,6,30,6,mob6_dpd30,api,美团月付#mob6_dpd30#api
10002080,6241,20240415,0,Rate36,拍拍贷,fpd,,30,,fpd30,api,拍拍贷#fpd30#api
10002080,6242,20250626,0,Rate36,美团月付,dpd,12,30,12,mob12_dpd30,api,美团月付#mob12_dpd30#api
10002081,6243,20250724,1,Rate36,美团月付,dpd,3,60,3,mob3_dpd60,h5,美团月付#mob3_dpd60#h5
10002081,6244,20241121,-2,Rate36,拍拍贷,dpd,12,30,12,mob12_dpd30,api,拍拍贷#mob12_dpd30#api
10002081,6245,20250710,1,Rate36,拍拍贷,dpd,9,60,9,mob9_dpd60,h5,拍拍贷#mob9_dpd60#h5
10002082,6246,20240528,0,Rate36,拍拍贷,dpd,6,30,6,mob6_dpd30,h5,拍拍贷#mob6_dpd30#h5
10002082,6247,20240728,0,Rate36,拍拍贷,dpd,6,30,6,mob6_dpd30,api,拍拍贷#mob6_dpd30#api
10002082,6248,20250222,1,Rate36,美团月付,dpd,9,30,9,mob9_dpd30,h5,美团月付#mob9_dpd30#h5
10002083,6249,20250223,-2,Rate36,拍拍贷,dpd,6,60,6,mob6_dpd60,h5,拍拍贷#mob6_dpd60#h5
10002083,6250,20240523,0,Rate36,拍拍贷,dpd,6,60,6,mob6_dpd60,h5,拍拍贷#mob6_dpd60#h5
10002083,6251,20240902,0,Rate36,美团月付,dpd,6,30,6,mob6_dpd30,api,美团月付#mob6_dpd30#api
10002084,6252,20250606,0,Rate36,美团月付,dpd,9,60,9,mob9_dpd60,api,美团月付#mob9_dpd60#api
10002084,6253,20260209,1,Rate36,美团月付,dpd,6,60,6,mob6_dpd60,api,美团月付#mob6_dpd60#api
10002084,6254,20251207,0,Rate36,拍拍贷,dpd,9,30,9,mob9_dpd30,h5,拍拍贷#mob9_dpd30#h5
10002085,6255,20250406,0,Rate36,美团月付,dpd,12,30,12,mob12_dpd30,api,美团月付#mob12_dpd30#api
10002085,6256,20250602,0,Rate36,美团月付,dpd,3,60,3,mob3_dpd60,h5,美团月付#mob3_dpd60#h5
10002085,6257,20250727,0,Rate36,美团月付,dpd,9,60,9,mob9_dpd60,api,美团月付#mob9_dpd60#api
10002086,6258,20250105,1,Rate36,拍拍贷,dpd,12,30,12,mob12_dpd30,h5,拍拍贷#mob12_dpd30#h5
10002086,6259,20251110,0,Rate36,拍拍贷,dpd,6,60,6,mob6_dpd60,api,拍拍贷#mob6_dpd60#api
10002086,6260,20260109,-2,Rate36,拍拍贷,dpd,9,60,9,mob9_dpd60,api,拍拍贷#mob9_dpd60#api
10002087,6261,20250505,0,Rate36,美团月付,dpd,3,30,3,mob3_dpd30,h5,美团月付#mob3_dpd30#h5
10002087,6262,20250628,0,Rate36,美团月付,fpd,,60,,fpd60,h5,美团月付#fpd60#h5
10002087,6263,20251115,0,Rate36,美团月付,dpd,12,60,12,mob12_dpd60,api,美团月付#mob12_dpd60#api
10002088,6264,20250708,0,Rate36,美团月付,dpd,3,60,3,mob3_dpd60,api,美团月付#mob3_dpd60#api
10002088,6265,20240920,0,Rate36,拍拍贷,dpd,12,60,12,mob12_dpd60,api,拍拍贷#mob12_dpd60#api
10002088,6266,20240422,0,Rate36,美团月付,fpd,,60,,fpd60,h5,美团月付#fpd60#h5
10002089,6267,20251116,0,Rate36,拍拍贷,dpd,9,30,9,mob9_dpd30,h5,拍拍贷#mob9_dpd30#h5
10002089,6268,20250707,0,Rate36,美团月付,fpd,,60,,fpd60,h5,美团月付#fpd60#h5
10002089,6269,20250526,1,Rate36,美团月付,fpd,,60,,fpd60,h5,美团月付#fpd60#h5
10002090,6270,20250210,0,Rate36,美团月付,dpd,3,60,3,mob3_dpd60,api,美团月付#mob3_dpd60#api
10002090,6271,20241219,-2,Rate36,美团月付,dpd,6,60,6,mob6_dpd60,api,美团月付#mob6_dpd60#api
10002090,6272,20250809,0,Rate36,美团月付,fpd,,30,,fpd30,h5,美团月付#fpd30#h5
10002091,6273,20240308,1,Rate36,拍拍贷,dpd,3,30,3,mob3_dpd30,h5,拍拍贷#mob3_dpd30#h5
10002091,6274,20250813,-2,Rate36,美团月付,dpd,3,60,3,mob3_dpd60,h5,美团月付#mob3_dpd60#h5
10002091,6275,20251020,1,Rate36,美团月付,dpd,6,30,6,mob6_dpd30,h5,美团月付#mob6_dpd30#h5
10002092,6276,20240509,0,Rate36,美团月付,dpd,9,30,9,mob9_dpd30,h5,美团月付#mob9_dpd30#h5
10002092,6277,20260206,0,Rate36,美团月付,dpd,12,30,12,mob12_dpd30,h5,美团月付#mob12_dpd30#h5
10002092,6278,20240722,0,Rate36,拍拍贷,dpd,9,30,9,mob9_dpd30,api,拍拍贷#mob9_dpd30#api
10002093,6279,20241124,0,Rate36,美团月付,dpd,6,30,6,mob6_dpd30,api,美团月付#mob6_dpd30#api
10002093,6280,20260228,0,Rate36,美团月付,dpd,6,30,6,mob6_dpd30,api,美团月付#mob6_dpd30#api
10002093,6281,20250113,1,Rate36,拍拍贷,dpd,3,30,3,mob3_dpd30,api,拍拍贷#mob3_dpd30#api
10002094,6282,20250824,0,Rate36,美团月付,dpd,12,30,12,mob12_dpd30,h5,美团月付#mob12_dpd30#h5
10002094,6283,20240512,1,Rate36,拍拍贷,dpd,9,30,9,mob9_dpd30,api,拍拍贷#mob9_dpd30#api
10002094,6284,20240826,1,Rate36,美团月付,dpd,6,60,6,mob6_dpd60,h5,美团月付#mob6_dpd60#h5
10002095,6285,20250627,0,Rate36,拍拍贷,dpd,12,60,12,mob12_dpd60,h5,拍拍贷#mob12_dpd60#h5
10002095,6286,20250928,0,Rate36,拍拍贷,dpd,6,60,6,mob6_dpd60,h5,拍拍贷#mob6_dpd60#h5
10002095,6287,20240515,0,Rate36,拍拍贷,dpd,9,30,9,mob9_dpd30,api,拍拍贷#mob9_dpd30#api
10002096,6288,20250119,0,Rate36,美团月付,dpd,3,60,3,mob3_dpd60,h5,美团月付#mob3_dpd60#h5
10002096,6289,20240823,0,Rate36,拍拍贷,dpd,3,30,3,mob3_dpd30,api,拍拍贷#mob3_dpd30#api
10002096,6290,20250323,0,Rate36,拍拍贷,dpd,12,60,12,mob12_dpd60,h5,拍拍贷#mob12_dpd60#h5
10002097,6291,20240327,0,Rate36,拍拍贷,dpd,3,30,3,mob3_dpd30,api,拍拍贷#mob3_dpd30#api
10002097,6292,20250627,1,Rate36,拍拍贷,dpd,12,30,12,mob12_dpd30,api,拍拍贷#mob12_dpd30#api
10002097,6293,20250716,0,Rate36,拍拍贷,dpd,9,60,9,mob9_dpd60,h5,拍拍贷#mob9_dpd60#h5
10002098,6294,20250505,0,Rate36,拍拍贷,fpd,,30,,fpd30,h5,拍拍贷#fpd30#h5
10002098,6295,20250828,1,Rate36,美团月付,dpd,9,60,9,mob9_dpd60,h5,美团月付#mob9_dpd60#h5
10002098,6296,20240305,0,Rate36,拍拍贷,dpd,12,60,12,mob12_dpd60,h5,拍拍贷#mob12_dpd60#h5
10002099,6297,20240719,0,Rate36,拍拍贷,fpd,,30,,fpd30,h5,拍拍贷#fpd30#h5
10002099,6298,20251201,0,Rate36,美团月付,fpd,,60,,fpd60,api,美团月付#fpd60#api
10002099,6299,20240922,0,Rate36,拍拍贷,dpd,3,30,3,mob3_dpd30,api,拍拍贷#mob3_dpd30#api
10002100,6300,20260212,0,Rate36,美团月付,dpd,6,30,6,mob6_dpd30,h5,美团月付#mob6_dpd30#h5
10002100,6301,20241106,0,Rate36,拍拍贷,dpd,6,60,6,mob6_dpd60,api,拍拍贷#mob6_dpd60#api
10002100,6302,20251014,0,Rate36,拍拍贷,dpd,6,60,6,mob6_dpd60,h5,拍拍贷#mob6_dpd60#h5
10002101,6303,20251006,1,Rate36,拍拍贷,dpd,6,60,6,mob6_dpd60,h5,拍拍贷#mob6_dpd60#h5
10002101,6304,20250502,0,Rate36,拍拍贷,dpd,3,30,3,mob3_dpd30,h5,拍拍贷#mob3_dpd30#h5
10002101,6305,20240522,0,Rate36,拍拍贷,dpd,3,30,3,mob3_dpd30,api,拍拍贷#mob3_dpd30#api
10002102,6306,20240421,0,Rate36,拍拍贷,dpd,9,30,9,mob9_dpd30,api,拍拍贷#mob9_dpd30#api
10002102,6307,20241107,0,Rate36,拍拍贷,dpd,12,60,12,mob12_dpd60,api,拍拍贷#mob12_dpd60#api
10002102,6308,20250119,0,Rate36,拍拍贷,dpd,6,30,6,mob6_dpd30,api,拍拍贷#mob6_dpd30#api
10002103,6309,20251122,0,Rate36,拍拍贷,dpd,9,30,9,mob9_dpd30,api,拍拍贷#mob9_dpd30#api
10002103,6310,20240726,0,Rate36,美团月付,fpd,,60,,fpd60,api,美团月付#fpd60#api
10002103,6311,20250418,1,Rate36,美团月付,dpd,12,60,12,mob12_dpd60,h5,美团月付#mob12_dpd60#h5
10002104,6312,20250412,0,Rate36,美团月付,dpd,12,60,12,mob12_dpd60,h5,美团月付#mob12_dpd60#h5
10002104,6313,20250405,0,Rate36,美团月付,fpd,,30,,fpd30,api,美团月付#fpd30#api
10002104,6314,20250514,1,Rate36,拍拍贷,dpd,9,60,9,mob9_dpd60,api,拍拍贷#mob9_dpd60#api
10002105,6315,20251023,0,Rate36,美团月付,dpd,6,30,6,mob6_dpd30,api,美团月付#mob6_dpd30#api
10002105,6316,20250206,0,Rate36,拍拍贷,dpd,3,60,3,mob3_dpd60,h5,拍拍贷#mob3_dpd60#h5
10002105,6317,20260201,0,Rate36,拍拍贷,dpd,9,30,9,mob9_dpd30,api,拍拍贷#mob9_dpd30#api
10002106,6318,20250202,0,Rate36,美团月付,dpd,6,60,6,mob6_dpd60,api,美团月付#mob6_dpd60#api
10002106,6319,20240513,1,Rate36,拍拍贷,dpd,6,30,6,mob6_dpd30,api,拍拍贷#mob6_dpd30#api
10002106,6320,20241107,0,Rate36,美团月付,dpd,6,30,6,mob6_dpd30,api,美团月付#mob6_dpd30#api
10002107,6321,20240514,0,Rate36,拍拍贷,dpd,9,60,9,mob9_dpd60,api,拍拍贷#mob9_dpd60#api
10002107,6322,20260120,0,Rate36,美团月付,dpd,6,60,6,mob6_dpd60,api,美团月付#mob6_dpd60#api
10002107,6323,20241001,0,Rate36,美团月付,dpd,12,30,12,mob12_dpd30,api,美团月付#mob12_dpd30#api
10002108,6324,20251103,0,Rate36,拍拍贷,dpd,9,30,9,mob9_dpd30,h5,拍拍贷#mob9_dpd30#h5
10002108,6325,20241021,0,Rate36,美团月付,dpd,12,60,12,mob12_dpd60,h5,美团月付#mob12_dpd60#h5
10002108,6326,20250609,0,Rate36,拍拍贷,fpd,,30,,fpd30,api,拍拍贷#fpd30#api
10002109,6327,20240720,0,Rate36,拍拍贷,dpd,9,60,9,mob9_dpd60,api,拍拍贷#mob9_dpd60#api
10002109,6328,20250217,0,Rate36,拍拍贷,dpd,9,30,9,mob9_dpd30,h5,拍拍贷#mob9_dpd30#h5
10002109,6329,20250528,0,Rate36,美团月付,fpd,,30,,fpd30,api,美团月付#fpd30#api
10002110,6330,20250612,0,Rate36,美团月付,dpd,12,60,12,mob12_dpd60,h5,美团月付#mob12_dpd60#h5
10002110,6331,20250713,1,Rate36,拍拍贷,fpd,,60,,fpd60,h5,拍拍贷#fpd60#h5
10002110,6332,20240312,0,Rate36,拍拍贷,dpd,9,30,9,mob9_dpd30,api,拍拍贷#mob9_dpd30#api
10002111,6333,20241017,0,Rate36,拍拍贷,dpd,9,60,9,mob9_dpd60,h5,拍拍贷#mob9_dpd60#h5
10002111,6334,20250402,0,Rate36,美团月付,dpd,6,60,6,mob6_dpd60,h5,美团月付#mob6_dpd60#h5
10002111,6335,20240414,0,Rate36,拍拍贷,dpd,12,30,12,mob12_dpd30,api,拍拍贷#mob12_dpd30#api
10002112,6336,20240928,0,Rate36,美团月付,dpd,12,60,12,mob12_dpd60,api,美团月付#mob12_dpd60#api
10002112,6337,20240626,0,Rate36,美团月付,dpd,3,30,3,mob3_dpd30,h5,美团月付#mob3_dpd30#h5
10002112,6338,20251023,0,Rate36,美团月付,dpd,6,60,6,mob6_dpd60,api,美团月付#mob6_dpd60#api
10002113,6339,20250322,1,Rate36,拍拍贷,dpd,6,60,6,mob6_dpd60,h5,拍拍贷#mob6_dpd60#h5
10002113,6340,20250609,0,Rate36,拍拍贷,dpd,9,60,9,mob9_dpd60,api,拍拍贷#mob9_dpd60#api
10002113,6341,20251113,0,Rate36,美团月付,dpd,9,30,9,mob9_dpd30,api,美团月付#mob9_dpd30#api
10002114,6342,20251013,-2,Rate36,美团月付,dpd,9,60,9,mob9_dpd60,api,美团月付#mob9_dpd60#api
10002114,6343,20241203,0,Rate36,美团月付,dpd,3,30,3,mob3_dpd30,api,美团月付#mob3_dpd30#api
10002114,6344,20240507,1,Rate36,拍拍贷,dpd,3,30,3,mob3_dpd30,api,拍拍贷#mob3_dpd30#api
10002115,6345,20240819,0,Rate36,拍拍贷,dpd,9,30,9,mob9_dpd30,api,拍拍贷#mob9_dpd30#api
10002115,6346,20250507,0,Rate36,美团月付,dpd,3,30,3,mob3_dpd30,h5,美团月付#mob3_dpd30#h5
10002115,6347,20241006,-2,Rate36,拍拍贷,dpd,3,60,3,mob3_dpd60,h5,拍拍贷#mob3_dpd60#h5
10002116,6348,20240303,0,Rate36,美团月付,dpd,3,30,3,mob3_dpd30,h5,美团月付#mob3_dpd30#h5
10002116,6349,20250327,0,Rate36,拍拍贷,fpd,,30,,fpd30,api,拍拍贷#fpd30#api
10002116,6350,20260118,-2,Rate36,美团月付,dpd,12,60,12,mob12_dpd60,h5,美团月付#mob12_dpd60#h5
10002117,6351,20250722,0,Rate36,美团月付,dpd,12,30,12,mob12_dpd30,h5,美团月付#mob12_dpd30#h5
10002117,6352,20240604,0,Rate36,美团月付,fpd,,60,,fpd60,h5,美团月付#fpd60#h5
10002117,6353,20251223,0,Rate36,美团月付,dpd,9,30,9,mob9_dpd30,api,美团月付#mob9_dpd30#api
10002118,6354,20240502,0,Rate36,拍拍贷,fpd,,60,,fpd60,h5,拍拍贷#fpd60#h5
10002118,6355,20250814,0,Rate36,拍拍贷,dpd,9,60,9,mob9_dpd60,h5,拍拍贷#mob9_dpd60#h5
10002118,6356,20241217,1,Rate36,拍拍贷,dpd,3,30,3,mob3_dpd30,api,拍拍贷#mob3_dpd30#api
10002119,6357,20240807,1,Rate36,美团月付,dpd,12,60,12,mob12_dpd60,h5,美团月付#mob12_dpd60#h5
10002119,6358,20250728,0,Rate36,美团月付,dpd,6,60,6,mob6_dpd60,api,美团月付#mob6_dpd60#api
10002119,6359,20241024,1,Rate36,拍拍贷,dpd,9,30,9,mob9_dpd30,api,拍拍贷#mob9_dpd30#api
10002120,6360,20240903,0,Rate36,拍拍贷,dpd,9,60,9,mob9_dpd60,h5,拍拍贷#mob9_dpd60#h5
10002120,6361,20240722,0,Rate36,拍拍贷,dpd,6,30,6,mob6_dpd30,api,拍拍贷#mob6_dpd30#api
10002120,6362,20260124,1,Rate36,拍拍贷,dpd,6,30,6,mob6_dpd30,api,拍拍贷#mob6_dpd30#api
10002121,6363,20240419,1,Rate36,美团月付,dpd,3,30,3,mob3_dpd30,h5,美团月付#mob3_dpd30#h5
10002121,6364,20251125,1,Rate36,拍拍贷,dpd,12,60,12,mob12_dpd60,h5,拍拍贷#mob12_dpd60#h5
10002121,6365,20240601,0,Rate36,美团月付,fpd,,60,,fpd60,api,美团月付#fpd60#api
10002122,6366,20241106,0,Rate36,拍拍贷,dpd,3,30,3,mob3_dpd30,api,拍拍贷#mob3_dpd30#api
10002122,6367,20241119,-2,Rate36,美团月付,fpd,,60,,fpd60,h5,美团月付#fpd60#h5
10002122,6368,20241205,-2,Rate36,美团月付,dpd,9,30,9,mob9_dpd30,h5,美团月付#mob9_dpd30#h5
10002123,6369,20240706,1,Rate36,拍拍贷,dpd,12,30,12,mob12_dpd30,h5,拍拍贷#mob12_dpd30#h5
10002123,6370,20250117,0,Rate36,拍拍贷,dpd,3,60,3,mob3_dpd60,h5,拍拍贷#mob3_dpd60#h5
10002123,6371,20260205,0,Rate36,美团月付,dpd,3,30,3,mob3_dpd30,h5,美团月付#mob3_dpd30#h5
10002124,6372,20250228,0,Rate36,拍拍贷,dpd,6,30,6,mob6_dpd30,h5,拍拍贷#mob6_dpd30#h5
10002124,6373,20250125,0,Rate36,美团月付,dpd,6,60,6,mob6_dpd60,h5,美团月付#mob6_dpd60#h5
10002124,6374,20251011,1,Rate36,拍拍贷,dpd,3,60,3,mob3_dpd60,api,拍拍贷#mob3_dpd60#api
10002125,6375,20240323,0,Rate36,美团月付,dpd,3,60,3,mob3_dpd60,api,美团月付#mob3_dpd60#api
10002125,6376,20250223,0,Rate36,拍拍贷,dpd,9,60,9,mob9_dpd60,api,拍拍贷#mob9_dpd60#api
10002125,6377,20241215,0,Rate36,美团月付,fpd,,60,,fpd60,api,美团月付#fpd60#api
10002126,6378,20240814,0,Rate36,拍拍贷,dpd,3,60,3,mob3_dpd60,api,拍拍贷#mob3_dpd60#api
10002126,6379,20240813,1,Rate36,拍拍贷,dpd,6,30,6,mob6_dpd30,h5,拍拍贷#mob6_dpd30#h5
10002126,6380,20240608,0,Rate36,美团月付,dpd,6,60,6,mob6_dpd60,api,美团月付#mob6_dpd60#api
10002127,6381,20241226,0,Rate36,拍拍贷,dpd,12,30,12,mob12_dpd30,h5,拍拍贷#mob12_dpd30#h5
10002127,6382,20260216,0,Rate36,拍拍贷,dpd,12,30,12,mob12_dpd30,h5,拍拍贷#mob12_dpd30#h5
10002127,6383,20250726,0,Rate36,拍拍贷,dpd,12,30,12,mob12_dpd30,api,拍拍贷#mob12_dpd30#api
10002128,6384,20240916,0,Rate36,拍拍贷,fpd,,60,,fpd60,h5,拍拍贷#fpd60#h5
10002128,6385,20240824,0,Rate36,美团月付,dpd,6,30,6,mob6_dpd30,h5,美团月付#mob6_dpd30#h5
10002128,6386,20250327,0,Rate36,拍拍贷,dpd,6,30,6,mob6_dpd30,h5,拍拍贷#mob6_dpd30#h5
10002129,6387,20251106,0,Rate36,拍拍贷,dpd,6,30,6,mob6_dpd30,api,拍拍贷#mob6_dpd30#api
10002129,6388,20260223,0,Rate36,拍拍贷,fpd,,60,,fpd60,api,拍拍贷#fpd60#api
10002129,6389,20250915,0,Rate36,拍拍贷,fpd,,30,,fpd30,api,拍拍贷#fpd30#api
10002130,6390,20250916,1,Rate36,美团月付,fpd,,60,,fpd60,api,美团月付#fpd60#api
10002130,6391,20240318,1,Rate36,拍拍贷,dpd,9,60,9,mob9_dpd60,api,拍拍贷#mob9_dpd60#api
10002130,6392,20250415,0,Rate36,拍拍贷,dpd,12,30,12,mob12_dpd30,h5,拍拍贷#mob12_dpd30#h5
10002131,6393,20241215,0,Rate36,美团月付,fpd,,60,,fpd60,api,美团月付#fpd60#api
10002131,6394,20240814,0,Rate36,拍拍贷,fpd,,60,,fpd60,api,拍拍贷#fpd60#api
10002131,6395,20240424,0,Rate36,美团月付,dpd,9,30,9,mob9_dpd30,h5,美团月付#mob9_dpd30#h5
10002132,6396,20241008,1,Rate36,美团月付,dpd,3,60,3,mob3_dpd60,api,美团月付#mob3_dpd60#api
10002132,6397,20240509,0,Rate36,拍拍贷,dpd,3,30,3,mob3_dpd30,api,拍拍贷#mob3_dpd30#api
10002132,6398,20250302,0,Rate36,拍拍贷,dpd,3,60,3,mob3_dpd60,api,拍拍贷#mob3_dpd60#api
10002133,6399,20250128,0,Rate36,拍拍贷,dpd,12,60,12,mob12_dpd60,api,拍拍贷#mob12_dpd60#api
10002133,6400,20240620,0,Rate36,拍拍贷,dpd,3,60,3,mob3_dpd60,api,拍拍贷#mob3_dpd60#api
10002133,6401,20250307,0,Rate36,美团月付,dpd,6,30,6,mob6_dpd30,api,美团月付#mob6_dpd30#api
10002134,6402,20240521,0,Rate36,拍拍贷,dpd,3,30,3,mob3_dpd30,api,拍拍贷#mob3_dpd30#api
10002134,6403,20250121,1,Rate36,拍拍贷,dpd,3,30,3,mob3_dpd30,h5,拍拍贷#mob3_dpd30#h5
10002134,6404,20240503,0,Rate36,拍拍贷,dpd,6,30,6,mob6_dpd30,api,拍拍贷#mob6_dpd30#api
10002135,6405,20250815,0,Rate36,美团月付,dpd,9,30,9,mob9_dpd30,api,美团月付#mob9_dpd30#api
10002135,6406,20260125,0,Rate36,美团月付,dpd,3,60,3,mob3_dpd60,api,美团月付#mob3_dpd60#api
10002135,6407,20260103,0,Rate36,美团月付,fpd,,30,,fpd30,h5,美团月付#fpd30#h5
10002136,6408,20260220,0,Rate36,美团月付,dpd,12,60,12,mob12_dpd60,api,美团月付#mob12_dpd60#api
10002136,6409,20240518,0,Rate36,美团月付,dpd,6,60,6,mob6_dpd60,api,美团月付#mob6_dpd60#api
10002136,6410,20250718,0,Rate36,美团月付,dpd,12,60,12,mob12_dpd60,api,美团月付#mob12_dpd60#api
10002137,6411,20260126,0,Rate36,美团月付,dpd,6,60,6,mob6_dpd60,api,美团月付#mob6_dpd60#api
10002137,6412,20251016,-2,Rate36,美团月付,dpd,12,60,12,mob12_dpd60,api,美团月付#mob12_dpd60#api
10002137,6413,20250301,0,Rate36,拍拍贷,dpd,3,30,3,mob3_dpd30,h5,拍拍贷#mob3_dpd30#h5
10002138,6414,20240417,1,Rate36,拍拍贷,dpd,12,30,12,mob12_dpd30,h5,拍拍贷#mob12_dpd30#h5
10002138,6415,20250218,0,Rate36,美团月付,fpd,,60,,fpd60,h5,美团月付#fpd60#h5
10002138,6416,20250123,0,Rate36,拍拍贷,dpd,3,30,3,mob3_dpd30,h5,拍拍贷#mob3_dpd30#h5
10002139,6417,20250624,0,Rate36,拍拍贷,dpd,6,30,6,mob6_dpd30,api,拍拍贷#mob6_dpd30#api
10002139,6418,20250506,0,Rate36,拍拍贷,dpd,12,60,12,mob12_dpd60,h5,拍拍贷#mob12_dpd60#h5
10002139,6419,20241106,1,Rate36,美团月付,dpd,12,60,12,mob12_dpd60,h5,美团月付#mob12_dpd60#h5
10002140,6420,20240622,0,Rate36,美团月付,dpd,12,60,12,mob12_dpd60,h5,美团月付#mob12_dpd60#h5
10002140,6421,20251124,0,Rate36,美团月付,fpd,,60,,fpd60,api,美团月付#fpd60#api
10002140,6422,20250716,0,Rate36,拍拍贷,dpd,9,60,9,mob9_dpd60,api,拍拍贷#mob9_dpd60#api
10002141,6423,20241120,0,Rate36,美团月付,dpd,3,30,3,mob3_dpd30,api,美团月付#mob3_dpd30#api
10002141,6424,20241020,0,Rate36,美团月付,dpd,9,60,9,mob9_dpd60,h5,美团月付#mob9_dpd60#h5
10002141,6425,20260208,0,Rate36,拍拍贷,fpd,,30,,fpd30,api,拍拍贷#fpd30#api
10002142,6426,20240711,0,Rate36,拍拍贷,dpd,6,60,6,mob6_dpd60,h5,拍拍贷#mob6_dpd60#h5
10002142,6427,20250113,-2,Rate36,拍拍贷,dpd,12,60,12,mob12_dpd60,api,拍拍贷#mob12_dpd60#api
10002142,6428,20250808,1,Rate36,美团月付,dpd,9,30,9,mob9_dpd30,h5,美团月付#mob9_dpd30#h5
10002143,6429,20250209,0,Rate36,美团月付,dpd,9,30,9,mob9_dpd30,api,美团月付#mob9_dpd30#api
10002143,6430,20251013,0,Rate36,拍拍贷,dpd,6,30,6,mob6_dpd30,h5,拍拍贷#mob6_dpd30#h5
10002143,6431,20250828,0,Rate36,美团月付,fpd,,30,,fpd30,api,美团月付#fpd30#api
10002144,6432,20240424,0,Rate36,美团月付,dpd,12,30,12,mob12_dpd30,api,美团月付#mob12_dpd30#api
10002144,6433,20240609,0,Rate36,美团月付,dpd,12,60,12,mob12_dpd60,api,美团月付#mob12_dpd60#api
10002144,6434,20250507,0,Rate36,美团月付,dpd,3,30,3,mob3_dpd30,h5,美团月付#mob3_dpd30#h5
10002145,6435,20251126,1,Rate36,美团月付,dpd,9,30,9,mob9_dpd30,api,美团月付#mob9_dpd30#api
10002145,6436,20240719,0,Rate36,美团月付,dpd,3,30,3,mob3_dpd30,api,美团月付#mob3_dpd30#api
10002145,6437,20250206,0,Rate36,拍拍贷,dpd,9,30,9,mob9_dpd30,h5,拍拍贷#mob9_dpd30#h5
10002146,6438,20251011,0,Rate36,拍拍贷,fpd,,30,,fpd30,h5,拍拍贷#fpd30#h5
10002146,6439,20240711,0,Rate36,拍拍贷,fpd,,30,,fpd30,api,拍拍贷#fpd30#api
10002146,6440,20251023,0,Rate36,拍拍贷,dpd,9,60,9,mob9_dpd60,h5,拍拍贷#mob9_dpd60#h5
10002147,6441,20250621,0,Rate36,拍拍贷,dpd,6,30,6,mob6_dpd30,api,拍拍贷#mob6_dpd30#api
10002147,6442,20250918,0,Rate36,美团月付,dpd,12,30,12,mob12_dpd30,api,美团月付#mob12_dpd30#api
10002147,6443,20250316,0,Rate36,美团月付,fpd,,30,,fpd30,h5,美团月付#fpd30#h5
10002148,6444,20251020,0,Rate36,美团月付,dpd,9,30,9,mob9_dpd30,h5,美团月付#mob9_dpd30#h5
10002148,6445,20240927,0,Rate36,美团月付,dpd,9,60,9,mob9_dpd60,api,美团月付#mob9_dpd60#api
10002148,6446,20250914,-2,Rate36,拍拍贷,dpd,9,30,9,mob9_dpd30,h5,拍拍贷#mob9_dpd30#h5
10002149,6447,20241123,1,Rate36,美团月付,fpd,,60,,fpd60,api,美团月付#fpd60#api
10002149,6448,20240713,-2,Rate36,拍拍贷,fpd,,30,,fpd30,h5,拍拍贷#fpd30#h5
10002149,6449,20240915,-2,Rate36,拍拍贷,dpd,3,60,3,mob3_dpd60,api,拍拍贷#mob3_dpd60#api
10002150,6450,20251014,0,Rate36,美团月付,dpd,9,60,9,mob9_dpd60,api,美团月付#mob9_dpd60#api
10002150,6451,20240527,0,Rate36,美团月付,dpd,9,30,9,mob9_dpd30,api,美团月付#mob9_dpd30#api
10002150,6452,20240519,0,Rate36,拍拍贷,dpd,3,30,3,mob3_dpd30,h5,拍拍贷#mob3_dpd30#h5
10002151,6453,20250307,0,Rate36,拍拍贷,dpd,6,30,6,mob6_dpd30,h5,拍拍贷#mob6_dpd30#h5
10002151,6454,20250825,0,Rate36,拍拍贷,dpd,3,60,3,mob3_dpd60,h5,拍拍贷#mob3_dpd60#h5
10002151,6455,20250625,0,Rate36,拍拍贷,dpd,6,60,6,mob6_dpd60,h5,拍拍贷#mob6_dpd60#h5
10002152,6456,20241127,1,Rate36,拍拍贷,dpd,3,60,3,mob3_dpd60,api,拍拍贷#mob3_dpd60#api
10002152,6457,20241019,0,Rate36,拍拍贷,dpd,6,30,6,mob6_dpd30,api,拍拍贷#mob6_dpd30#api
10002152,6458,20250220,-2,Rate36,美团月付,dpd,12,30,12,mob12_dpd30,h5,美团月付#mob12_dpd30#h5
10002153,6459,20241206,0,Rate36,拍拍贷,dpd,6,30,6,mob6_dpd30,h5,拍拍贷#mob6_dpd30#h5
10002153,6460,20250125,0,Rate36,美团月付,fpd,,60,,fpd60,h5,美团月付#fpd60#h5
10002153,6461,20240302,-2,Rate36,拍拍贷,dpd,9,60,9,mob9_dpd60,h5,拍拍贷#mob9_dpd60#h5
10002154,6462,20250410,0,Rate36,拍拍贷,dpd,3,60,3,mob3_dpd60,h5,拍拍贷#mob3_dpd60#h5
10002154,6463,20240404,0,Rate36,拍拍贷,dpd,3,30,3,mob3_dpd30,api,拍拍贷#mob3_dpd30#api
10002154,6464,20240814,0,Rate36,美团月付,dpd,9,60,9,mob9_dpd60,api,美团月付#mob9_dpd60#api
10002155,6465,20240313,1,Rate36,拍拍贷,dpd,9,60,9,mob9_dpd60,h5,拍拍贷#mob9_dpd60#h5
10002155,6466,20240504,0,Rate36,美团月付,fpd,,30,,fpd30,api,美团月付#fpd30#api
10002155,6467,20250526,0,Rate36,拍拍贷,fpd,,60,,fpd60,h5,拍拍贷#fpd60#h5
10002156,6468,20260118,0,Rate36,美团月付,dpd,3,60,3,mob3_dpd60,h5,美团月付#mob3_dpd60#h5
10002156,6469,20240704,0,Rate36,美团月付,dpd,6,30,6,mob6_dpd30,api,美团月付#mob6_dpd30#api
10002156,6470,20241207,0,Rate36,美团月付,dpd,6,30,6,mob6_dpd30,api,美团月付#mob6_dpd30#api
10002157,6471,20260225,0,Rate36,美团月付,fpd,,30,,fpd30,h5,美团月付#fpd30#h5
10002157,6472,20250819,0,Rate36,美团月付,dpd,9,30,9,mob9_dpd30,api,美团月付#mob9_dpd30#api
10002157,6473,20240418,1,Rate36,拍拍贷,dpd,6,60,6,mob6_dpd60,api,拍拍贷#mob6_dpd60#api
10002158,6474,20240910,0,Rate36,美团月付,dpd,6,30,6,mob6_dpd30,h5,美团月付#mob6_dpd30#h5
10002158,6475,20241206,0,Rate36,美团月付,dpd,9,30,9,mob9_dpd30,api,美团月付#mob9_dpd30#api
10002158,6476,20250608,0,Rate36,美团月付,dpd,6,60,6,mob6_dpd60,api,美团月付#mob6_dpd60#api
10002159,6477,20251209,0,Rate36,美团月付,dpd,6,30,6,mob6_dpd30,h5,美团月付#mob6_dpd30#h5
10002159,6478,20251007,1,Rate36,拍拍贷,dpd,9,30,9,mob9_dpd30,h5,拍拍贷#mob9_dpd30#h5
10002159,6479,20240513,1,Rate36,美团月付,dpd,12,60,12,mob12_dpd60,h5,美团月付#mob12_dpd60#h5
10002160,6480,20250816,0,Rate36,拍拍贷,dpd,6,60,6,mob6_dpd60,api,拍拍贷#mob6_dpd60#api
10002160,6481,20260204,1,Rate36,美团月付,fpd,,30,,fpd30,api,美团月付#fpd30#api
10002160,6482,20250723,0,Rate36,拍拍贷,dpd,12,60,12,mob12_dpd60,api,拍拍贷#mob12_dpd60#api
10002161,6483,20250608,1,Rate36,拍拍贷,dpd,6,30,6,mob6_dpd30,api,拍拍贷#mob6_dpd30#api
10002161,6484,20250720,1,Rate36,拍拍贷,dpd,12,30,12,mob12_dpd30,api,拍拍贷#mob12_dpd30#api
10002161,6485,20250513,1,Rate36,拍拍贷,dpd,9,30,9,mob9_dpd30,api,拍拍贷#mob9_dpd30#api
10002162,6486,20240728,0,Rate36,美团月付,dpd,6,60,6,mob6_dpd60,api,美团月付#mob6_dpd60#api
10002162,6487,20260127,0,Rate36,美团月付,dpd,3,30,3,mob3_dpd30,api,美团月付#mob3_dpd30#api
10002162,6488,20260215,0,Rate36,美团月付,dpd,9,30,9,mob9_dpd30,h5,美团月付#mob9_dpd30#h5
10002163,6489,20251119,0,Rate36,美团月付,dpd,12,60,12,mob12_dpd60,h5,美团月付#mob12_dpd60#h5
10002163,6490,20240726,1,Rate36,拍拍贷,dpd,6,30,6,mob6_dpd30,api,拍拍贷#mob6_dpd30#api
10002163,6491,20241114,0,Rate36,美团月付,dpd,12,30,12,mob12_dpd30,api,美团月付#mob12_dpd30#api
10002164,6492,20250316,1,Rate36,拍拍贷,dpd,9,60,9,mob9_dpd60,api,拍拍贷#mob9_dpd60#api
10002164,6493,20250905,1,Rate36,拍拍贷,dpd,9,60,9,mob9_dpd60,api,拍拍贷#mob9_dpd60#api
10002164,6494,20250814,-2,Rate36,美团月付,dpd,9,60,9,mob9_dpd60,h5,美团月付#mob9_dpd60#h5
10002165,6495,20250717,0,Rate36,美团月付,dpd,6,30,6,mob6_dpd30,h5,美团月付#mob6_dpd30#h5
10002165,6496,20251210,0,Rate36,美团月付,dpd,6,30,6,mob6_dpd30,h5,美团月付#mob6_dpd30#h5
10002165,6497,20240901,0,Rate36,美团月付,fpd,,30,,fpd30,h5,美团月付#fpd30#h5
10002166,6498,20251024,1,Rate36,拍拍贷,dpd,6,60,6,mob6_dpd60,h5,拍拍贷#mob6_dpd60#h5
10002166,6499,20250310,0,Rate36,拍拍贷,dpd,6,30,6,mob6_dpd30,h5,拍拍贷#mob6_dpd30#h5
10002166,6500,20251018,0,Rate36,拍拍贷,dpd,9,30,9,mob9_dpd30,h5,拍拍贷#mob9_dpd30#h5
10002167,6501,20251103,0,Rate36,美团月付,dpd,12,30,12,mob12_dpd30,api,美团月付#mob12_dpd30#api
10002167,6502,20250324,0,Rate36,拍拍贷,dpd,3,30,3,mob3_dpd30,api,拍拍贷#mob3_dpd30#api
10002167,6503,20250521,0,Rate36,美团月付,dpd,12,30,12,mob12_dpd30,h5,美团月付#mob12_dpd30#h5
10002168,6504,20240418,0,Rate36,美团月付,fpd,,60,,fpd60,api,美团月付#fpd60#api
10002168,6505,20241018,0,Rate36,拍拍贷,fpd,,60,,fpd60,api,拍拍贷#fpd60#api
10002168,6506,20240604,0,Rate36,拍拍贷,fpd,,30,,fpd30,api,拍拍贷#fpd30#api
10002169,6507,20241201,0,Rate36,拍拍贷,dpd,12,30,12,mob12_dpd30,api,拍拍贷#mob12_dpd30#api
10002169,6508,20250926,0,Rate36,拍拍贷,dpd,6,60,6,mob6_dpd60,api,拍拍贷#mob6_dpd60#api
10002169,6509,20250918,0,Rate36,拍拍贷,dpd,6,30,6,mob6_dpd30,h5,拍拍贷#mob6_dpd30#h5
10002170,6510,20240513,0,Rate36,拍拍贷,dpd,3,60,3,mob3_dpd60,h5,拍拍贷#mob3_dpd60#h5
10002170,6511,20241013,0,Rate36,拍拍贷,dpd,12,60,12,mob12_dpd60,h5,拍拍贷#mob12_dpd60#h5
10002170,6512,20250207,0,Rate36,拍拍贷,dpd,9,30,9,mob9_dpd30,api,拍拍贷#mob9_dpd30#api
10002171,6513,20241116,0,Rate36,拍拍贷,fpd,,30,,fpd30,h5,拍拍贷#fpd30#h5
10002171,6514,20241016,0,Rate36,美团月付,dpd,12,60,12,mob12_dpd60,h5,美团月付#mob12_dpd60#h5
10002171,6515,20250208,1,Rate36,拍拍贷,dpd,12,60,12,mob12_dpd60,api,拍拍贷#mob12_dpd60#api
10002172,6516,20250804,1,Rate36,美团月付,dpd,12,30,12,mob12_dpd30,h5,美团月付#mob12_dpd30#h5
10002172,6517,20241217,0,Rate36,拍拍贷,dpd,12,60,12,mob12_dpd60,h5,拍拍贷#mob12_dpd60#h5
10002172,6518,20250205,0,Rate36,美团月付,dpd,6,30,6,mob6_dpd30,api,美团月付#mob6_dpd30#api
10002173,6519,20260217,0,Rate36,拍拍贷,dpd,3,60,3,mob3_dpd60,api,拍拍贷#mob3_dpd60#api
10002173,6520,20240408,1,Rate36,美团月付,dpd,9,30,9,mob9_dpd30,api,美团月付#mob9_dpd30#api
10002173,6521,20241113,0,Rate36,美团月付,dpd,9,30,9,mob9_dpd30,api,美团月付#mob9_dpd30#api
10002174,6522,20240801,0,Rate36,拍拍贷,dpd,3,60,3,mob3_dpd60,api,拍拍贷#mob3_dpd60#api
10002174,6523,20250606,0,Rate36,拍拍贷,dpd,6,30,6,mob6_dpd30,api,拍拍贷#mob6_dpd30#api
10002174,6524,20240420,0,Rate36,美团月付,dpd,9,30,9,mob9_dpd30,h5,美团月付#mob9_dpd30#h5
10002175,6525,20251212,0,Rate36,拍拍贷,dpd,12,60,12,mob12_dpd60,api,拍拍贷#mob12_dpd60#api
10002175,6526,20250527,0,Rate36,美团月付,dpd,3,30,3,mob3_dpd30,api,美团月付#mob3_dpd30#api
10002175,6527,20240309,0,Rate36,拍拍贷,dpd,12,60,12,mob12_dpd60,api,拍拍贷#mob12_dpd60#api
10002176,6528,20250812,1,Rate36,拍拍贷,dpd,12,30,12,mob12_dpd30,h5,拍拍贷#mob12_dpd30#h5
10002176,6529,20260225,0,Rate36,拍拍贷,dpd,12,30,12,mob12_dpd30,api,拍拍贷#mob12_dpd30#api
10002176,6530,20250121,-2,Rate36,拍拍贷,dpd,12,30,12,mob12_dpd30,h5,拍拍贷#mob12_dpd30#h5
10002177,6531,20250816,0,Rate36,美团月付,dpd,12,60,12,mob12_dpd60,h5,美团月付#mob12_dpd60#h5
10002177,6532,20251225,0,Rate36,美团月付,dpd,6,60,6,mob6_dpd60,h5,美团月付#mob6_dpd60#h5
10002177,6533,20250201,0,Rate36,拍拍贷,dpd,3,30,3,mob3_dpd30,h5,拍拍贷#mob3_dpd30#h5
10002178,6534,20240509,0,Rate36,拍拍贷,dpd,6,30,6,mob6_dpd30,h5,拍拍贷#mob6_dpd30#h5
10002178,6535,20250901,1,Rate36,美团月付,dpd,12,30,12,mob12_dpd30,api,美团月付#mob12_dpd30#api
10002178,6536,20241015,0,Rate36,美团月付,dpd,9,30,9,mob9_dpd30,h5,美团月付#mob9_dpd30#h5
10002179,6537,20240921,0,Rate36,拍拍贷,dpd,12,60,12,mob12_dpd60,h5,拍拍贷#mob12_dpd60#h5
10002179,6538,20250726,1,Rate36,拍拍贷,dpd,9,30,9,mob9_dpd30,h5,拍拍贷#mob9_dpd30#h5
10002179,6539,20250622,0,Rate36,美团月付,dpd,6,30,6,mob6_dpd30,h5,美团月付#mob6_dpd30#h5
10002180,6540,20240503,0,Rate36,拍拍贷,fpd,,30,,fpd30,h5,拍拍贷#fpd30#h5
10002180,6541,20250717,1,Rate36,拍拍贷,dpd,12,30,12,mob12_dpd30,h5,拍拍贷#mob12_dpd30#h5
10002180,6542,20251004,0,Rate36,拍拍贷,fpd,,60,,fpd60,h5,拍拍贷#fpd60#h5
10002181,6543,20260204,0,Rate36,美团月付,dpd,6,30,6,mob6_dpd30,api,美团月付#mob6_dpd30#api
10002181,6544,20241109,0,Rate36,拍拍贷,dpd,9,30,9,mob9_dpd30,api,拍拍贷#mob9_dpd30#api
10002181,6545,20251012,0,Rate36,拍拍贷,dpd,6,30,6,mob6_dpd30,h5,拍拍贷#mob6_dpd30#h5
10002182,6546,20240619,0,Rate36,美团月付,dpd,12,30,12,mob12_dpd30,api,美团月付#mob12_dpd30#api
10002182,6547,20251210,-2,Rate36,美团月付,dpd,3,30,3,mob3_dpd30,h5,美团月付#mob3_dpd30#h5
10002182,6548,20250613,0,Rate36,拍拍贷,fpd,,30,,fpd30,api,拍拍贷#fpd30#api
10002183,6549,20251026,0,Rate36,美团月付,dpd,6,60,6,mob6_dpd60,api,美团月付#mob6_dpd60#api
10002183,6550,20240323,0,Rate36,拍拍贷,dpd,6,30,6,mob6_dpd30,api,拍拍贷#mob6_dpd30#api
10002183,6551,20250513,0,Rate36,拍拍贷,dpd,6,30,6,mob6_dpd30,h5,拍拍贷#mob6_dpd30#h5
10002184,6552,20250926,-2,Rate36,拍拍贷,dpd,6,60,6,mob6_dpd60,h5,拍拍贷#mob6_dpd60#h5
10002184,6553,20251019,0,Rate36,美团月付,dpd,3,60,3,mob3_dpd60,h5,美团月付#mob3_dpd60#h5
10002184,6554,20260210,0,Rate36,拍拍贷,fpd,,30,,fpd30,api,拍拍贷#fpd30#api
10002185,6555,20250718,-2,Rate36,拍拍贷,dpd,9,60,9,mob9_dpd60,h5,拍拍贷#mob9_dpd60#h5
10002185,6556,20250225,0,Rate36,美团月付,dpd,3,60,3,mob3_dpd60,h5,美团月付#mob3_dpd60#h5
10002185,6557,20260108,0,Rate36,拍拍贷,fpd,,60,,fpd60,h5,拍拍贷#fpd60#h5
10002186,6558,20250506,1,Rate36,拍拍贷,dpd,9,30,9,mob9_dpd30,h5,拍拍贷#mob9_dpd30#h5
10002186,6559,20240504,0,Rate36,美团月付,dpd,9,30,9,mob9_dpd30,api,美团月付#mob9_dpd30#api
10002186,6560,20250706,1,Rate36,美团月付,dpd,3,30,3,mob3_dpd30,api,美团月付#mob3_dpd30#api
10002187,6561,20241216,0,Rate36,美团月付,fpd,,60,,fpd60,api,美团月付#fpd60#api
10002187,6562,20241218,0,Rate36,拍拍贷,dpd,3,30,3,mob3_dpd30,h5,拍拍贷#mob3_dpd30#h5
10002187,6563,20240426,0,Rate36,拍拍贷,fpd,,30,,fpd30,api,拍拍贷#fpd30#api
10002188,6564,20251205,0,Rate36,美团月付,dpd,12,30,12,mob12_dpd30,h5,美团月付#mob12_dpd30#h5
10002188,6565,20240411,0,Rate36,拍拍贷,dpd,6,30,6,mob6_dpd30,api,拍拍贷#mob6_dpd30#api
10002188,6566,20241009,1,Rate36,美团月付,dpd,12,30,12,mob12_dpd30,api,美团月付#mob12_dpd30#api
10002189,6567,20241004,0,Rate36,拍拍贷,dpd,9,30,9,mob9_dpd30,api,拍拍贷#mob9_dpd30#api
10002189,6568,20241106,1,Rate36,美团月付,dpd,6,30,6,mob6_dpd30,api,美团月付#mob6_dpd30#api
10002189,6569,20241222,0,Rate36,拍拍贷,dpd,9,30,9,mob9_dpd30,api,拍拍贷#mob9_dpd30#api
10002190,6570,20240705,0,Rate36,拍拍贷,dpd,3,30,3,mob3_dpd30,h5,拍拍贷#mob3_dpd30#h5
10002190,6571,20250820,0,Rate36,美团月付,dpd,3,30,3,mob3_dpd30,api,美团月付#mob3_dpd30#api
10002190,6572,20240418,0,Rate36,拍拍贷,dpd,12,30,12,mob12_dpd30,api,拍拍贷#mob12_dpd30#api
10002191,6573,20251026,0,Rate36,美团月付,dpd,6,60,6,mob6_dpd60,api,美团月付#mob6_dpd60#api
10002191,6574,20240404,0,Rate36,拍拍贷,fpd,,60,,fpd60,api,拍拍贷#fpd60#api
10002191,6575,20250709,0,Rate36,拍拍贷,fpd,,60,,fpd60,api,拍拍贷#fpd60#api
10002192,6576,20260104,0,Rate36,美团月付,dpd,9,30,9,mob9_dpd30,api,美团月付#mob9_dpd30#api
10002192,6577,20240725,1,Rate36,美团月付,dpd,12,30,12,mob12_dpd30,h5,美团月付#mob12_dpd30#h5
10002192,6578,20240807,1,Rate36,美团月付,dpd,9,60,9,mob9_dpd60,api,美团月付#mob9_dpd60#api
10002193,6579,20240527,1,Rate36,拍拍贷,dpd,9,60,9,mob9_dpd60,api,拍拍贷#mob9_dpd60#api
10002193,6580,20241203,1,Rate36,美团月付,fpd,,30,,fpd30,h5,美团月付#fpd30#h5
10002193,6581,20240304,0,Rate36,美团月付,dpd,3,30,3,mob3_dpd30,api,美团月付#mob3_dpd30#api
10002194,6582,20250210,0,Rate36,拍拍贷,dpd,12,30,12,mob12_dpd30,h5,拍拍贷#mob12_dpd30#h5
10002194,6583,20250505,0,Rate36,拍拍贷,fpd,,30,,fpd30,api,拍拍贷#fpd30#api
10002194,6584,20241008,0,Rate36,拍拍贷,dpd,12,30,12,mob12_dpd30,api,拍拍贷#mob12_dpd30#api
10002195,6585,20241202,0,Rate36,拍拍贷,dpd,9,60,9,mob9_dpd60,api,拍拍贷#mob9_dpd60#api
10002195,6586,20251110,0,Rate36,拍拍贷,fpd,,30,,fpd30,h5,拍拍贷#fpd30#h5
10002195,6587,20241207,1,Rate36,拍拍贷,dpd,9,30,9,mob9_dpd30,h5,拍拍贷#mob9_dpd30#h5
10002196,6588,20240421,0,Rate36,美团月付,dpd,6,60,6,mob6_dpd60,h5,美团月付#mob6_dpd60#h5
10002196,6589,20250615,0,Rate36,拍拍贷,dpd,9,60,9,mob9_dpd60,api,拍拍贷#mob9_dpd60#api
10002196,6590,20250421,0,Rate36,拍拍贷,dpd,6,60,6,mob6_dpd60,h5,拍拍贷#mob6_dpd60#h5
10002197,6591,20250420,-2,Rate36,拍拍贷,dpd,6,60,6,mob6_dpd60,h5,拍拍贷#mob6_dpd60#h5
10002197,6592,20260126,0,Rate36,美团月付,fpd,,60,,fpd60,api,美团月付#fpd60#api
10002197,6593,20250913,1,Rate36,美团月付,dpd,9,30,9,mob9_dpd30,h5,美团月付#mob9_dpd30#h5
10002198,6594,20251202,1,Rate36,拍拍贷,dpd,9,60,9,mob9_dpd60,h5,拍拍贷#mob9_dpd60#h5
10002198,6595,20240623,0,Rate36,拍拍贷,dpd,9,30,9,mob9_dpd30,api,拍拍贷#mob9_dpd30#api
10002198,6596,20260202,0,Rate36,美团月付,dpd,12,30,12,mob12_dpd30,h5,美团月付#mob12_dpd30#h5
10002199,6597,20260103,0,Rate36,美团月付,dpd,12,60,12,mob12_dpd60,api,美团月付#mob12_dpd60#api
10002199,6598,20250503,0,Rate36,美团月付,dpd,12,30,12,mob12_dpd30,api,美团月付#mob12_dpd30#api
10002199,6599,20260226,0,Rate36,拍拍贷,dpd,6,30,6,mob6_dpd30,h5,拍拍贷#mob6_dpd30#h5
10002200,6600,20240505,0,Rate36,美团月付,dpd,3,60,3,mob3_dpd60,h5,美团月付#mob3_dpd60#h5
10002200,6601,20250326,0,Rate36,拍拍贷,dpd,6,60,6,mob6_dpd60,api,拍拍贷#mob6_dpd60#api
10002200,6602,20241122,0,Rate36,美团月付,dpd,12,60,12,mob12_dpd60,api,美团月付#mob12_dpd60#api
10002201,6603,20251010,0,Rate36,拍拍贷,dpd,6,30,6,mob6_dpd30,h5,拍拍贷#mob6_dpd30#h5
10002201,6604,20250212,0,Rate36,美团月付,dpd,9,30,9,mob9_dpd30,api,美团月付#mob9_dpd30#api
10002201,6605,20240821,0,Rate36,拍拍贷,dpd,9,30,9,mob9_dpd30,h5,拍拍贷#mob9_dpd30#h5
10002202,6606,20240423,0,Rate36,拍拍贷,dpd,3,60,3,mob3_dpd60,api,拍拍贷#mob3_dpd60#api
10002202,6607,20250616,0,Rate36,拍拍贷,dpd,3,30,3,mob3_dpd30,api,拍拍贷#mob3_dpd30#api
10002202,6608,20240501,0,Rate36,拍拍贷,dpd,6,30,6,mob6_dpd30,api,拍拍贷#mob6_dpd30#api
10002203,6609,20260104,0,Rate36,美团月付,dpd,6,30,6,mob6_dpd30,api,美团月付#mob6_dpd30#api
10002203,6610,20240312,0,Rate36,拍拍贷,dpd,3,30,3,mob3_dpd30,api,拍拍贷#mob3_dpd30#api
10002203,6611,20251213,0,Rate36,美团月付,dpd,3,30,3,mob3_dpd30,h5,美团月付#mob3_dpd30#h5
10002204,6612,20241112,0,Rate36,美团月付,dpd,12,60,12,mob12_dpd60,h5,美团月付#mob12_dpd60#h5
10002204,6613,20250415,1,Rate36,美团月付,dpd,9,30,9,mob9_dpd30,h5,美团月付#mob9_dpd30#h5
10002204,6614,20241007,0,Rate36,美团月付,dpd,12,60,12,mob12_dpd60,api,美团月付#mob12_dpd60#api
10002205,6615,20250703,0,Rate36,美团月付,dpd,6,60,6,mob6_dpd60,h5,美团月付#mob6_dpd60#h5
10002205,6616,20240914,1,Rate36,美团月付,dpd,12,30,12,mob12_dpd30,h5,美团月付#mob12_dpd30#h5
10002205,6617,20240621,0,Rate36,美团月付,dpd,12,30,12,mob12_dpd30,api,美团月付#mob12_dpd30#api
10002206,6618,20260220,0,Rate36,拍拍贷,dpd,9,60,9,mob9_dpd60,api,拍拍贷#mob9_dpd60#api
10002206,6619,20250425,0,Rate36,拍拍贷,fpd,,30,,fpd30,h5,拍拍贷#fpd30#h5
10002206,6620,20251222,1,Rate36,拍拍贷,dpd,3,60,3,mob3_dpd60,api,拍拍贷#mob3_dpd60#api
10002207,6621,20251216,0,Rate36,拍拍贷,fpd,,30,,fpd30,h5,拍拍贷#fpd30#h5
10002207,6622,20250724,0,Rate36,美团月付,dpd,6,30,6,mob6_dpd30,h5,美团月付#mob6_dpd30#h5
10002207,6623,20251018,0,Rate36,拍拍贷,fpd,,30,,fpd30,h5,拍拍贷#fpd30#h5
10002208,6624,20260222,1,Rate36,拍拍贷,dpd,12,60,12,mob12_dpd60,h5,拍拍贷#mob12_dpd60#h5
10002208,6625,20250603,0,Rate36,美团月付,dpd,9,30,9,mob9_dpd30,api,美团月付#mob9_dpd30#api
10002208,6626,20260209,0,Rate36,拍拍贷,dpd,3,30,3,mob3_dpd30,h5,拍拍贷#mob3_dpd30#h5
10002209,6627,20251013,1,Rate36,美团月付,dpd,6,60,6,mob6_dpd60,h5,美团月付#mob6_dpd60#h5
10002209,6628,20250520,0,Rate36,美团月付,dpd,9,30,9,mob9_dpd30,h5,美团月付#mob9_dpd30#h5
10002209,6629,20240823,-2,Rate36,美团月付,dpd,3,60,3,mob3_dpd60,h5,美团月付#mob3_dpd60#h5
10002210,6630,20250403,0,Rate36,拍拍贷,dpd,9,30,9,mob9_dpd30,h5,拍拍贷#mob9_dpd30#h5
10002210,6631,20260205,0,Rate36,拍拍贷,dpd,6,30,6,mob6_dpd30,h5,拍拍贷#mob6_dpd30#h5
10002210,6632,20241012,0,Rate36,美团月付,dpd,12,30,12,mob12_dpd30,h5,美团月付#mob12_dpd30#h5
10002211,6633,20240302,0,Rate36,美团月付,dpd,12,60,12,mob12_dpd60,h5,美团月付#mob12_dpd60#h5
10002211,6634,20241121,0,Rate36,美团月付,dpd,12,30,12,mob12_dpd30,h5,美团月付#mob12_dpd30#h5
10002211,6635,20251115,0,Rate36,美团月付,dpd,9,30,9,mob9_dpd30,h5,美团月付#mob9_dpd30#h5
10002212,6636,20251019,1,Rate36,美团月付,dpd,6,60,6,mob6_dpd60,h5,美团月付#mob6_dpd60#h5
10002212,6637,20240517,0,Rate36,拍拍贷,dpd,3,30,3,mob3_dpd30,api,拍拍贷#mob3_dpd30#api
10002212,6638,20250525,0,Rate36,美团月付,dpd,9,30,9,mob9_dpd30,api,美团月付#mob9_dpd30#api
10002213,6639,20251226,0,Rate36,拍拍贷,dpd,3,60,3,mob3_dpd60,api,拍拍贷#mob3_dpd60#api
10002213,6640,20250524,0,Rate36,美团月付,dpd,12,30,12,mob12_dpd30,api,美团月付#mob12_dpd30#api
10002213,6641,20241107,0,Rate36,拍拍贷,dpd,12,30,12,mob12_dpd30,h5,拍拍贷#mob12_dpd30#h5
10002214,6642,20240926,1,Rate36,拍拍贷,dpd,9,60,9,mob9_dpd60,api,拍拍贷#mob9_dpd60#api
10002214,6643,20240627,1,Rate36,拍拍贷,dpd,6,60,6,mob6_dpd60,h5,拍拍贷#mob6_dpd60#h5
10002214,6644,20251228,0,Rate36,美团月付,fpd,,30,,fpd30,h5,美团月付#fpd30#h5
10002215,6645,20250723,0,Rate36,美团月付,dpd,6,60,6,mob6_dpd60,h5,美团月付#mob6_dpd60#h5
10002215,6646,20250527,0,Rate36,美团月付,dpd,6,30,6,mob6_dpd30,h5,美团月付#mob6_dpd30#h5
10002215,6647,20250702,1,Rate36,美团月付,fpd,,30,,fpd30,h5,美团月付#fpd30#h5
10002216,6648,20250217,0,Rate36,拍拍贷,fpd,,30,,fpd30,h5,拍拍贷#fpd30#h5
10002216,6649,20240528,1,Rate36,美团月付,dpd,12,60,12,mob12_dpd60,api,美团月付#mob12_dpd60#api
10002216,6650,20250627,0,Rate36,美团月付,fpd,,30,,fpd30,h5,美团月付#fpd30#h5
10002217,6651,20250721,1,Rate36,美团月付,fpd,,30,,fpd30,h5,美团月付#fpd30#h5
10002217,6652,20240514,-2,Rate36,拍拍贷,fpd,,60,,fpd60,h5,拍拍贷#fpd60#h5
10002217,6653,20240801,0,Rate36,美团月付,fpd,,30,,fpd30,api,美团月付#fpd30#api
10002218,6654,20250702,0,Rate36,拍拍贷,fpd,,60,,fpd60,h5,拍拍贷#fpd60#h5
10002218,6655,20240314,1,Rate36,拍拍贷,dpd,12,30,12,mob12_dpd30,h5,拍拍贷#mob12_dpd30#h5
10002218,6656,20240317,0,Rate36,拍拍贷,fpd,,30,,fpd30,h5,拍拍贷#fpd30#h5
10002219,6657,20240319,0,Rate36,拍拍贷,dpd,9,30,9,mob9_dpd30,h5,拍拍贷#mob9_dpd30#h5
10002219,6658,20240608,0,Rate36,拍拍贷,dpd,12,60,12,mob12_dpd60,api,拍拍贷#mob12_dpd60#api
10002219,6659,20240827,0,Rate36,拍拍贷,dpd,9,30,9,mob9_dpd30,api,拍拍贷#mob9_dpd30#api
10002220,6660,20250620,0,Rate36,美团月付,dpd,3,30,3,mob3_dpd30,api,美团月付#mob3_dpd30#api
10002220,6661,20240605,0,Rate36,美团月付,dpd,6,30,6,mob6_dpd30,api,美团月付#mob6_dpd30#api
10002220,6662,20240711,1,Rate36,美团月付,dpd,12,60,12,mob12_dpd60,api,美团月付#mob12_dpd60#api
10002221,6663,20250212,0,Rate36,美团月付,fpd,,30,,fpd30,h5,美团月付#fpd30#h5
10002221,6664,20260219,0,Rate36,拍拍贷,dpd,9,30,9,mob9_dpd30,h5,拍拍贷#mob9_dpd30#h5
10002221,6665,20250420,0,Rate36,拍拍贷,fpd,,30,,fpd30,h5,拍拍贷#fpd30#h5
10002222,6666,20241020,0,Rate36,美团月付,dpd,6,60,6,mob6_dpd60,api,美团月付#mob6_dpd60#api
10002222,6667,20250124,0,Rate36,拍拍贷,fpd,,30,,fpd30,api,拍拍贷#fpd30#api
10002222,6668,20250612,0,Rate36,拍拍贷,fpd,,30,,fpd30,h5,拍拍贷#fpd30#h5
10002223,6669,20241212,0,Rate36,美团月付,dpd,12,30,12,mob12_dpd30,api,美团月付#mob12_dpd30#api
10002223,6670,20240828,-2,Rate36,美团月付,dpd,6,30,6,mob6_dpd30,api,美团月付#mob6_dpd30#api
10002223,6671,20250225,0,Rate36,拍拍贷,dpd,9,60,9,mob9_dpd60,api,拍拍贷#mob9_dpd60#api
10002224,6672,20240906,0,Rate36,拍拍贷,dpd,6,30,6,mob6_dpd30,api,拍拍贷#mob6_dpd30#api
10002224,6673,20250707,1,Rate36,拍拍贷,dpd,12,30,12,mob12_dpd30,h5,拍拍贷#mob12_dpd30#h5
10002224,6674,20250216,0,Rate36,美团月付,fpd,,60,,fpd60,api,美团月付#fpd60#api
10002225,6675,20260201,0,Rate36,美团月付,dpd,9,30,9,mob9_dpd30,h5,美团月付#mob9_dpd30#h5
10002225,6676,20240820,0,Rate36,拍拍贷,dpd,3,30,3,mob3_dpd30,api,拍拍贷#mob3_dpd30#api
10002225,6677,20240328,0,Rate36,美团月付,dpd,3,60,3,mob3_dpd60,api,美团月付#mob3_dpd60#api
10002226,6678,20240516,0,Rate36,拍拍贷,fpd,,60,,fpd60,api,拍拍贷#fpd60#api
10002226,6679,20241002,0,Rate36,拍拍贷,dpd,6,60,6,mob6_dpd60,api,拍拍贷#mob6_dpd60#api
10002226,6680,20260205,0,Rate36,美团月付,dpd,3,60,3,mob3_dpd60,api,美团月付#mob3_dpd60#api
10002227,6681,20240817,0,Rate36,美团月付,dpd,12,30,12,mob12_dpd30,api,美团月付#mob12_dpd30#api
10002227,6682,20251111,1,Rate36,美团月付,fpd,,60,,fpd60,h5,美团月付#fpd60#h5
10002227,6683,20250122,1,Rate36,拍拍贷,dpd,9,60,9,mob9_dpd60,api,拍拍贷#mob9_dpd60#api
10002228,6684,20241027,0,Rate36,拍拍贷,fpd,,30,,fpd30,h5,拍拍贷#fpd30#h5
10002228,6685,20240402,0,Rate36,拍拍贷,dpd,12,30,12,mob12_dpd30,h5,拍拍贷#mob12_dpd30#h5
10002228,6686,20241106,0,Rate36,美团月付,dpd,9,30,9,mob9_dpd30,h5,美团月付#mob9_dpd30#h5
10002229,6687,20250111,0,Rate36,美团月付,dpd,3,30,3,mob3_dpd30,h5,美团月付#mob3_dpd30#h5
10002229,6688,20240503,0,Rate36,拍拍贷,dpd,6,30,6,mob6_dpd30,api,拍拍贷#mob6_dpd30#api
10002229,6689,20251127,0,Rate36,美团月付,dpd,6,60,6,mob6_dpd60,h5,美团月付#mob6_dpd60#h5
10002230,6690,20240311,0,Rate36,拍拍贷,fpd,,60,,fpd60,h5,拍拍贷#fpd60#h5
10002230,6691,20241024,0,Rate36,拍拍贷,dpd,3,60,3,mob3_dpd60,api,拍拍贷#mob3_dpd60#api
10002230,6692,20250317,0,Rate36,美团月付,dpd,9,30,9,mob9_dpd30,h5,美团月付#mob9_dpd30#h5
10002231,6693,20250520,0,Rate36,美团月付,dpd,3,30,3,mob3_dpd30,h5,美团月付#mob3_dpd30#h5
10002231,6694,20241027,0,Rate36,美团月付,dpd,12,60,12,mob12_dpd60,h5,美团月付#mob12_dpd60#h5
10002231,6695,20250519,0,Rate36,美团月付,dpd,3,30,3,mob3_dpd30,h5,美团月付#mob3_dpd30#h5
10002232,6696,20241112,0,Rate36,美团月付,dpd,9,60,9,mob9_dpd60,h5,美团月付#mob9_dpd60#h5
10002232,6697,20260207,0,Rate36,拍拍贷,dpd,6,30,6,mob6_dpd30,h5,拍拍贷#mob6_dpd30#h5
10002232,6698,20240818,0,Rate36,美团月付,dpd,3,60,3,mob3_dpd60,api,美团月付#mob3_dpd60#api
10002233,6699,20250712,0,Rate36,美团月付,fpd,,60,,fpd60,h5,美团月付#fpd60#h5
10002233,6700,20251106,0,Rate36,拍拍贷,dpd,9,60,9,mob9_dpd60,api,拍拍贷#mob9_dpd60#api
10002233,6701,20241202,1,Rate36,拍拍贷,dpd,3,60,3,mob3_dpd60,h5,拍拍贷#mob3_dpd60#h5
10002234,6702,20250321,0,Rate36,拍拍贷,fpd,,30,,fpd30,h5,拍拍贷#fpd30#h5
10002234,6703,20240901,0,Rate36,拍拍贷,dpd,6,60,6,mob6_dpd60,api,拍拍贷#mob6_dpd60#api
10002234,6704,20250228,0,Rate36,美团月付,dpd,9,30,9,mob9_dpd30,h5,美团月付#mob9_dpd30#h5
10002235,6705,20250315,0,Rate36,拍拍贷,dpd,3,30,3,mob3_dpd30,api,拍拍贷#mob3_dpd30#api
10002235,6706,20250517,0,Rate36,美团月付,dpd,6,60,6,mob6_dpd60,h5,美团月付#mob6_dpd60#h5
10002235,6707,20250308,1,Rate36,美团月付,dpd,12,60,12,mob12_dpd60,h5,美团月付#mob12_dpd60#h5
10002236,6708,20250425,0,Rate36,美团月付,dpd,12,60,12,mob12_dpd60,h5,美团月付#mob12_dpd60#h5
10002236,6709,20250825,0,Rate36,美团月付,fpd,,60,,fpd60,h5,美团月付#fpd60#h5
10002236,6710,20240704,0,Rate36,拍拍贷,fpd,,60,,fpd60,h5,拍拍贷#fpd60#h5
10002237,6711,20250109,-2,Rate36,拍拍贷,fpd,,30,,fpd30,h5,拍拍贷#fpd30#h5
10002237,6712,20250723,-2,Rate36,拍拍贷,dpd,3,30,3,mob3_dpd30,h5,拍拍贷#mob3_dpd30#h5
10002237,6713,20250820,0,Rate36,拍拍贷,dpd,3,30,3,mob3_dpd30,h5,拍拍贷#mob3_dpd30#h5
10002238,6714,20240819,-2,Rate36,拍拍贷,fpd,,30,,fpd30,h5,拍拍贷#fpd30#h5
10002238,6715,20240704,0,Rate36,美团月付,dpd,12,30,12,mob12_dpd30,h5,美团月付#mob12_dpd30#h5
10002238,6716,20250102,0,Rate36,美团月付,dpd,3,30,3,mob3_dpd30,h5,美团月付#mob3_dpd30#h5
10002239,6717,20260206,1,Rate36,美团月付,dpd,3,60,3,mob3_dpd60,api,美团月付#mob3_dpd60#api
10002239,6718,20240611,0,Rate36,拍拍贷,dpd,3,30,3,mob3_dpd30,h5,拍拍贷#mob3_dpd30#h5
10002239,6719,20241214,0,Rate36,拍拍贷,dpd,6,30,6,mob6_dpd30,api,拍拍贷#mob6_dpd30#api
10002240,6720,20250715,0,Rate36,拍拍贷,dpd,9,30,9,mob9_dpd30,api,拍拍贷#mob9_dpd30#api
10002240,6721,20260114,0,Rate36,美团月付,dpd,3,30,3,mob3_dpd30,api,美团月付#mob3_dpd30#api
10002240,6722,20251003,1,Rate36,美团月付,dpd,9,60,9,mob9_dpd60,api,美团月付#mob9_dpd60#api
10002241,6723,20251024,0,Rate36,美团月付,dpd,12,30,12,mob12_dpd30,h5,美团月付#mob12_dpd30#h5
10002241,6724,20251015,0,Rate36,拍拍贷,dpd,3,60,3,mob3_dpd60,api,拍拍贷#mob3_dpd60#api
10002241,6725,20250925,0,Rate36,美团月付,fpd,,60,,fpd60,api,美团月付#fpd60#api
10002242,6726,20250228,0,Rate36,拍拍贷,dpd,3,60,3,mob3_dpd60,h5,拍拍贷#mob3_dpd60#h5
10002242,6727,20240403,0,Rate36,拍拍贷,dpd,6,30,6,mob6_dpd30,h5,拍拍贷#mob6_dpd30#h5
10002242,6728,20240525,0,Rate36,美团月付,fpd,,60,,fpd60,api,美团月付#fpd60#api
10002243,6729,20250802,-2,Rate36,美团月付,dpd,6,30,6,mob6_dpd30,api,美团月付#mob6_dpd30#api
10002243,6730,20240518,1,Rate36,美团月付,dpd,12,30,12,mob12_dpd30,api,美团月付#mob12_dpd30#api
10002243,6731,20250819,1,Rate36,美团月付,dpd,3,30,3,mob3_dpd30,h5,美团月付#mob3_dpd30#h5
10002244,6732,20251227,-2,Rate36,拍拍贷,dpd,3,30,3,mob3_dpd30,api,拍拍贷#mob3_dpd30#api
10002244,6733,20240627,0,Rate36,拍拍贷,dpd,12,30,12,mob12_dpd30,api,拍拍贷#mob12_dpd30#api
10002244,6734,20240809,0,Rate36,拍拍贷,fpd,,30,,fpd30,h5,拍拍贷#fpd30#h5
10002245,6735,20241211,0,Rate36,美团月付,dpd,9,30,9,mob9_dpd30,api,美团月付#mob9_dpd30#api
10002245,6736,20241223,1,Rate36,美团月付,dpd,6,60,6,mob6_dpd60,h5,美团月付#mob6_dpd60#h5
10002245,6737,20251109,0,Rate36,美团月付,dpd,6,30,6,mob6_dpd30,api,美团月付#mob6_dpd30#api
10002246,6738,20250920,0,Rate36,美团月付,dpd,6,30,6,mob6_dpd30,api,美团月付#mob6_dpd30#api
10002246,6739,20250901,0,Rate36,美团月付,fpd,,60,,fpd60,h5,美团月付#fpd60#h5
10002246,6740,20240703,1,Rate36,美团月付,dpd,12,30,12,mob12_dpd30,h5,美团月付#mob12_dpd30#h5
10002247,6741,20240816,0,Rate36,美团月付,dpd,3,60,3,mob3_dpd60,h5,美团月付#mob3_dpd60#h5
10002247,6742,20250420,-2,Rate36,美团月付,dpd,3,60,3,mob3_dpd60,api,美团月付#mob3_dpd60#api
10002247,6743,20241001,0,Rate36,美团月付,dpd,3,60,3,mob3_dpd60,api,美团月付#mob3_dpd60#api
10002248,6744,20250405,1,Rate36,美团月付,dpd,12,60,12,mob12_dpd60,h5,美团月付#mob12_dpd60#h5
10002248,6745,20251208,0,Rate36,拍拍贷,dpd,9,30,9,mob9_dpd30,api,拍拍贷#mob9_dpd30#api
10002248,6746,20241010,0,Rate36,美团月付,dpd,9,30,9,mob9_dpd30,api,美团月付#mob9_dpd30#api
10002249,6747,20240714,0,Rate36,美团月付,dpd,6,60,6,mob6_dpd60,h5,美团月付#mob6_dpd60#h5
10002249,6748,20250822,0,Rate36,拍拍贷,dpd,9,30,9,mob9_dpd30,h5,拍拍贷#mob9_dpd30#h5
10002249,6749,20240924,0,Rate36,拍拍贷,dpd,6,60,6,mob6_dpd60,h5,拍拍贷#mob6_dpd60#h5
10002250,6750,20250322,-2,Rate36,拍拍贷,dpd,6,30,6,mob6_dpd30,api,拍拍贷#mob6_dpd30#api
10002250,6751,20240807,0,Rate36,美团月付,fpd,,30,,fpd30,h5,美团月付#fpd30#h5
10002250,6752,20240411,0,Rate36,美团月付,dpd,12,60,12,mob12_dpd60,h5,美团月付#mob12_dpd60#h5
10002251,6753,20250103,0,Rate36,拍拍贷,dpd,6,60,6,mob6_dpd60,h5,拍拍贷#mob6_dpd60#h5
10002251,6754,20251217,0,Rate36,美团月付,dpd,9,30,9,mob9_dpd30,api,美团月付#mob9_dpd30#api
10002251,6755,20250214,0,Rate36,美团月付,dpd,9,30,9,mob9_dpd30,api,美团月付#mob9_dpd30#api
10002252,6756,20240321,0,Rate36,美团月付,dpd,3,30,3,mob3_dpd30,h5,美团月付#mob3_dpd30#h5
10002252,6757,20240619,0,Rate36,拍拍贷,dpd,6,60,6,mob6_dpd60,api,拍拍贷#mob6_dpd60#api
10002252,6758,20241005,0,Rate36,美团月付,dpd,9,60,9,mob9_dpd60,api,美团月付#mob9_dpd60#api
10002253,6759,20240601,0,Rate36,美团月付,dpd,3,60,3,mob3_dpd60,api,美团月付#mob3_dpd60#api
10002253,6760,20240407,0,Rate36,拍拍贷,fpd,,60,,fpd60,h5,拍拍贷#fpd60#h5
10002253,6761,20250409,0,Rate36,美团月付,dpd,6,30,6,mob6_dpd30,h5,美团月付#mob6_dpd30#h5
10002254,6762,20250928,1,Rate36,美团月付,dpd,6,60,6,mob6_dpd60,h5,美团月付#mob6_dpd60#h5
10002254,6763,20250918,0,Rate36,美团月付,fpd,,30,,fpd30,h5,美团月付#fpd30#h5
10002254,6764,20251003,0,Rate36,美团月付,dpd,12,60,12,mob12_dpd60,h5,美团月付#mob12_dpd60#h5
10002255,6765,20241216,0,Rate36,美团月付,fpd,,60,,fpd60,h5,美团月付#fpd60#h5
10002255,6766,20240501,0,Rate36,拍拍贷,dpd,3,60,3,mob3_dpd60,h5,拍拍贷#mob3_dpd60#h5
10002255,6767,20250115,0,Rate36,美团月付,dpd,6,30,6,mob6_dpd30,api,美团月付#mob6_dpd30#api
10002256,6768,20240720,1,Rate36,拍拍贷,dpd,9,60,9,mob9_dpd60,api,拍拍贷#mob9_dpd60#api
10002256,6769,20240502,0,Rate36,拍拍贷,fpd,,30,,fpd30,h5,拍拍贷#fpd30#h5
10002256,6770,20240716,1,Rate36,美团月付,fpd,,30,,fpd30,api,美团月付#fpd30#api
10002257,6771,20250122,0,Rate36,美团月付,dpd,12,60,12,mob12_dpd60,api,美团月付#mob12_dpd60#api
10002257,6772,20240417,0,Rate36,拍拍贷,dpd,9,30,9,mob9_dpd30,h5,拍拍贷#mob9_dpd30#h5
10002257,6773,20250513,0,Rate36,美团月付,dpd,6,60,6,mob6_dpd60,h5,美团月付#mob6_dpd60#h5
10002258,6774,20241203,1,Rate36,拍拍贷,fpd,,60,,fpd60,api,拍拍贷#fpd60#api
10002258,6775,20250603,0,Rate36,拍拍贷,fpd,,30,,fpd30,h5,拍拍贷#fpd30#h5
10002258,6776,20240420,0,Rate36,美团月付,dpd,6,60,6,mob6_dpd60,h5,美团月付#mob6_dpd60#h5
10002259,6777,20240527,0,Rate36,美团月付,dpd,3,30,3,mob3_dpd30,h5,美团月付#mob3_dpd30#h5
10002259,6778,20260113,0,Rate36,拍拍贷,dpd,12,60,12,mob12_dpd60,h5,拍拍贷#mob12_dpd60#h5
10002259,6779,20250627,0,Rate36,拍拍贷,fpd,,30,,fpd30,api,拍拍贷#fpd30#api
10002260,6780,20240623,0,Rate36,拍拍贷,dpd,6,60,6,mob6_dpd60,api,拍拍贷#mob6_dpd60#api
10002260,6781,20250704,0,Rate36,拍拍贷,dpd,6,60,6,mob6_dpd60,h5,拍拍贷#mob6_dpd60#h5
10002260,6782,20250621,0,Rate36,拍拍贷,fpd,,30,,fpd30,api,拍拍贷#fpd30#api
10002261,6783,20240604,1,Rate36,美团月付,dpd,3,60,3,mob3_dpd60,h5,美团月付#mob3_dpd60#h5
10002261,6784,20251105,-2,Rate36,美团月付,dpd,6,30,6,mob6_dpd30,api,美团月付#mob6_dpd30#api
10002261,6785,20250108,0,Rate36,美团月付,fpd,,30,,fpd30,api,美团月付#fpd30#api
10002262,6786,20250922,-2,Rate36,拍拍贷,dpd,3,60,3,mob3_dpd60,h5,拍拍贷#mob3_dpd60#h5
10002262,6787,20241219,1,Rate36,美团月付,dpd,12,30,12,mob12_dpd30,api,美团月付#mob12_dpd30#api
10002262,6788,20250122,-2,Rate36,拍拍贷,dpd,3,30,3,mob3_dpd30,api,拍拍贷#mob3_dpd30#api
10002263,6789,20240727,0,Rate36,拍拍贷,dpd,12,30,12,mob12_dpd30,api,拍拍贷#mob12_dpd30#api
10002263,6790,20260112,0,Rate36,美团月付,dpd,6,30,6,mob6_dpd30,h5,美团月付#mob6_dpd30#h5
10002263,6791,20260210,0,Rate36,拍拍贷,fpd,,30,,fpd30,h5,拍拍贷#fpd30#h5
10002264,6792,20250125,0,Rate36,拍拍贷,dpd,3,60,3,mob3_dpd60,api,拍拍贷#mob3_dpd60#api
10002264,6793,20250522,0,Rate36,拍拍贷,dpd,3,60,3,mob3_dpd60,h5,拍拍贷#mob3_dpd60#h5
10002264,6794,20250819,0,Rate36,美团月付,fpd,,30,,fpd30,h5,美团月付#fpd30#h5
10002265,6795,20240614,1,Rate36,美团月付,dpd,3,60,3,mob3_dpd60,api,美团月付#mob3_dpd60#api
10002265,6796,20240314,0,Rate36,美团月付,dpd,3,30,3,mob3_dpd30,api,美团月付#mob3_dpd30#api
10002265,6797,20251120,0,Rate36,美团月付,fpd,,60,,fpd60,api,美团月付#fpd60#api
10002266,6798,20250221,0,Rate36,美团月付,dpd,3,60,3,mob3_dpd60,api,美团月付#mob3_dpd60#api
10002266,6799,20240517,1,Rate36,美团月付,dpd,6,30,6,mob6_dpd30,api,美团月付#mob6_dpd30#api
10002266,6800,20250901,1,Rate36,拍拍贷,dpd,9,60,9,mob9_dpd60,api,拍拍贷#mob9_dpd60#api
10002267,6801,20240520,1,Rate36,拍拍贷,dpd,3,30,3,mob3_dpd30,h5,拍拍贷#mob3_dpd30#h5
10002267,6802,20240801,1,Rate36,拍拍贷,dpd,6,30,6,mob6_dpd30,api,拍拍贷#mob6_dpd30#api
10002267,6803,20250103,0,Rate36,拍拍贷,dpd,6,60,6,mob6_dpd60,h5,拍拍贷#mob6_dpd60#h5
10002268,6804,20250816,0,Rate36,美团月付,fpd,,30,,fpd30,api,美团月付#fpd30#api
10002268,6805,20251218,0,Rate36,美团月付,dpd,3,30,3,mob3_dpd30,api,美团月付#mob3_dpd30#api
10002268,6806,20260219,1,Rate36,美团月付,fpd,,60,,fpd60,h5,美团月付#fpd60#h5
10002269,6807,20250322,0,Rate36,拍拍贷,dpd,3,30,3,mob3_dpd30,h5,拍拍贷#mob3_dpd30#h5
10002269,6808,20250614,1,Rate36,拍拍贷,dpd,12,60,12,mob12_dpd60,h5,拍拍贷#mob12_dpd60#h5
10002269,6809,20240918,1,Rate36,美团月付,dpd,12,30,12,mob12_dpd30,api,美团月付#mob12_dpd30#api
10002270,6810,20240719,0,Rate36,美团月付,dpd,6,30,6,mob6_dpd30,h5,美团月付#mob6_dpd30#h5
10002270,6811,20250728,0,Rate36,美团月付,fpd,,60,,fpd60,h5,美团月付#fpd60#h5
10002270,6812,20250606,0,Rate36,美团月付,dpd,9,30,9,mob9_dpd30,api,美团月付#mob9_dpd30#api
10002271,6813,20250507,0,Rate36,美团月付,dpd,9,60,9,mob9_dpd60,api,美团月付#mob9_dpd60#api
10002271,6814,20240825,1,Rate36,美团月付,fpd,,60,,fpd60,api,美团月付#fpd60#api
10002271,6815,20240317,0,Rate36,拍拍贷,dpd,3,30,3,mob3_dpd30,h5,拍拍贷#mob3_dpd30#h5
10002272,6816,20260228,0,Rate36,拍拍贷,dpd,6,60,6,mob6_dpd60,api,拍拍贷#mob6_dpd60#api
10002272,6817,20250626,0,Rate36,拍拍贷,fpd,,30,,fpd30,h5,拍拍贷#fpd30#h5
10002272,6818,20250507,0,Rate36,美团月付,dpd,9,60,9,mob9_dpd60,api,美团月付#mob9_dpd60#api
10002273,6819,20250313,0,Rate36,美团月付,fpd,,30,,fpd30,api,美团月付#fpd30#api
10002273,6820,20250620,0,Rate36,拍拍贷,dpd,9,60,9,mob9_dpd60,api,拍拍贷#mob9_dpd60#api
10002273,6821,20240801,0,Rate36,美团月付,dpd,6,30,6,mob6_dpd30,h5,美团月付#mob6_dpd30#h5
10002274,6822,20251220,-2,Rate36,拍拍贷,dpd,12,30,12,mob12_dpd30,api,拍拍贷#mob12_dpd30#api
10002274,6823,20250725,0,Rate36,拍拍贷,dpd,12,60,12,mob12_dpd60,h5,拍拍贷#mob12_dpd60#h5
10002274,6824,20250921,0,Rate36,美团月付,dpd,3,30,3,mob3_dpd30,h5,美团月付#mob3_dpd30#h5
10002275,6825,20250624,1,Rate36,美团月付,dpd,12,30,12,mob12_dpd30,api,美团月付#mob12_dpd30#api
10002275,6826,20260226,1,Rate36,美团月付,dpd,6,30,6,mob6_dpd30,h5,美团月付#mob6_dpd30#h5
10002275,6827,20251112,1,Rate36,拍拍贷,fpd,,30,,fpd30,h5,拍拍贷#fpd30#h5
10002276,6828,20260222,0,Rate36,美团月付,fpd,,30,,fpd30,api,美团月付#fpd30#api
10002276,6829,20250222,0,Rate36,美团月付,dpd,6,60,6,mob6_dpd60,h5,美团月付#mob6_dpd60#h5
10002276,6830,20251128,0,Rate36,美团月付,dpd,6,60,6,mob6_dpd60,api,美团月付#mob6_dpd60#api
10002277,6831,20250306,0,Rate36,拍拍贷,fpd,,30,,fpd30,h5,拍拍贷#fpd30#h5
10002277,6832,20250623,1,Rate36,美团月付,dpd,9,30,9,mob9_dpd30,api,美团月付#mob9_dpd30#api
10002277,6833,20260208,0,Rate36,美团月付,dpd,9,30,9,mob9_dpd30,api,美团月付#mob9_dpd30#api
10002278,6834,20250827,0,Rate36,美团月付,dpd,3,30,3,mob3_dpd30,api,美团月付#mob3_dpd30#api
10002278,6835,20250407,0,Rate36,拍拍贷,dpd,3,30,3,mob3_dpd30,api,拍拍贷#mob3_dpd30#api
10002278,6836,20260223,0,Rate36,美团月付,dpd,3,30,3,mob3_dpd30,h5,美团月付#mob3_dpd30#h5
10002279,6837,20260209,0,Rate36,拍拍贷,fpd,,60,,fpd60,h5,拍拍贷#fpd60#h5
10002279,6838,20251028,0,Rate36,美团月付,dpd,6,60,6,mob6_dpd60,api,美团月付#mob6_dpd60#api
10002279,6839,20260101,0,Rate36,拍拍贷,dpd,6,60,6,mob6_dpd60,h5,拍拍贷#mob6_dpd60#h5
10002280,6840,20260112,1,Rate36,美团月付,dpd,3,30,3,mob3_dpd30,api,美团月付#mob3_dpd30#api
10002280,6841,20241109,1,Rate36,美团月付,dpd,12,60,12,mob12_dpd60,h5,美团月付#mob12_dpd60#h5
10002280,6842,20260108,1,Rate36,拍拍贷,dpd,3,60,3,mob3_dpd60,h5,拍拍贷#mob3_dpd60#h5
10002281,6843,20251026,0,Rate36,美团月付,dpd,9,30,9,mob9_dpd30,h5,美团月付#mob9_dpd30#h5
10002281,6844,20250825,0,Rate36,拍拍贷,dpd,12,30,12,mob12_dpd30,h5,拍拍贷#mob12_dpd30#h5
10002281,6845,20250516,1,Rate36,拍拍贷,dpd,12,30,12,mob12_dpd30,h5,拍拍贷#mob12_dpd30#h5
10002282,6846,20251001,0,Rate36,拍拍贷,dpd,12,30,12,mob12_dpd30,api,拍拍贷#mob12_dpd30#api
10002282,6847,20260115,0,Rate36,拍拍贷,dpd,6,60,6,mob6_dpd60,h5,拍拍贷#mob6_dpd60#h5
10002282,6848,20250306,1,Rate36,美团月付,dpd,9,30,9,mob9_dpd30,h5,美团月付#mob9_dpd30#h5
10002283,6849,20250104,0,Rate36,美团月付,dpd,3,30,3,mob3_dpd30,api,美团月付#mob3_dpd30#api
10002283,6850,20250207,0,Rate36,拍拍贷,fpd,,60,,fpd60,api,拍拍贷#fpd60#api
10002283,6851,20251226,1,Rate36,拍拍贷,dpd,9,60,9,mob9_dpd60,api,拍拍贷#mob9_dpd60#api
10002284,6852,20241217,1,Rate36,拍拍贷,dpd,3,60,3,mob3_dpd60,api,拍拍贷#mob3_dpd60#api
10002284,6853,20240725,1,Rate36,美团月付,dpd,9,30,9,mob9_dpd30,h5,美团月付#mob9_dpd30#h5
10002284,6854,20240719,0,Rate36,美团月付,dpd,12,60,12,mob12_dpd60,api,美团月付#mob12_dpd60#api
10002285,6855,20241208,1,Rate36,拍拍贷,dpd,9,60,9,mob9_dpd60,h5,拍拍贷#mob9_dpd60#h5
10002285,6856,20250702,0,Rate36,拍拍贷,dpd,12,60,12,mob12_dpd60,h5,拍拍贷#mob12_dpd60#h5
10002285,6857,20250808,0,Rate36,拍拍贷,fpd,,30,,fpd30,api,拍拍贷#fpd30#api
10002286,6858,20240822,1,Rate36,美团月付,dpd,3,60,3,mob3_dpd60,h5,美团月付#mob3_dpd60#h5
10002286,6859,20240314,0,Rate36,美团月付,fpd,,60,,fpd60,api,美团月付#fpd60#api
10002286,6860,20240326,0,Rate36,美团月付,dpd,12,60,12,mob12_dpd60,h5,美团月付#mob12_dpd60#h5
10002287,6861,20240318,1,Rate36,美团月付,fpd,,60,,fpd60,api,美团月付#fpd60#api
10002287,6862,20241214,1,Rate36,美团月付,dpd,3,30,3,mob3_dpd30,api,美团月付#mob3_dpd30#api
10002287,6863,20251112,0,Rate36,拍拍贷,dpd,6,60,6,mob6_dpd60,h5,拍拍贷#mob6_dpd60#h5
10002288,6864,20251023,0,Rate36,美团月付,dpd,3,30,3,mob3_dpd30,api,美团月付#mob3_dpd30#api
10002288,6865,20251218,0,Rate36,美团月付,dpd,9,30,9,mob9_dpd30,h5,美团月付#mob9_dpd30#h5
10002288,6866,20251219,0,Rate36,拍拍贷,dpd,6,30,6,mob6_dpd30,api,拍拍贷#mob6_dpd30#api
10002289,6867,20241103,0,Rate36,美团月付,fpd,,30,,fpd30,api,美团月付#fpd30#api
10002289,6868,20260210,0,Rate36,美团月付,dpd,9,60,9,mob9_dpd60,h5,美团月付#mob9_dpd60#h5
10002289,6869,20250917,0,Rate36,拍拍贷,dpd,12,30,12,mob12_dpd30,api,拍拍贷#mob12_dpd30#api
10002290,6870,20240828,0,Rate36,美团月付,dpd,12,30,12,mob12_dpd30,h5,美团月付#mob12_dpd30#h5
10002290,6871,20250805,0,Rate36,拍拍贷,dpd,3,30,3,mob3_dpd30,h5,拍拍贷#mob3_dpd30#h5
10002290,6872,20250107,0,Rate36,美团月付,dpd,6,30,6,mob6_dpd30,api,美团月付#mob6_dpd30#api
10002291,6873,20251001,0,Rate36,美团月付,dpd,6,30,6,mob6_dpd30,api,美团月付#mob6_dpd30#api
10002291,6874,20250127,0,Rate36,拍拍贷,dpd,6,30,6,mob6_dpd30,api,拍拍贷#mob6_dpd30#api
10002291,6875,20250303,1,Rate36,美团月付,dpd,3,30,3,mob3_dpd30,api,美团月付#mob3_dpd30#api
10002292,6876,20240510,-2,Rate36,美团月付,dpd,6,60,6,mob6_dpd60,h5,美团月付#mob6_dpd60#h5
10002292,6877,20250103,1,Rate36,拍拍贷,dpd,12,60,12,mob12_dpd60,api,拍拍贷#mob12_dpd60#api
10002292,6878,20250421,0,Rate36,拍拍贷,dpd,3,30,3,mob3_dpd30,api,拍拍贷#mob3_dpd30#api
10002293,6879,20240909,0,Rate36,美团月付,dpd,3,60,3,mob3_dpd60,api,美团月付#mob3_dpd60#api
10002293,6880,20250914,0,Rate36,拍拍贷,dpd,6,60,6,mob6_dpd60,api,拍拍贷#mob6_dpd60#api
10002293,6881,20251224,0,Rate36,美团月付,dpd,9,60,9,mob9_dpd60,api,美团月付#mob9_dpd60#api
10002294,6882,20250203,0,Rate36,拍拍贷,dpd,9,30,9,mob9_dpd30,h5,拍拍贷#mob9_dpd30#h5
10002294,6883,20250721,0,Rate36,拍拍贷,dpd,9,30,9,mob9_dpd30,h5,拍拍贷#mob9_dpd30#h5
10002294,6884,20241016,0,Rate36,美团月付,fpd,,60,,fpd60,api,美团月付#fpd60#api
10002295,6885,20241019,0,Rate36,拍拍贷,fpd,,60,,fpd60,h5,拍拍贷#fpd60#h5
10002295,6886,20240428,0,Rate36,拍拍贷,dpd,6,60,6,mob6_dpd60,api,拍拍贷#mob6_dpd60#api
10002295,6887,20251110,0,Rate36,美团月付,dpd,12,60,12,mob12_dpd60,h5,美团月付#mob12_dpd60#h5
10002296,6888,20251203,0,Rate36,美团月付,dpd,6,30,6,mob6_dpd30,h5,美团月付#mob6_dpd30#h5
10002296,6889,20250514,0,Rate36,拍拍贷,dpd,3,30,3,mob3_dpd30,h5,拍拍贷#mob3_dpd30#h5
10002296,6890,20250627,0,Rate36,拍拍贷,dpd,9,30,9,mob9_dpd30,h5,拍拍贷#mob9_dpd30#h5
10002297,6891,20250213,0,Rate36,美团月付,dpd,6,60,6,mob6_dpd60,api,美团月付#mob6_dpd60#api
10002297,6892,20251122,0,Rate36,拍拍贷,dpd,6,30,6,mob6_dpd30,h5,拍拍贷#mob6_dpd30#h5
10002297,6893,20240315,0,Rate36,拍拍贷,dpd,3,30,3,mob3_dpd30,api,拍拍贷#mob3_dpd30#api
10002298,6894,20250405,0,Rate36,拍拍贷,dpd,9,30,9,mob9_dpd30,h5,拍拍贷#mob9_dpd30#h5
10002298,6895,20241105,-2,Rate36,美团月付,dpd,3,60,3,mob3_dpd60,api,美团月付#mob3_dpd60#api
10002298,6896,20241113,1,Rate36,拍拍贷,dpd,9,30,9,mob9_dpd30,h5,拍拍贷#mob9_dpd30#h5
10002299,6897,20250612,0,Rate36,拍拍贷,dpd,12,30,12,mob12_dpd30,api,拍拍贷#mob12_dpd30#api
10002299,6898,20251028,0,Rate36,美团月付,dpd,3,60,3,mob3_dpd60,api,美团月付#mob3_dpd60#api
10002299,6899,20240910,0,Rate36,拍拍贷,dpd,3,30,3,mob3_dpd30,h5,拍拍贷#mob3_dpd30#h5
10002300,6900,20240417,1,Rate36,美团月付,dpd,9,30,9,mob9_dpd30,h5,美团月付#mob9_dpd30#h5
10002300,6901,20251006,0,Rate36,拍拍贷,dpd,3,60,3,mob3_dpd60,api,拍拍贷#mob3_dpd60#api
10002300,6902,20250820,-2,Rate36,拍拍贷,dpd,6,30,6,mob6_dpd30,api,拍拍贷#mob6_dpd30#api
10002301,6903,20260118,0,Rate36,拍拍贷,dpd,12,30,12,mob12_dpd30,h5,拍拍贷#mob12_dpd30#h5
10002301,6904,20250306,0,Rate36,拍拍贷,dpd,3,30,3,mob3_dpd30,h5,拍拍贷#mob3_dpd30#h5
10002301,6905,20250125,1,Rate36,拍拍贷,dpd,12,30,12,mob12_dpd30,h5,拍拍贷#mob12_dpd30#h5
10002302,6906,20241209,0,Rate36,美团月付,fpd,,30,,fpd30,h5,美团月付#fpd30#h5
10002302,6907,20250628,0,Rate36,拍拍贷,dpd,3,30,3,mob3_dpd30,h5,拍拍贷#mob3_dpd30#h5
10002302,6908,20240515,0,Rate36,拍拍贷,dpd,9,30,9,mob9_dpd30,api,拍拍贷#mob9_dpd30#api
10002303,6909,20240622,1,Rate36,拍拍贷,dpd,12,60,12,mob12_dpd60,h5,拍拍贷#mob12_dpd60#h5
10002303,6910,20250625,0,Rate36,拍拍贷,dpd,6,30,6,mob6_dpd30,api,拍拍贷#mob6_dpd30#api
10002303,6911,20250902,0,Rate36,拍拍贷,fpd,,30,,fpd30,api,拍拍贷#fpd30#api
10002304,6912,20240907,0,Rate36,美团月付,dpd,12,60,12,mob12_dpd60,api,美团月付#mob12_dpd60#api
10002304,6913,20260205,0,Rate36,美团月付,dpd,12,30,12,mob12_dpd30,api,美团月付#mob12_dpd30#api
10002304,6914,20240904,0,Rate36,美团月付,dpd,9,60,9,mob9_dpd60,api,美团月付#mob9_dpd60#api
10002305,6915,20250721,0,Rate36,美团月付,dpd,9,30,9,mob9_dpd30,api,美团月付#mob9_dpd30#api
10002305,6916,20260115,0,Rate36,拍拍贷,dpd,6,30,6,mob6_dpd30,h5,拍拍贷#mob6_dpd30#h5
10002305,6917,20250313,0,Rate36,拍拍贷,dpd,12,60,12,mob12_dpd60,h5,拍拍贷#mob12_dpd60#h5
10002306,6918,20250528,0,Rate36,拍拍贷,dpd,12,60,12,mob12_dpd60,api,拍拍贷#mob12_dpd60#api
10002306,6919,20251112,0,Rate36,美团月付,dpd,9,30,9,mob9_dpd30,api,美团月付#mob9_dpd30#api
10002306,6920,20240706,0,Rate36,美团月付,fpd,,30,,fpd30,api,美团月付#fpd30#api
10002307,6921,20250608,-2,Rate36,美团月付,dpd,6,60,6,mob6_dpd60,api,美团月付#mob6_dpd60#api
10002307,6922,20260215,0,Rate36,拍拍贷,fpd,,60,,fpd60,h5,拍拍贷#fpd60#h5
10002307,6923,20250514,0,Rate36,美团月付,dpd,6,30,6,mob6_dpd30,h5,美团月付#mob6_dpd30#h5
10002308,6924,20251121,0,Rate36,拍拍贷,fpd,,30,,fpd30,h5,拍拍贷#fpd30#h5
10002308,6925,20240601,0,Rate36,拍拍贷,fpd,,60,,fpd60,h5,拍拍贷#fpd60#h5
10002308,6926,20250703,0,Rate36,拍拍贷,dpd,6,60,6,mob6_dpd60,h5,拍拍贷#mob6_dpd60#h5
10002309,6927,20241202,0,Rate36,拍拍贷,fpd,,60,,fpd60,h5,拍拍贷#fpd60#h5
10002309,6928,20250609,0,Rate36,拍拍贷,dpd,3,30,3,mob3_dpd30,h5,拍拍贷#mob3_dpd30#h5
10002309,6929,20250116,0,Rate36,美团月付,dpd,12,30,12,mob12_dpd30,h5,美团月付#mob12_dpd30#h5
10002310,6930,20250626,0,Rate36,美团月付,fpd,,30,,fpd30,h5,美团月付#fpd30#h5
10002310,6931,20251121,0,Rate36,美团月付,dpd,9,30,9,mob9_dpd30,api,美团月付#mob9_dpd30#api
10002310,6932,20260108,0,Rate36,拍拍贷,fpd,,60,,fpd60,h5,拍拍贷#fpd60#h5
10002311,6933,20240414,0,Rate36,美团月付,dpd,6,60,6,mob6_dpd60,h5,美团月付#mob6_dpd60#h5
10002311,6934,20250414,0,Rate36,拍拍贷,dpd,9,30,9,mob9_dpd30,h5,拍拍贷#mob9_dpd30#h5
10002311,6935,20250618,0,Rate36,拍拍贷,dpd,6,30,6,mob6_dpd30,h5,拍拍贷#mob6_dpd30#h5
10002312,6936,20240722,0,Rate36,拍拍贷,dpd,6,30,6,mob6_dpd30,api,拍拍贷#mob6_dpd30#api
10002312,6937,20240816,0,Rate36,美团月付,dpd,12,60,12,mob12_dpd60,h5,美团月付#mob12_dpd60#h5
10002312,6938,20251002,0,Rate36,拍拍贷,dpd,9,60,9,mob9_dpd60,api,拍拍贷#mob9_dpd60#api
10002313,6939,20240527,0,Rate36,拍拍贷,dpd,3,30,3,mob3_dpd30,h5,拍拍贷#mob3_dpd30#h5
10002313,6940,20250714,1,Rate36,拍拍贷,dpd,12,60,12,mob12_dpd60,api,拍拍贷#mob12_dpd60#api
10002313,6941,20250804,-2,Rate36,拍拍贷,dpd,12,30,12,mob12_dpd30,api,拍拍贷#mob12_dpd30#api
10002314,6942,20240427,1,Rate36,美团月付,dpd,12,30,12,mob12_dpd30,h5,美团月付#mob12_dpd30#h5
10002314,6943,20251205,0,Rate36,拍拍贷,dpd,3,60,3,mob3_dpd60,h5,拍拍贷#mob3_dpd60#h5
10002314,6944,20240506,0,Rate36,拍拍贷,dpd,12,30,12,mob12_dpd30,h5,拍拍贷#mob12_dpd30#h5
10002315,6945,20240518,0,Rate36,拍拍贷,fpd,,30,,fpd30,h5,拍拍贷#fpd30#h5
10002315,6946,20250710,0,Rate36,拍拍贷,dpd,6,30,6,mob6_dpd30,h5,拍拍贷#mob6_dpd30#h5
10002315,6947,20240806,0,Rate36,美团月付,dpd,6,30,6,mob6_dpd30,api,美团月付#mob6_dpd30#api
10002316,6948,20250714,0,Rate36,拍拍贷,dpd,9,60,9,mob9_dpd60,h5,拍拍贷#mob9_dpd60#h5
10002316,6949,20250408,0,Rate36,拍拍贷,dpd,3,60,3,mob3_dpd60,api,拍拍贷#mob3_dpd60#api
10002316,6950,20251111,0,Rate36,拍拍贷,dpd,12,60,12,mob12_dpd60,api,拍拍贷#mob12_dpd60#api
10002317,6951,20240306,-2,Rate36,拍拍贷,dpd,12,60,12,mob12_dpd60,api,拍拍贷#mob12_dpd60#api
10002317,6952,20240721,1,Rate36,美团月付,fpd,,30,,fpd30,api,美团月付#fpd30#api
10002317,6953,20240812,1,Rate36,美团月付,dpd,6,30,6,mob6_dpd30,h5,美团月付#mob6_dpd30#h5
10002318,6954,20240917,1,Rate36,美团月付,fpd,,60,,fpd60,api,美团月付#fpd60#api
10002318,6955,20250405,1,Rate36,拍拍贷,dpd,3,30,3,mob3_dpd30,api,拍拍贷#mob3_dpd30#api
10002318,6956,20240322,0,Rate36,美团月付,dpd,6,30,6,mob6_dpd30,api,美团月付#mob6_dpd30#api
10002319,6957,20240402,0,Rate36,拍拍贷,dpd,3,30,3,mob3_dpd30,h5,拍拍贷#mob3_dpd30#h5
10002319,6958,20240513,0,Rate36,美团月付,dpd,6,30,6,mob6_dpd30,api,美团月付#mob6_dpd30#api
10002319,6959,20240707,0,Rate36,美团月付,fpd,,60,,fpd60,h5,美团月付#fpd60#h5
10002320,6960,20250418,0,Rate36,拍拍贷,dpd,3,30,3,mob3_dpd30,h5,拍拍贷#mob3_dpd30#h5
10002320,6961,20260217,0,Rate36,拍拍贷,fpd,,30,,fpd30,h5,拍拍贷#fpd30#h5
10002320,6962,20250503,0,Rate36,美团月付,dpd,3,30,3,mob3_dpd30,api,美团月付#mob3_dpd30#api
10002321,6963,20240521,0,Rate36,拍拍贷,dpd,6,30,6,mob6_dpd30,h5,拍拍贷#mob6_dpd30#h5
10002321,6964,20260112,0,Rate36,美团月付,dpd,12,30,12,mob12_dpd30,api,美团月付#mob12_dpd30#api
10002321,6965,20241103,0,Rate36,拍拍贷,fpd,,30,,fpd30,api,拍拍贷#fpd30#api
10002322,6966,20260211,0,Rate36,拍拍贷,dpd,9,60,9,mob9_dpd60,h5,拍拍贷#mob9_dpd60#h5
10002322,6967,20250811,0,Rate36,拍拍贷,dpd,3,30,3,mob3_dpd30,h5,拍拍贷#mob3_dpd30#h5
10002322,6968,20240514,0,Rate36,美团月付,dpd,9,30,9,mob9_dpd30,h5,美团月付#mob9_dpd30#h5
10002323,6969,20250814,0,Rate36,美团月付,dpd,9,60,9,mob9_dpd60,h5,美团月付#mob9_dpd60#h5
10002323,6970,20240510,0,Rate36,美团月付,dpd,6,60,6,mob6_dpd60,api,美团月付#mob6_dpd60#api
10002323,6971,20250107,0,Rate36,拍拍贷,dpd,12,60,12,mob12_dpd60,h5,拍拍贷#mob12_dpd60#h5
10002324,6972,20240315,1,Rate36,美团月付,dpd,12,30,12,mob12_dpd30,api,美团月付#mob12_dpd30#api
10002324,6973,20240322,1,Rate36,拍拍贷,dpd,3,60,3,mob3_dpd60,api,拍拍贷#mob3_dpd60#api
10002324,6974,20241112,0,Rate36,拍拍贷,dpd,9,30,9,mob9_dpd30,h5,拍拍贷#mob9_dpd30#h5
10002325,6975,20250918,0,Rate36,美团月付,dpd,12,30,12,mob12_dpd30,h5,美团月付#mob12_dpd30#h5
10002325,6976,20240320,0,Rate36,拍拍贷,dpd,3,60,3,mob3_dpd60,api,拍拍贷#mob3_dpd60#api
10002325,6977,20240907,0,Rate36,拍拍贷,dpd,9,30,9,mob9_dpd30,h5,拍拍贷#mob9_dpd30#h5
10002326,6978,20250208,1,Rate36,美团月付,dpd,12,30,12,mob12_dpd30,h5,美团月付#mob12_dpd30#h5
10002326,6979,20241028,0,Rate36,拍拍贷,dpd,12,30,12,mob12_dpd30,api,拍拍贷#mob12_dpd30#api
10002326,6980,20240314,0,Rate36,美团月付,dpd,9,60,9,mob9_dpd60,api,美团月付#mob9_dpd60#api
10002327,6981,20240523,0,Rate36,美团月付,dpd,9,30,9,mob9_dpd30,h5,美团月付#mob9_dpd30#h5
10002327,6982,20251103,0,Rate36,拍拍贷,dpd,9,30,9,mob9_dpd30,h5,拍拍贷#mob9_dpd30#h5
10002327,6983,20240623,0,Rate36,拍拍贷,dpd,9,30,9,mob9_dpd30,h5,拍拍贷#mob9_dpd30#h5
10002328,6984,20250201,0,Rate36,拍拍贷,fpd,,30,,fpd30,api,拍拍贷#fpd30#api
10002328,6985,20250506,0,Rate36,拍拍贷,dpd,3,30,3,mob3_dpd30,h5,拍拍贷#mob3_dpd30#h5
10002328,6986,20250708,0,Rate36,美团月付,fpd,,60,,fpd60,h5,美团月付#fpd60#h5
10002329,6987,20241118,0,Rate36,美团月付,fpd,,60,,fpd60,h5,美团月付#fpd60#h5
10002329,6988,20240609,1,Rate36,拍拍贷,dpd,12,30,12,mob12_dpd30,api,拍拍贷#mob12_dpd30#api
10002329,6989,20240826,0,Rate36,美团月付,dpd,12,30,12,mob12_dpd30,api,美团月付#mob12_dpd30#api
10002330,6990,20250413,-2,Rate36,美团月付,dpd,3,60,3,mob3_dpd60,h5,美团月付#mob3_dpd60#h5
10002330,6991,20250717,0,Rate36,拍拍贷,dpd,9,60,9,mob9_dpd60,h5,拍拍贷#mob9_dpd60#h5
10002330,6992,20251206,0,Rate36,美团月付,dpd,6,60,6,mob6_dpd60,h5,美团月付#mob6_dpd60#h5
10002331,6993,20241223,0,Rate36,美团月付,dpd,12,30,12,mob12_dpd30,h5,美团月付#mob12_dpd30#h5
10002331,6994,20240417,0,Rate36,美团月付,fpd,,30,,fpd30,api,美团月付#fpd30#api
10002331,6995,20240701,0,Rate36,美团月付,dpd,3,30,3,mob3_dpd30,api,美团月付#mob3_dpd30#api
10002332,6996,20250707,0,Rate36,美团月付,dpd,12,30,12,mob12_dpd30,h5,美团月付#mob12_dpd30#h5
10002332,6997,20250913,0,Rate36,美团月付,fpd,,30,,fpd30,api,美团月付#fpd30#api
10002332,6998,20240926,0,Rate36,拍拍贷,fpd,,30,,fpd30,h5,拍拍贷#fpd30#h5
10002333,6999,20240825,0,Rate36,拍拍贷,dpd,9,60,9,mob9_dpd60,h5,拍拍贷#mob9_dpd60#h5
10002333,7000,20240715,0,Rate36,拍拍贷,dpd,6,60,6,mob6_dpd60,api,拍拍贷#mob6_dpd60#api
10002333,7001,20240702,0,Rate36,拍拍贷,dpd,3,60,3,mob3_dpd60,api,拍拍贷#mob3_dpd60#api
10002334,7002,20251206,0,Rate36,拍拍贷,dpd,3,30,3,mob3_dpd30,api,拍拍贷#mob3_dpd30#api
10002334,7003,20251223,0,Rate36,拍拍贷,dpd,3,30,3,mob3_dpd30,api,拍拍贷#mob3_dpd30#api
10002334,7004,20240808,0,Rate36,美团月付,dpd,9,60,9,mob9_dpd60,h5,美团月付#mob9_dpd60#h5
10002335,7005,20250422,0,Rate36,美团月付,dpd,12,60,12,mob12_dpd60,api,美团月付#mob12_dpd60#api
10002335,7006,20240919,0,Rate36,美团月付,dpd,3,30,3,mob3_dpd30,api,美团月付#mob3_dpd30#api
10002335,7007,20251109,1,Rate36,拍拍贷,dpd,3,30,3,mob3_dpd30,h5,拍拍贷#mob3_dpd30#h5
10002336,7008,20240402,0,Rate36,拍拍贷,dpd,12,60,12,mob12_dpd60,h5,拍拍贷#mob12_dpd60#h5
10002336,7009,20240901,0,Rate36,拍拍贷,dpd,6,30,6,mob6_dpd30,api,拍拍贷#mob6_dpd30#api
10002336,7010,20240501,1,Rate36,拍拍贷,dpd,3,60,3,mob3_dpd60,api,拍拍贷#mob3_dpd60#api
10002337,7011,20240722,0,Rate36,拍拍贷,dpd,12,30,12,mob12_dpd30,h5,拍拍贷#mob12_dpd30#h5
10002337,7012,20240504,-2,Rate36,拍拍贷,dpd,6,30,6,mob6_dpd30,h5,拍拍贷#mob6_dpd30#h5
10002337,7013,20260114,1,Rate36,美团月付,dpd,12,60,12,mob12_dpd60,h5,美团月付#mob12_dpd60#h5
10002338,7014,20241006,0,Rate36,美团月付,dpd,3,30,3,mob3_dpd30,api,美团月付#mob3_dpd30#api
10002338,7015,20251118,0,Rate36,美团月付,dpd,12,60,12,mob12_dpd60,h5,美团月付#mob12_dpd60#h5
10002338,7016,20251021,0,Rate36,拍拍贷,dpd,12,30,12,mob12_dpd30,api,拍拍贷#mob12_dpd30#api
10002339,7017,20250212,0,Rate36,美团月付,dpd,9,60,9,mob9_dpd60,h5,美团月付#mob9_dpd60#h5
10002339,7018,20250323,0,Rate36,美团月付,fpd,,60,,fpd60,api,美团月付#fpd60#api
10002339,7019,20250904,0,Rate36,拍拍贷,dpd,9,30,9,mob9_dpd30,api,拍拍贷#mob9_dpd30#api
10002340,7020,20260213,0,Rate36,美团月付,dpd,12,60,12,mob12_dpd60,h5,美团月付#mob12_dpd60#h5
10002340,7021,20251001,0,Rate36,拍拍贷,dpd,6,60,6,mob6_dpd60,api,拍拍贷#mob6_dpd60#api
10002340,7022,20260115,-2,Rate36,美团月付,dpd,9,60,9,mob9_dpd60,h5,美团月付#mob9_dpd60#h5
10002341,7023,20240324,0,Rate36,美团月付,dpd,6,60,6,mob6_dpd60,api,美团月付#mob6_dpd60#api
10002341,7024,20250214,0,Rate36,美团月付,dpd,9,30,9,mob9_dpd30,api,美团月付#mob9_dpd30#api
10002341,7025,20260214,1,Rate36,美团月付,dpd,9,30,9,mob9_dpd30,h5,美团月付#mob9_dpd30#h5
10002342,7026,20240716,-2,Rate36,美团月付,fpd,,30,,fpd30,api,美团月付#fpd30#api
10002342,7027,20250819,0,Rate36,拍拍贷,dpd,12,60,12,mob12_dpd60,api,拍拍贷#mob12_dpd60#api
10002342,7028,20240624,0,Rate36,拍拍贷,dpd,6,30,6,mob6_dpd30,h5,拍拍贷#mob6_dpd30#h5
10002343,7029,20251208,0,Rate36,拍拍贷,dpd,12,30,12,mob12_dpd30,h5,拍拍贷#mob12_dpd30#h5
10002343,7030,20240612,1,Rate36,美团月付,dpd,6,60,6,mob6_dpd60,h5,美团月付#mob6_dpd60#h5
10002343,7031,20250309,0,Rate36,拍拍贷,dpd,3,30,3,mob3_dpd30,h5,拍拍贷#mob3_dpd30#h5
10002344,7032,20250707,0,Rate36,拍拍贷,dpd,6,30,6,mob6_dpd30,api,拍拍贷#mob6_dpd30#api
10002344,7033,20260101,0,Rate36,美团月付,dpd,6,60,6,mob6_dpd60,h5,美团月付#mob6_dpd60#h5
10002344,7034,20240806,0,Rate36,拍拍贷,dpd,3,30,3,mob3_dpd30,api,拍拍贷#mob3_dpd30#api
10002345,7035,20240722,0,Rate36,拍拍贷,dpd,9,30,9,mob9_dpd30,api,拍拍贷#mob9_dpd30#api
10002345,7036,20241014,0,Rate36,美团月付,dpd,6,30,6,mob6_dpd30,api,美团月付#mob6_dpd30#api
10002345,7037,20250201,-2,Rate36,美团月付,dpd,9,30,9,mob9_dpd30,api,美团月付#mob9_dpd30#api
10002346,7038,20250809,1,Rate36,美团月付,dpd,6,30,6,mob6_dpd30,api,美团月付#mob6_dpd30#api
10002346,7039,20251112,0,Rate36,美团月付,dpd,12,30,12,mob12_dpd30,h5,美团月付#mob12_dpd30#h5
10002346,7040,20240417,0,Rate36,拍拍贷,dpd,6,30,6,mob6_dpd30,h5,拍拍贷#mob6_dpd30#h5
10002347,7041,20240717,0,Rate36,拍拍贷,dpd,12,30,12,mob12_dpd30,api,拍拍贷#mob12_dpd30#api
10002347,7042,20241008,0,Rate36,拍拍贷,fpd,,60,,fpd60,api,拍拍贷#fpd60#api
10002347,7043,20250228,0,Rate36,拍拍贷,dpd,12,60,12,mob12_dpd60,api,拍拍贷#mob12_dpd60#api
10002348,7044,20251225,0,Rate36,美团月付,fpd,,30,,fpd30,h5,美团月付#fpd30#h5
10002348,7045,20240319,0,Rate36,拍拍贷,dpd,3,30,3,mob3_dpd30,api,拍拍贷#mob3_dpd30#api
10002348,7046,20240610,0,Rate36,美团月付,dpd,6,60,6,mob6_dpd60,api,美团月付#mob6_dpd60#api
10002349,7047,20250303,1,Rate36,美团月付,dpd,3,30,3,mob3_dpd30,api,美团月付#mob3_dpd30#api
10002349,7048,20251210,1,Rate36,美团月付,dpd,9,60,9,mob9_dpd60,h5,美团月付#mob9_dpd60#h5
10002349,7049,20251220,0,Rate36,美团月付,dpd,6,30,6,mob6_dpd30,h5,美团月付#mob6_dpd30#h5
10002350,7050,20260206,0,Rate36,拍拍贷,dpd,6,30,6,mob6_dpd30,api,拍拍贷#mob6_dpd30#api
10002350,7051,20251118,0,Rate36,美团月付,dpd,9,30,9,mob9_dpd30,h5,美团月付#mob9_dpd30#h5
10002350,7052,20240526,0,Rate36,美团月付,dpd,9,30,9,mob9_dpd30,api,美团月付#mob9_dpd30#api
10002351,7053,20240805,0,Rate36,拍拍贷,dpd,3,30,3,mob3_dpd30,h5,拍拍贷#mob3_dpd30#h5
10002351,7054,20240726,1,Rate36,拍拍贷,fpd,,30,,fpd30,h5,拍拍贷#fpd30#h5
10002351,7055,20250519,0,Rate36,拍拍贷,dpd,3,30,3,mob3_dpd30,api,拍拍贷#mob3_dpd30#api
10002352,7056,20250910,0,Rate36,拍拍贷,dpd,3,60,3,mob3_dpd60,api,拍拍贷#mob3_dpd60#api
10002352,7057,20250606,0,Rate36,美团月付,fpd,,60,,fpd60,h5,美团月付#fpd60#h5
10002352,7058,20250328,0,Rate36,拍拍贷,dpd,3,60,3,mob3_dpd60,api,拍拍贷#mob3_dpd60#api
10002353,7059,20241121,1,Rate36,美团月付,dpd,6,30,6,mob6_dpd30,h5,美团月付#mob6_dpd30#h5
10002353,7060,20240514,0,Rate36,美团月付,dpd,3,60,3,mob3_dpd60,api,美团月付#mob3_dpd60#api
10002353,7061,20240613,-2,Rate36,美团月付,dpd,9,60,9,mob9_dpd60,h5,美团月付#mob9_dpd60#h5
10002354,7062,20240712,0,Rate36,美团月付,dpd,6,30,6,mob6_dpd30,api,美团月付#mob6_dpd30#api
10002354,7063,20250319,0,Rate36,拍拍贷,dpd,12,60,12,mob12_dpd60,h5,拍拍贷#mob12_dpd60#h5
10002354,7064,20251218,0,Rate36,美团月付,fpd,,30,,fpd30,api,美团月付#fpd30#api
10002355,7065,20240926,0,Rate36,美团月付,dpd,6,60,6,mob6_dpd60,h5,美团月付#mob6_dpd60#h5
10002355,7066,20260126,0,Rate36,拍拍贷,dpd,6,30,6,mob6_dpd30,h5,拍拍贷#mob6_dpd30#h5
10002355,7067,20241108,0,Rate36,美团月付,dpd,12,60,12,mob12_dpd60,api,美团月付#mob12_dpd60#api
10002356,7068,20241028,0,Rate36,美团月付,dpd,3,30,3,mob3_dpd30,api,美团月付#mob3_dpd30#api
10002356,7069,20250218,0,Rate36,美团月付,fpd,,30,,fpd30,h5,美团月付#fpd30#h5
10002356,7070,20250812,0,Rate36,拍拍贷,dpd,3,60,3,mob3_dpd60,h5,拍拍贷#mob3_dpd60#h5
10002357,7071,20250315,0,Rate36,美团月付,fpd,,30,,fpd30,api,美团月付#fpd30#api
10002357,7072,20260213,0,Rate36,拍拍贷,dpd,6,30,6,mob6_dpd30,h5,拍拍贷#mob6_dpd30#h5
10002357,7073,20241017,0,Rate36,拍拍贷,fpd,,30,,fpd30,h5,拍拍贷#fpd30#h5
10002358,7074,20250702,0,Rate36,美团月付,dpd,6,30,6,mob6_dpd30,h5,美团月付#mob6_dpd30#h5
10002358,7075,20240321,0,Rate36,美团月付,dpd,6,30,6,mob6_dpd30,api,美团月付#mob6_dpd30#api
10002358,7076,20240721,1,Rate36,拍拍贷,dpd,12,60,12,mob12_dpd60,h5,拍拍贷#mob12_dpd60#h5
10002359,7077,20240502,1,Rate36,拍拍贷,dpd,12,30,12,mob12_dpd30,h5,拍拍贷#mob12_dpd30#h5
10002359,7078,20251120,0,Rate36,美团月付,dpd,6,30,6,mob6_dpd30,h5,美团月付#mob6_dpd30#h5
10002359,7079,20251007,0,Rate36,拍拍贷,fpd,,60,,fpd60,api,拍拍贷#fpd60#api
10002360,7080,20250624,0,Rate36,美团月付,dpd,9,60,9,mob9_dpd60,h5,美团月付#mob9_dpd60#h5
10002360,7081,20241206,0,Rate36,美团月付,dpd,3,60,3,mob3_dpd60,api,美团月付#mob3_dpd60#api
10002360,7082,20250707,0,Rate36,拍拍贷,dpd,9,60,9,mob9_dpd60,h5,拍拍贷#mob9_dpd60#h5
10002361,7083,20240725,0,Rate36,拍拍贷,dpd,12,30,12,mob12_dpd30,api,拍拍贷#mob12_dpd30#api
10002361,7084,20240525,1,Rate36,美团月付,dpd,12,60,12,mob12_dpd60,h5,美团月付#mob12_dpd60#h5
10002361,7085,20251228,0,Rate36,美团月付,dpd,9,30,9,mob9_dpd30,h5,美团月付#mob9_dpd30#h5
10002362,7086,20250221,0,Rate36,美团月付,fpd,,60,,fpd60,api,美团月付#fpd60#api
10002362,7087,20251210,1,Rate36,美团月付,dpd,9,30,9,mob9_dpd30,api,美团月付#mob9_dpd30#api
10002362,7088,20250122,1,Rate36,拍拍贷,fpd,,30,,fpd30,h5,拍拍贷#fpd30#h5
10002363,7089,20241114,0,Rate36,拍拍贷,fpd,,60,,fpd60,api,拍拍贷#fpd60#api
10002363,7090,20240607,0,Rate36,美团月付,dpd,3,60,3,mob3_dpd60,api,美团月付#mob3_dpd60#api
10002363,7091,20250303,-2,Rate36,美团月付,dpd,9,30,9,mob9_dpd30,api,美团月付#mob9_dpd30#api
10002364,7092,20240418,0,Rate36,拍拍贷,dpd,3,60,3,mob3_dpd60,h5,拍拍贷#mob3_dpd60#h5
10002364,7093,20240804,1,Rate36,拍拍贷,dpd,9,30,9,mob9_dpd30,api,拍拍贷#mob9_dpd30#api
10002364,7094,20240326,0,Rate36,美团月付,fpd,,60,,fpd60,h5,美团月付#fpd60#h5
10002365,7095,20250618,1,Rate36,美团月付,dpd,3,30,3,mob3_dpd30,h5,美团月付#mob3_dpd30#h5
10002365,7096,20250314,0,Rate36,拍拍贷,fpd,,30,,fpd30,api,拍拍贷#fpd30#api
10002365,7097,20250907,0,Rate36,美团月付,dpd,6,30,6,mob6_dpd30,api,美团月付#mob6_dpd30#api
10002366,7098,20241225,-2,Rate36,拍拍贷,dpd,3,60,3,mob3_dpd60,h5,拍拍贷#mob3_dpd60#h5
10002366,7099,20250507,0,Rate36,拍拍贷,dpd,6,60,6,mob6_dpd60,h5,拍拍贷#mob6_dpd60#h5
10002366,7100,20240710,0,Rate36,拍拍贷,dpd,12,60,12,mob12_dpd60,h5,拍拍贷#mob12_dpd60#h5
10002367,7101,20251113,1,Rate36,美团月付,dpd,3,30,3,mob3_dpd30,api,美团月付#mob3_dpd30#api
10002367,7102,20241019,0,Rate36,美团月付,fpd,,30,,fpd30,api,美团月付#fpd30#api
10002367,7103,20240813,1,Rate36,美团月付,dpd,12,60,12,mob12_dpd60,h5,美团月付#mob12_dpd60#h5
10002368,7104,20250902,-2,Rate36,美团月付,dpd,6,60,6,mob6_dpd60,api,美团月付#mob6_dpd60#api
10002368,7105,20240601,0,Rate36,美团月付,fpd,,30,,fpd30,h5,美团月付#fpd30#h5
10002368,7106,20250921,-2,Rate36,拍拍贷,dpd,9,60,9,mob9_dpd60,h5,拍拍贷#mob9_dpd60#h5
10002369,7107,20250112,0,Rate36,拍拍贷,dpd,12,60,12,mob12_dpd60,api,拍拍贷#mob12_dpd60#api
10002369,7108,20240924,0,Rate36,拍拍贷,dpd,3,60,3,mob3_dpd60,api,拍拍贷#mob3_dpd60#api
10002369,7109,20241003,0,Rate36,美团月付,dpd,12,30,12,mob12_dpd30,h5,美团月付#mob12_dpd30#h5
10002370,7110,20250414,0,Rate36,拍拍贷,fpd,,60,,fpd60,api,拍拍贷#fpd60#api
10002370,7111,20241218,-2,Rate36,美团月付,dpd,6,30,6,mob6_dpd30,api,美团月付#mob6_dpd30#api
10002370,7112,20260215,0,Rate36,拍拍贷,dpd,3,30,3,mob3_dpd30,h5,拍拍贷#mob3_dpd30#h5
10002371,7113,20240817,1,Rate36,拍拍贷,dpd,3,30,3,mob3_dpd30,api,拍拍贷#mob3_dpd30#api
10002371,7114,20250720,0,Rate36,拍拍贷,dpd,9,60,9,mob9_dpd60,api,拍拍贷#mob9_dpd60#api
10002371,7115,20251002,1,Rate36,美团月付,dpd,3,30,3,mob3_dpd30,h5,美团月付#mob3_dpd30#h5
10002372,7116,20250627,0,Rate36,美团月付,dpd,9,30,9,mob9_dpd30,h5,美团月付#mob9_dpd30#h5
10002372,7117,20260211,0,Rate36,拍拍贷,fpd,,30,,fpd30,h5,拍拍贷#fpd30#h5
10002372,7118,20250905,0,Rate36,美团月付,dpd,6,60,6,mob6_dpd60,h5,美团月付#mob6_dpd60#h5
10002373,7119,20250628,1,Rate36,美团月付,dpd,9,30,9,mob9_dpd30,api,美团月付#mob9_dpd30#api
10002373,7120,20241013,0,Rate36,美团月付,dpd,12,30,12,mob12_dpd30,h5,美团月付#mob12_dpd30#h5
10002373,7121,20260110,0,Rate36,拍拍贷,fpd,,30,,fpd30,api,拍拍贷#fpd30#api
10002374,7122,20251215,-2,Rate36,美团月付,dpd,12,30,12,mob12_dpd30,api,美团月付#mob12_dpd30#api
10002374,7123,20240809,1,Rate36,拍拍贷,fpd,,30,,fpd30,api,拍拍贷#fpd30#api
10002374,7124,20260101,0,Rate36,美团月付,dpd,9,30,9,mob9_dpd30,h5,美团月付#mob9_dpd30#h5
10002375,7125,20241004,0,Rate36,拍拍贷,fpd,,30,,fpd30,h5,拍拍贷#fpd30#h5
10002375,7126,20251018,0,Rate36,拍拍贷,dpd,3,30,3,mob3_dpd30,h5,拍拍贷#mob3_dpd30#h5
10002375,7127,20251223,0,Rate36,拍拍贷,dpd,12,30,12,mob12_dpd30,api,拍拍贷#mob12_dpd30#api
10002376,7128,20241220,-2,Rate36,拍拍贷,dpd,6,60,6,mob6_dpd60,h5,拍拍贷#mob6_dpd60#h5
10002376,7129,20250214,0,Rate36,美团月付,dpd,6,30,6,mob6_dpd30,h5,美团月付#mob6_dpd30#h5
10002376,7130,20250320,0,Rate36,美团月付,fpd,,30,,fpd30,api,美团月付#fpd30#api
10002377,7131,20251215,0,Rate36,拍拍贷,dpd,6,30,6,mob6_dpd30,api,拍拍贷#mob6_dpd30#api
10002377,7132,20250614,0,Rate36,拍拍贷,dpd,3,30,3,mob3_dpd30,h5,拍拍贷#mob3_dpd30#h5
10002377,7133,20251228,0,Rate36,美团月付,dpd,6,30,6,mob6_dpd30,api,美团月付#mob6_dpd30#api
10002378,7134,20241226,0,Rate36,美团月付,dpd,6,30,6,mob6_dpd30,h5,美团月付#mob6_dpd30#h5
10002378,7135,20250727,0,Rate36,美团月付,dpd,6,60,6,mob6_dpd60,h5,美团月付#mob6_dpd60#h5
10002378,7136,20260209,0,Rate36,拍拍贷,dpd,3,30,3,mob3_dpd30,h5,拍拍贷#mob3_dpd30#h5
10002379,7137,20251001,0,Rate36,美团月付,fpd,,30,,fpd30,h5,美团月付#fpd30#h5
10002379,7138,20250728,1,Rate36,拍拍贷,dpd,12,60,12,mob12_dpd60,h5,拍拍贷#mob12_dpd60#h5
10002379,7139,20250304,0,Rate36,拍拍贷,dpd,9,60,9,mob9_dpd60,api,拍拍贷#mob9_dpd60#api
10002380,7140,20250905,0,Rate36,美团月付,dpd,3,30,3,mob3_dpd30,h5,美团月付#mob3_dpd30#h5
10002380,7141,20250711,0,Rate36,拍拍贷,dpd,6,30,6,mob6_dpd30,api,拍拍贷#mob6_dpd30#api
10002380,7142,20250519,0,Rate36,拍拍贷,dpd,3,60,3,mob3_dpd60,api,拍拍贷#mob3_dpd60#api
10002381,7143,20250525,0,Rate36,美团月付,dpd,6,30,6,mob6_dpd30,h5,美团月付#mob6_dpd30#h5
10002381,7144,20240713,0,Rate36,拍拍贷,dpd,9,30,9,mob9_dpd30,api,拍拍贷#mob9_dpd30#api
10002381,7145,20260209,0,Rate36,拍拍贷,dpd,9,30,9,mob9_dpd30,api,拍拍贷#mob9_dpd30#api
10002382,7146,20250422,0,Rate36,拍拍贷,fpd,,60,,fpd60,h5,拍拍贷#fpd60#h5
10002382,7147,20241210,1,Rate36,美团月付,dpd,6,60,6,mob6_dpd60,h5,美团月付#mob6_dpd60#h5
10002382,7148,20250628,0,Rate36,美团月付,fpd,,30,,fpd30,h5,美团月付#fpd30#h5
10002383,7149,20241208,1,Rate36,拍拍贷,dpd,9,30,9,mob9_dpd30,api,拍拍贷#mob9_dpd30#api
10002383,7150,20240428,0,Rate36,拍拍贷,dpd,12,30,12,mob12_dpd30,api,拍拍贷#mob12_dpd30#api
10002383,7151,20260227,0,Rate36,美团月付,dpd,6,60,6,mob6_dpd60,api,美团月付#mob6_dpd60#api
10002384,7152,20250421,0,Rate36,美团月付,dpd,9,60,9,mob9_dpd60,h5,美团月付#mob9_dpd60#h5
10002384,7153,20240516,1,Rate36,拍拍贷,fpd,,30,,fpd30,api,拍拍贷#fpd30#api
10002384,7154,20241108,-2,Rate36,美团月付,fpd,,60,,fpd60,api,美团月付#fpd60#api
10002385,7155,20241020,0,Rate36,美团月付,dpd,9,30,9,mob9_dpd30,api,美团月付#mob9_dpd30#api
10002385,7156,20240426,0,Rate36,美团月付,dpd,12,60,12,mob12_dpd60,h5,美团月付#mob12_dpd60#h5
10002385,7157,20260226,0,Rate36,美团月付,dpd,6,30,6,mob6_dpd30,api,美团月付#mob6_dpd30#api
10002386,7158,20240415,0,Rate36,拍拍贷,dpd,9,60,9,mob9_dpd60,api,拍拍贷#mob9_dpd60#api
10002386,7159,20250827,0,Rate36,拍拍贷,dpd,12,30,12,mob12_dpd30,h5,拍拍贷#mob12_dpd30#h5
10002386,7160,20240413,0,Rate36,美团月付,dpd,9,60,9,mob9_dpd60,api,美团月付#mob9_dpd60#api
10002387,7161,20260222,0,Rate36,美团月付,dpd,3,30,3,mob3_dpd30,h5,美团月付#mob3_dpd30#h5
10002387,7162,20260104,0,Rate36,美团月付,dpd,3,60,3,mob3_dpd60,h5,美团月付#mob3_dpd60#h5
10002387,7163,20240509,0,Rate36,美团月付,dpd,3,30,3,mob3_dpd30,h5,美团月付#mob3_dpd30#h5
10002388,7164,20241114,0,Rate36,拍拍贷,dpd,3,30,3,mob3_dpd30,h5,拍拍贷#mob3_dpd30#h5
10002388,7165,20250126,0,Rate36,拍拍贷,dpd,6,30,6,mob6_dpd30,h5,拍拍贷#mob6_dpd30#h5
10002388,7166,20240820,1,Rate36,拍拍贷,dpd,6,30,6,mob6_dpd30,h5,拍拍贷#mob6_dpd30#h5
10002389,7167,20241125,0,Rate36,拍拍贷,dpd,3,30,3,mob3_dpd30,api,拍拍贷#mob3_dpd30#api
10002389,7168,20260224,0,Rate36,拍拍贷,dpd,12,60,12,mob12_dpd60,api,拍拍贷#mob12_dpd60#api
10002389,7169,20260209,1,Rate36,美团月付,dpd,3,30,3,mob3_dpd30,api,美团月付#mob3_dpd30#api
10002390,7170,20250423,0,Rate36,美团月付,dpd,12,30,12,mob12_dpd30,h5,美团月付#mob12_dpd30#h5
10002390,7171,20260115,0,Rate36,美团月付,dpd,9,60,9,mob9_dpd60,h5,美团月付#mob9_dpd60#h5
10002390,7172,20250717,1,Rate36,拍拍贷,dpd,3,30,3,mob3_dpd30,api,拍拍贷#mob3_dpd30#api
10002391,7173,20240922,0,Rate36,拍拍贷,dpd,12,30,12,mob12_dpd30,h5,拍拍贷#mob12_dpd30#h5
10002391,7174,20250625,0,Rate36,拍拍贷,dpd,12,30,12,mob12_dpd30,h5,拍拍贷#mob12_dpd30#h5
10002391,7175,20250915,1,Rate36,美团月付,dpd,12,30,12,mob12_dpd30,h5,美团月付#mob12_dpd30#h5
10002392,7176,20240520,0,Rate36,美团月付,dpd,9,60,9,mob9_dpd60,h5,美团月付#mob9_dpd60#h5
10002392,7177,20250814,0,Rate36,拍拍贷,dpd,3,30,3,mob3_dpd30,api,拍拍贷#mob3_dpd30#api
10002392,7178,20250812,0,Rate36,拍拍贷,dpd,9,60,9,mob9_dpd60,h5,拍拍贷#mob9_dpd60#h5
10002393,7179,20250621,0,Rate36,美团月付,dpd,6,30,6,mob6_dpd30,h5,美团月付#mob6_dpd30#h5
10002393,7180,20240501,-2,Rate36,拍拍贷,dpd,12,30,12,mob12_dpd30,h5,拍拍贷#mob12_dpd30#h5
10002393,7181,20260123,0,Rate36,拍拍贷,dpd,9,30,9,mob9_dpd30,h5,拍拍贷#mob9_dpd30#h5
10002394,7182,20240406,0,Rate36,拍拍贷,dpd,12,30,12,mob12_dpd30,api,拍拍贷#mob12_dpd30#api
10002394,7183,20240824,-2,Rate36,拍拍贷,fpd,,60,,fpd60,api,拍拍贷#fpd60#api
10002394,7184,20240808,0,Rate36,美团月付,fpd,,60,,fpd60,api,美团月付#fpd60#api
10002395,7185,20240828,0,Rate36,拍拍贷,dpd,9,30,9,mob9_dpd30,h5,拍拍贷#mob9_dpd30#h5
10002395,7186,20251014,1,Rate36,拍拍贷,fpd,,60,,fpd60,h5,拍拍贷#fpd60#h5
10002395,7187,20251227,-2,Rate36,美团月付,fpd,,60,,fpd60,h5,美团月付#fpd60#h5
10002396,7188,20241203,1,Rate36,拍拍贷,dpd,12,60,12,mob12_dpd60,h5,拍拍贷#mob12_dpd60#h5
10002396,7189,20260102,0,Rate36,拍拍贷,dpd,3,30,3,mob3_dpd30,api,拍拍贷#mob3_dpd30#api
10002396,7190,20241215,0,Rate36,美团月付,fpd,,30,,fpd30,h5,美团月付#fpd30#h5
10002397,7191,20260104,0,Rate36,拍拍贷,fpd,,60,,fpd60,api,拍拍贷#fpd60#api
10002397,7192,20240526,1,Rate36,美团月付,dpd,12,60,12,mob12_dpd60,api,美团月付#mob12_dpd60#api
10002397,7193,20240608,0,Rate36,拍拍贷,dpd,6,60,6,mob6_dpd60,api,拍拍贷#mob6_dpd60#api
10002398,7194,20250504,0,Rate36,拍拍贷,dpd,6,60,6,mob6_dpd60,h5,拍拍贷#mob6_dpd60#h5
10002398,7195,20241209,1,Rate36,美团月付,dpd,9,30,9,mob9_dpd30,h5,美团月付#mob9_dpd30#h5
10002398,7196,20240421,0,Rate36,拍拍贷,dpd,6,30,6,mob6_dpd30,h5,拍拍贷#mob6_dpd30#h5
10002399,7197,20250411,0,Rate36,美团月付,dpd,3,60,3,mob3_dpd60,api,美团月付#mob3_dpd60#api
10002399,7198,20251215,0,Rate36,美团月付,fpd,,30,,fpd30,api,美团月付#fpd30#api
10002399,7199,20241011,0,Rate36,拍拍贷,fpd,,60,,fpd60,api,拍拍贷#fpd60#api
10002400,7200,20241216,0,Rate36,美团月付,dpd,6,60,6,mob6_dpd60,h5,美团月付#mob6_dpd60#h5
10002400,7201,20250424,0,Rate36,拍拍贷,dpd,9,30,9,mob9_dpd30,api,拍拍贷#mob9_dpd30#api
10002400,7202,20250526,0,Rate36,美团月付,fpd,,60,,fpd60,api,美团月付#fpd60#api
10002401,7203,20260202,0,Rate36,美团月付,dpd,9,60,9,mob9_dpd60,api,美团月付#mob9_dpd60#api
10002401,7204,20240316,0,Rate36,拍拍贷,dpd,6,30,6,mob6_dpd30,h5,拍拍贷#mob6_dpd30#h5
10002401,7205,20241219,0,Rate36,美团月付,dpd,9,60,9,mob9_dpd60,h5,美团月付#mob9_dpd60#h5
10002402,7206,20250407,0,Rate36,拍拍贷,dpd,9,60,9,mob9_dpd60,h5,拍拍贷#mob9_dpd60#h5
10002402,7207,20250715,0,Rate36,拍拍贷,dpd,12,30,12,mob12_dpd30,h5,拍拍贷#mob12_dpd30#h5
10002402,7208,20260121,0,Rate36,美团月付,dpd,9,30,9,mob9_dpd30,api,美团月付#mob9_dpd30#api
10002403,7209,20250307,0,Rate36,美团月付,dpd,6,30,6,mob6_dpd30,h5,美团月付#mob6_dpd30#h5
10002403,7210,20241102,0,Rate36,拍拍贷,dpd,12,30,12,mob12_dpd30,api,拍拍贷#mob12_dpd30#api
10002403,7211,20260107,0,Rate36,拍拍贷,dpd,12,60,12,mob12_dpd60,h5,拍拍贷#mob12_dpd60#h5
10002404,7212,20251210,1,Rate36,拍拍贷,dpd,6,30,6,mob6_dpd30,api,拍拍贷#mob6_dpd30#api
10002404,7213,20250419,-2,Rate36,美团月付,dpd,9,60,9,mob9_dpd60,api,美团月付#mob9_dpd60#api
10002404,7214,20250626,1,Rate36,拍拍贷,dpd,12,30,12,mob12_dpd30,api,拍拍贷#mob12_dpd30#api
10002405,7215,20260217,1,Rate36,拍拍贷,dpd,9,30,9,mob9_dpd30,h5,拍拍贷#mob9_dpd30#h5
10002405,7216,20241110,0,Rate36,美团月付,dpd,3,60,3,mob3_dpd60,api,美团月付#mob3_dpd60#api
10002405,7217,20260213,1,Rate36,美团月付,dpd,9,60,9,mob9_dpd60,api,美团月付#mob9_dpd60#api
10002406,7218,20241028,0,Rate36,美团月付,dpd,9,30,9,mob9_dpd30,h5,美团月付#mob9_dpd30#h5
10002406,7219,20240426,0,Rate36,美团月付,fpd,,30,,fpd30,api,美团月付#fpd30#api
10002406,7220,20240428,0,Rate36,拍拍贷,dpd,12,30,12,mob12_dpd30,h5,拍拍贷#mob12_dpd30#h5
10002407,7221,20250619,0,Rate36,美团月付,dpd,9,30,9,mob9_dpd30,api,美团月付#mob9_dpd30#api
10002407,7222,20250824,0,Rate36,美团月付,dpd,3,30,3,mob3_dpd30,h5,美团月付#mob3_dpd30#h5
10002407,7223,20240306,0,Rate36,拍拍贷,dpd,12,30,12,mob12_dpd30,api,拍拍贷#mob12_dpd30#api
10002408,7224,20240816,0,Rate36,拍拍贷,fpd,,60,,fpd60,h5,拍拍贷#fpd60#h5
10002408,7225,20241214,0,Rate36,美团月付,dpd,6,60,6,mob6_dpd60,api,美团月付#mob6_dpd60#api
10002408,7226,20250111,0,Rate36,美团月付,dpd,9,60,9,mob9_dpd60,api,美团月付#mob9_dpd60#api
10002409,7227,20251023,0,Rate36,美团月付,fpd,,60,,fpd60,h5,美团月付#fpd60#h5
10002409,7228,20250728,1,Rate36,拍拍贷,dpd,6,30,6,mob6_dpd30,api,拍拍贷#mob6_dpd30#api
10002409,7229,20240827,0,Rate36,美团月付,dpd,3,30,3,mob3_dpd30,api,美团月付#mob3_dpd30#api
10002410,7230,20250708,0,Rate36,拍拍贷,dpd,3,60,3,mob3_dpd60,h5,拍拍贷#mob3_dpd60#h5
10002410,7231,20260226,0,Rate36,拍拍贷,dpd,3,60,3,mob3_dpd60,api,拍拍贷#mob3_dpd60#api
10002410,7232,20250108,0,Rate36,拍拍贷,dpd,3,60,3,mob3_dpd60,api,拍拍贷#mob3_dpd60#api
10002411,7233,20250804,0,Rate36,美团月付,fpd,,60,,fpd60,h5,美团月付#fpd60#h5
10002411,7234,20240419,0,Rate36,拍拍贷,dpd,9,60,9,mob9_dpd60,api,拍拍贷#mob9_dpd60#api
10002411,7235,20250823,1,Rate36,美团月付,dpd,6,30,6,mob6_dpd30,api,美团月付#mob6_dpd30#api
10002412,7236,20250224,1,Rate36,美团月付,dpd,9,30,9,mob9_dpd30,api,美团月付#mob9_dpd30#api
10002412,7237,20250401,0,Rate36,拍拍贷,dpd,3,30,3,mob3_dpd30,h5,拍拍贷#mob3_dpd30#h5
10002412,7238,20260109,1,Rate36,拍拍贷,dpd,6,60,6,mob6_dpd60,api,拍拍贷#mob6_dpd60#api
10002413,7239,20241028,0,Rate36,拍拍贷,fpd,,60,,fpd60,api,拍拍贷#fpd60#api
10002413,7240,20250720,0,Rate36,拍拍贷,fpd,,60,,fpd60,api,拍拍贷#fpd60#api
10002413,7241,20241212,0,Rate36,拍拍贷,dpd,9,60,9,mob9_dpd60,api,拍拍贷#mob9_dpd60#api
10002414,7242,20240521,0,Rate36,拍拍贷,dpd,6,60,6,mob6_dpd60,api,拍拍贷#mob6_dpd60#api
10002414,7243,20250824,0,Rate36,美团月付,dpd,3,30,3,mob3_dpd30,h5,美团月付#mob3_dpd30#h5
10002414,7244,20240902,0,Rate36,拍拍贷,dpd,6,30,6,mob6_dpd30,h5,拍拍贷#mob6_dpd30#h5
10002415,7245,20240302,1,Rate36,拍拍贷,fpd,,60,,fpd60,api,拍拍贷#fpd60#api
10002415,7246,20241219,1,Rate36,拍拍贷,dpd,12,60,12,mob12_dpd60,h5,拍拍贷#mob12_dpd60#h5
10002415,7247,20260217,0,Rate36,拍拍贷,dpd,9,30,9,mob9_dpd30,h5,拍拍贷#mob9_dpd30#h5
10002416,7248,20251011,0,Rate36,拍拍贷,dpd,12,60,12,mob12_dpd60,api,拍拍贷#mob12_dpd60#api
10002416,7249,20250526,0,Rate36,拍拍贷,dpd,3,30,3,mob3_dpd30,api,拍拍贷#mob3_dpd30#api
10002416,7250,20250626,1,Rate36,拍拍贷,dpd,3,60,3,mob3_dpd60,api,拍拍贷#mob3_dpd60#api
10002417,7251,20241012,1,Rate36,美团月付,dpd,9,60,9,mob9_dpd60,api,美团月付#mob9_dpd60#api
10002417,7252,20240905,0,Rate36,拍拍贷,dpd,3,60,3,mob3_dpd60,h5,拍拍贷#mob3_dpd60#h5
10002417,7253,20240304,0,Rate36,美团月付,fpd,,60,,fpd60,api,美团月付#fpd60#api
10002418,7254,20240411,0,Rate36,拍拍贷,dpd,6,30,6,mob6_dpd30,api,拍拍贷#mob6_dpd30#api
10002418,7255,20240415,1,Rate36,拍拍贷,dpd,12,30,12,mob12_dpd30,h5,拍拍贷#mob12_dpd30#h5
10002418,7256,20250421,1,Rate36,拍拍贷,dpd,9,60,9,mob9_dpd60,h5,拍拍贷#mob9_dpd60#h5
10002419,7257,20240718,0,Rate36,美团月付,dpd,9,60,9,mob9_dpd60,api,美团月付#mob9_dpd60#api
10002419,7258,20240622,-2,Rate36,美团月付,dpd,12,30,12,mob12_dpd30,api,美团月付#mob12_dpd30#api
10002419,7259,20260109,0,Rate36,拍拍贷,dpd,12,30,12,mob12_dpd30,api,拍拍贷#mob12_dpd30#api
10002420,7260,20240524,0,Rate36,拍拍贷,dpd,3,60,3,mob3_dpd60,h5,拍拍贷#mob3_dpd60#h5
10002420,7261,20250912,1,Rate36,拍拍贷,dpd,12,30,12,mob12_dpd30,h5,拍拍贷#mob12_dpd30#h5
10002420,7262,20240503,0,Rate36,美团月付,fpd,,60,,fpd60,api,美团月付#fpd60#api
10002421,7263,20241217,0,Rate36,拍拍贷,dpd,3,60,3,mob3_dpd60,api,拍拍贷#mob3_dpd60#api
10002421,7264,20240826,0,Rate36,拍拍贷,dpd,9,30,9,mob9_dpd30,api,拍拍贷#mob9_dpd30#api
10002421,7265,20251024,1,Rate36,拍拍贷,fpd,,30,,fpd30,h5,拍拍贷#fpd30#h5
10002422,7266,20250528,0,Rate36,美团月付,dpd,3,30,3,mob3_dpd30,h5,美团月付#mob3_dpd30#h5
10002422,7267,20250806,0,Rate36,美团月付,dpd,12,60,12,mob12_dpd60,api,美团月付#mob12_dpd60#api
10002422,7268,20250221,0,Rate36,美团月付,dpd,9,30,9,mob9_dpd30,api,美团月付#mob9_dpd30#api
10002423,7269,20241108,0,Rate36,美团月付,dpd,12,30,12,mob12_dpd30,api,美团月付#mob12_dpd30#api
10002423,7270,20250723,0,Rate36,美团月付,dpd,6,60,6,mob6_dpd60,h5,美团月付#mob6_dpd60#h5
10002423,7271,20251216,0,Rate36,美团月付,dpd,9,30,9,mob9_dpd30,api,美团月付#mob9_dpd30#api
10002424,7272,20250504,0,Rate36,拍拍贷,dpd,9,30,9,mob9_dpd30,h5,拍拍贷#mob9_dpd30#h5
10002424,7273,20260208,1,Rate36,美团月付,fpd,,60,,fpd60,h5,美团月付#fpd60#h5
10002424,7274,20240814,-2,Rate36,美团月付,dpd,9,30,9,mob9_dpd30,h5,美团月付#mob9_dpd30#h5
10002425,7275,20251224,0,Rate36,拍拍贷,dpd,3,30,3,mob3_dpd30,api,拍拍贷#mob3_dpd30#api
10002425,7276,20250217,0,Rate36,美团月付,fpd,,30,,fpd30,h5,美团月付#fpd30#h5
10002425,7277,20250917,0,Rate36,美团月付,dpd,3,30,3,mob3_dpd30,h5,美团月付#mob3_dpd30#h5
10002426,7278,20250524,0,Rate36,美团月付,dpd,6,30,6,mob6_dpd30,h5,美团月付#mob6_dpd30#h5
10002426,7279,20240519,0,Rate36,拍拍贷,dpd,3,30,3,mob3_dpd30,h5,拍拍贷#mob3_dpd30#h5
10002426,7280,20250119,-2,Rate36,美团月付,dpd,3,60,3,mob3_dpd60,api,美团月付#mob3_dpd60#api
10002427,7281,20240514,0,Rate36,拍拍贷,dpd,3,30,3,mob3_dpd30,h5,拍拍贷#mob3_dpd30#h5
10002427,7282,20250422,-2,Rate36,拍拍贷,dpd,12,60,12,mob12_dpd60,h5,拍拍贷#mob12_dpd60#h5
10002427,7283,20240824,0,Rate36,拍拍贷,dpd,6,60,6,mob6_dpd60,h5,拍拍贷#mob6_dpd60#h5
10002428,7284,20260221,0,Rate36,美团月付,dpd,9,30,9,mob9_dpd30,api,美团月付#mob9_dpd30#api
10002428,7285,20251109,0,Rate36,美团月付,dpd,9,30,9,mob9_dpd30,api,美团月付#mob9_dpd30#api
10002428,7286,20250312,0,Rate36,拍拍贷,fpd,,60,,fpd60,api,拍拍贷#fpd60#api
10002429,7287,20240903,0,Rate36,拍拍贷,fpd,,60,,fpd60,h5,拍拍贷#fpd60#h5
10002429,7288,20250725,1,Rate36,拍拍贷,fpd,,60,,fpd60,h5,拍拍贷#fpd60#h5
10002429,7289,20250120,0,Rate36,拍拍贷,fpd,,30,,fpd30,h5,拍拍贷#fpd30#h5
10002430,7290,20251003,0,Rate36,拍拍贷,dpd,3,60,3,mob3_dpd60,h5,拍拍贷#mob3_dpd60#h5
10002430,7291,20241202,0,Rate36,拍拍贷,fpd,,30,,fpd30,api,拍拍贷#fpd30#api
10002430,7292,20240725,0,Rate36,美团月付,dpd,6,30,6,mob6_dpd30,h5,美团月付#mob6_dpd30#h5
10002431,7293,20250627,0,Rate36,拍拍贷,dpd,3,60,3,mob3_dpd60,h5,拍拍贷#mob3_dpd60#h5
10002431,7294,20240704,0,Rate36,拍拍贷,dpd,3,30,3,mob3_dpd30,api,拍拍贷#mob3_dpd30#api
10002431,7295,20240321,1,Rate36,美团月付,dpd,9,30,9,mob9_dpd30,h5,美团月付#mob9_dpd30#h5
10002432,7296,20250710,0,Rate36,美团月付,dpd,6,30,6,mob6_dpd30,api,美团月付#mob6_dpd30#api
10002432,7297,20250126,1,Rate36,拍拍贷,fpd,,30,,fpd30,api,拍拍贷#fpd30#api
10002432,7298,20241127,0,Rate36,美团月付,fpd,,60,,fpd60,api,美团月付#fpd60#api
10002433,7299,20251122,0,Rate36,拍拍贷,fpd,,30,,fpd30,api,拍拍贷#fpd30#api
10002433,7300,20260220,0,Rate36,拍拍贷,dpd,6,30,6,mob6_dpd30,h5,拍拍贷#mob6_dpd30#h5
10002433,7301,20240423,0,Rate36,美团月付,dpd,3,30,3,mob3_dpd30,h5,美团月付#mob3_dpd30#h5
10002434,7302,20250608,0,Rate36,拍拍贷,dpd,9,30,9,mob9_dpd30,api,拍拍贷#mob9_dpd30#api
10002434,7303,20260209,0,Rate36,美团月付,fpd,,60,,fpd60,h5,美团月付#fpd60#h5
10002434,7304,20251227,0,Rate36,美团月付,dpd,12,30,12,mob12_dpd30,api,美团月付#mob12_dpd30#api
10002435,7305,20241010,0,Rate36,美团月付,dpd,3,30,3,mob3_dpd30,h5,美团月付#mob3_dpd30#h5
10002435,7306,20251016,0,Rate36,美团月付,dpd,3,30,3,mob3_dpd30,api,美团月付#mob3_dpd30#api
10002435,7307,20250415,0,Rate36,拍拍贷,dpd,12,30,12,mob12_dpd30,api,拍拍贷#mob12_dpd30#api
10002436,7308,20240908,0,Rate36,美团月付,dpd,3,30,3,mob3_dpd30,api,美团月付#mob3_dpd30#api
10002436,7309,20240313,0,Rate36,拍拍贷,dpd,3,30,3,mob3_dpd30,api,拍拍贷#mob3_dpd30#api
10002436,7310,20241227,0,Rate36,拍拍贷,dpd,3,60,3,mob3_dpd60,api,拍拍贷#mob3_dpd60#api
10002437,7311,20260115,0,Rate36,美团月付,dpd,12,30,12,mob12_dpd30,h5,美团月付#mob12_dpd30#h5
10002437,7312,20240413,1,Rate36,美团月付,dpd,9,30,9,mob9_dpd30,api,美团月付#mob9_dpd30#api
10002437,7313,20240520,0,Rate36,美团月付,dpd,9,60,9,mob9_dpd60,h5,美团月付#mob9_dpd60#h5
10002438,7314,20250620,0,Rate36,美团月付,fpd,,60,,fpd60,api,美团月付#fpd60#api
10002438,7315,20240405,1,Rate36,美团月付,dpd,3,30,3,mob3_dpd30,h5,美团月付#mob3_dpd30#h5
10002438,7316,20260226,0,Rate36,拍拍贷,dpd,6,30,6,mob6_dpd30,api,拍拍贷#mob6_dpd30#api
10002439,7317,20241005,0,Rate36,拍拍贷,dpd,12,60,12,mob12_dpd60,h5,拍拍贷#mob12_dpd60#h5
10002439,7318,20250614,0,Rate36,美团月付,fpd,,60,,fpd60,h5,美团月付#fpd60#h5
10002439,7319,20250714,1,Rate36,美团月付,dpd,12,30,12,mob12_dpd30,h5,美团月付#mob12_dpd30#h5
10002440,7320,20250828,0,Rate36,拍拍贷,dpd,3,60,3,mob3_dpd60,api,拍拍贷#mob3_dpd60#api
10002440,7321,20250402,1,Rate36,拍拍贷,fpd,,60,,fpd60,h5,拍拍贷#fpd60#h5
10002440,7322,20240307,0,Rate36,拍拍贷,dpd,3,60,3,mob3_dpd60,h5,拍拍贷#mob3_dpd60#h5
10002441,7323,20240811,0,Rate36,拍拍贷,dpd,12,60,12,mob12_dpd60,api,拍拍贷#mob12_dpd60#api
10002441,7324,20250701,0,Rate36,美团月付,dpd,3,30,3,mob3_dpd30,api,美团月付#mob3_dpd30#api
10002441,7325,20241102,0,Rate36,拍拍贷,dpd,3,60,3,mob3_dpd60,h5,拍拍贷#mob3_dpd60#h5
10002442,7326,20250419,0,Rate36,拍拍贷,dpd,9,30,9,mob9_dpd30,h5,拍拍贷#mob9_dpd30#h5
10002442,7327,20250328,1,Rate36,美团月付,dpd,6,30,6,mob6_dpd30,h5,美团月付#mob6_dpd30#h5
10002442,7328,20250401,0,Rate36,美团月付,dpd,12,60,12,mob12_dpd60,h5,美团月付#mob12_dpd60#h5
10002443,7329,20251028,0,Rate36,美团月付,fpd,,60,,fpd60,h5,美团月付#fpd60#h5
10002443,7330,20241119,0,Rate36,拍拍贷,dpd,3,60,3,mob3_dpd60,h5,拍拍贷#mob3_dpd60#h5
10002443,7331,20241006,0,Rate36,美团月付,dpd,6,30,6,mob6_dpd30,h5,美团月付#mob6_dpd30#h5
10002444,7332,20250926,0,Rate36,美团月付,dpd,12,30,12,mob12_dpd30,api,美团月付#mob12_dpd30#api
10002444,7333,20250601,0,Rate36,美团月付,dpd,6,30,6,mob6_dpd30,h5,美团月付#mob6_dpd30#h5
10002444,7334,20240405,0,Rate36,拍拍贷,dpd,9,60,9,mob9_dpd60,h5,拍拍贷#mob9_dpd60#h5
10002445,7335,20241208,0,Rate36,美团月付,dpd,9,30,9,mob9_dpd30,api,美团月付#mob9_dpd30#api
10002445,7336,20240605,1,Rate36,美团月付,dpd,6,30,6,mob6_dpd30,h5,美团月付#mob6_dpd30#h5
10002445,7337,20250613,0,Rate36,拍拍贷,fpd,,60,,fpd60,api,拍拍贷#fpd60#api
10002446,7338,20250816,0,Rate36,拍拍贷,dpd,6,30,6,mob6_dpd30,h5,拍拍贷#mob6_dpd30#h5
10002446,7339,20260208,1,Rate36,美团月付,dpd,6,60,6,mob6_dpd60,h5,美团月付#mob6_dpd60#h5
10002446,7340,20250825,0,Rate36,美团月付,dpd,9,30,9,mob9_dpd30,api,美团月付#mob9_dpd30#api
10002447,7341,20250903,0,Rate36,拍拍贷,dpd,9,30,9,mob9_dpd30,h5,拍拍贷#mob9_dpd30#h5
10002447,7342,20240313,0,Rate36,美团月付,dpd,6,30,6,mob6_dpd30,h5,美团月付#mob6_dpd30#h5
10002447,7343,20250221,0,Rate36,拍拍贷,dpd,6,30,6,mob6_dpd30,api,拍拍贷#mob6_dpd30#api
10002448,7344,20240614,1,Rate36,拍拍贷,dpd,6,30,6,mob6_dpd30,h5,拍拍贷#mob6_dpd30#h5
10002448,7345,20250922,-2,Rate36,拍拍贷,dpd,9,60,9,mob9_dpd60,api,拍拍贷#mob9_dpd60#api
10002448,7346,20240408,0,Rate36,美团月付,fpd,,30,,fpd30,h5,美团月付#fpd30#h5
10002449,7347,20250317,0,Rate36,拍拍贷,dpd,3,30,3,mob3_dpd30,api,拍拍贷#mob3_dpd30#api
10002449,7348,20250727,-2,Rate36,拍拍贷,fpd,,30,,fpd30,h5,拍拍贷#fpd30#h5
10002449,7349,20251006,0,Rate36,美团月付,dpd,6,60,6,mob6_dpd60,h5,美团月付#mob6_dpd60#h5
10002450,7350,20250214,-2,Rate36,拍拍贷,dpd,3,30,3,mob3_dpd30,h5,拍拍贷#mob3_dpd30#h5
10002450,7351,20241223,0,Rate36,美团月付,fpd,,30,,fpd30,api,美团月付#fpd30#api
10002450,7352,20251111,0,Rate36,拍拍贷,dpd,6,30,6,mob6_dpd30,api,拍拍贷#mob6_dpd30#api
10002451,7353,20240713,0,Rate36,美团月付,dpd,3,60,3,mob3_dpd60,api,美团月付#mob3_dpd60#api
10002451,7354,20251027,1,Rate36,拍拍贷,fpd,,60,,fpd60,h5,拍拍贷#fpd60#h5
10002451,7355,20251004,0,Rate36,美团月付,dpd,3,30,3,mob3_dpd30,h5,美团月付#mob3_dpd30#h5
10002452,7356,20241014,0,Rate36,拍拍贷,dpd,3,30,3,mob3_dpd30,h5,拍拍贷#mob3_dpd30#h5
10002452,7357,20250802,-2,Rate36,美团月付,dpd,6,60,6,mob6_dpd60,h5,美团月付#mob6_dpd60#h5
10002452,7358,20240906,1,Rate36,拍拍贷,dpd,3,30,3,mob3_dpd30,h5,拍拍贷#mob3_dpd30#h5
10002453,7359,20240810,0,Rate36,拍拍贷,dpd,3,60,3,mob3_dpd60,h5,拍拍贷#mob3_dpd60#h5
10002453,7360,20251003,-2,Rate36,拍拍贷,dpd,6,30,6,mob6_dpd30,h5,拍拍贷#mob6_dpd30#h5
10002453,7361,20250406,0,Rate36,美团月付,fpd,,30,,fpd30,api,美团月付#fpd30#api
10002454,7362,20260210,0,Rate36,拍拍贷,dpd,6,30,6,mob6_dpd30,api,拍拍贷#mob6_dpd30#api
10002454,7363,20260207,0,Rate36,拍拍贷,fpd,,60,,fpd60,api,拍拍贷#fpd60#api
10002454,7364,20260125,0,Rate36,美团月付,fpd,,30,,fpd30,api,美团月付#fpd30#api
10002455,7365,20250604,1,Rate36,拍拍贷,dpd,9,60,9,mob9_dpd60,h5,拍拍贷#mob9_dpd60#h5
10002455,7366,20250626,0,Rate36,拍拍贷,dpd,12,30,12,mob12_dpd30,h5,拍拍贷#mob12_dpd30#h5
10002455,7367,20240414,0,Rate36,美团月付,dpd,9,30,9,mob9_dpd30,api,美团月付#mob9_dpd30#api
10002456,7368,20240714,0,Rate36,美团月付,fpd,,60,,fpd60,api,美团月付#fpd60#api
10002456,7369,20250909,1,Rate36,拍拍贷,dpd,6,60,6,mob6_dpd60,api,拍拍贷#mob6_dpd60#api
10002456,7370,20250128,1,Rate36,拍拍贷,dpd,9,60,9,mob9_dpd60,h5,拍拍贷#mob9_dpd60#h5
10002457,7371,20240317,0,Rate36,美团月付,dpd,9,60,9,mob9_dpd60,api,美团月付#mob9_dpd60#api
10002457,7372,20240904,1,Rate36,美团月付,dpd,12,30,12,mob12_dpd30,api,美团月付#mob12_dpd30#api
10002457,7373,20240926,0,Rate36,拍拍贷,dpd,3,30,3,mob3_dpd30,h5,拍拍贷#mob3_dpd30#h5
10002458,7374,20251108,0,Rate36,拍拍贷,dpd,6,60,6,mob6_dpd60,h5,拍拍贷#mob6_dpd60#h5
10002458,7375,20251101,-2,Rate36,拍拍贷,dpd,6,60,6,mob6_dpd60,api,拍拍贷#mob6_dpd60#api
10002458,7376,20250217,0,Rate36,拍拍贷,dpd,12,60,12,mob12_dpd60,api,拍拍贷#mob12_dpd60#api
10002459,7377,20241128,0,Rate36,美团月付,fpd,,30,,fpd30,h5,美团月付#fpd30#h5
10002459,7378,20241112,0,Rate36,美团月付,dpd,3,30,3,mob3_dpd30,h5,美团月付#mob3_dpd30#h5
10002459,7379,20250111,0,Rate36,拍拍贷,fpd,,30,,fpd30,h5,拍拍贷#fpd30#h5
10002460,7380,20250502,0,Rate36,美团月付,dpd,12,30,12,mob12_dpd30,h5,美团月付#mob12_dpd30#h5
10002460,7381,20240711,0,Rate36,拍拍贷,dpd,3,30,3,mob3_dpd30,api,拍拍贷#mob3_dpd30#api
10002460,7382,20241028,0,Rate36,美团月付,dpd,3,30,3,mob3_dpd30,api,美团月付#mob3_dpd30#api
10002461,7383,20250719,0,Rate36,美团月付,dpd,12,60,12,mob12_dpd60,api,美团月付#mob12_dpd60#api
10002461,7384,20250810,0,Rate36,拍拍贷,dpd,12,30,12,mob12_dpd30,h5,拍拍贷#mob12_dpd30#h5
10002461,7385,20241102,0,Rate36,美团月付,dpd,12,30,12,mob12_dpd30,h5,美团月付#mob12_dpd30#h5
10002462,7386,20240324,0,Rate36,拍拍贷,dpd,12,60,12,mob12_dpd60,h5,拍拍贷#mob12_dpd60#h5
10002462,7387,20251002,0,Rate36,美团月付,dpd,3,60,3,mob3_dpd60,api,美团月付#mob3_dpd60#api
10002462,7388,20240503,0,Rate36,拍拍贷,fpd,,30,,fpd30,api,拍拍贷#fpd30#api
10002463,7389,20250813,0,Rate36,拍拍贷,fpd,,30,,fpd30,h5,拍拍贷#fpd30#h5
10002463,7390,20240607,1,Rate36,拍拍贷,dpd,3,60,3,mob3_dpd60,h5,拍拍贷#mob3_dpd60#h5
10002463,7391,20251203,0,Rate36,美团月付,dpd,6,60,6,mob6_dpd60,h5,美团月付#mob6_dpd60#h5
10002464,7392,20240621,0,Rate36,美团月付,dpd,6,60,6,mob6_dpd60,h5,美团月付#mob6_dpd60#h5
10002464,7393,20260103,0,Rate36,美团月付,dpd,12,30,12,mob12_dpd30,api,美团月付#mob12_dpd30#api
10002464,7394,20241024,0,Rate36,美团月付,dpd,3,60,3,mob3_dpd60,h5,美团月付#mob3_dpd60#h5
10002465,7395,20260209,0,Rate36,美团月付,dpd,3,30,3,mob3_dpd30,h5,美团月付#mob3_dpd30#h5
10002465,7396,20251013,0,Rate36,美团月付,fpd,,30,,fpd30,api,美团月付#fpd30#api
10002465,7397,20250604,-2,Rate36,拍拍贷,dpd,9,30,9,mob9_dpd30,api,拍拍贷#mob9_dpd30#api
10002466,7398,20250303,1,Rate36,美团月付,dpd,9,30,9,mob9_dpd30,h5,美团月付#mob9_dpd30#h5
10002466,7399,20250506,-2,Rate36,拍拍贷,dpd,6,60,6,mob6_dpd60,h5,拍拍贷#mob6_dpd60#h5
10002466,7400,20241103,0,Rate36,美团月付,dpd,9,30,9,mob9_dpd30,h5,美团月付#mob9_dpd30#h5
10002467,7401,20240821,0,Rate36,拍拍贷,dpd,6,30,6,mob6_dpd30,api,拍拍贷#mob6_dpd30#api
10002467,7402,20250615,0,Rate36,拍拍贷,dpd,9,60,9,mob9_dpd60,h5,拍拍贷#mob9_dpd60#h5
10002467,7403,20250611,0,Rate36,美团月付,dpd,6,30,6,mob6_dpd30,api,美团月付#mob6_dpd30#api
10002468,7404,20251001,0,Rate36,美团月付,dpd,9,60,9,mob9_dpd60,h5,美团月付#mob9_dpd60#h5
10002468,7405,20240520,0,Rate36,美团月付,fpd,,60,,fpd60,api,美团月付#fpd60#api
10002468,7406,20250306,0,Rate36,拍拍贷,fpd,,60,,fpd60,h5,拍拍贷#fpd60#h5
10002469,7407,20240913,0,Rate36,拍拍贷,dpd,12,30,12,mob12_dpd30,api,拍拍贷#mob12_dpd30#api
10002469,7408,20241002,0,Rate36,美团月付,dpd,6,30,6,mob6_dpd30,h5,美团月付#mob6_dpd30#h5
10002469,7409,20240911,1,Rate36,美团月付,dpd,9,60,9,mob9_dpd60,api,美团月付#mob9_dpd60#api
10002470,7410,20250504,0,Rate36,拍拍贷,dpd,6,60,6,mob6_dpd60,api,拍拍贷#mob6_dpd60#api
10002470,7411,20240807,0,Rate36,美团月付,dpd,3,30,3,mob3_dpd30,h5,美团月付#mob3_dpd30#h5
10002470,7412,20251212,0,Rate36,美团月付,dpd,9,30,9,mob9_dpd30,api,美团月付#mob9_dpd30#api
10002471,7413,20240726,0,Rate36,美团月付,fpd,,30,,fpd30,h5,美团月付#fpd30#h5
10002471,7414,20241216,0,Rate36,拍拍贷,dpd,3,30,3,mob3_dpd30,api,拍拍贷#mob3_dpd30#api
10002471,7415,20250810,0,Rate36,美团月付,dpd,9,30,9,mob9_dpd30,api,美团月付#mob9_dpd30#api
10002472,7416,20240316,0,Rate36,美团月付,fpd,,60,,fpd60,api,美团月付#fpd60#api
10002472,7417,20251123,0,Rate36,拍拍贷,dpd,9,30,9,mob9_dpd30,h5,拍拍贷#mob9_dpd30#h5
10002472,7418,20250602,0,Rate36,美团月付,dpd,9,30,9,mob9_dpd30,api,美团月付#mob9_dpd30#api
10002473,7419,20251216,0,Rate36,美团月付,fpd,,60,,fpd60,api,美团月付#fpd60#api
10002473,7420,20241124,0,Rate36,拍拍贷,dpd,3,60,3,mob3_dpd60,api,拍拍贷#mob3_dpd60#api
10002473,7421,20240404,0,Rate36,拍拍贷,dpd,9,30,9,mob9_dpd30,h5,拍拍贷#mob9_dpd30#h5
10002474,7422,20251025,0,Rate36,美团月付,fpd,,30,,fpd30,api,美团月付#fpd30#api
10002474,7423,20251024,0,Rate36,拍拍贷,dpd,6,60,6,mob6_dpd60,api,拍拍贷#mob6_dpd60#api
10002474,7424,20260120,0,Rate36,拍拍贷,dpd,12,60,12,mob12_dpd60,h5,拍拍贷#mob12_dpd60#h5
10002475,7425,20241024,0,Rate36,美团月付,dpd,9,30,9,mob9_dpd30,h5,美团月付#mob9_dpd30#h5
10002475,7426,20251227,1,Rate36,美团月付,dpd,12,60,12,mob12_dpd60,h5,美团月付#mob12_dpd60#h5
10002475,7427,20250205,1,Rate36,拍拍贷,dpd,6,30,6,mob6_dpd30,h5,拍拍贷#mob6_dpd30#h5
10002476,7428,20251117,0,Rate36,美团月付,dpd,12,30,12,mob12_dpd30,api,美团月付#mob12_dpd30#api
10002476,7429,20240405,0,Rate36,拍拍贷,dpd,3,60,3,mob3_dpd60,h5,拍拍贷#mob3_dpd60#h5
10002476,7430,20241016,0,Rate36,美团月付,dpd,12,30,12,mob12_dpd30,h5,美团月付#mob12_dpd30#h5
10002477,7431,20240627,0,Rate36,美团月付,dpd,12,60,12,mob12_dpd60,api,美团月付#mob12_dpd60#api
10002477,7432,20250528,0,Rate36,拍拍贷,dpd,6,60,6,mob6_dpd60,api,拍拍贷#mob6_dpd60#api
10002477,7433,20250106,0,Rate36,拍拍贷,fpd,,60,,fpd60,api,拍拍贷#fpd60#api
10002478,7434,20240305,0,Rate36,拍拍贷,dpd,3,60,3,mob3_dpd60,api,拍拍贷#mob3_dpd60#api
10002478,7435,20250407,0,Rate36,美团月付,dpd,3,60,3,mob3_dpd60,h5,美团月付#mob3_dpd60#h5
10002478,7436,20241021,1,Rate36,美团月付,dpd,3,60,3,mob3_dpd60,h5,美团月付#mob3_dpd60#h5
10002479,7437,20240304,0,Rate36,美团月付,dpd,3,30,3,mob3_dpd30,api,美团月付#mob3_dpd30#api
10002479,7438,20241006,0,Rate36,拍拍贷,dpd,9,30,9,mob9_dpd30,api,拍拍贷#mob9_dpd30#api
10002479,7439,20240318,0,Rate36,拍拍贷,dpd,3,60,3,mob3_dpd60,h5,拍拍贷#mob3_dpd60#h5
10002480,7440,20241113,0,Rate36,美团月付,dpd,6,30,6,mob6_dpd30,api,美团月付#mob6_dpd30#api
10002480,7441,20240410,0,Rate36,拍拍贷,fpd,,60,,fpd60,api,拍拍贷#fpd60#api
10002480,7442,20251115,0,Rate36,美团月付,dpd,3,60,3,mob3_dpd60,api,美团月付#mob3_dpd60#api
10002481,7443,20250628,0,Rate36,美团月付,dpd,9,60,9,mob9_dpd60,h5,美团月付#mob9_dpd60#h5
10002481,7444,20250318,0,Rate36,拍拍贷,fpd,,30,,fpd30,h5,拍拍贷#fpd30#h5
10002481,7445,20240401,0,Rate36,美团月付,dpd,6,30,6,mob6_dpd30,h5,美团月付#mob6_dpd30#h5
10002482,7446,20250821,0,Rate36,拍拍贷,dpd,9,60,9,mob9_dpd60,h5,拍拍贷#mob9_dpd60#h5
10002482,7447,20250116,0,Rate36,美团月付,dpd,6,30,6,mob6_dpd30,api,美团月付#mob6_dpd30#api
10002482,7448,20240324,0,Rate36,美团月付,dpd,9,30,9,mob9_dpd30,api,美团月付#mob9_dpd30#api
10002483,7449,20250527,0,Rate36,美团月付,dpd,3,30,3,mob3_dpd30,h5,美团月付#mob3_dpd30#h5
10002483,7450,20240309,0,Rate36,拍拍贷,dpd,6,60,6,mob6_dpd60,h5,拍拍贷#mob6_dpd60#h5
10002483,7451,20241209,0,Rate36,拍拍贷,fpd,,30,,fpd30,api,拍拍贷#fpd30#api
10002484,7452,20251214,0,Rate36,拍拍贷,dpd,3,30,3,mob3_dpd30,h5,拍拍贷#mob3_dpd30#h5
10002484,7453,20241002,0,Rate36,拍拍贷,dpd,3,30,3,mob3_dpd30,h5,拍拍贷#mob3_dpd30#h5
10002484,7454,20250809,0,Rate36,拍拍贷,fpd,,30,,fpd30,h5,拍拍贷#fpd30#h5
10002485,7455,20250416,0,Rate36,拍拍贷,dpd,6,30,6,mob6_dpd30,api,拍拍贷#mob6_dpd30#api
10002485,7456,20241213,1,Rate36,美团月付,dpd,3,60,3,mob3_dpd60,api,美团月付#mob3_dpd60#api
10002485,7457,20240318,0,Rate36,美团月付,dpd,3,30,3,mob3_dpd30,h5,美团月付#mob3_dpd30#h5
10002486,7458,20251028,0,Rate36,拍拍贷,dpd,6,60,6,mob6_dpd60,api,拍拍贷#mob6_dpd60#api
10002486,7459,20250111,0,Rate36,拍拍贷,dpd,3,30,3,mob3_dpd30,api,拍拍贷#mob3_dpd30#api
10002486,7460,20240825,0,Rate36,美团月付,dpd,3,60,3,mob3_dpd60,h5,美团月付#mob3_dpd60#h5
10002487,7461,20240520,1,Rate36,美团月付,dpd,6,30,6,mob6_dpd30,h5,美团月付#mob6_dpd30#h5
10002487,7462,20250314,0,Rate36,拍拍贷,dpd,12,30,12,mob12_dpd30,h5,拍拍贷#mob12_dpd30#h5
10002487,7463,20250822,0,Rate36,拍拍贷,fpd,,60,,fpd60,h5,拍拍贷#fpd60#h5
10002488,7464,20251026,0,Rate36,美团月付,dpd,9,30,9,mob9_dpd30,api,美团月付#mob9_dpd30#api
10002488,7465,20241220,0,Rate36,美团月付,dpd,6,60,6,mob6_dpd60,h5,美团月付#mob6_dpd60#h5
10002488,7466,20250425,1,Rate36,美团月付,fpd,,30,,fpd30,h5,美团月付#fpd30#h5
10002489,7467,20240519,0,Rate36,美团月付,dpd,3,30,3,mob3_dpd30,h5,美团月付#mob3_dpd30#h5
10002489,7468,20250214,0,Rate36,拍拍贷,dpd,9,30,9,mob9_dpd30,h5,拍拍贷#mob9_dpd30#h5
10002489,7469,20240319,-2,Rate36,拍拍贷,dpd,12,60,12,mob12_dpd60,api,拍拍贷#mob12_dpd60#api
10002490,7470,20250913,0,Rate36,美团月付,fpd,,60,,fpd60,api,美团月付#fpd60#api
10002490,7471,20250112,0,Rate36,美团月付,dpd,9,30,9,mob9_dpd30,api,美团月付#mob9_dpd30#api
10002490,7472,20260101,0,Rate36,拍拍贷,dpd,6,30,6,mob6_dpd30,api,拍拍贷#mob6_dpd30#api
10002491,7473,20250205,0,Rate36,美团月付,dpd,3,60,3,mob3_dpd60,api,美团月付#mob3_dpd60#api
10002491,7474,20250304,0,Rate36,美团月付,fpd,,60,,fpd60,api,美团月付#fpd60#api
10002491,7475,20260105,0,Rate36,拍拍贷,dpd,9,30,9,mob9_dpd30,h5,拍拍贷#mob9_dpd30#h5
10002492,7476,20251214,0,Rate36,美团月付,dpd,6,60,6,mob6_dpd60,h5,美团月付#mob6_dpd60#h5
10002492,7477,20250320,0,Rate36,美团月付,dpd,3,30,3,mob3_dpd30,h5,美团月付#mob3_dpd30#h5
10002492,7478,20250320,0,Rate36,拍拍贷,dpd,3,60,3,mob3_dpd60,h5,拍拍贷#mob3_dpd60#h5
10002493,7479,20250227,0,Rate36,美团月付,dpd,6,60,6,mob6_dpd60,h5,美团月付#mob6_dpd60#h5
10002493,7480,20251102,0,Rate36,美团月付,dpd,3,30,3,mob3_dpd30,api,美团月付#mob3_dpd30#api
10002493,7481,20241113,1,Rate36,美团月付,dpd,3,30,3,mob3_dpd30,h5,美团月付#mob3_dpd30#h5
10002494,7482,20251203,0,Rate36,美团月付,dpd,6,30,6,mob6_dpd30,api,美团月付#mob6_dpd30#api
10002494,7483,20251021,0,Rate36,拍拍贷,dpd,3,30,3,mob3_dpd30,h5,拍拍贷#mob3_dpd30#h5
10002494,7484,20240322,0,Rate36,拍拍贷,dpd,6,30,6,mob6_dpd30,api,拍拍贷#mob6_dpd30#api
10002495,7485,20250225,0,Rate36,美团月付,dpd,6,60,6,mob6_dpd60,h5,美团月付#mob6_dpd60#h5
10002495,7486,20250716,1,Rate36,拍拍贷,fpd,,30,,fpd30,api,拍拍贷#fpd30#api
10002495,7487,20251007,-2,Rate36,美团月付,dpd,9,30,9,mob9_dpd30,api,美团月付#mob9_dpd30#api
10002496,7488,20240918,0,Rate36,拍拍贷,dpd,6,30,6,mob6_dpd30,api,拍拍贷#mob6_dpd30#api
10002496,7489,20260223,0,Rate36,美团月付,dpd,12,60,12,mob12_dpd60,h5,美团月付#mob12_dpd60#h5
10002496,7490,20250317,0,Rate36,拍拍贷,dpd,9,30,9,mob9_dpd30,h5,拍拍贷#mob9_dpd30#h5
10002497,7491,20260206,0,Rate36,拍拍贷,fpd,,30,,fpd30,h5,拍拍贷#fpd30#h5
10002497,7492,20250118,1,Rate36,美团月付,dpd,3,30,3,mob3_dpd30,api,美团月付#mob3_dpd30#api
10002497,7493,20251022,0,Rate36,拍拍贷,dpd,3,60,3,mob3_dpd60,api,拍拍贷#mob3_dpd60#api
10002498,7494,20250727,0,Rate36,美团月付,dpd,12,30,12,mob12_dpd30,api,美团月付#mob12_dpd30#api
10002498,7495,20250823,0,Rate36,美团月付,fpd,,30,,fpd30,api,美团月付#fpd30#api
10002498,7496,20241118,0,Rate36,美团月付,dpd,3,60,3,mob3_dpd60,h5,美团月付#mob3_dpd60#h5
10002499,7497,20251006,0,Rate36,美团月付,dpd,9,60,9,mob9_dpd60,h5,美团月付#mob9_dpd60#h5
10002499,7498,20250419,1,Rate36,拍拍贷,dpd,9,30,9,mob9_dpd30,h5,拍拍贷#mob9_dpd30#h5
10002499,7499,20240823,0,Rate36,美团月付,fpd,,60,,fpd60,h5,美团月付#fpd60#h5
10002500,7500,20241210,-2,Rate36,美团月付,dpd,3,30,3,mob3_dpd30,api,美团月付#mob3_dpd30#api
10002500,7501,20240317,0,Rate36,拍拍贷,dpd,9,60,9,mob9_dpd60,h5,拍拍贷#mob9_dpd60#h5
10002500,7502,20251124,-2,Rate36,拍拍贷,dpd,3,30,3,mob3_dpd30,h5,拍拍贷#mob3_dpd30#h5
10002501,7503,20240516,0,Rate36,拍拍贷,dpd,9,60,9,mob9_dpd60,api,拍拍贷#mob9_dpd60#api
10002501,7504,20260116,0,Rate36,拍拍贷,dpd,6,30,6,mob6_dpd30,api,拍拍贷#mob6_dpd30#api
10002501,7505,20251018,0,Rate36,拍拍贷,dpd,6,30,6,mob6_dpd30,h5,拍拍贷#mob6_dpd30#h5
10002502,7506,20250321,0,Rate36,美团月付,dpd,3,30,3,mob3_dpd30,h5,美团月付#mob3_dpd30#h5
10002502,7507,20250204,0,Rate36,拍拍贷,fpd,,30,,fpd30,api,拍拍贷#fpd30#api
10002502,7508,20250602,1,Rate36,拍拍贷,dpd,12,60,12,mob12_dpd60,api,拍拍贷#mob12_dpd60#api
10002503,7509,20250812,0,Rate36,拍拍贷,fpd,,60,,fpd60,h5,拍拍贷#fpd60#h5
10002503,7510,20240719,0,Rate36,美团月付,dpd,3,30,3,mob3_dpd30,api,美团月付#mob3_dpd30#api
10002503,7511,20250922,0,Rate36,美团月付,dpd,6,30,6,mob6_dpd30,api,美团月付#mob6_dpd30#api
10002504,7512,20250613,1,Rate36,拍拍贷,dpd,9,60,9,mob9_dpd60,api,拍拍贷#mob9_dpd60#api
10002504,7513,20250528,0,Rate36,拍拍贷,dpd,6,30,6,mob6_dpd30,api,拍拍贷#mob6_dpd30#api
10002504,7514,20240418,0,Rate36,美团月付,dpd,9,30,9,mob9_dpd30,api,美团月付#mob9_dpd30#api
10002505,7515,20241216,0,Rate36,美团月付,dpd,6,30,6,mob6_dpd30,api,美团月付#mob6_dpd30#api
10002505,7516,20240708,0,Rate36,拍拍贷,dpd,6,60,6,mob6_dpd60,h5,拍拍贷#mob6_dpd60#h5
10002505,7517,20240507,0,Rate36,美团月付,fpd,,30,,fpd30,api,美团月付#fpd30#api
10002506,7518,20250916,0,Rate36,美团月付,dpd,6,30,6,mob6_dpd30,h5,美团月付#mob6_dpd30#h5
10002506,7519,20241213,0,Rate36,美团月付,fpd,,60,,fpd60,api,美团月付#fpd60#api
10002506,7520,20240721,0,Rate36,拍拍贷,dpd,9,30,9,mob9_dpd30,h5,拍拍贷#mob9_dpd30#h5
10002507,7521,20250427,0,Rate36,拍拍贷,dpd,3,30,3,mob3_dpd30,api,拍拍贷#mob3_dpd30#api
10002507,7522,20240512,-2,Rate36,拍拍贷,fpd,,30,,fpd30,api,拍拍贷#fpd30#api
10002507,7523,20251228,-2,Rate36,拍拍贷,dpd,9,30,9,mob9_dpd30,h5,拍拍贷#mob9_dpd30#h5
10002508,7524,20260103,1,Rate36,拍拍贷,dpd,12,60,12,mob12_dpd60,h5,拍拍贷#mob12_dpd60#h5
10002508,7525,20240627,0,Rate36,拍拍贷,dpd,12,30,12,mob12_dpd30,h5,拍拍贷#mob12_dpd30#h5
10002508,7526,20251123,-2,Rate36,拍拍贷,dpd,9,30,9,mob9_dpd30,api,拍拍贷#mob9_dpd30#api
10002509,7527,20251014,0,Rate36,拍拍贷,dpd,9,30,9,mob9_dpd30,h5,拍拍贷#mob9_dpd30#h5
10002509,7528,20251103,0,Rate36,拍拍贷,dpd,12,30,12,mob12_dpd30,h5,拍拍贷#mob12_dpd30#h5
10002509,7529,20250701,0,Rate36,拍拍贷,dpd,3,30,3,mob3_dpd30,api,拍拍贷#mob3_dpd30#api
10002510,7530,20250825,0,Rate36,美团月付,dpd,6,30,6,mob6_dpd30,api,美团月付#mob6_dpd30#api
10002510,7531,20240928,1,Rate36,拍拍贷,dpd,3,30,3,mob3_dpd30,api,拍拍贷#mob3_dpd30#api
10002510,7532,20251108,0,Rate36,拍拍贷,dpd,12,30,12,mob12_dpd30,h5,拍拍贷#mob12_dpd30#h5
10002511,7533,20251017,0,Rate36,拍拍贷,dpd,12,30,12,mob12_dpd30,h5,拍拍贷#mob12_dpd30#h5
10002511,7534,20241201,0,Rate36,拍拍贷,fpd,,60,,fpd60,h5,拍拍贷#fpd60#h5
10002511,7535,20240507,0,Rate36,拍拍贷,dpd,3,30,3,mob3_dpd30,h5,拍拍贷#mob3_dpd30#h5
10002512,7536,20240408,0,Rate36,美团月付,dpd,3,30,3,mob3_dpd30,api,美团月付#mob3_dpd30#api
10002512,7537,20250402,0,Rate36,拍拍贷,dpd,9,30,9,mob9_dpd30,api,拍拍贷#mob9_dpd30#api
10002512,7538,20250419,0,Rate36,美团月付,dpd,12,60,12,mob12_dpd60,api,美团月付#mob12_dpd60#api
10002513,7539,20240505,0,Rate36,美团月付,dpd,12,30,12,mob12_dpd30,h5,美团月付#mob12_dpd30#h5
10002513,7540,20251217,0,Rate36,美团月付,dpd,6,30,6,mob6_dpd30,api,美团月付#mob6_dpd30#api
10002513,7541,20241210,0,Rate36,拍拍贷,dpd,9,30,9,mob9_dpd30,h5,拍拍贷#mob9_dpd30#h5
10002514,7542,20250411,0,Rate36,拍拍贷,fpd,,30,,fpd30,h5,拍拍贷#fpd30#h5
10002514,7543,20241021,0,Rate36,美团月付,fpd,,60,,fpd60,api,美团月付#fpd60#api
10002514,7544,20241221,1,Rate36,拍拍贷,dpd,3,30,3,mob3_dpd30,api,拍拍贷#mob3_dpd30#api
10002515,7545,20260222,0,Rate36,美团月付,dpd,12,60,12,mob12_dpd60,h5,美团月付#mob12_dpd60#h5
10002515,7546,20241203,0,Rate36,拍拍贷,fpd,,30,,fpd30,api,拍拍贷#fpd30#api
10002515,7547,20240814,1,Rate36,美团月付,dpd,6,30,6,mob6_dpd30,h5,美团月付#mob6_dpd30#h5
10002516,7548,20250804,0,Rate36,拍拍贷,dpd,6,30,6,mob6_dpd30,api,拍拍贷#mob6_dpd30#api
10002516,7549,20250709,0,Rate36,美团月付,fpd,,30,,fpd30,h5,美团月付#fpd30#h5
10002516,7550,20240516,0,Rate36,拍拍贷,dpd,6,60,6,mob6_dpd60,api,拍拍贷#mob6_dpd60#api
10002517,7551,20250525,0,Rate36,美团月付,dpd,3,30,3,mob3_dpd30,api,美团月付#mob3_dpd30#api
10002517,7552,20241211,0,Rate36,拍拍贷,dpd,3,30,3,mob3_dpd30,api,拍拍贷#mob3_dpd30#api
10002517,7553,20240416,0,Rate36,美团月付,dpd,12,30,12,mob12_dpd30,api,美团月付#mob12_dpd30#api
10002518,7554,20251006,0,Rate36,拍拍贷,fpd,,60,,fpd60,h5,拍拍贷#fpd60#h5
10002518,7555,20240816,0,Rate36,美团月付,fpd,,60,,fpd60,api,美团月付#fpd60#api
10002518,7556,20240421,1,Rate36,拍拍贷,dpd,3,60,3,mob3_dpd60,h5,拍拍贷#mob3_dpd60#h5
10002519,7557,20250326,0,Rate36,美团月付,dpd,12,60,12,mob12_dpd60,h5,美团月付#mob12_dpd60#h5
10002519,7558,20240821,-2,Rate36,拍拍贷,fpd,,60,,fpd60,api,拍拍贷#fpd60#api
10002519,7559,20240404,0,Rate36,美团月付,dpd,3,60,3,mob3_dpd60,h5,美团月付#mob3_dpd60#h5
10002520,7560,20240508,0,Rate36,美团月付,dpd,3,60,3,mob3_dpd60,api,美团月付#mob3_dpd60#api
10002520,7561,20250204,0,Rate36,拍拍贷,dpd,9,30,9,mob9_dpd30,api,拍拍贷#mob9_dpd30#api
10002520,7562,20240607,0,Rate36,美团月付,dpd,9,60,9,mob9_dpd60,api,美团月付#mob9_dpd60#api
10002521,7563,20240610,0,Rate36,拍拍贷,dpd,12,60,12,mob12_dpd60,api,拍拍贷#mob12_dpd60#api
10002521,7564,20240921,-2,Rate36,美团月付,dpd,6,60,6,mob6_dpd60,h5,美团月付#mob6_dpd60#h5
10002521,7565,20251001,0,Rate36,拍拍贷,dpd,12,30,12,mob12_dpd30,api,拍拍贷#mob12_dpd30#api
10002522,7566,20240914,0,Rate36,拍拍贷,fpd,,60,,fpd60,api,拍拍贷#fpd60#api
10002522,7567,20250612,0,Rate36,美团月付,dpd,9,30,9,mob9_dpd30,h5,美团月付#mob9_dpd30#h5
10002522,7568,20240812,1,Rate36,拍拍贷,dpd,6,60,6,mob6_dpd60,api,拍拍贷#mob6_dpd60#api
10002523,7569,20241201,0,Rate36,美团月付,dpd,3,30,3,mob3_dpd30,h5,美团月付#mob3_dpd30#h5
10002523,7570,20250519,0,Rate36,拍拍贷,dpd,9,30,9,mob9_dpd30,api,拍拍贷#mob9_dpd30#api
10002523,7571,20251124,-2,Rate36,拍拍贷,dpd,3,30,3,mob3_dpd30,h5,拍拍贷#mob3_dpd30#h5
10002524,7572,20250818,0,Rate36,拍拍贷,dpd,9,30,9,mob9_dpd30,h5,拍拍贷#mob9_dpd30#h5
10002524,7573,20240309,0,Rate36,拍拍贷,dpd,3,60,3,mob3_dpd60,h5,拍拍贷#mob3_dpd60#h5
10002524,7574,20251126,0,Rate36,美团月付,dpd,9,30,9,mob9_dpd30,api,美团月付#mob9_dpd30#api
10002525,7575,20240518,-2,Rate36,拍拍贷,dpd,3,60,3,mob3_dpd60,api,拍拍贷#mob3_dpd60#api
10002525,7576,20240723,0,Rate36,美团月付,dpd,12,30,12,mob12_dpd30,h5,美团月付#mob12_dpd30#h5
10002525,7577,20260102,0,Rate36,美团月付,dpd,3,60,3,mob3_dpd60,api,美团月付#mob3_dpd60#api
10002526,7578,20260127,0,Rate36,拍拍贷,dpd,6,60,6,mob6_dpd60,api,拍拍贷#mob6_dpd60#api
10002526,7579,20240821,0,Rate36,拍拍贷,dpd,6,60,6,mob6_dpd60,api,拍拍贷#mob6_dpd60#api
10002526,7580,20250107,0,Rate36,美团月付,dpd,9,30,9,mob9_dpd30,api,美团月付#mob9_dpd30#api
10002527,7581,20240626,0,Rate36,拍拍贷,dpd,6,60,6,mob6_dpd60,h5,拍拍贷#mob6_dpd60#h5
10002527,7582,20240923,0,Rate36,拍拍贷,dpd,3,30,3,mob3_dpd30,h5,拍拍贷#mob3_dpd30#h5
10002527,7583,20241014,0,Rate36,拍拍贷,fpd,,60,,fpd60,h5,拍拍贷#fpd60#h5
10002528,7584,20250202,0,Rate36,拍拍贷,dpd,3,30,3,mob3_dpd30,api,拍拍贷#mob3_dpd30#api
10002528,7585,20250121,1,Rate36,美团月付,dpd,6,60,6,mob6_dpd60,h5,美团月付#mob6_dpd60#h5
10002528,7586,20260213,0,Rate36,美团月付,dpd,12,30,12,mob12_dpd30,api,美团月付#mob12_dpd30#api
10002529,7587,20250127,0,Rate36,美团月付,fpd,,60,,fpd60,api,美团月付#fpd60#api
10002529,7588,20240328,0,Rate36,美团月付,dpd,6,60,6,mob6_dpd60,h5,美团月付#mob6_dpd60#h5
10002529,7589,20240325,0,Rate36,拍拍贷,dpd,3,60,3,mob3_dpd60,api,拍拍贷#mob3_dpd60#api
10002530,7590,20250818,0,Rate36,美团月付,fpd,,30,,fpd30,h5,美团月付#fpd30#h5
10002530,7591,20251109,0,Rate36,拍拍贷,dpd,9,60,9,mob9_dpd60,api,拍拍贷#mob9_dpd60#api
10002530,7592,20241204,1,Rate36,美团月付,dpd,3,30,3,mob3_dpd30,api,美团月付#mob3_dpd30#api
10002531,7593,20240419,0,Rate36,美团月付,dpd,3,30,3,mob3_dpd30,api,美团月付#mob3_dpd30#api
10002531,7594,20250103,0,Rate36,美团月付,dpd,6,60,6,mob6_dpd60,api,美团月付#mob6_dpd60#api
10002531,7595,20240723,-2,Rate36,拍拍贷,dpd,6,60,6,mob6_dpd60,api,拍拍贷#mob6_dpd60#api
10002532,7596,20250621,0,Rate36,拍拍贷,dpd,6,30,6,mob6_dpd30,api,拍拍贷#mob6_dpd30#api
10002532,7597,20250313,0,Rate36,拍拍贷,dpd,3,30,3,mob3_dpd30,h5,拍拍贷#mob3_dpd30#h5
10002532,7598,20250211,-2,Rate36,拍拍贷,dpd,12,60,12,mob12_dpd60,h5,拍拍贷#mob12_dpd60#h5
10002533,7599,20241124,0,Rate36,美团月付,fpd,,60,,fpd60,api,美团月付#fpd60#api
10002533,7600,20240804,0,Rate36,拍拍贷,dpd,6,30,6,mob6_dpd30,api,拍拍贷#mob6_dpd30#api
10002533,7601,20250115,0,Rate36,拍拍贷,fpd,,30,,fpd30,h5,拍拍贷#fpd30#h5
10002534,7602,20240613,1,Rate36,美团月付,dpd,6,60,6,mob6_dpd60,h5,美团月付#mob6_dpd60#h5
10002534,7603,20241017,1,Rate36,美团月付,dpd,9,60,9,mob9_dpd60,api,美团月付#mob9_dpd60#api
10002534,7604,20241108,0,Rate36,拍拍贷,dpd,9,60,9,mob9_dpd60,h5,拍拍贷#mob9_dpd60#h5
10002535,7605,20250219,0,Rate36,拍拍贷,fpd,,30,,fpd30,api,拍拍贷#fpd30#api
10002535,7606,20250917,0,Rate36,美团月付,dpd,9,30,9,mob9_dpd30,api,美团月付#mob9_dpd30#api
10002535,7607,20240415,1,Rate36,拍拍贷,dpd,9,60,9,mob9_dpd60,h5,拍拍贷#mob9_dpd60#h5
10002536,7608,20240727,0,Rate36,美团月付,dpd,9,30,9,mob9_dpd30,api,美团月付#mob9_dpd30#api
10002536,7609,20250203,0,Rate36,美团月付,dpd,9,60,9,mob9_dpd60,api,美团月付#mob9_dpd60#api
10002536,7610,20260220,0,Rate36,美团月付,dpd,3,30,3,mob3_dpd30,api,美团月付#mob3_dpd30#api
10002537,7611,20250410,1,Rate36,拍拍贷,dpd,6,60,6,mob6_dpd60,api,拍拍贷#mob6_dpd60#api
10002537,7612,20250127,1,Rate36,美团月付,dpd,9,30,9,mob9_dpd30,api,美团月付#mob9_dpd30#api
10002537,7613,20251115,1,Rate36,美团月付,dpd,3,60,3,mob3_dpd60,api,美团月付#mob3_dpd60#api
10002538,7614,20251228,0,Rate36,拍拍贷,dpd,9,30,9,mob9_dpd30,h5,拍拍贷#mob9_dpd30#h5
10002538,7615,20240711,0,Rate36,美团月付,fpd,,60,,fpd60,h5,美团月付#fpd60#h5
10002538,7616,20250426,1,Rate36,拍拍贷,fpd,,60,,fpd60,api,拍拍贷#fpd60#api
10002539,7617,20241002,0,Rate36,美团月付,dpd,12,60,12,mob12_dpd60,h5,美团月付#mob12_dpd60#h5
10002539,7618,20250407,0,Rate36,拍拍贷,dpd,6,30,6,mob6_dpd30,api,拍拍贷#mob6_dpd30#api
10002539,7619,20250302,0,Rate36,拍拍贷,dpd,3,60,3,mob3_dpd60,h5,拍拍贷#mob3_dpd60#h5
10002540,7620,20241106,0,Rate36,美团月付,dpd,6,60,6,mob6_dpd60,h5,美团月付#mob6_dpd60#h5
10002540,7621,20241010,0,Rate36,拍拍贷,dpd,12,30,12,mob12_dpd30,api,拍拍贷#mob12_dpd30#api
10002540,7622,20250323,1,Rate36,拍拍贷,dpd,12,60,12,mob12_dpd60,api,拍拍贷#mob12_dpd60#api
10002541,7623,20260218,0,Rate36,拍拍贷,dpd,3,60,3,mob3_dpd60,h5,拍拍贷#mob3_dpd60#h5
10002541,7624,20241022,0,Rate36,拍拍贷,dpd,6,30,6,mob6_dpd30,h5,拍拍贷#mob6_dpd30#h5
10002541,7625,20240823,1,Rate36,美团月付,dpd,9,60,9,mob9_dpd60,api,美团月付#mob9_dpd60#api
10002542,7626,20250609,1,Rate36,美团月付,dpd,12,60,12,mob12_dpd60,h5,美团月付#mob12_dpd60#h5
10002542,7627,20250305,0,Rate36,拍拍贷,dpd,9,60,9,mob9_dpd60,api,拍拍贷#mob9_dpd60#api
10002542,7628,20251220,0,Rate36,美团月付,fpd,,60,,fpd60,h5,美团月付#fpd60#h5
10002543,7629,20240419,1,Rate36,拍拍贷,dpd,12,60,12,mob12_dpd60,api,拍拍贷#mob12_dpd60#api
10002543,7630,20240808,0,Rate36,拍拍贷,fpd,,60,,fpd60,api,拍拍贷#fpd60#api
10002543,7631,20250223,0,Rate36,美团月付,fpd,,30,,fpd30,h5,美团月付#fpd30#h5
10002544,7632,20240610,0,Rate36,美团月付,dpd,12,30,12,mob12_dpd30,api,美团月付#mob12_dpd30#api
10002544,7633,20251101,1,Rate36,美团月付,dpd,3,60,3,mob3_dpd60,h5,美团月付#mob3_dpd60#h5
10002544,7634,20241006,0,Rate36,拍拍贷,dpd,9,30,9,mob9_dpd30,h5,拍拍贷#mob9_dpd30#h5
10002545,7635,20240509,-2,Rate36,美团月付,dpd,3,60,3,mob3_dpd60,h5,美团月付#mob3_dpd60#h5
10002545,7636,20260204,0,Rate36,拍拍贷,dpd,6,30,6,mob6_dpd30,api,拍拍贷#mob6_dpd30#api
10002545,7637,20241017,-2,Rate36,拍拍贷,dpd,6,30,6,mob6_dpd30,api,拍拍贷#mob6_dpd30#api
10002546,7638,20250720,0,Rate36,拍拍贷,fpd,,30,,fpd30,h5,拍拍贷#fpd30#h5
10002546,7639,20240913,0,Rate36,拍拍贷,dpd,3,60,3,mob3_dpd60,h5,拍拍贷#mob3_dpd60#h5
10002546,7640,20250115,0,Rate36,拍拍贷,dpd,9,30,9,mob9_dpd30,api,拍拍贷#mob9_dpd30#api
10002547,7641,20241127,0,Rate36,美团月付,dpd,3,60,3,mob3_dpd60,api,美团月付#mob3_dpd60#api
10002547,7642,20241027,0,Rate36,美团月付,dpd,12,30,12,mob12_dpd30,api,美团月付#mob12_dpd30#api
10002547,7643,20240828,0,Rate36,美团月付,dpd,3,60,3,mob3_dpd60,h5,美团月付#mob3_dpd60#h5
10002548,7644,20240524,0,Rate36,拍拍贷,dpd,3,30,3,mob3_dpd30,api,拍拍贷#mob3_dpd30#api
10002548,7645,20250605,0,Rate36,美团月付,dpd,9,60,9,mob9_dpd60,api,美团月付#mob9_dpd60#api
10002548,7646,20241111,0,Rate36,美团月付,dpd,3,30,3,mob3_dpd30,api,美团月付#mob3_dpd30#api
10002549,7647,20250423,0,Rate36,美团月付,dpd,12,30,12,mob12_dpd30,api,美团月付#mob12_dpd30#api
10002549,7648,20250309,0,Rate36,拍拍贷,fpd,,30,,fpd30,api,拍拍贷#fpd30#api
10002549,7649,20240607,1,Rate36,拍拍贷,dpd,12,30,12,mob12_dpd30,h5,拍拍贷#mob12_dpd30#h5
10002550,7650,20250824,0,Rate36,拍拍贷,dpd,12,30,12,mob12_dpd30,h5,拍拍贷#mob12_dpd30#h5
10002550,7651,20250615,0,Rate36,拍拍贷,dpd,6,30,6,mob6_dpd30,api,拍拍贷#mob6_dpd30#api
10002550,7652,20251128,1,Rate36,拍拍贷,dpd,12,30,12,mob12_dpd30,api,拍拍贷#mob12_dpd30#api
10002551,7653,20240809,0,Rate36,美团月付,dpd,12,30,12,mob12_dpd30,api,美团月付#mob12_dpd30#api
10002551,7654,20250506,0,Rate36,美团月付,dpd,9,30,9,mob9_dpd30,api,美团月付#mob9_dpd30#api
10002551,7655,20241017,0,Rate36,美团月付,dpd,6,60,6,mob6_dpd60,h5,美团月付#mob6_dpd60#h5
10002552,7656,20260101,0,Rate36,拍拍贷,dpd,3,30,3,mob3_dpd30,h5,拍拍贷#mob3_dpd30#h5
10002552,7657,20250709,1,Rate36,美团月付,dpd,9,60,9,mob9_dpd60,h5,美团月付#mob9_dpd60#h5
10002552,7658,20260223,1,Rate36,美团月付,dpd,9,60,9,mob9_dpd60,api,美团月付#mob9_dpd60#api
10002553,7659,20240913,0,Rate36,美团月付,dpd,9,30,9,mob9_dpd30,h5,美团月付#mob9_dpd30#h5
10002553,7660,20240426,0,Rate36,拍拍贷,dpd,3,30,3,mob3_dpd30,api,拍拍贷#mob3_dpd30#api
10002553,7661,20250410,0,Rate36,美团月付,fpd,,30,,fpd30,api,美团月付#fpd30#api
10002554,7662,20240410,0,Rate36,美团月付,fpd,,30,,fpd30,h5,美团月付#fpd30#h5
10002554,7663,20250903,-2,Rate36,美团月付,fpd,,30,,fpd30,api,美团月付#fpd30#api
10002554,7664,20240306,0,Rate36,美团月付,dpd,9,60,9,mob9_dpd60,api,美团月付#mob9_dpd60#api
10002555,7665,20240513,0,Rate36,美团月付,dpd,9,60,9,mob9_dpd60,api,美团月付#mob9_dpd60#api
10002555,7666,20260216,1,Rate36,拍拍贷,dpd,12,30,12,mob12_dpd30,h5,拍拍贷#mob12_dpd30#h5
10002555,7667,20250316,1,Rate36,美团月付,dpd,12,60,12,mob12_dpd60,api,美团月付#mob12_dpd60#api
10002556,7668,20250108,0,Rate36,拍拍贷,dpd,12,30,12,mob12_dpd30,api,拍拍贷#mob12_dpd30#api
10002556,7669,20251228,0,Rate36,拍拍贷,fpd,,30,,fpd30,h5,拍拍贷#fpd30#h5
10002556,7670,20240605,0,Rate36,拍拍贷,dpd,3,30,3,mob3_dpd30,h5,拍拍贷#mob3_dpd30#h5
10002557,7671,20250521,1,Rate36,美团月付,dpd,9,30,9,mob9_dpd30,h5,美团月付#mob9_dpd30#h5
10002557,7672,20250101,0,Rate36,拍拍贷,dpd,12,60,12,mob12_dpd60,h5,拍拍贷#mob12_dpd60#h5
10002557,7673,20240702,0,Rate36,美团月付,dpd,9,60,9,mob9_dpd60,api,美团月付#mob9_dpd60#api
10002558,7674,20260119,0,Rate36,拍拍贷,fpd,,60,,fpd60,h5,拍拍贷#fpd60#h5
10002558,7675,20250611,0,Rate36,美团月付,fpd,,60,,fpd60,h5,美团月付#fpd60#h5
10002558,7676,20250225,0,Rate36,拍拍贷,dpd,3,30,3,mob3_dpd30,h5,拍拍贷#mob3_dpd30#h5
10002559,7677,20240622,0,Rate36,拍拍贷,dpd,12,60,12,mob12_dpd60,h5,拍拍贷#mob12_dpd60#h5
10002559,7678,20260226,1,Rate36,美团月付,dpd,12,30,12,mob12_dpd30,api,美团月付#mob12_dpd30#api
10002559,7679,20240601,0,Rate36,美团月付,fpd,,30,,fpd30,api,美团月付#fpd30#api
10002560,7680,20250313,-2,Rate36,美团月付,dpd,12,30,12,mob12_dpd30,h5,美团月付#mob12_dpd30#h5
10002560,7681,20241012,0,Rate36,美团月付,dpd,9,30,9,mob9_dpd30,h5,美团月付#mob9_dpd30#h5
10002560,7682,20250924,1,Rate36,美团月付,dpd,6,60,6,mob6_dpd60,h5,美团月付#mob6_dpd60#h5
10002561,7683,20250410,0,Rate36,拍拍贷,dpd,3,60,3,mob3_dpd60,api,拍拍贷#mob3_dpd60#api
10002561,7684,20260123,1,Rate36,拍拍贷,dpd,9,60,9,mob9_dpd60,api,拍拍贷#mob9_dpd60#api
10002561,7685,20250917,0,Rate36,美团月付,dpd,6,30,6,mob6_dpd30,h5,美团月付#mob6_dpd30#h5
10002562,7686,20240918,0,Rate36,拍拍贷,dpd,12,30,12,mob12_dpd30,h5,拍拍贷#mob12_dpd30#h5
10002562,7687,20240525,1,Rate36,拍拍贷,dpd,9,60,9,mob9_dpd60,api,拍拍贷#mob9_dpd60#api
10002562,7688,20240823,0,Rate36,美团月付,dpd,9,30,9,mob9_dpd30,h5,美团月付#mob9_dpd30#h5
10002563,7689,20240923,0,Rate36,拍拍贷,fpd,,60,,fpd60,h5,拍拍贷#fpd60#h5
10002563,7690,20241011,0,Rate36,美团月付,dpd,9,60,9,mob9_dpd60,api,美团月付#mob9_dpd60#api
10002563,7691,20260106,0,Rate36,拍拍贷,dpd,6,30,6,mob6_dpd30,h5,拍拍贷#mob6_dpd30#h5
10002564,7692,20260203,0,Rate36,美团月付,fpd,,60,,fpd60,api,美团月付#fpd60#api
10002564,7693,20240611,-2,Rate36,拍拍贷,dpd,6,30,6,mob6_dpd30,api,拍拍贷#mob6_dpd30#api
10002564,7694,20260215,0,Rate36,拍拍贷,dpd,12,30,12,mob12_dpd30,h5,拍拍贷#mob12_dpd30#h5
10002565,7695,20250110,0,Rate36,拍拍贷,dpd,12,30,12,mob12_dpd30,h5,拍拍贷#mob12_dpd30#h5
10002565,7696,20240917,0,Rate36,美团月付,fpd,,30,,fpd30,h5,美团月付#fpd30#h5
10002565,7697,20241209,0,Rate36,拍拍贷,dpd,12,30,12,mob12_dpd30,api,拍拍贷#mob12_dpd30#api
10002566,7698,20240827,0,Rate36,拍拍贷,dpd,12,60,12,mob12_dpd60,api,拍拍贷#mob12_dpd60#api
10002566,7699,20250719,0,Rate36,拍拍贷,dpd,6,30,6,mob6_dpd30,h5,拍拍贷#mob6_dpd30#h5
10002566,7700,20240608,0,Rate36,拍拍贷,fpd,,60,,fpd60,h5,拍拍贷#fpd60#h5
10002567,7701,20240922,0,Rate36,美团月付,dpd,3,30,3,mob3_dpd30,h5,美团月付#mob3_dpd30#h5
10002567,7702,20250523,0,Rate36,美团月付,dpd,6,30,6,mob6_dpd30,api,美团月付#mob6_dpd30#api
10002567,7703,20250322,0,Rate36,美团月付,dpd,3,30,3,mob3_dpd30,api,美团月付#mob3_dpd30#api
10002568,7704,20251011,0,Rate36,拍拍贷,dpd,6,60,6,mob6_dpd60,api,拍拍贷#mob6_dpd60#api
10002568,7705,20250811,0,Rate36,拍拍贷,dpd,6,30,6,mob6_dpd30,api,拍拍贷#mob6_dpd30#api
10002568,7706,20250525,0,Rate36,美团月付,dpd,12,30,12,mob12_dpd30,api,美团月付#mob12_dpd30#api
10002569,7707,20250803,1,Rate36,美团月付,dpd,12,60,12,mob12_dpd60,api,美团月付#mob12_dpd60#api
10002569,7708,20251004,0,Rate36,美团月付,dpd,9,60,9,mob9_dpd60,h5,美团月付#mob9_dpd60#h5
10002569,7709,20250409,1,Rate36,美团月付,dpd,12,60,12,mob12_dpd60,h5,美团月付#mob12_dpd60#h5
10002570,7710,20251119,1,Rate36,美团月付,fpd,,30,,fpd30,api,美团月付#fpd30#api
10002570,7711,20250913,1,Rate36,拍拍贷,fpd,,30,,fpd30,h5,拍拍贷#fpd30#h5
10002570,7712,20241025,0,Rate36,美团月付,dpd,3,60,3,mob3_dpd60,h5,美团月付#mob3_dpd60#h5
10002571,7713,20251113,0,Rate36,美团月付,fpd,,30,,fpd30,h5,美团月付#fpd30#h5
10002571,7714,20240516,0,Rate36,拍拍贷,dpd,3,30,3,mob3_dpd30,api,拍拍贷#mob3_dpd30#api
10002571,7715,20241012,0,Rate36,美团月付,dpd,12,30,12,mob12_dpd30,api,美团月付#mob12_dpd30#api
10002572,7716,20250909,0,Rate36,美团月付,dpd,12,60,12,mob12_dpd60,api,美团月付#mob12_dpd60#api
10002572,7717,20260121,-2,Rate36,拍拍贷,dpd,9,60,9,mob9_dpd60,h5,拍拍贷#mob9_dpd60#h5
10002572,7718,20251128,0,Rate36,拍拍贷,fpd,,30,,fpd30,api,拍拍贷#fpd30#api
10002573,7719,20241128,0,Rate36,美团月付,dpd,12,30,12,mob12_dpd30,api,美团月付#mob12_dpd30#api
10002573,7720,20260214,0,Rate36,拍拍贷,dpd,9,60,9,mob9_dpd60,h5,拍拍贷#mob9_dpd60#h5
10002573,7721,20250325,0,Rate36,美团月付,fpd,,60,,fpd60,api,美团月付#fpd60#api
10002574,7722,20251126,0,Rate36,拍拍贷,dpd,9,30,9,mob9_dpd30,api,拍拍贷#mob9_dpd30#api
10002574,7723,20240720,0,Rate36,美团月付,dpd,9,30,9,mob9_dpd30,h5,美团月付#mob9_dpd30#h5
10002574,7724,20240920,1,Rate36,美团月付,dpd,3,30,3,mob3_dpd30,api,美团月付#mob3_dpd30#api
10002575,7725,20241002,1,Rate36,拍拍贷,dpd,12,60,12,mob12_dpd60,api,拍拍贷#mob12_dpd60#api
10002575,7726,20250807,-2,Rate36,美团月付,dpd,9,30,9,mob9_dpd30,api,美团月付#mob9_dpd30#api
10002575,7727,20250115,1,Rate36,拍拍贷,dpd,9,60,9,mob9_dpd60,api,拍拍贷#mob9_dpd60#api
10002576,7728,20250627,0,Rate36,拍拍贷,dpd,9,30,9,mob9_dpd30,h5,拍拍贷#mob9_dpd30#h5
10002576,7729,20250815,0,Rate36,拍拍贷,dpd,3,60,3,mob3_dpd60,api,拍拍贷#mob3_dpd60#api
10002576,7730,20251110,1,Rate36,拍拍贷,fpd,,60,,fpd60,api,拍拍贷#fpd60#api
10002577,7731,20240811,0,Rate36,美团月付,fpd,,30,,fpd30,api,美团月付#fpd30#api
10002577,7732,20250302,1,Rate36,美团月付,dpd,12,30,12,mob12_dpd30,api,美团月付#mob12_dpd30#api
10002577,7733,20240713,0,Rate36,拍拍贷,dpd,6,30,6,mob6_dpd30,api,拍拍贷#mob6_dpd30#api
10002578,7734,20240825,0,Rate36,拍拍贷,fpd,,30,,fpd30,api,拍拍贷#fpd30#api
10002578,7735,20241118,0,Rate36,拍拍贷,dpd,6,60,6,mob6_dpd60,h5,拍拍贷#mob6_dpd60#h5
10002578,7736,20241103,0,Rate36,美团月付,dpd,12,30,12,mob12_dpd30,api,美团月付#mob12_dpd30#api
10002579,7737,20240919,0,Rate36,拍拍贷,dpd,6,30,6,mob6_dpd30,h5,拍拍贷#mob6_dpd30#h5
10002579,7738,20240423,0,Rate36,美团月付,dpd,3,60,3,mob3_dpd60,api,美团月付#mob3_dpd60#api
10002579,7739,20240425,1,Rate36,拍拍贷,fpd,,60,,fpd60,api,拍拍贷#fpd60#api
10002580,7740,20250807,0,Rate36,拍拍贷,dpd,12,30,12,mob12_dpd30,h5,拍拍贷#mob12_dpd30#h5
10002580,7741,20240420,0,Rate36,拍拍贷,fpd,,30,,fpd30,api,拍拍贷#fpd30#api
10002580,7742,20240603,0,Rate36,美团月付,dpd,12,60,12,mob12_dpd60,h5,美团月付#mob12_dpd60#h5
10002581,7743,20250304,0,Rate36,美团月付,fpd,,30,,fpd30,api,美团月付#fpd30#api
10002581,7744,20240614,1,Rate36,拍拍贷,dpd,6,30,6,mob6_dpd30,api,拍拍贷#mob6_dpd30#api
10002581,7745,20250928,1,Rate36,美团月付,fpd,,60,,fpd60,h5,美团月付#fpd60#h5
10002582,7746,20240510,0,Rate36,拍拍贷,dpd,12,60,12,mob12_dpd60,api,拍拍贷#mob12_dpd60#api
10002582,7747,20241210,0,Rate36,美团月付,dpd,12,30,12,mob12_dpd30,api,美团月付#mob12_dpd30#api
10002582,7748,20250506,0,Rate36,美团月付,dpd,6,30,6,mob6_dpd30,api,美团月付#mob6_dpd30#api
10002583,7749,20240907,0,Rate36,美团月付,dpd,9,60,9,mob9_dpd60,h5,美团月付#mob9_dpd60#h5
10002583,7750,20240902,0,Rate36,美团月付,dpd,6,30,6,mob6_dpd30,api,美团月付#mob6_dpd30#api
10002583,7751,20241022,0,Rate36,美团月付,fpd,,60,,fpd60,api,美团月付#fpd60#api
10002584,7752,20240327,-2,Rate36,美团月付,dpd,6,60,6,mob6_dpd60,h5,美团月付#mob6_dpd60#h5
10002584,7753,20250925,1,Rate36,美团月付,dpd,9,60,9,mob9_dpd60,h5,美团月付#mob9_dpd60#h5
10002584,7754,20240310,1,Rate36,美团月付,dpd,3,60,3,mob3_dpd60,api,美团月付#mob3_dpd60#api
10002585,7755,20250406,0,Rate36,拍拍贷,dpd,12,60,12,mob12_dpd60,api,拍拍贷#mob12_dpd60#api
10002585,7756,20251116,0,Rate36,美团月付,dpd,3,60,3,mob3_dpd60,h5,美团月付#mob3_dpd60#h5
10002585,7757,20240318,0,Rate36,美团月付,fpd,,60,,fpd60,h5,美团月付#fpd60#h5
10002586,7758,20260210,0,Rate36,美团月付,fpd,,30,,fpd30,api,美团月付#fpd30#api
10002586,7759,20250503,0,Rate36,拍拍贷,fpd,,60,,fpd60,h5,拍拍贷#fpd60#h5
10002586,7760,20250303,0,Rate36,拍拍贷,dpd,9,60,9,mob9_dpd60,api,拍拍贷#mob9_dpd60#api
10002587,7761,20251209,0,Rate36,美团月付,fpd,,30,,fpd30,h5,美团月付#fpd30#h5
10002587,7762,20240417,0,Rate36,美团月付,dpd,6,30,6,mob6_dpd30,api,美团月付#mob6_dpd30#api
10002587,7763,20250708,0,Rate36,美团月付,dpd,3,60,3,mob3_dpd60,api,美团月付#mob3_dpd60#api
10002588,7764,20240514,0,Rate36,拍拍贷,fpd,,60,,fpd60,h5,拍拍贷#fpd60#h5
10002588,7765,20250503,0,Rate36,拍拍贷,dpd,9,60,9,mob9_dpd60,h5,拍拍贷#mob9_dpd60#h5
10002588,7766,20240724,1,Rate36,拍拍贷,dpd,3,60,3,mob3_dpd60,h5,拍拍贷#mob3_dpd60#h5
10002589,7767,20250611,0,Rate36,拍拍贷,dpd,6,30,6,mob6_dpd30,h5,拍拍贷#mob6_dpd30#h5
10002589,7768,20240822,-2,Rate36,拍拍贷,dpd,9,30,9,mob9_dpd30,api,拍拍贷#mob9_dpd30#api
10002589,7769,20251026,0,Rate36,拍拍贷,dpd,3,30,3,mob3_dpd30,api,拍拍贷#mob3_dpd30#api
10002590,7770,20250112,0,Rate36,美团月付,dpd,9,30,9,mob9_dpd30,api,美团月付#mob9_dpd30#api
10002590,7771,20240901,0,Rate36,美团月付,dpd,12,60,12,mob12_dpd60,api,美团月付#mob12_dpd60#api
10002590,7772,20240908,0,Rate36,拍拍贷,dpd,9,30,9,mob9_dpd30,h5,拍拍贷#mob9_dpd30#h5
10002591,7773,20251201,1,Rate36,美团月付,dpd,3,30,3,mob3_dpd30,h5,美团月付#mob3_dpd30#h5
10002591,7774,20250608,0,Rate36,拍拍贷,fpd,,60,,fpd60,h5,拍拍贷#fpd60#h5
10002591,7775,20240820,0,Rate36,美团月付,dpd,12,30,12,mob12_dpd30,h5,美团月付#mob12_dpd30#h5
10002592,7776,20241227,0,Rate36,拍拍贷,dpd,3,60,3,mob3_dpd60,api,拍拍贷#mob3_dpd60#api
10002592,7777,20240311,0,Rate36,美团月付,dpd,3,30,3,mob3_dpd30,api,美团月付#mob3_dpd30#api
10002592,7778,20250405,0,Rate36,美团月付,fpd,,60,,fpd60,h5,美团月付#fpd60#h5
10002593,7779,20240721,0,Rate36,美团月付,dpd,9,60,9,mob9_dpd60,api,美团月付#mob9_dpd60#api
10002593,7780,20250713,0,Rate36,拍拍贷,dpd,12,60,12,mob12_dpd60,h5,拍拍贷#mob12_dpd60#h5
10002593,7781,20240906,0,Rate36,美团月付,dpd,6,30,6,mob6_dpd30,api,美团月付#mob6_dpd30#api
10002594,7782,20250115,0,Rate36,拍拍贷,dpd,12,30,12,mob12_dpd30,h5,拍拍贷#mob12_dpd30#h5
10002594,7783,20241123,0,Rate36,拍拍贷,dpd,3,30,3,mob3_dpd30,api,拍拍贷#mob3_dpd30#api
10002594,7784,20240305,0,Rate36,拍拍贷,dpd,6,30,6,mob6_dpd30,api,拍拍贷#mob6_dpd30#api
10002595,7785,20251121,0,Rate36,美团月付,dpd,12,30,12,mob12_dpd30,h5,美团月付#mob12_dpd30#h5
10002595,7786,20250311,1,Rate36,美团月付,dpd,12,60,12,mob12_dpd60,api,美团月付#mob12_dpd60#api
10002595,7787,20251204,-2,Rate36,美团月付,dpd,9,30,9,mob9_dpd30,api,美团月付#mob9_dpd30#api
10002596,7788,20240912,0,Rate36,美团月付,fpd,,60,,fpd60,api,美团月付#fpd60#api
10002596,7789,20251210,0,Rate36,美团月付,dpd,3,60,3,mob3_dpd60,h5,美团月付#mob3_dpd60#h5
10002596,7790,20250608,0,Rate36,美团月付,dpd,9,60,9,mob9_dpd60,api,美团月付#mob9_dpd60#api
10002597,7791,20250603,0,Rate36,拍拍贷,dpd,9,60,9,mob9_dpd60,h5,拍拍贷#mob9_dpd60#h5
10002597,7792,20240828,0,Rate36,拍拍贷,dpd,12,60,12,mob12_dpd60,api,拍拍贷#mob12_dpd60#api
10002597,7793,20260116,1,Rate36,拍拍贷,dpd,3,30,3,mob3_dpd30,api,拍拍贷#mob3_dpd30#api
10002598,7794,20251024,0,Rate36,拍拍贷,fpd,,30,,fpd30,api,拍拍贷#fpd30#api
10002598,7795,20240721,0,Rate36,拍拍贷,fpd,,60,,fpd60,api,拍拍贷#fpd60#api
10002598,7796,20250224,0,Rate36,拍拍贷,dpd,6,60,6,mob6_dpd60,api,拍拍贷#mob6_dpd60#api
10002599,7797,20251210,1,Rate36,拍拍贷,dpd,12,30,12,mob12_dpd30,h5,拍拍贷#mob12_dpd30#h5
10002599,7798,20250520,0,Rate36,拍拍贷,dpd,3,60,3,mob3_dpd60,api,拍拍贷#mob3_dpd60#api
10002599,7799,20250909,0,Rate36,拍拍贷,dpd,12,30,12,mob12_dpd30,h5,拍拍贷#mob12_dpd30#h5
10002600,7800,20241004,0,Rate36,拍拍贷,dpd,9,60,9,mob9_dpd60,api,拍拍贷#mob9_dpd60#api
10002600,7801,20251212,-2,Rate36,拍拍贷,dpd,9,30,9,mob9_dpd30,h5,拍拍贷#mob9_dpd30#h5
10002600,7802,20250125,1,Rate36,拍拍贷,dpd,9,30,9,mob9_dpd30,api,拍拍贷#mob9_dpd30#api
10002601,7803,20240608,0,Rate36,美团月付,dpd,12,30,12,mob12_dpd30,api,美团月付#mob12_dpd30#api
10002601,7804,20240621,0,Rate36,拍拍贷,dpd,3,60,3,mob3_dpd60,h5,拍拍贷#mob3_dpd60#h5
10002601,7805,20240901,1,Rate36,拍拍贷,fpd,,60,,fpd60,api,拍拍贷#fpd60#api
10002602,7806,20250515,0,Rate36,美团月付,dpd,6,30,6,mob6_dpd30,h5,美团月付#mob6_dpd30#h5
10002602,7807,20240719,0,Rate36,拍拍贷,dpd,3,60,3,mob3_dpd60,api,拍拍贷#mob3_dpd60#api
10002602,7808,20250416,1,Rate36,拍拍贷,dpd,9,60,9,mob9_dpd60,api,拍拍贷#mob9_dpd60#api
10002603,7809,20251120,1,Rate36,美团月付,dpd,12,30,12,mob12_dpd30,h5,美团月付#mob12_dpd30#h5
10002603,7810,20250727,0,Rate36,拍拍贷,fpd,,60,,fpd60,h5,拍拍贷#fpd60#h5
10002603,7811,20250919,0,Rate36,美团月付,dpd,3,60,3,mob3_dpd60,h5,美团月付#mob3_dpd60#h5
10002604,7812,20240908,1,Rate36,拍拍贷,dpd,9,60,9,mob9_dpd60,api,拍拍贷#mob9_dpd60#api
10002604,7813,20241219,0,Rate36,拍拍贷,dpd,9,60,9,mob9_dpd60,api,拍拍贷#mob9_dpd60#api
10002604,7814,20251121,0,Rate36,拍拍贷,dpd,12,30,12,mob12_dpd30,h5,拍拍贷#mob12_dpd30#h5
10002605,7815,20260209,-2,Rate36,美团月付,fpd,,30,,fpd30,h5,美团月付#fpd30#h5
10002605,7816,20241228,1,Rate36,美团月付,dpd,12,60,12,mob12_dpd60,h5,美团月付#mob12_dpd60#h5
10002605,7817,20250621,0,Rate36,拍拍贷,fpd,,30,,fpd30,api,拍拍贷#fpd30#api
10002606,7818,20250928,0,Rate36,美团月付,dpd,3,30,3,mob3_dpd30,api,美团月付#mob3_dpd30#api
10002606,7819,20250924,0,Rate36,美团月付,fpd,,30,,fpd30,api,美团月付#fpd30#api
10002606,7820,20251204,1,Rate36,拍拍贷,dpd,12,60,12,mob12_dpd60,h5,拍拍贷#mob12_dpd60#h5
10002607,7821,20250815,1,Rate36,美团月付,dpd,9,60,9,mob9_dpd60,api,美团月付#mob9_dpd60#api
10002607,7822,20260203,0,Rate36,美团月付,dpd,12,60,12,mob12_dpd60,h5,美团月付#mob12_dpd60#h5
10002607,7823,20240309,0,Rate36,拍拍贷,dpd,9,60,9,mob9_dpd60,h5,拍拍贷#mob9_dpd60#h5
10002608,7824,20250425,0,Rate36,拍拍贷,dpd,6,60,6,mob6_dpd60,api,拍拍贷#mob6_dpd60#api
10002608,7825,20241012,0,Rate36,美团月付,dpd,3,60,3,mob3_dpd60,h5,美团月付#mob3_dpd60#h5
10002608,7826,20241211,0,Rate36,拍拍贷,dpd,12,30,12,mob12_dpd30,h5,拍拍贷#mob12_dpd30#h5
10002609,7827,20250118,1,Rate36,美团月付,fpd,,60,,fpd60,api,美团月付#fpd60#api
10002609,7828,20240710,0,Rate36,拍拍贷,dpd,6,30,6,mob6_dpd30,h5,拍拍贷#mob6_dpd30#h5
10002609,7829,20250128,0,Rate36,美团月付,dpd,6,30,6,mob6_dpd30,api,美团月付#mob6_dpd30#api
10002610,7830,20240606,0,Rate36,拍拍贷,dpd,12,30,12,mob12_dpd30,api,拍拍贷#mob12_dpd30#api
10002610,7831,20241102,0,Rate36,拍拍贷,dpd,3,60,3,mob3_dpd60,api,拍拍贷#mob3_dpd60#api
10002610,7832,20260210,0,Rate36,美团月付,dpd,9,60,9,mob9_dpd60,h5,美团月付#mob9_dpd60#h5
10002611,7833,20250819,1,Rate36,美团月付,dpd,6,60,6,mob6_dpd60,h5,美团月付#mob6_dpd60#h5
10002611,7834,20240908,0,Rate36,拍拍贷,fpd,,60,,fpd60,h5,拍拍贷#fpd60#h5
10002611,7835,20251218,0,Rate36,美团月付,fpd,,60,,fpd60,h5,美团月付#fpd60#h5
10002612,7836,20251110,0,Rate36,美团月付,dpd,9,60,9,mob9_dpd60,api,美团月付#mob9_dpd60#api
10002612,7837,20251127,-2,Rate36,拍拍贷,dpd,6,30,6,mob6_dpd30,h5,拍拍贷#mob6_dpd30#h5
10002612,7838,20250706,0,Rate36,拍拍贷,dpd,9,60,9,mob9_dpd60,api,拍拍贷#mob9_dpd60#api
10002613,7839,20260113,0,Rate36,美团月付,dpd,6,30,6,mob6_dpd30,api,美团月付#mob6_dpd30#api
10002613,7840,20241122,1,Rate36,拍拍贷,dpd,9,30,9,mob9_dpd30,api,拍拍贷#mob9_dpd30#api
10002613,7841,20240806,0,Rate36,拍拍贷,fpd,,60,,fpd60,api,拍拍贷#fpd60#api
10002614,7842,20260205,0,Rate36,美团月付,dpd,12,30,12,mob12_dpd30,api,美团月付#mob12_dpd30#api
10002614,7843,20250703,0,Rate36,拍拍贷,dpd,12,60,12,mob12_dpd60,api,拍拍贷#mob12_dpd60#api
10002614,7844,20240523,-2,Rate36,拍拍贷,dpd,9,60,9,mob9_dpd60,h5,拍拍贷#mob9_dpd60#h5
10002615,7845,20240923,0,Rate36,拍拍贷,fpd,,30,,fpd30,api,拍拍贷#fpd30#api
10002615,7846,20260108,0,Rate36,美团月付,fpd,,30,,fpd30,h5,美团月付#fpd30#h5
10002615,7847,20240414,0,Rate36,美团月付,dpd,6,30,6,mob6_dpd30,h5,美团月付#mob6_dpd30#h5
10002616,7848,20240916,-2,Rate36,美团月付,fpd,,60,,fpd60,api,美团月付#fpd60#api
10002616,7849,20240425,0,Rate36,美团月付,dpd,12,60,12,mob12_dpd60,api,美团月付#mob12_dpd60#api
10002616,7850,20250708,0,Rate36,美团月付,dpd,6,30,6,mob6_dpd30,api,美团月付#mob6_dpd30#api
10002617,7851,20240628,0,Rate36,拍拍贷,dpd,6,30,6,mob6_dpd30,api,拍拍贷#mob6_dpd30#api
10002617,7852,20240822,1,Rate36,美团月付,dpd,3,60,3,mob3_dpd60,api,美团月付#mob3_dpd60#api
10002617,7853,20250504,0,Rate36,拍拍贷,fpd,,60,,fpd60,api,拍拍贷#fpd60#api
10002618,7854,20260203,0,Rate36,美团月付,dpd,6,30,6,mob6_dpd30,api,美团月付#mob6_dpd30#api
10002618,7855,20250108,0,Rate36,美团月付,dpd,3,60,3,mob3_dpd60,api,美团月付#mob3_dpd60#api
10002618,7856,20250212,1,Rate36,拍拍贷,dpd,3,60,3,mob3_dpd60,h5,拍拍贷#mob3_dpd60#h5
10002619,7857,20251204,0,Rate36,美团月付,dpd,3,60,3,mob3_dpd60,api,美团月付#mob3_dpd60#api
10002619,7858,20240810,-2,Rate36,拍拍贷,dpd,12,60,12,mob12_dpd60,api,拍拍贷#mob12_dpd60#api
10002619,7859,20260120,1,Rate36,拍拍贷,dpd,12,60,12,mob12_dpd60,api,拍拍贷#mob12_dpd60#api
10002620,7860,20250815,-2,Rate36,美团月付,dpd,12,60,12,mob12_dpd60,api,美团月付#mob12_dpd60#api
10002620,7861,20250817,1,Rate36,拍拍贷,fpd,,30,,fpd30,h5,拍拍贷#fpd30#h5
10002620,7862,20250727,0,Rate36,拍拍贷,fpd,,30,,fpd30,h5,拍拍贷#fpd30#h5
10002621,7863,20250706,0,Rate36,美团月付,dpd,9,30,9,mob9_dpd30,h5,美团月付#mob9_dpd30#h5
10002621,7864,20260109,0,Rate36,拍拍贷,dpd,6,60,6,mob6_dpd60,api,拍拍贷#mob6_dpd60#api
10002621,7865,20240818,0,Rate36,拍拍贷,dpd,12,30,12,mob12_dpd30,api,拍拍贷#mob12_dpd30#api
10002622,7866,20250418,1,Rate36,拍拍贷,dpd,9,30,9,mob9_dpd30,api,拍拍贷#mob9_dpd30#api
10002622,7867,20240906,0,Rate36,美团月付,dpd,12,60,12,mob12_dpd60,api,美团月付#mob12_dpd60#api
10002622,7868,20240807,1,Rate36,美团月付,dpd,9,60,9,mob9_dpd60,api,美团月付#mob9_dpd60#api
10002623,7869,20240326,0,Rate36,美团月付,dpd,6,30,6,mob6_dpd30,api,美团月付#mob6_dpd30#api
10002623,7870,20251006,0,Rate36,美团月付,dpd,3,60,3,mob3_dpd60,api,美团月付#mob3_dpd60#api
10002623,7871,20260113,1,Rate36,美团月付,dpd,9,30,9,mob9_dpd30,api,美团月付#mob9_dpd30#api
10002624,7872,20251217,1,Rate36,拍拍贷,dpd,9,30,9,mob9_dpd30,h5,拍拍贷#mob9_dpd30#h5
10002624,7873,20250217,0,Rate36,美团月付,dpd,9,30,9,mob9_dpd30,api,美团月付#mob9_dpd30#api
10002624,7874,20240307,1,Rate36,美团月付,dpd,12,60,12,mob12_dpd60,api,美团月付#mob12_dpd60#api
10002625,7875,20250826,0,Rate36,拍拍贷,dpd,9,30,9,mob9_dpd30,api,拍拍贷#mob9_dpd30#api
10002625,7876,20250305,-2,Rate36,拍拍贷,dpd,12,60,12,mob12_dpd60,h5,拍拍贷#mob12_dpd60#h5
10002625,7877,20251025,1,Rate36,美团月付,dpd,12,60,12,mob12_dpd60,api,美团月付#mob12_dpd60#api
10002626,7878,20251001,0,Rate36,拍拍贷,dpd,12,60,12,mob12_dpd60,api,拍拍贷#mob12_dpd60#api
10002626,7879,20250303,0,Rate36,美团月付,fpd,,60,,fpd60,api,美团月付#fpd60#api
10002626,7880,20250308,1,Rate36,拍拍贷,dpd,3,30,3,mob3_dpd30,h5,拍拍贷#mob3_dpd30#h5
10002627,7881,20240803,0,Rate36,拍拍贷,dpd,12,60,12,mob12_dpd60,api,拍拍贷#mob12_dpd60#api
10002627,7882,20240725,1,Rate36,拍拍贷,dpd,3,30,3,mob3_dpd30,api,拍拍贷#mob3_dpd30#api
10002627,7883,20250123,0,Rate36,美团月付,fpd,,60,,fpd60,h5,美团月付#fpd60#h5
10002628,7884,20260203,1,Rate36,美团月付,dpd,6,30,6,mob6_dpd30,h5,美团月付#mob6_dpd30#h5
10002628,7885,20250719,0,Rate36,美团月付,dpd,12,60,12,mob12_dpd60,api,美团月付#mob12_dpd60#api
10002628,7886,20251226,0,Rate36,美团月付,dpd,6,30,6,mob6_dpd30,h5,美团月付#mob6_dpd30#h5
10002629,7887,20251125,0,Rate36,美团月付,fpd,,30,,fpd30,h5,美团月付#fpd30#h5
10002629,7888,20250601,0,Rate36,拍拍贷,dpd,3,60,3,mob3_dpd60,api,拍拍贷#mob3_dpd60#api
10002629,7889,20240904,0,Rate36,美团月付,dpd,9,30,9,mob9_dpd30,api,美团月付#mob9_dpd30#api
10002630,7890,20260104,0,Rate36,拍拍贷,dpd,12,60,12,mob12_dpd60,h5,拍拍贷#mob12_dpd60#h5
10002630,7891,20240622,0,Rate36,拍拍贷,dpd,9,60,9,mob9_dpd60,h5,拍拍贷#mob9_dpd60#h5
10002630,7892,20250917,0,Rate36,美团月付,fpd,,60,,fpd60,api,美团月付#fpd60#api
10002631,7893,20251219,0,Rate36,拍拍贷,fpd,,30,,fpd30,api,拍拍贷#fpd30#api
10002631,7894,20250126,0,Rate36,美团月付,fpd,,30,,fpd30,h5,美团月付#fpd30#h5
10002631,7895,20250316,0,Rate36,美团月付,dpd,6,60,6,mob6_dpd60,api,美团月付#mob6_dpd60#api
10002632,7896,20251104,0,Rate36,拍拍贷,dpd,9,30,9,mob9_dpd30,h5,拍拍贷#mob9_dpd30#h5
10002632,7897,20240608,0,Rate36,拍拍贷,dpd,12,60,12,mob12_dpd60,h5,拍拍贷#mob12_dpd60#h5
10002632,7898,20240618,0,Rate36,美团月付,dpd,3,60,3,mob3_dpd60,api,美团月付#mob3_dpd60#api
10002633,7899,20260207,0,Rate36,美团月付,fpd,,30,,fpd30,api,美团月付#fpd30#api
10002633,7900,20250505,0,Rate36,拍拍贷,dpd,3,60,3,mob3_dpd60,api,拍拍贷#mob3_dpd60#api
10002633,7901,20250417,0,Rate36,美团月付,dpd,3,30,3,mob3_dpd30,h5,美团月付#mob3_dpd30#h5
10002634,7902,20251016,1,Rate36,美团月付,dpd,12,30,12,mob12_dpd30,h5,美团月付#mob12_dpd30#h5
10002634,7903,20241101,0,Rate36,美团月付,dpd,3,30,3,mob3_dpd30,api,美团月付#mob3_dpd30#api
10002634,7904,20240915,-2,Rate36,拍拍贷,dpd,12,60,12,mob12_dpd60,h5,拍拍贷#mob12_dpd60#h5
10002635,7905,20250708,0,Rate36,拍拍贷,dpd,6,30,6,mob6_dpd30,api,拍拍贷#mob6_dpd30#api
10002635,7906,20240621,-2,Rate36,美团月付,fpd,,60,,fpd60,api,美团月付#fpd60#api
10002635,7907,20240911,0,Rate36,拍拍贷,dpd,3,30,3,mob3_dpd30,api,拍拍贷#mob3_dpd30#api
10002636,7908,20250616,0,Rate36,美团月付,dpd,6,60,6,mob6_dpd60,api,美团月付#mob6_dpd60#api
10002636,7909,20251104,0,Rate36,拍拍贷,dpd,12,30,12,mob12_dpd30,api,拍拍贷#mob12_dpd30#api
10002636,7910,20250807,1,Rate36,拍拍贷,fpd,,30,,fpd30,h5,拍拍贷#fpd30#h5
10002637,7911,20240512,0,Rate36,拍拍贷,dpd,6,30,6,mob6_dpd30,api,拍拍贷#mob6_dpd30#api
10002637,7912,20241020,0,Rate36,美团月付,dpd,9,60,9,mob9_dpd60,api,美团月付#mob9_dpd60#api
10002637,7913,20250516,-2,Rate36,拍拍贷,dpd,9,30,9,mob9_dpd30,h5,拍拍贷#mob9_dpd30#h5
10002638,7914,20250828,0,Rate36,拍拍贷,dpd,12,60,12,mob12_dpd60,api,拍拍贷#mob12_dpd60#api
10002638,7915,20260227,0,Rate36,美团月付,dpd,12,30,12,mob12_dpd30,h5,美团月付#mob12_dpd30#h5
10002638,7916,20240703,0,Rate36,拍拍贷,dpd,6,30,6,mob6_dpd30,api,拍拍贷#mob6_dpd30#api
10002639,7917,20250606,0,Rate36,美团月付,dpd,3,30,3,mob3_dpd30,h5,美团月付#mob3_dpd30#h5
10002639,7918,20251113,0,Rate36,美团月付,dpd,12,60,12,mob12_dpd60,api,美团月付#mob12_dpd60#api
10002639,7919,20250201,0,Rate36,美团月付,dpd,6,30,6,mob6_dpd30,h5,美团月付#mob6_dpd30#h5
10002640,7920,20251014,0,Rate36,拍拍贷,dpd,6,30,6,mob6_dpd30,api,拍拍贷#mob6_dpd30#api
10002640,7921,20251226,0,Rate36,美团月付,dpd,9,30,9,mob9_dpd30,h5,美团月付#mob9_dpd30#h5
10002640,7922,20250816,0,Rate36,美团月付,dpd,6,30,6,mob6_dpd30,h5,美团月付#mob6_dpd30#h5
10002641,7923,20250922,0,Rate36,拍拍贷,dpd,6,30,6,mob6_dpd30,api,拍拍贷#mob6_dpd30#api
10002641,7924,20250113,0,Rate36,美团月付,dpd,6,30,6,mob6_dpd30,api,美团月付#mob6_dpd30#api
10002641,7925,20251127,0,Rate36,美团月付,fpd,,60,,fpd60,api,美团月付#fpd60#api
10002642,7926,20240615,1,Rate36,拍拍贷,dpd,6,30,6,mob6_dpd30,h5,拍拍贷#mob6_dpd30#h5
10002642,7927,20251111,0,Rate36,美团月付,dpd,12,60,12,mob12_dpd60,api,美团月付#mob12_dpd60#api
10002642,7928,20260216,1,Rate36,美团月付,dpd,9,30,9,mob9_dpd30,api,美团月付#mob9_dpd30#api
10002643,7929,20240913,-2,Rate36,拍拍贷,dpd,6,30,6,mob6_dpd30,api,拍拍贷#mob6_dpd30#api
10002643,7930,20240802,0,Rate36,美团月付,fpd,,30,,fpd30,api,美团月付#fpd30#api
10002643,7931,20260124,0,Rate36,拍拍贷,dpd,3,60,3,mob3_dpd60,api,拍拍贷#mob3_dpd60#api
10002644,7932,20250323,1,Rate36,拍拍贷,dpd,6,30,6,mob6_dpd30,api,拍拍贷#mob6_dpd30#api
10002644,7933,20250707,0,Rate36,拍拍贷,dpd,6,30,6,mob6_dpd30,h5,拍拍贷#mob6_dpd30#h5
10002644,7934,20250515,-2,Rate36,拍拍贷,dpd,9,60,9,mob9_dpd60,api,拍拍贷#mob9_dpd60#api
10002645,7935,20240606,0,Rate36,拍拍贷,dpd,6,30,6,mob6_dpd30,h5,拍拍贷#mob6_dpd30#h5
10002645,7936,20251207,0,Rate36,拍拍贷,fpd,,30,,fpd30,h5,拍拍贷#fpd30#h5
10002645,7937,20251206,1,Rate36,美团月付,dpd,3,60,3,mob3_dpd60,h5,美团月付#mob3_dpd60#h5
10002646,7938,20250912,0,Rate36,美团月付,fpd,,60,,fpd60,h5,美团月付#fpd60#h5
10002646,7939,20240418,1,Rate36,拍拍贷,dpd,6,60,6,mob6_dpd60,api,拍拍贷#mob6_dpd60#api
10002646,7940,20260118,0,Rate36,美团月付,fpd,,30,,fpd30,h5,美团月付#fpd30#h5
10002647,7941,20240610,-2,Rate36,拍拍贷,dpd,12,30,12,mob12_dpd30,api,拍拍贷#mob12_dpd30#api
10002647,7942,20250205,0,Rate36,拍拍贷,dpd,9,60,9,mob9_dpd60,h5,拍拍贷#mob9_dpd60#h5
10002647,7943,20250511,0,Rate36,拍拍贷,dpd,3,30,3,mob3_dpd30,h5,拍拍贷#mob3_dpd30#h5
10002648,7944,20250620,0,Rate36,美团月付,fpd,,60,,fpd60,h5,美团月付#fpd60#h5
10002648,7945,20251118,0,Rate36,拍拍贷,dpd,9,30,9,mob9_dpd30,h5,拍拍贷#mob9_dpd30#h5
10002648,7946,20250409,0,Rate36,拍拍贷,fpd,,60,,fpd60,h5,拍拍贷#fpd60#h5
10002649,7947,20260202,0,Rate36,拍拍贷,dpd,3,30,3,mob3_dpd30,h5,拍拍贷#mob3_dpd30#h5
10002649,7948,20250707,1,Rate36,拍拍贷,dpd,3,30,3,mob3_dpd30,h5,拍拍贷#mob3_dpd30#h5
10002649,7949,20251204,-2,Rate36,拍拍贷,dpd,3,60,3,mob3_dpd60,api,拍拍贷#mob3_dpd60#api
10002650,7950,20241015,0,Rate36,美团月付,fpd,,60,,fpd60,api,美团月付#fpd60#api
10002650,7951,20251224,0,Rate36,美团月付,dpd,6,60,6,mob6_dpd60,h5,美团月付#mob6_dpd60#h5
10002650,7952,20240305,1,Rate36,美团月付,dpd,9,30,9,mob9_dpd30,h5,美团月付#mob9_dpd30#h5
10002651,7953,20251103,0,Rate36,美团月付,fpd,,30,,fpd30,api,美团月付#fpd30#api
10002651,7954,20251117,0,Rate36,拍拍贷,dpd,3,30,3,mob3_dpd30,api,拍拍贷#mob3_dpd30#api
10002651,7955,20250610,0,Rate36,美团月付,dpd,6,30,6,mob6_dpd30,h5,美团月付#mob6_dpd30#h5
10002652,7956,20240803,0,Rate36,拍拍贷,dpd,12,60,12,mob12_dpd60,h5,拍拍贷#mob12_dpd60#h5
10002652,7957,20240624,0,Rate36,拍拍贷,dpd,3,30,3,mob3_dpd30,h5,拍拍贷#mob3_dpd30#h5
10002652,7958,20250128,0,Rate36,拍拍贷,dpd,6,30,6,mob6_dpd30,h5,拍拍贷#mob6_dpd30#h5
10002653,7959,20250417,0,Rate36,美团月付,dpd,12,60,12,mob12_dpd60,h5,美团月付#mob12_dpd60#h5
10002653,7960,20260218,0,Rate36,拍拍贷,dpd,6,60,6,mob6_dpd60,h5,拍拍贷#mob6_dpd60#h5
10002653,7961,20250612,0,Rate36,美团月付,dpd,3,60,3,mob3_dpd60,h5,美团月付#mob3_dpd60#h5
10002654,7962,20240528,0,Rate36,美团月付,dpd,3,60,3,mob3_dpd60,api,美团月付#mob3_dpd60#api
10002654,7963,20250807,0,Rate36,美团月付,dpd,12,60,12,mob12_dpd60,api,美团月付#mob12_dpd60#api
10002654,7964,20240627,0,Rate36,美团月付,dpd,3,30,3,mob3_dpd30,h5,美团月付#mob3_dpd30#h5
10002655,7965,20240924,0,Rate36,美团月付,dpd,9,30,9,mob9_dpd30,api,美团月付#mob9_dpd30#api
10002655,7966,20241106,0,Rate36,美团月付,dpd,6,60,6,mob6_dpd60,api,美团月付#mob6_dpd60#api
10002655,7967,20240513,0,Rate36,美团月付,dpd,6,60,6,mob6_dpd60,api,美团月付#mob6_dpd60#api
10002656,7968,20250509,0,Rate36,美团月付,dpd,12,30,12,mob12_dpd30,api,美团月付#mob12_dpd30#api
10002656,7969,20241124,1,Rate36,美团月付,dpd,6,60,6,mob6_dpd60,h5,美团月付#mob6_dpd60#h5
10002656,7970,20240401,-2,Rate36,美团月付,dpd,12,30,12,mob12_dpd30,api,美团月付#mob12_dpd30#api
10002657,7971,20251006,0,Rate36,拍拍贷,fpd,,60,,fpd60,h5,拍拍贷#fpd60#h5
10002657,7972,20250424,1,Rate36,美团月付,dpd,12,60,12,mob12_dpd60,api,美团月付#mob12_dpd60#api
10002657,7973,20250211,0,Rate36,拍拍贷,dpd,3,30,3,mob3_dpd30,api,拍拍贷#mob3_dpd30#api
10002658,7974,20250920,0,Rate36,拍拍贷,dpd,6,30,6,mob6_dpd30,h5,拍拍贷#mob6_dpd30#h5
10002658,7975,20250516,0,Rate36,美团月付,dpd,9,30,9,mob9_dpd30,h5,美团月付#mob9_dpd30#h5
10002658,7976,20241206,0,Rate36,美团月付,fpd,,30,,fpd30,h5,美团月付#fpd30#h5
10002659,7977,20251208,1,Rate36,拍拍贷,dpd,3,60,3,mob3_dpd60,api,拍拍贷#mob3_dpd60#api
10002659,7978,20250610,0,Rate36,美团月付,dpd,6,60,6,mob6_dpd60,api,美团月付#mob6_dpd60#api
10002659,7979,20240924,0,Rate36,美团月付,dpd,3,60,3,mob3_dpd60,h5,美团月付#mob3_dpd60#h5
10002660,7980,20250517,0,Rate36,拍拍贷,dpd,6,60,6,mob6_dpd60,api,拍拍贷#mob6_dpd60#api
10002660,7981,20260211,0,Rate36,美团月付,dpd,3,30,3,mob3_dpd30,h5,美团月付#mob3_dpd30#h5
10002660,7982,20251228,0,Rate36,美团月付,dpd,3,30,3,mob3_dpd30,api,美团月付#mob3_dpd30#api
10002661,7983,20250222,0,Rate36,拍拍贷,dpd,12,30,12,mob12_dpd30,api,拍拍贷#mob12_dpd30#api
10002661,7984,20250922,0,Rate36,拍拍贷,dpd,9,30,9,mob9_dpd30,h5,拍拍贷#mob9_dpd30#h5
10002661,7985,20241013,0,Rate36,拍拍贷,fpd,,30,,fpd30,api,拍拍贷#fpd30#api
10002662,7986,20240519,0,Rate36,美团月付,dpd,6,30,6,mob6_dpd30,api,美团月付#mob6_dpd30#api
10002662,7987,20260120,0,Rate36,拍拍贷,fpd,,60,,fpd60,api,拍拍贷#fpd60#api
10002662,7988,20250525,0,Rate36,美团月付,fpd,,60,,fpd60,api,美团月付#fpd60#api
10002663,7989,20250415,0,Rate36,拍拍贷,fpd,,30,,fpd30,h5,拍拍贷#fpd30#h5
10002663,7990,20241226,0,Rate36,美团月付,dpd,9,60,9,mob9_dpd60,api,美团月付#mob9_dpd60#api
10002663,7991,20260201,0,Rate36,拍拍贷,dpd,3,30,3,mob3_dpd30,h5,拍拍贷#mob3_dpd30#h5
10002664,7992,20241101,1,Rate36,拍拍贷,dpd,3,60,3,mob3_dpd60,api,拍拍贷#mob3_dpd60#api
10002664,7993,20251107,0,Rate36,美团月付,dpd,3,30,3,mob3_dpd30,h5,美团月付#mob3_dpd30#h5
10002664,7994,20240511,0,Rate36,拍拍贷,dpd,9,60,9,mob9_dpd60,api,拍拍贷#mob9_dpd60#api
10002665,7995,20260110,1,Rate36,美团月付,dpd,3,30,3,mob3_dpd30,api,美团月付#mob3_dpd30#api
10002665,7996,20250209,0,Rate36,美团月付,fpd,,60,,fpd60,api,美团月付#fpd60#api
10002665,7997,20240724,0,Rate36,拍拍贷,dpd,3,60,3,mob3_dpd60,api,拍拍贷#mob3_dpd60#api
10002666,7998,20260124,0,Rate36,美团月付,dpd,12,60,12,mob12_dpd60,h5,美团月付#mob12_dpd60#h5
10002666,7999,20241117,0,Rate36,拍拍贷,dpd,3,30,3,mob3_dpd30,api,拍拍贷#mob3_dpd30#api
10002666,8000,20250404,0,Rate36,美团月付,dpd,6,60,6,mob6_dpd60,api,美团月付#mob6_dpd60#api
10002667,8001,20250401,0,Rate36,美团月付,dpd,9,30,9,mob9_dpd30,api,美团月付#mob9_dpd30#api
10002667,8002,20240423,0,Rate36,拍拍贷,dpd,12,30,12,mob12_dpd30,h5,拍拍贷#mob12_dpd30#h5
10002667,8003,20250120,-2,Rate36,拍拍贷,dpd,6,60,6,mob6_dpd60,api,拍拍贷#mob6_dpd60#api
10002668,8004,20240807,0,Rate36,美团月付,dpd,9,60,9,mob9_dpd60,api,美团月付#mob9_dpd60#api
10002668,8005,20250426,0,Rate36,美团月付,fpd,,30,,fpd30,api,美团月付#fpd30#api
10002668,8006,20240312,0,Rate36,拍拍贷,dpd,6,30,6,mob6_dpd30,h5,拍拍贷#mob6_dpd30#h5
10002669,8007,20240301,1,Rate36,拍拍贷,fpd,,30,,fpd30,h5,拍拍贷#fpd30#h5
10002669,8008,20250716,0,Rate36,拍拍贷,dpd,3,60,3,mob3_dpd60,h5,拍拍贷#mob3_dpd60#h5
10002669,8009,20240411,0,Rate36,美团月付,dpd,9,60,9,mob9_dpd60,h5,美团月付#mob9_dpd60#h5
10002670,8010,20250413,-2,Rate36,拍拍贷,fpd,,60,,fpd60,api,拍拍贷#fpd60#api
10002670,8011,20260210,1,Rate36,美团月付,dpd,9,30,9,mob9_dpd30,api,美团月付#mob9_dpd30#api
10002670,8012,20250202,0,Rate36,美团月付,dpd,3,30,3,mob3_dpd30,h5,美团月付#mob3_dpd30#h5
10002671,8013,20251027,1,Rate36,拍拍贷,dpd,12,30,12,mob12_dpd30,api,拍拍贷#mob12_dpd30#api
10002671,8014,20251128,0,Rate36,拍拍贷,fpd,,30,,fpd30,api,拍拍贷#fpd30#api
10002671,8015,20250506,-2,Rate36,拍拍贷,dpd,6,30,6,mob6_dpd30,h5,拍拍贷#mob6_dpd30#h5
10002672,8016,20240925,1,Rate36,美团月付,dpd,6,60,6,mob6_dpd60,h5,美团月付#mob6_dpd60#h5
10002672,8017,20240306,0,Rate36,美团月付,dpd,6,60,6,mob6_dpd60,api,美团月付#mob6_dpd60#api
10002672,8018,20251011,0,Rate36,拍拍贷,fpd,,30,,fpd30,api,拍拍贷#fpd30#api
10002673,8019,20250918,0,Rate36,美团月付,fpd,,30,,fpd30,api,美团月付#fpd30#api
10002673,8020,20240313,0,Rate36,美团月付,dpd,12,30,12,mob12_dpd30,api,美团月付#mob12_dpd30#api
10002673,8021,20250221,0,Rate36,美团月付,dpd,12,30,12,mob12_dpd30,api,美团月付#mob12_dpd30#api
10002674,8022,20241105,0,Rate36,美团月付,dpd,6,30,6,mob6_dpd30,api,美团月付#mob6_dpd30#api
10002674,8023,20250503,0,Rate36,美团月付,dpd,9,60,9,mob9_dpd60,api,美团月付#mob9_dpd60#api
10002674,8024,20240704,0,Rate36,美团月付,dpd,9,30,9,mob9_dpd30,api,美团月付#mob9_dpd30#api
10002675,8025,20251104,0,Rate36,拍拍贷,dpd,3,60,3,mob3_dpd60,api,拍拍贷#mob3_dpd60#api
10002675,8026,20241012,0,Rate36,美团月付,dpd,3,60,3,mob3_dpd60,api,美团月付#mob3_dpd60#api
10002675,8027,20250215,0,Rate36,美团月付,dpd,12,60,12,mob12_dpd60,api,美团月付#mob12_dpd60#api
10002676,8028,20240801,0,Rate36,美团月付,dpd,6,30,6,mob6_dpd30,api,美团月付#mob6_dpd30#api
10002676,8029,20250723,0,Rate36,美团月付,dpd,6,30,6,mob6_dpd30,api,美团月付#mob6_dpd30#api
10002676,8030,20250906,1,Rate36,美团月付,dpd,3,60,3,mob3_dpd60,api,美团月付#mob3_dpd60#api
10002677,8031,20250522,1,Rate36,拍拍贷,dpd,12,30,12,mob12_dpd30,h5,拍拍贷#mob12_dpd30#h5
10002677,8032,20240801,0,Rate36,拍拍贷,dpd,3,30,3,mob3_dpd30,api,拍拍贷#mob3_dpd30#api
10002677,8033,20240828,1,Rate36,拍拍贷,dpd,12,30,12,mob12_dpd30,api,拍拍贷#mob12_dpd30#api
10002678,8034,20250223,0,Rate36,美团月付,dpd,9,30,9,mob9_dpd30,h5,美团月付#mob9_dpd30#h5
10002678,8035,20260109,1,Rate36,拍拍贷,dpd,6,60,6,mob6_dpd60,h5,拍拍贷#mob6_dpd60#h5
10002678,8036,20250724,1,Rate36,拍拍贷,dpd,12,30,12,mob12_dpd30,api,拍拍贷#mob12_dpd30#api
10002679,8037,20240907,0,Rate36,拍拍贷,dpd,3,60,3,mob3_dpd60,api,拍拍贷#mob3_dpd60#api
10002679,8038,20250110,1,Rate36,美团月付,dpd,12,60,12,mob12_dpd60,h5,美团月付#mob12_dpd60#h5
10002679,8039,20250112,1,Rate36,美团月付,dpd,3,60,3,mob3_dpd60,api,美团月付#mob3_dpd60#api
10002680,8040,20241014,0,Rate36,拍拍贷,fpd,,30,,fpd30,h5,拍拍贷#fpd30#h5
10002680,8041,20240502,0,Rate36,美团月付,dpd,3,60,3,mob3_dpd60,api,美团月付#mob3_dpd60#api
10002680,8042,20250420,0,Rate36,美团月付,dpd,12,30,12,mob12_dpd30,api,美团月付#mob12_dpd30#api
10002681,8043,20240804,0,Rate36,美团月付,dpd,3,60,3,mob3_dpd60,h5,美团月付#mob3_dpd60#h5
10002681,8044,20250326,0,Rate36,拍拍贷,dpd,3,60,3,mob3_dpd60,api,拍拍贷#mob3_dpd60#api
10002681,8045,20240904,-2,Rate36,拍拍贷,dpd,3,30,3,mob3_dpd30,h5,拍拍贷#mob3_dpd30#h5
10002682,8046,20250420,1,Rate36,美团月付,dpd,12,60,12,mob12_dpd60,api,美团月付#mob12_dpd60#api
10002682,8047,20250822,0,Rate36,美团月付,fpd,,30,,fpd30,api,美团月付#fpd30#api
10002682,8048,20251204,0,Rate36,拍拍贷,fpd,,60,,fpd60,h5,拍拍贷#fpd60#h5
10002683,8049,20250722,0,Rate36,美团月付,dpd,12,30,12,mob12_dpd30,h5,美团月付#mob12_dpd30#h5
10002683,8050,20241224,0,Rate36,拍拍贷,dpd,12,30,12,mob12_dpd30,h5,拍拍贷#mob12_dpd30#h5
10002683,8051,20250803,0,Rate36,拍拍贷,dpd,3,30,3,mob3_dpd30,api,拍拍贷#mob3_dpd30#api
10002684,8052,20250217,0,Rate36,美团月付,dpd,3,60,3,mob3_dpd60,api,美团月付#mob3_dpd60#api
10002684,8053,20241225,0,Rate36,拍拍贷,dpd,3,30,3,mob3_dpd30,h5,拍拍贷#mob3_dpd30#h5
10002684,8054,20250325,0,Rate36,美团月付,dpd,9,30,9,mob9_dpd30,h5,美团月付#mob9_dpd30#h5
10002685,8055,20240723,0,Rate36,美团月付,dpd,12,60,12,mob12_dpd60,h5,美团月付#mob12_dpd60#h5
10002685,8056,20250802,0,Rate36,拍拍贷,fpd,,60,,fpd60,h5,拍拍贷#fpd60#h5
10002685,8057,20250507,0,Rate36,拍拍贷,fpd,,60,,fpd60,api,拍拍贷#fpd60#api
10002686,8058,20250820,0,Rate36,美团月付,fpd,,30,,fpd30,h5,美团月付#fpd30#h5
10002686,8059,20240319,0,Rate36,美团月付,fpd,,30,,fpd30,api,美团月付#fpd30#api
10002686,8060,20250606,0,Rate36,美团月付,dpd,3,30,3,mob3_dpd30,h5,美团月付#mob3_dpd30#h5
10002687,8061,20240603,0,Rate36,拍拍贷,dpd,6,60,6,mob6_dpd60,api,拍拍贷#mob6_dpd60#api
10002687,8062,20240402,0,Rate36,美团月付,fpd,,60,,fpd60,h5,美团月付#fpd60#h5
10002687,8063,20260201,0,Rate36,美团月付,fpd,,60,,fpd60,api,美团月付#fpd60#api
10002688,8064,20240310,0,Rate36,拍拍贷,dpd,6,30,6,mob6_dpd30,api,拍拍贷#mob6_dpd30#api
10002688,8065,20251125,0,Rate36,拍拍贷,dpd,6,30,6,mob6_dpd30,api,拍拍贷#mob6_dpd30#api
10002688,8066,20250608,0,Rate36,拍拍贷,dpd,6,30,6,mob6_dpd30,h5,拍拍贷#mob6_dpd30#h5
10002689,8067,20250620,1,Rate36,拍拍贷,dpd,12,30,12,mob12_dpd30,h5,拍拍贷#mob12_dpd30#h5
10002689,8068,20241101,0,Rate36,美团月付,dpd,12,60,12,mob12_dpd60,h5,美团月付#mob12_dpd60#h5
10002689,8069,20240804,0,Rate36,美团月付,dpd,12,30,12,mob12_dpd30,api,美团月付#mob12_dpd30#api
10002690,8070,20260116,-2,Rate36,美团月付,dpd,6,30,6,mob6_dpd30,h5,美团月付#mob6_dpd30#h5
10002690,8071,20240302,0,Rate36,美团月付,dpd,6,30,6,mob6_dpd30,api,美团月付#mob6_dpd30#api
10002690,8072,20250726,0,Rate36,美团月付,dpd,3,30,3,mob3_dpd30,api,美团月付#mob3_dpd30#api
10002691,8073,20241128,0,Rate36,美团月付,fpd,,60,,fpd60,h5,美团月付#fpd60#h5
10002691,8074,20250310,0,Rate36,美团月付,dpd,6,30,6,mob6_dpd30,api,美团月付#mob6_dpd30#api
10002691,8075,20240613,0,Rate36,拍拍贷,dpd,3,30,3,mob3_dpd30,h5,拍拍贷#mob3_dpd30#h5
10002692,8076,20251217,0,Rate36,美团月付,dpd,6,30,6,mob6_dpd30,api,美团月付#mob6_dpd30#api
10002692,8077,20241226,0,Rate36,拍拍贷,fpd,,60,,fpd60,h5,拍拍贷#fpd60#h5
10002692,8078,20240907,0,Rate36,拍拍贷,dpd,12,60,12,mob12_dpd60,api,拍拍贷#mob12_dpd60#api
10002693,8079,20251112,1,Rate36,美团月付,dpd,12,30,12,mob12_dpd30,api,美团月付#mob12_dpd30#api
10002693,8080,20240903,0,Rate36,拍拍贷,fpd,,30,,fpd30,h5,拍拍贷#fpd30#h5
10002693,8081,20241028,0,Rate36,美团月付,fpd,,30,,fpd30,api,美团月付#fpd30#api
10002694,8082,20251216,0,Rate36,美团月付,dpd,6,60,6,mob6_dpd60,api,美团月付#mob6_dpd60#api
10002694,8083,20260212,-2,Rate36,拍拍贷,dpd,3,60,3,mob3_dpd60,h5,拍拍贷#mob3_dpd60#h5
10002694,8084,20240926,0,Rate36,美团月付,fpd,,30,,fpd30,api,美团月付#fpd30#api
10002695,8085,20241003,0,Rate36,美团月付,dpd,9,60,9,mob9_dpd60,api,美团月付#mob9_dpd60#api
10002695,8086,20250101,-2,Rate36,美团月付,fpd,,60,,fpd60,h5,美团月付#fpd60#h5
10002695,8087,20250701,1,Rate36,美团月付,dpd,6,60,6,mob6_dpd60,h5,美团月付#mob6_dpd60#h5
10002696,8088,20240815,0,Rate36,美团月付,dpd,12,30,12,mob12_dpd30,h5,美团月付#mob12_dpd30#h5
10002696,8089,20251014,-2,Rate36,拍拍贷,fpd,,30,,fpd30,api,拍拍贷#fpd30#api
10002696,8090,20240313,0,Rate36,美团月付,dpd,9,30,9,mob9_dpd30,api,美团月付#mob9_dpd30#api
10002697,8091,20241121,0,Rate36,美团月付,dpd,9,60,9,mob9_dpd60,api,美团月付#mob9_dpd60#api
10002697,8092,20250626,1,Rate36,美团月付,fpd,,60,,fpd60,api,美团月付#fpd60#api
10002697,8093,20240416,0,Rate36,拍拍贷,dpd,9,60,9,mob9_dpd60,h5,拍拍贷#mob9_dpd60#h5
10002698,8094,20240423,0,Rate36,美团月付,fpd,,30,,fpd30,api,美团月付#fpd30#api
10002698,8095,20250915,0,Rate36,美团月付,dpd,9,30,9,mob9_dpd30,h5,美团月付#mob9_dpd30#h5
10002698,8096,20240522,0,Rate36,拍拍贷,dpd,12,60,12,mob12_dpd60,api,拍拍贷#mob12_dpd60#api
10002699,8097,20260111,0,Rate36,拍拍贷,dpd,6,30,6,mob6_dpd30,api,拍拍贷#mob6_dpd30#api
10002699,8098,20240619,0,Rate36,美团月付,fpd,,30,,fpd30,h5,美团月付#fpd30#h5
10002699,8099,20240415,0,Rate36,拍拍贷,dpd,6,60,6,mob6_dpd60,api,拍拍贷#mob6_dpd60#api
10002700,8100,20260127,-2,Rate36,拍拍贷,dpd,12,30,12,mob12_dpd30,api,拍拍贷#mob12_dpd30#api
10002700,8101,20240504,0,Rate36,拍拍贷,dpd,9,30,9,mob9_dpd30,api,拍拍贷#mob9_dpd30#api
10002700,8102,20250423,0,Rate36,拍拍贷,dpd,9,30,9,mob9_dpd30,api,拍拍贷#mob9_dpd30#api
10002701,8103,20240819,0,Rate36,美团月付,dpd,3,60,3,mob3_dpd60,h5,美团月付#mob3_dpd60#h5
10002701,8104,20250812,-2,Rate36,拍拍贷,dpd,12,60,12,mob12_dpd60,api,拍拍贷#mob12_dpd60#api
10002701,8105,20240421,0,Rate36,美团月付,dpd,3,30,3,mob3_dpd30,h5,美团月付#mob3_dpd30#h5
10002702,8106,20250105,0,Rate36,美团月付,dpd,6,60,6,mob6_dpd60,api,美团月付#mob6_dpd60#api
10002702,8107,20241209,0,Rate36,美团月付,fpd,,30,,fpd30,api,美团月付#fpd30#api
10002702,8108,20240902,0,Rate36,美团月付,dpd,3,60,3,mob3_dpd60,h5,美团月付#mob3_dpd60#h5
10002703,8109,20250404,0,Rate36,拍拍贷,dpd,6,30,6,mob6_dpd30,h5,拍拍贷#mob6_dpd30#h5
10002703,8110,20240313,1,Rate36,拍拍贷,dpd,6,60,6,mob6_dpd60,api,拍拍贷#mob6_dpd60#api
10002703,8111,20240524,0,Rate36,拍拍贷,dpd,12,30,12,mob12_dpd30,api,拍拍贷#mob12_dpd30#api
10002704,8112,20250813,0,Rate36,美团月付,dpd,6,60,6,mob6_dpd60,api,美团月付#mob6_dpd60#api
10002704,8113,20240818,-2,Rate36,美团月付,dpd,3,60,3,mob3_dpd60,h5,美团月付#mob3_dpd60#h5
10002704,8114,20240604,1,Rate36,美团月付,dpd,3,30,3,mob3_dpd30,api,美团月付#mob3_dpd30#api
10002705,8115,20250714,0,Rate36,拍拍贷,dpd,12,30,12,mob12_dpd30,h5,拍拍贷#mob12_dpd30#h5
10002705,8116,20240809,0,Rate36,拍拍贷,dpd,3,30,3,mob3_dpd30,h5,拍拍贷#mob3_dpd30#h5
10002705,8117,20250919,-2,Rate36,拍拍贷,dpd,12,60,12,mob12_dpd60,h5,拍拍贷#mob12_dpd60#h5
10002706,8118,20240311,0,Rate36,美团月付,dpd,3,60,3,mob3_dpd60,h5,美团月付#mob3_dpd60#h5
10002706,8119,20250828,1,Rate36,拍拍贷,dpd,6,60,6,mob6_dpd60,api,拍拍贷#mob6_dpd60#api
10002706,8120,20250909,1,Rate36,拍拍贷,dpd,12,30,12,mob12_dpd30,h5,拍拍贷#mob12_dpd30#h5
10002707,8121,20240924,0,Rate36,拍拍贷,dpd,12,60,12,mob12_dpd60,h5,拍拍贷#mob12_dpd60#h5
10002707,8122,20240609,0,Rate36,美团月付,dpd,12,30,12,mob12_dpd30,h5,美团月付#mob12_dpd30#h5
10002707,8123,20240905,0,Rate36,拍拍贷,dpd,9,30,9,mob9_dpd30,api,拍拍贷#mob9_dpd30#api
10002708,8124,20241209,0,Rate36,美团月付,dpd,9,30,9,mob9_dpd30,h5,美团月付#mob9_dpd30#h5
10002708,8125,20240508,0,Rate36,拍拍贷,fpd,,30,,fpd30,api,拍拍贷#fpd30#api
10002708,8126,20241008,0,Rate36,拍拍贷,dpd,3,30,3,mob3_dpd30,h5,拍拍贷#mob3_dpd30#h5
10002709,8127,20251113,0,Rate36,拍拍贷,dpd,12,30,12,mob12_dpd30,api,拍拍贷#mob12_dpd30#api
10002709,8128,20260107,0,Rate36,拍拍贷,dpd,3,60,3,mob3_dpd60,h5,拍拍贷#mob3_dpd60#h5
10002709,8129,20240412,0,Rate36,美团月付,dpd,12,60,12,mob12_dpd60,api,美团月付#mob12_dpd60#api
10002710,8130,20251211,0,Rate36,美团月付,dpd,3,30,3,mob3_dpd30,api,美团月付#mob3_dpd30#api
10002710,8131,20260121,0,Rate36,美团月付,dpd,12,30,12,mob12_dpd30,h5,美团月付#mob12_dpd30#h5
10002710,8132,20250206,0,Rate36,拍拍贷,dpd,3,60,3,mob3_dpd60,h5,拍拍贷#mob3_dpd60#h5
10002711,8133,20240414,0,Rate36,拍拍贷,dpd,6,30,6,mob6_dpd30,h5,拍拍贷#mob6_dpd30#h5
10002711,8134,20240304,0,Rate36,美团月付,fpd,,30,,fpd30,h5,美团月付#fpd30#h5
10002711,8135,20241002,0,Rate36,美团月付,fpd,,30,,fpd30,api,美团月付#fpd30#api
10002712,8136,20251021,1,Rate36,拍拍贷,dpd,12,30,12,mob12_dpd30,h5,拍拍贷#mob12_dpd30#h5
10002712,8137,20250927,-2,Rate36,拍拍贷,dpd,12,60,12,mob12_dpd60,api,拍拍贷#mob12_dpd60#api
10002712,8138,20240513,1,Rate36,拍拍贷,dpd,9,30,9,mob9_dpd30,api,拍拍贷#mob9_dpd30#api
10002713,8139,20260118,0,Rate36,美团月付,dpd,12,30,12,mob12_dpd30,api,美团月付#mob12_dpd30#api
10002713,8140,20240914,1,Rate36,美团月付,dpd,12,60,12,mob12_dpd60,api,美团月付#mob12_dpd60#api
10002713,8141,20240323,0,Rate36,美团月付,dpd,6,60,6,mob6_dpd60,h5,美团月付#mob6_dpd60#h5
10002714,8142,20251022,0,Rate36,美团月付,dpd,6,30,6,mob6_dpd30,api,美团月付#mob6_dpd30#api
10002714,8143,20241217,0,Rate36,拍拍贷,fpd,,30,,fpd30,h5,拍拍贷#fpd30#h5
10002714,8144,20241104,0,Rate36,美团月付,dpd,3,30,3,mob3_dpd30,h5,美团月付#mob3_dpd30#h5
10002715,8145,20241213,0,Rate36,美团月付,dpd,12,60,12,mob12_dpd60,api,美团月付#mob12_dpd60#api
10002715,8146,20240415,0,Rate36,美团月付,dpd,6,30,6,mob6_dpd30,h5,美团月付#mob6_dpd30#h5
10002715,8147,20240820,0,Rate36,拍拍贷,dpd,3,30,3,mob3_dpd30,h5,拍拍贷#mob3_dpd30#h5
10002716,8148,20240721,1,Rate36,拍拍贷,dpd,6,30,6,mob6_dpd30,api,拍拍贷#mob6_dpd30#api
10002716,8149,20250716,-2,Rate36,拍拍贷,dpd,12,30,12,mob12_dpd30,api,拍拍贷#mob12_dpd30#api
10002716,8150,20250423,-2,Rate36,拍拍贷,dpd,12,30,12,mob12_dpd30,h5,拍拍贷#mob12_dpd30#h5
10002717,8151,20250216,0,Rate36,美团月付,dpd,3,60,3,mob3_dpd60,api,美团月付#mob3_dpd60#api
10002717,8152,20250804,0,Rate36,美团月付,dpd,12,60,12,mob12_dpd60,api,美团月付#mob12_dpd60#api
10002717,8153,20240819,0,Rate36,拍拍贷,dpd,6,60,6,mob6_dpd60,h5,拍拍贷#mob6_dpd60#h5
10002718,8154,20260227,0,Rate36,美团月付,dpd,12,30,12,mob12_dpd30,h5,美团月付#mob12_dpd30#h5
10002718,8155,20250821,0,Rate36,拍拍贷,fpd,,60,,fpd60,h5,拍拍贷#fpd60#h5
10002718,8156,20250320,0,Rate36,拍拍贷,dpd,6,60,6,mob6_dpd60,h5,拍拍贷#mob6_dpd60#h5
10002719,8157,20250913,0,Rate36,美团月付,fpd,,30,,fpd30,api,美团月付#fpd30#api
10002719,8158,20250916,0,Rate36,美团月付,dpd,12,60,12,mob12_dpd60,api,美团月付#mob12_dpd60#api
10002719,8159,20250124,-2,Rate36,美团月付,dpd,3,30,3,mob3_dpd30,api,美团月付#mob3_dpd30#api
10002720,8160,20250208,0,Rate36,美团月付,dpd,12,60,12,mob12_dpd60,api,美团月付#mob12_dpd60#api
10002720,8161,20240401,0,Rate36,美团月付,fpd,,30,,fpd30,h5,美团月付#fpd30#h5
10002720,8162,20240302,0,Rate36,拍拍贷,dpd,3,30,3,mob3_dpd30,h5,拍拍贷#mob3_dpd30#h5
10002721,8163,20251026,1,Rate36,拍拍贷,dpd,6,60,6,mob6_dpd60,h5,拍拍贷#mob6_dpd60#h5
10002721,8164,20240312,0,Rate36,美团月付,dpd,6,60,6,mob6_dpd60,h5,美团月付#mob6_dpd60#h5
10002721,8165,20240616,1,Rate36,美团月付,dpd,9,30,9,mob9_dpd30,api,美团月付#mob9_dpd30#api
10002722,8166,20250902,0,Rate36,美团月付,dpd,3,30,3,mob3_dpd30,api,美团月付#mob3_dpd30#api
10002722,8167,20250420,1,Rate36,美团月付,dpd,9,30,9,mob9_dpd30,api,美团月付#mob9_dpd30#api
10002722,8168,20250802,0,Rate36,美团月付,dpd,3,60,3,mob3_dpd60,h5,美团月付#mob3_dpd60#h5
10002723,8169,20251113,0,Rate36,拍拍贷,dpd,9,30,9,mob9_dpd30,api,拍拍贷#mob9_dpd30#api
10002723,8170,20260113,0,Rate36,美团月付,dpd,3,30,3,mob3_dpd30,h5,美团月付#mob3_dpd30#h5
10002723,8171,20250919,0,Rate36,拍拍贷,dpd,9,60,9,mob9_dpd60,h5,拍拍贷#mob9_dpd60#h5
10002724,8172,20260101,0,Rate36,美团月付,dpd,12,30,12,mob12_dpd30,api,美团月付#mob12_dpd30#api
10002724,8173,20240914,0,Rate36,拍拍贷,dpd,12,30,12,mob12_dpd30,api,拍拍贷#mob12_dpd30#api
10002724,8174,20240928,0,Rate36,拍拍贷,dpd,9,30,9,mob9_dpd30,api,拍拍贷#mob9_dpd30#api
10002725,8175,20240706,0,Rate36,拍拍贷,dpd,3,60,3,mob3_dpd60,h5,拍拍贷#mob3_dpd60#h5
10002725,8176,20250805,1,Rate36,拍拍贷,dpd,12,30,12,mob12_dpd30,api,拍拍贷#mob12_dpd30#api
10002725,8177,20241012,1,Rate36,美团月付,dpd,12,30,12,mob12_dpd30,h5,美团月付#mob12_dpd30#h5
10002726,8178,20240911,0,Rate36,拍拍贷,dpd,3,60,3,mob3_dpd60,api,拍拍贷#mob3_dpd60#api
10002726,8179,20240619,0,Rate36,拍拍贷,dpd,6,60,6,mob6_dpd60,api,拍拍贷#mob6_dpd60#api
10002726,8180,20241107,0,Rate36,美团月付,dpd,6,30,6,mob6_dpd30,api,美团月付#mob6_dpd30#api
10002727,8181,20250101,0,Rate36,拍拍贷,dpd,12,60,12,mob12_dpd60,h5,拍拍贷#mob12_dpd60#h5
10002727,8182,20250710,0,Rate36,拍拍贷,dpd,3,60,3,mob3_dpd60,h5,拍拍贷#mob3_dpd60#h5
10002727,8183,20240310,0,Rate36,美团月付,dpd,3,60,3,mob3_dpd60,h5,美团月付#mob3_dpd60#h5
10002728,8184,20240903,0,Rate36,美团月付,dpd,3,30,3,mob3_dpd30,api,美团月付#mob3_dpd30#api
10002728,8185,20250105,0,Rate36,拍拍贷,dpd,9,60,9,mob9_dpd60,h5,拍拍贷#mob9_dpd60#h5
10002728,8186,20240614,-2,Rate36,拍拍贷,fpd,,30,,fpd30,api,拍拍贷#fpd30#api
10002729,8187,20250917,0,Rate36,美团月付,dpd,3,30,3,mob3_dpd30,h5,美团月付#mob3_dpd30#h5
10002729,8188,20240306,0,Rate36,美团月付,dpd,12,30,12,mob12_dpd30,h5,美团月付#mob12_dpd30#h5
10002729,8189,20250904,-2,Rate36,美团月付,dpd,6,30,6,mob6_dpd30,api,美团月付#mob6_dpd30#api
10002730,8190,20250716,0,Rate36,拍拍贷,dpd,9,60,9,mob9_dpd60,h5,拍拍贷#mob9_dpd60#h5
10002730,8191,20240411,0,Rate36,拍拍贷,dpd,3,60,3,mob3_dpd60,api,拍拍贷#mob3_dpd60#api
10002730,8192,20250618,-2,Rate36,美团月付,dpd,6,30,6,mob6_dpd30,api,美团月付#mob6_dpd30#api
10002731,8193,20240621,0,Rate36,美团月付,dpd,3,30,3,mob3_dpd30,api,美团月付#mob3_dpd30#api
10002731,8194,20240910,0,Rate36,美团月付,dpd,6,30,6,mob6_dpd30,h5,美团月付#mob6_dpd30#h5
10002731,8195,20240520,0,Rate36,美团月付,dpd,9,30,9,mob9_dpd30,api,美团月付#mob9_dpd30#api
10002732,8196,20251122,0,Rate36,拍拍贷,fpd,,30,,fpd30,h5,拍拍贷#fpd30#h5
10002732,8197,20250212,0,Rate36,拍拍贷,dpd,6,30,6,mob6_dpd30,h5,拍拍贷#mob6_dpd30#h5
10002732,8198,20240808,0,Rate36,拍拍贷,fpd,,30,,fpd30,h5,拍拍贷#fpd30#h5
10002733,8199,20240713,0,Rate36,美团月付,dpd,6,30,6,mob6_dpd30,h5,美团月付#mob6_dpd30#h5
10002733,8200,20241210,0,Rate36,拍拍贷,dpd,12,60,12,mob12_dpd60,h5,拍拍贷#mob12_dpd60#h5
10002733,8201,20250306,1,Rate36,拍拍贷,dpd,12,30,12,mob12_dpd30,h5,拍拍贷#mob12_dpd30#h5
10002734,8202,20240617,0,Rate36,拍拍贷,dpd,6,30,6,mob6_dpd30,h5,拍拍贷#mob6_dpd30#h5
10002734,8203,20241219,0,Rate36,美团月付,dpd,12,30,12,mob12_dpd30,h5,美团月付#mob12_dpd30#h5
10002734,8204,20260107,0,Rate36,美团月付,dpd,12,60,12,mob12_dpd60,api,美团月付#mob12_dpd60#api
10002735,8205,20240415,0,Rate36,美团月付,dpd,12,30,12,mob12_dpd30,api,美团月付#mob12_dpd30#api
10002735,8206,20240306,0,Rate36,拍拍贷,dpd,12,30,12,mob12_dpd30,api,拍拍贷#mob12_dpd30#api
10002735,8207,20250716,0,Rate36,美团月付,dpd,6,60,6,mob6_dpd60,api,美团月付#mob6_dpd60#api
10002736,8208,20250305,1,Rate36,美团月付,dpd,9,60,9,mob9_dpd60,api,美团月付#mob9_dpd60#api
10002736,8209,20240428,0,Rate36,拍拍贷,fpd,,30,,fpd30,api,拍拍贷#fpd30#api
10002736,8210,20250516,0,Rate36,美团月付,fpd,,30,,fpd30,api,美团月付#fpd30#api
10002737,8211,20241021,0,Rate36,拍拍贷,dpd,3,30,3,mob3_dpd30,h5,拍拍贷#mob3_dpd30#h5
10002737,8212,20250620,0,Rate36,美团月付,dpd,12,60,12,mob12_dpd60,api,美团月付#mob12_dpd60#api
10002737,8213,20240516,0,Rate36,拍拍贷,fpd,,30,,fpd30,h5,拍拍贷#fpd30#h5
10002738,8214,20240510,0,Rate36,美团月付,dpd,12,60,12,mob12_dpd60,h5,美团月付#mob12_dpd60#h5
10002738,8215,20250724,0,Rate36,拍拍贷,fpd,,60,,fpd60,h5,拍拍贷#fpd60#h5
10002738,8216,20240324,0,Rate36,美团月付,dpd,9,30,9,mob9_dpd30,h5,美团月付#mob9_dpd30#h5
10002739,8217,20251224,0,Rate36,美团月付,dpd,12,60,12,mob12_dpd60,h5,美团月付#mob12_dpd60#h5
10002739,8218,20241112,0,Rate36,美团月付,dpd,12,30,12,mob12_dpd30,api,美团月付#mob12_dpd30#api
10002739,8219,20250421,0,Rate36,拍拍贷,dpd,6,30,6,mob6_dpd30,h5,拍拍贷#mob6_dpd30#h5
10002740,8220,20250623,0,Rate36,拍拍贷,dpd,3,60,3,mob3_dpd60,h5,拍拍贷#mob3_dpd60#h5
10002740,8221,20260214,0,Rate36,拍拍贷,dpd,3,30,3,mob3_dpd30,api,拍拍贷#mob3_dpd30#api
10002740,8222,20240819,0,Rate36,美团月付,dpd,6,30,6,mob6_dpd30,api,美团月付#mob6_dpd30#api
10002741,8223,20241202,0,Rate36,美团月付,dpd,6,60,6,mob6_dpd60,api,美团月付#mob6_dpd60#api
10002741,8224,20250823,0,Rate36,拍拍贷,dpd,6,30,6,mob6_dpd30,h5,拍拍贷#mob6_dpd30#h5
10002741,8225,20250903,0,Rate36,美团月付,dpd,3,30,3,mob3_dpd30,h5,美团月付#mob3_dpd30#h5
10002742,8226,20240623,0,Rate36,美团月付,dpd,3,60,3,mob3_dpd60,h5,美团月付#mob3_dpd60#h5
10002742,8227,20241001,0,Rate36,拍拍贷,dpd,9,60,9,mob9_dpd60,h5,拍拍贷#mob9_dpd60#h5
10002742,8228,20250506,0,Rate36,美团月付,dpd,6,30,6,mob6_dpd30,h5,美团月付#mob6_dpd30#h5
10002743,8229,20240708,0,Rate36,美团月付,dpd,6,30,6,mob6_dpd30,h5,美团月付#mob6_dpd30#h5
10002743,8230,20260208,0,Rate36,美团月付,fpd,,60,,fpd60,api,美团月付#fpd60#api
10002743,8231,20250412,0,Rate36,美团月付,dpd,9,60,9,mob9_dpd60,h5,美团月付#mob9_dpd60#h5
10002744,8232,20251116,0,Rate36,拍拍贷,dpd,6,30,6,mob6_dpd30,h5,拍拍贷#mob6_dpd30#h5
10002744,8233,20240612,1,Rate36,美团月付,dpd,6,60,6,mob6_dpd60,api,美团月付#mob6_dpd60#api
10002744,8234,20250417,0,Rate36,拍拍贷,dpd,6,30,6,mob6_dpd30,api,拍拍贷#mob6_dpd30#api
10002745,8235,20250505,0,Rate36,拍拍贷,dpd,6,60,6,mob6_dpd60,api,拍拍贷#mob6_dpd60#api
10002745,8236,20240607,0,Rate36,美团月付,fpd,,30,,fpd30,h5,美团月付#fpd30#h5
10002745,8237,20250105,0,Rate36,拍拍贷,dpd,12,60,12,mob12_dpd60,h5,拍拍贷#mob12_dpd60#h5
10002746,8238,20241209,0,Rate36,拍拍贷,dpd,3,30,3,mob3_dpd30,h5,拍拍贷#mob3_dpd30#h5
10002746,8239,20240302,0,Rate36,拍拍贷,dpd,3,60,3,mob3_dpd60,h5,拍拍贷#mob3_dpd60#h5
10002746,8240,20251124,1,Rate36,美团月付,dpd,6,30,6,mob6_dpd30,h5,美团月付#mob6_dpd30#h5
10002747,8241,20250219,0,Rate36,美团月付,dpd,9,30,9,mob9_dpd30,h5,美团月付#mob9_dpd30#h5
10002747,8242,20251204,0,Rate36,拍拍贷,fpd,,60,,fpd60,api,拍拍贷#fpd60#api
10002747,8243,20260108,1,Rate36,拍拍贷,dpd,9,60,9,mob9_dpd60,h5,拍拍贷#mob9_dpd60#h5
10002748,8244,20241223,0,Rate36,拍拍贷,dpd,3,60,3,mob3_dpd60,api,拍拍贷#mob3_dpd60#api
10002748,8245,20250824,0,Rate36,拍拍贷,dpd,3,60,3,mob3_dpd60,api,拍拍贷#mob3_dpd60#api
10002748,8246,20240314,0,Rate36,拍拍贷,fpd,,30,,fpd30,h5,拍拍贷#fpd30#h5
10002749,8247,20241024,0,Rate36,美团月付,dpd,3,30,3,mob3_dpd30,h5,美团月付#mob3_dpd30#h5
10002749,8248,20241011,0,Rate36,美团月付,fpd,,30,,fpd30,api,美团月付#fpd30#api
10002749,8249,20250521,1,Rate36,美团月付,fpd,,30,,fpd30,h5,美团月付#fpd30#h5
10002750,8250,20240407,0,Rate36,美团月付,dpd,9,30,9,mob9_dpd30,api,美团月付#mob9_dpd30#api
10002750,8251,20240518,0,Rate36,拍拍贷,dpd,3,30,3,mob3_dpd30,h5,拍拍贷#mob3_dpd30#h5
10002750,8252,20251121,0,Rate36,拍拍贷,dpd,12,60,12,mob12_dpd60,h5,拍拍贷#mob12_dpd60#h5
10002751,8253,20251227,-2,Rate36,美团月付,fpd,,60,,fpd60,api,美团月付#fpd60#api
10002751,8254,20240809,0,Rate36,美团月付,dpd,6,30,6,mob6_dpd30,h5,美团月付#mob6_dpd30#h5
10002751,8255,20250425,0,Rate36,美团月付,fpd,,60,,fpd60,h5,美团月付#fpd60#h5
10002752,8256,20250102,0,Rate36,美团月付,dpd,9,30,9,mob9_dpd30,h5,美团月付#mob9_dpd30#h5
10002752,8257,20251207,1,Rate36,拍拍贷,dpd,12,30,12,mob12_dpd30,h5,拍拍贷#mob12_dpd30#h5
10002752,8258,20250817,0,Rate36,拍拍贷,dpd,3,60,3,mob3_dpd60,api,拍拍贷#mob3_dpd60#api
10002753,8259,20251026,0,Rate36,拍拍贷,dpd,9,60,9,mob9_dpd60,api,拍拍贷#mob9_dpd60#api
10002753,8260,20240327,0,Rate36,美团月付,fpd,,30,,fpd30,api,美团月付#fpd30#api
10002753,8261,20240920,0,Rate36,美团月付,dpd,9,30,9,mob9_dpd30,h5,美团月付#mob9_dpd30#h5
10002754,8262,20241010,-2,Rate36,美团月付,dpd,9,60,9,mob9_dpd60,h5,美团月付#mob9_dpd60#h5
10002754,8263,20260114,0,Rate36,拍拍贷,fpd,,30,,fpd30,h5,拍拍贷#fpd30#h5
10002754,8264,20241003,0,Rate36,拍拍贷,dpd,6,30,6,mob6_dpd30,h5,拍拍贷#mob6_dpd30#h5
10002755,8265,20240918,0,Rate36,美团月付,dpd,6,60,6,mob6_dpd60,h5,美团月付#mob6_dpd60#h5
10002755,8266,20240923,0,Rate36,拍拍贷,dpd,6,60,6,mob6_dpd60,h5,拍拍贷#mob6_dpd60#h5
10002755,8267,20250519,0,Rate36,美团月付,dpd,3,30,3,mob3_dpd30,h5,美团月付#mob3_dpd30#h5
10002756,8268,20240508,0,Rate36,美团月付,dpd,3,30,3,mob3_dpd30,api,美团月付#mob3_dpd30#api
10002756,8269,20240319,0,Rate36,美团月付,dpd,3,30,3,mob3_dpd30,h5,美团月付#mob3_dpd30#h5
10002756,8270,20240407,0,Rate36,美团月付,dpd,6,60,6,mob6_dpd60,h5,美团月付#mob6_dpd60#h5
10002757,8271,20260111,0,Rate36,美团月付,dpd,6,30,6,mob6_dpd30,h5,美团月付#mob6_dpd30#h5
10002757,8272,20260125,0,Rate36,美团月付,dpd,9,60,9,mob9_dpd60,api,美团月付#mob9_dpd60#api
10002757,8273,20240706,1,Rate36,拍拍贷,dpd,12,30,12,mob12_dpd30,api,拍拍贷#mob12_dpd30#api
10002758,8274,20240814,0,Rate36,拍拍贷,fpd,,30,,fpd30,api,拍拍贷#fpd30#api
10002758,8275,20251221,1,Rate36,拍拍贷,dpd,12,60,12,mob12_dpd60,api,拍拍贷#mob12_dpd60#api
10002758,8276,20240409,0,Rate36,拍拍贷,dpd,3,30,3,mob3_dpd30,h5,拍拍贷#mob3_dpd30#h5
10002759,8277,20241027,0,Rate36,拍拍贷,dpd,3,60,3,mob3_dpd60,api,拍拍贷#mob3_dpd60#api
10002759,8278,20241016,0,Rate36,美团月付,dpd,9,30,9,mob9_dpd30,api,美团月付#mob9_dpd30#api
10002759,8279,20250314,0,Rate36,美团月付,fpd,,60,,fpd60,h5,美团月付#fpd60#h5
10002760,8280,20240302,0,Rate36,美团月付,dpd,12,30,12,mob12_dpd30,api,美团月付#mob12_dpd30#api
10002760,8281,20240806,0,Rate36,美团月付,dpd,9,30,9,mob9_dpd30,api,美团月付#mob9_dpd30#api
10002760,8282,20240720,0,Rate36,美团月付,dpd,12,60,12,mob12_dpd60,api,美团月付#mob12_dpd60#api
10002761,8283,20240815,0,Rate36,拍拍贷,dpd,9,30,9,mob9_dpd30,api,拍拍贷#mob9_dpd30#api
10002761,8284,20240610,0,Rate36,拍拍贷,fpd,,60,,fpd60,api,拍拍贷#fpd60#api
10002761,8285,20240413,0,Rate36,拍拍贷,dpd,3,60,3,mob3_dpd60,h5,拍拍贷#mob3_dpd60#h5
10002762,8286,20250228,0,Rate36,拍拍贷,fpd,,30,,fpd30,h5,拍拍贷#fpd30#h5
10002762,8287,20250128,0,Rate36,美团月付,dpd,3,60,3,mob3_dpd60,api,美团月付#mob3_dpd60#api
10002762,8288,20251009,1,Rate36,美团月付,dpd,9,60,9,mob9_dpd60,api,美团月付#mob9_dpd60#api
10002763,8289,20250815,1,Rate36,美团月付,dpd,3,60,3,mob3_dpd60,api,美团月付#mob3_dpd60#api
10002763,8290,20250509,0,Rate36,美团月付,dpd,12,60,12,mob12_dpd60,h5,美团月付#mob12_dpd60#h5
10002763,8291,20251001,1,Rate36,美团月付,dpd,12,60,12,mob12_dpd60,api,美团月付#mob12_dpd60#api
10002764,8292,20241208,0,Rate36,拍拍贷,dpd,3,60,3,mob3_dpd60,api,拍拍贷#mob3_dpd60#api
10002764,8293,20260218,0,Rate36,拍拍贷,dpd,9,30,9,mob9_dpd30,h5,拍拍贷#mob9_dpd30#h5
10002764,8294,20250501,0,Rate36,拍拍贷,dpd,3,60,3,mob3_dpd60,api,拍拍贷#mob3_dpd60#api
10002765,8295,20251107,0,Rate36,拍拍贷,dpd,9,30,9,mob9_dpd30,api,拍拍贷#mob9_dpd30#api
10002765,8296,20241202,0,Rate36,美团月付,dpd,3,60,3,mob3_dpd60,api,美团月付#mob3_dpd60#api
10002765,8297,20250124,0,Rate36,拍拍贷,fpd,,30,,fpd30,h5,拍拍贷#fpd30#h5
10002766,8298,20251218,0,Rate36,美团月付,dpd,9,60,9,mob9_dpd60,api,美团月付#mob9_dpd60#api
10002766,8299,20240619,0,Rate36,拍拍贷,dpd,6,60,6,mob6_dpd60,h5,拍拍贷#mob6_dpd60#h5
10002766,8300,20250317,0,Rate36,拍拍贷,dpd,3,30,3,mob3_dpd30,api,拍拍贷#mob3_dpd30#api
10002767,8301,20250907,1,Rate36,拍拍贷,dpd,12,60,12,mob12_dpd60,api,拍拍贷#mob12_dpd60#api
10002767,8302,20240907,0,Rate36,拍拍贷,fpd,,30,,fpd30,api,拍拍贷#fpd30#api
10002767,8303,20240609,0,Rate36,美团月付,dpd,12,30,12,mob12_dpd30,api,美团月付#mob12_dpd30#api
10002768,8304,20241208,0,Rate36,拍拍贷,dpd,3,30,3,mob3_dpd30,h5,拍拍贷#mob3_dpd30#h5
10002768,8305,20251014,0,Rate36,美团月付,dpd,12,30,12,mob12_dpd30,api,美团月付#mob12_dpd30#api
10002768,8306,20240526,0,Rate36,美团月付,dpd,3,30,3,mob3_dpd30,api,美团月付#mob3_dpd30#api
10002769,8307,20251120,0,Rate36,拍拍贷,dpd,6,30,6,mob6_dpd30,h5,拍拍贷#mob6_dpd30#h5
10002769,8308,20250908,0,Rate36,拍拍贷,dpd,3,60,3,mob3_dpd60,h5,拍拍贷#mob3_dpd60#h5
10002769,8309,20250323,0,Rate36,拍拍贷,dpd,12,60,12,mob12_dpd60,h5,拍拍贷#mob12_dpd60#h5
10002770,8310,20250408,-2,Rate36,拍拍贷,dpd,9,30,9,mob9_dpd30,api,拍拍贷#mob9_dpd30#api
10002770,8311,20251001,-2,Rate36,美团月付,dpd,3,60,3,mob3_dpd60,h5,美团月付#mob3_dpd60#h5
10002770,8312,20250901,0,Rate36,拍拍贷,dpd,9,30,9,mob9_dpd30,h5,拍拍贷#mob9_dpd30#h5
10002771,8313,20250417,0,Rate36,美团月付,dpd,6,60,6,mob6_dpd60,api,美团月付#mob6_dpd60#api
10002771,8314,20241112,0,Rate36,拍拍贷,dpd,3,60,3,mob3_dpd60,api,拍拍贷#mob3_dpd60#api
10002771,8315,20250214,0,Rate36,美团月付,fpd,,60,,fpd60,api,美团月付#fpd60#api
10002772,8316,20250127,0,Rate36,拍拍贷,dpd,12,60,12,mob12_dpd60,h5,拍拍贷#mob12_dpd60#h5
10002772,8317,20240425,0,Rate36,美团月付,fpd,,30,,fpd30,api,美团月付#fpd30#api
10002772,8318,20240414,0,Rate36,拍拍贷,fpd,,30,,fpd30,api,拍拍贷#fpd30#api
10002773,8319,20240603,0,Rate36,美团月付,fpd,,30,,fpd30,h5,美团月付#fpd30#h5
10002773,8320,20260225,0,Rate36,拍拍贷,dpd,3,30,3,mob3_dpd30,h5,拍拍贷#mob3_dpd30#h5
10002773,8321,20251216,0,Rate36,美团月付,dpd,9,60,9,mob9_dpd60,api,美团月付#mob9_dpd60#api
10002774,8322,20241202,0,Rate36,美团月付,dpd,3,30,3,mob3_dpd30,h5,美团月付#mob3_dpd30#h5
10002774,8323,20250614,0,Rate36,美团月付,fpd,,30,,fpd30,api,美团月付#fpd30#api
10002774,8324,20240520,0,Rate36,美团月付,dpd,3,60,3,mob3_dpd60,h5,美团月付#mob3_dpd60#h5
10002775,8325,20251121,1,Rate36,美团月付,dpd,3,60,3,mob3_dpd60,h5,美团月付#mob3_dpd60#h5
10002775,8326,20240817,0,Rate36,拍拍贷,dpd,3,30,3,mob3_dpd30,api,拍拍贷#mob3_dpd30#api
10002775,8327,20241013,0,Rate36,美团月付,dpd,9,30,9,mob9_dpd30,h5,美团月付#mob9_dpd30#h5
10002776,8328,20250620,0,Rate36,拍拍贷,fpd,,30,,fpd30,h5,拍拍贷#fpd30#h5
10002776,8329,20250801,-2,Rate36,美团月付,dpd,3,30,3,mob3_dpd30,h5,美团月付#mob3_dpd30#h5
10002776,8330,20260125,0,Rate36,美团月付,dpd,9,30,9,mob9_dpd30,api,美团月付#mob9_dpd30#api
10002777,8331,20250904,-2,Rate36,美团月付,fpd,,60,,fpd60,api,美团月付#fpd60#api
10002777,8332,20260228,0,Rate36,拍拍贷,fpd,,30,,fpd30,h5,拍拍贷#fpd30#h5
10002777,8333,20240712,0,Rate36,拍拍贷,dpd,6,30,6,mob6_dpd30,h5,拍拍贷#mob6_dpd30#h5
10002778,8334,20250502,0,Rate36,拍拍贷,dpd,6,60,6,mob6_dpd60,api,拍拍贷#mob6_dpd60#api
10002778,8335,20251004,0,Rate36,拍拍贷,dpd,9,30,9,mob9_dpd30,api,拍拍贷#mob9_dpd30#api
10002778,8336,20260104,0,Rate36,拍拍贷,dpd,9,60,9,mob9_dpd60,h5,拍拍贷#mob9_dpd60#h5
10002779,8337,20250526,0,Rate36,美团月付,dpd,12,30,12,mob12_dpd30,api,美团月付#mob12_dpd30#api
10002779,8338,20250322,0,Rate36,美团月付,dpd,3,60,3,mob3_dpd60,h5,美团月付#mob3_dpd60#h5
10002779,8339,20250520,0,Rate36,美团月付,dpd,12,30,12,mob12_dpd30,h5,美团月付#mob12_dpd30#h5
10002780,8340,20240326,0,Rate36,拍拍贷,dpd,9,60,9,mob9_dpd60,api,拍拍贷#mob9_dpd60#api
10002780,8341,20250206,0,Rate36,拍拍贷,dpd,6,30,6,mob6_dpd30,api,拍拍贷#mob6_dpd30#api
10002780,8342,20240612,0,Rate36,美团月付,fpd,,30,,fpd30,api,美团月付#fpd30#api
10002781,8343,20260120,-2,Rate36,美团月付,dpd,12,60,12,mob12_dpd60,h5,美团月付#mob12_dpd60#h5
10002781,8344,20240907,1,Rate36,美团月付,dpd,9,60,9,mob9_dpd60,api,美团月付#mob9_dpd60#api
10002781,8345,20240526,0,Rate36,拍拍贷,dpd,3,30,3,mob3_dpd30,h5,拍拍贷#mob3_dpd30#h5
10002782,8346,20240421,0,Rate36,拍拍贷,dpd,3,30,3,mob3_dpd30,api,拍拍贷#mob3_dpd30#api
10002782,8347,20250401,0,Rate36,拍拍贷,dpd,6,30,6,mob6_dpd30,h5,拍拍贷#mob6_dpd30#h5
10002782,8348,20250823,-2,Rate36,拍拍贷,fpd,,60,,fpd60,api,拍拍贷#fpd60#api
10002783,8349,20240919,0,Rate36,拍拍贷,dpd,12,30,12,mob12_dpd30,h5,拍拍贷#mob12_dpd30#h5
10002783,8350,20240606,0,Rate36,拍拍贷,dpd,9,30,9,mob9_dpd30,h5,拍拍贷#mob9_dpd30#h5
10002783,8351,20240706,0,Rate36,美团月付,dpd,6,30,6,mob6_dpd30,api,美团月付#mob6_dpd30#api
10002784,8352,20260214,0,Rate36,拍拍贷,dpd,9,60,9,mob9_dpd60,api,拍拍贷#mob9_dpd60#api
10002784,8353,20240914,0,Rate36,美团月付,dpd,3,30,3,mob3_dpd30,api,美团月付#mob3_dpd30#api
10002784,8354,20260101,0,Rate36,美团月付,dpd,6,60,6,mob6_dpd60,h5,美团月付#mob6_dpd60#h5
10002785,8355,20240816,0,Rate36,拍拍贷,fpd,,30,,fpd30,api,拍拍贷#fpd30#api
10002785,8356,20250117,1,Rate36,拍拍贷,dpd,3,60,3,mob3_dpd60,api,拍拍贷#mob3_dpd60#api
10002785,8357,20250126,0,Rate36,美团月付,dpd,6,60,6,mob6_dpd60,h5,美团月付#mob6_dpd60#h5
10002786,8358,20241223,0,Rate36,美团月付,fpd,,30,,fpd30,h5,美团月付#fpd30#h5
10002786,8359,20250425,0,Rate36,美团月付,dpd,6,60,6,mob6_dpd60,api,美团月付#mob6_dpd60#api
10002786,8360,20250327,0,Rate36,美团月付,dpd,9,30,9,mob9_dpd30,h5,美团月付#mob9_dpd30#h5
10002787,8361,20251022,0,Rate36,美团月付,dpd,9,60,9,mob9_dpd60,h5,美团月付#mob9_dpd60#h5
10002787,8362,20250113,0,Rate36,美团月付,dpd,3,30,3,mob3_dpd30,api,美团月付#mob3_dpd30#api
10002787,8363,20250701,0,Rate36,美团月付,dpd,12,30,12,mob12_dpd30,h5,美团月付#mob12_dpd30#h5
10002788,8364,20241002,0,Rate36,拍拍贷,dpd,3,60,3,mob3_dpd60,api,拍拍贷#mob3_dpd60#api
10002788,8365,20251226,0,Rate36,美团月付,dpd,3,30,3,mob3_dpd30,h5,美团月付#mob3_dpd30#h5
10002788,8366,20250726,1,Rate36,拍拍贷,dpd,6,30,6,mob6_dpd30,api,拍拍贷#mob6_dpd30#api
10002789,8367,20241205,0,Rate36,美团月付,fpd,,60,,fpd60,api,美团月付#fpd60#api
10002789,8368,20250417,0,Rate36,拍拍贷,dpd,9,30,9,mob9_dpd30,api,拍拍贷#mob9_dpd30#api
10002789,8369,20251207,-2,Rate36,美团月付,dpd,6,60,6,mob6_dpd60,api,美团月付#mob6_dpd60#api
10002790,8370,20240307,0,Rate36,美团月付,fpd,,60,,fpd60,h5,美团月付#fpd60#h5
10002790,8371,20241222,0,Rate36,美团月付,dpd,6,30,6,mob6_dpd30,api,美团月付#mob6_dpd30#api
10002790,8372,20250528,1,Rate36,拍拍贷,dpd,9,30,9,mob9_dpd30,h5,拍拍贷#mob9_dpd30#h5
10002791,8373,20250111,0,Rate36,美团月付,dpd,3,30,3,mob3_dpd30,h5,美团月付#mob3_dpd30#h5
10002791,8374,20260127,0,Rate36,美团月付,dpd,6,30,6,mob6_dpd30,api,美团月付#mob6_dpd30#api
10002791,8375,20260211,1,Rate36,拍拍贷,dpd,9,30,9,mob9_dpd30,h5,拍拍贷#mob9_dpd30#h5
10002792,8376,20250606,0,Rate36,美团月付,dpd,6,60,6,mob6_dpd60,h5,美团月付#mob6_dpd60#h5
10002792,8377,20251226,0,Rate36,拍拍贷,dpd,3,30,3,mob3_dpd30,h5,拍拍贷#mob3_dpd30#h5
10002792,8378,20240318,0,Rate36,拍拍贷,dpd,3,30,3,mob3_dpd30,h5,拍拍贷#mob3_dpd30#h5
10002793,8379,20260203,0,Rate36,拍拍贷,dpd,6,60,6,mob6_dpd60,h5,拍拍贷#mob6_dpd60#h5
10002793,8380,20250224,0,Rate36,拍拍贷,fpd,,60,,fpd60,api,拍拍贷#fpd60#api
10002793,8381,20241220,0,Rate36,拍拍贷,dpd,6,60,6,mob6_dpd60,api,拍拍贷#mob6_dpd60#api
10002794,8382,20250803,0,Rate36,美团月付,dpd,12,60,12,mob12_dpd60,api,美团月付#mob12_dpd60#api
10002794,8383,20251213,0,Rate36,拍拍贷,dpd,6,30,6,mob6_dpd30,api,拍拍贷#mob6_dpd30#api
10002794,8384,20240923,1,Rate36,美团月付,dpd,12,60,12,mob12_dpd60,h5,美团月付#mob12_dpd60#h5
10002795,8385,20240606,0,Rate36,拍拍贷,dpd,3,60,3,mob3_dpd60,h5,拍拍贷#mob3_dpd60#h5
10002795,8386,20250403,0,Rate36,美团月付,dpd,12,30,12,mob12_dpd30,api,美团月付#mob12_dpd30#api
10002795,8387,20250721,1,Rate36,美团月付,dpd,9,60,9,mob9_dpd60,h5,美团月付#mob9_dpd60#h5
10002796,8388,20250503,0,Rate36,拍拍贷,dpd,6,60,6,mob6_dpd60,h5,拍拍贷#mob6_dpd60#h5
10002796,8389,20240725,-2,Rate36,拍拍贷,dpd,12,60,12,mob12_dpd60,h5,拍拍贷#mob12_dpd60#h5
10002796,8390,20250826,0,Rate36,拍拍贷,dpd,6,30,6,mob6_dpd30,api,拍拍贷#mob6_dpd30#api
10002797,8391,20241006,0,Rate36,美团月付,dpd,9,30,9,mob9_dpd30,h5,美团月付#mob9_dpd30#h5
10002797,8392,20240921,0,Rate36,拍拍贷,dpd,6,60,6,mob6_dpd60,api,拍拍贷#mob6_dpd60#api
10002797,8393,20251128,0,Rate36,美团月付,fpd,,60,,fpd60,h5,美团月付#fpd60#h5
10002798,8394,20251217,1,Rate36,美团月付,fpd,,30,,fpd30,h5,美团月付#fpd30#h5
10002798,8395,20250806,1,Rate36,拍拍贷,dpd,6,30,6,mob6_dpd30,api,拍拍贷#mob6_dpd30#api
10002798,8396,20240813,0,Rate36,拍拍贷,dpd,9,30,9,mob9_dpd30,h5,拍拍贷#mob9_dpd30#h5
10002799,8397,20251106,0,Rate36,拍拍贷,dpd,9,60,9,mob9_dpd60,h5,拍拍贷#mob9_dpd60#h5
10002799,8398,20250328,1,Rate36,美团月付,fpd,,60,,fpd60,h5,美团月付#fpd60#h5
10002799,8399,20250827,1,Rate36,拍拍贷,dpd,6,60,6,mob6_dpd60,api,拍拍贷#mob6_dpd60#api
10002800,8400,20241016,1,Rate36,美团月付,dpd,9,30,9,mob9_dpd30,api,美团月付#mob9_dpd30#api
10002800,8401,20260105,1,Rate36,拍拍贷,fpd,,60,,fpd60,h5,拍拍贷#fpd60#h5
10002800,8402,20250803,0,Rate36,美团月付,dpd,3,30,3,mob3_dpd30,h5,美团月付#mob3_dpd30#h5
10002801,8403,20240306,0,Rate36,美团月付,dpd,6,60,6,mob6_dpd60,api,美团月付#mob6_dpd60#api
10002801,8404,20250107,0,Rate36,拍拍贷,fpd,,30,,fpd30,h5,拍拍贷#fpd30#h5
10002801,8405,20250809,0,Rate36,拍拍贷,dpd,6,30,6,mob6_dpd30,api,拍拍贷#mob6_dpd30#api
10002802,8406,20250828,0,Rate36,美团月付,dpd,12,60,12,mob12_dpd60,api,美团月付#mob12_dpd60#api
10002802,8407,20251211,0,Rate36,美团月付,dpd,9,60,9,mob9_dpd60,h5,美团月付#mob9_dpd60#h5
10002802,8408,20251114,0,Rate36,美团月付,fpd,,60,,fpd60,api,美团月付#fpd60#api
10002803,8409,20240611,0,Rate36,拍拍贷,dpd,12,30,12,mob12_dpd30,h5,拍拍贷#mob12_dpd30#h5
10002803,8410,20240317,0,Rate36,美团月付,fpd,,30,,fpd30,api,美团月付#fpd30#api
10002803,8411,20240812,1,Rate36,拍拍贷,dpd,9,60,9,mob9_dpd60,api,拍拍贷#mob9_dpd60#api
10002804,8412,20250910,1,Rate36,美团月付,dpd,9,60,9,mob9_dpd60,h5,美团月付#mob9_dpd60#h5
10002804,8413,20240810,0,Rate36,美团月付,dpd,12,60,12,mob12_dpd60,api,美团月付#mob12_dpd60#api
10002804,8414,20251008,0,Rate36,拍拍贷,fpd,,30,,fpd30,h5,拍拍贷#fpd30#h5
10002805,8415,20260128,0,Rate36,美团月付,dpd,9,30,9,mob9_dpd30,h5,美团月付#mob9_dpd30#h5
10002805,8416,20240327,0,Rate36,拍拍贷,fpd,,60,,fpd60,h5,拍拍贷#fpd60#h5
10002805,8417,20251125,0,Rate36,美团月付,fpd,,60,,fpd60,h5,美团月付#fpd60#h5
10002806,8418,20240801,0,Rate36,拍拍贷,dpd,9,30,9,mob9_dpd30,h5,拍拍贷#mob9_dpd30#h5
10002806,8419,20250212,0,Rate36,美团月付,dpd,6,30,6,mob6_dpd30,h5,美团月付#mob6_dpd30#h5
10002806,8420,20250602,1,Rate36,美团月付,dpd,6,30,6,mob6_dpd30,h5,美团月付#mob6_dpd30#h5
10002807,8421,20240614,1,Rate36,美团月付,dpd,6,60,6,mob6_dpd60,api,美团月付#mob6_dpd60#api
10002807,8422,20251008,0,Rate36,美团月付,fpd,,30,,fpd30,h5,美团月付#fpd30#h5
10002807,8423,20250419,0,Rate36,美团月付,dpd,3,60,3,mob3_dpd60,h5,美团月付#mob3_dpd60#h5
10002808,8424,20240826,0,Rate36,拍拍贷,dpd,9,30,9,mob9_dpd30,api,拍拍贷#mob9_dpd30#api
10002808,8425,20250512,0,Rate36,拍拍贷,dpd,12,60,12,mob12_dpd60,h5,拍拍贷#mob12_dpd60#h5
10002808,8426,20241021,0,Rate36,拍拍贷,dpd,3,30,3,mob3_dpd30,h5,拍拍贷#mob3_dpd30#h5
10002809,8427,20250226,-2,Rate36,拍拍贷,dpd,12,30,12,mob12_dpd30,h5,拍拍贷#mob12_dpd30#h5
10002809,8428,20251208,0,Rate36,拍拍贷,dpd,6,60,6,mob6_dpd60,api,拍拍贷#mob6_dpd60#api
10002809,8429,20250922,0,Rate36,拍拍贷,dpd,6,60,6,mob6_dpd60,api,拍拍贷#mob6_dpd60#api
10002810,8430,20240826,0,Rate36,拍拍贷,dpd,9,30,9,mob9_dpd30,api,拍拍贷#mob9_dpd30#api
10002810,8431,20240516,0,Rate36,拍拍贷,dpd,6,30,6,mob6_dpd30,h5,拍拍贷#mob6_dpd30#h5
10002810,8432,20251007,0,Rate36,拍拍贷,dpd,12,60,12,mob12_dpd60,h5,拍拍贷#mob12_dpd60#h5
10002811,8433,20240615,0,Rate36,拍拍贷,dpd,3,30,3,mob3_dpd30,api,拍拍贷#mob3_dpd30#api
10002811,8434,20250918,0,Rate36,拍拍贷,dpd,6,60,6,mob6_dpd60,h5,拍拍贷#mob6_dpd60#h5
10002811,8435,20260110,0,Rate36,美团月付,dpd,6,60,6,mob6_dpd60,h5,美团月付#mob6_dpd60#h5
10002812,8436,20251207,0,Rate36,美团月付,dpd,9,60,9,mob9_dpd60,h5,美团月付#mob9_dpd60#h5
10002812,8437,20251213,0,Rate36,拍拍贷,fpd,,30,,fpd30,api,拍拍贷#fpd30#api
10002812,8438,20251205,0,Rate36,美团月付,dpd,9,30,9,mob9_dpd30,api,美团月付#mob9_dpd30#api
10002813,8439,20251023,1,Rate36,拍拍贷,dpd,9,30,9,mob9_dpd30,h5,拍拍贷#mob9_dpd30#h5
10002813,8440,20260215,0,Rate36,拍拍贷,fpd,,30,,fpd30,api,拍拍贷#fpd30#api
10002813,8441,20251123,0,Rate36,拍拍贷,dpd,9,30,9,mob9_dpd30,h5,拍拍贷#mob9_dpd30#h5
10002814,8442,20250805,0,Rate36,美团月付,dpd,3,30,3,mob3_dpd30,h5,美团月付#mob3_dpd30#h5
10002814,8443,20250501,1,Rate36,美团月付,dpd,9,30,9,mob9_dpd30,h5,美团月付#mob9_dpd30#h5
10002814,8444,20240903,0,Rate36,美团月付,dpd,9,30,9,mob9_dpd30,h5,美团月付#mob9_dpd30#h5
10002815,8445,20241013,-2,Rate36,拍拍贷,dpd,9,30,9,mob9_dpd30,h5,拍拍贷#mob9_dpd30#h5
10002815,8446,20240608,1,Rate36,拍拍贷,dpd,3,60,3,mob3_dpd60,api,拍拍贷#mob3_dpd60#api
10002815,8447,20250926,0,Rate36,拍拍贷,dpd,3,60,3,mob3_dpd60,api,拍拍贷#mob3_dpd60#api
10002816,8448,20250428,-2,Rate36,美团月付,dpd,9,60,9,mob9_dpd60,h5,美团月付#mob9_dpd60#h5
10002816,8449,20240401,0,Rate36,拍拍贷,fpd,,30,,fpd30,h5,拍拍贷#fpd30#h5
10002816,8450,20240421,0,Rate36,拍拍贷,dpd,3,60,3,mob3_dpd60,api,拍拍贷#mob3_dpd60#api
10002817,8451,20240718,1,Rate36,美团月付,dpd,9,30,9,mob9_dpd30,h5,美团月付#mob9_dpd30#h5
10002817,8452,20260211,0,Rate36,美团月付,dpd,6,30,6,mob6_dpd30,h5,美团月付#mob6_dpd30#h5
10002817,8453,20241218,0,Rate36,美团月付,dpd,9,30,9,mob9_dpd30,h5,美团月付#mob9_dpd30#h5
10002818,8454,20250519,1,Rate36,美团月付,dpd,3,30,3,mob3_dpd30,api,美团月付#mob3_dpd30#api
10002818,8455,20251227,0,Rate36,拍拍贷,dpd,9,30,9,mob9_dpd30,api,拍拍贷#mob9_dpd30#api
10002818,8456,20260114,1,Rate36,拍拍贷,dpd,12,30,12,mob12_dpd30,api,拍拍贷#mob12_dpd30#api
10002819,8457,20240703,0,Rate36,拍拍贷,dpd,12,30,12,mob12_dpd30,api,拍拍贷#mob12_dpd30#api
10002819,8458,20260212,1,Rate36,美团月付,dpd,9,60,9,mob9_dpd60,h5,美团月付#mob9_dpd60#h5
10002819,8459,20240604,0,Rate36,拍拍贷,dpd,3,30,3,mob3_dpd30,api,拍拍贷#mob3_dpd30#api
10002820,8460,20241121,0,Rate36,拍拍贷,dpd,6,30,6,mob6_dpd30,api,拍拍贷#mob6_dpd30#api
10002820,8461,20250404,1,Rate36,拍拍贷,dpd,6,60,6,mob6_dpd60,h5,拍拍贷#mob6_dpd60#h5
10002820,8462,20250727,0,Rate36,拍拍贷,dpd,3,60,3,mob3_dpd60,api,拍拍贷#mob3_dpd60#api
10002821,8463,20250308,1,Rate36,拍拍贷,fpd,,30,,fpd30,api,拍拍贷#fpd30#api
10002821,8464,20240309,0,Rate36,美团月付,dpd,3,30,3,mob3_dpd30,h5,美团月付#mob3_dpd30#h5
10002821,8465,20251210,-2,Rate36,拍拍贷,dpd,12,30,12,mob12_dpd30,h5,拍拍贷#mob12_dpd30#h5
10002822,8466,20250519,0,Rate36,美团月付,dpd,6,60,6,mob6_dpd60,api,美团月付#mob6_dpd60#api
10002822,8467,20240308,0,Rate36,美团月付,dpd,6,60,6,mob6_dpd60,h5,美团月付#mob6_dpd60#h5
10002822,8468,20240910,1,Rate36,拍拍贷,fpd,,60,,fpd60,api,拍拍贷#fpd60#api
10002823,8469,20240308,0,Rate36,美团月付,dpd,6,30,6,mob6_dpd30,h5,美团月付#mob6_dpd30#h5
10002823,8470,20260126,0,Rate36,拍拍贷,dpd,3,30,3,mob3_dpd30,h5,拍拍贷#mob3_dpd30#h5
10002823,8471,20250216,0,Rate36,拍拍贷,dpd,6,30,6,mob6_dpd30,api,拍拍贷#mob6_dpd30#api
10002824,8472,20260201,0,Rate36,拍拍贷,dpd,6,30,6,mob6_dpd30,api,拍拍贷#mob6_dpd30#api
10002824,8473,20250414,0,Rate36,美团月付,dpd,6,30,6,mob6_dpd30,api,美团月付#mob6_dpd30#api
10002824,8474,20240411,0,Rate36,拍拍贷,dpd,6,30,6,mob6_dpd30,h5,拍拍贷#mob6_dpd30#h5
10002825,8475,20250805,0,Rate36,美团月付,dpd,6,30,6,mob6_dpd30,h5,美团月付#mob6_dpd30#h5
10002825,8476,20240307,0,Rate36,拍拍贷,dpd,12,60,12,mob12_dpd60,h5,拍拍贷#mob12_dpd60#h5
10002825,8477,20250622,0,Rate36,拍拍贷,dpd,12,60,12,mob12_dpd60,h5,拍拍贷#mob12_dpd60#h5
10002826,8478,20260226,-2,Rate36,拍拍贷,fpd,,60,,fpd60,api,拍拍贷#fpd60#api
10002826,8479,20251020,0,Rate36,拍拍贷,dpd,9,30,9,mob9_dpd30,api,拍拍贷#mob9_dpd30#api
10002826,8480,20250306,0,Rate36,拍拍贷,fpd,,30,,fpd30,api,拍拍贷#fpd30#api
10002827,8481,20250619,0,Rate36,美团月付,dpd,6,30,6,mob6_dpd30,h5,美团月付#mob6_dpd30#h5
10002827,8482,20240728,0,Rate36,美团月付,fpd,,30,,fpd30,api,美团月付#fpd30#api
10002827,8483,20250210,0,Rate36,美团月付,dpd,3,30,3,mob3_dpd30,api,美团月付#mob3_dpd30#api
10002828,8484,20250621,0,Rate36,美团月付,fpd,,30,,fpd30,h5,美团月付#fpd30#h5
10002828,8485,20240717,0,Rate36,美团月付,fpd,,30,,fpd30,api,美团月付#fpd30#api
10002828,8486,20240823,0,Rate36,美团月付,dpd,3,30,3,mob3_dpd30,api,美团月付#mob3_dpd30#api
10002829,8487,20240307,0,Rate36,美团月付,fpd,,30,,fpd30,api,美团月付#fpd30#api
10002829,8488,20240311,0,Rate36,美团月付,dpd,3,60,3,mob3_dpd60,api,美团月付#mob3_dpd60#api
10002829,8489,20241106,1,Rate36,拍拍贷,fpd,,30,,fpd30,h5,拍拍贷#fpd30#h5
10002830,8490,20260124,0,Rate36,拍拍贷,dpd,6,60,6,mob6_dpd60,api,拍拍贷#mob6_dpd60#api
10002830,8491,20260223,0,Rate36,美团月付,fpd,,30,,fpd30,h5,美团月付#fpd30#h5
10002830,8492,20251103,1,Rate36,拍拍贷,dpd,6,60,6,mob6_dpd60,h5,拍拍贷#mob6_dpd60#h5
10002831,8493,20250523,0,Rate36,拍拍贷,dpd,3,60,3,mob3_dpd60,api,拍拍贷#mob3_dpd60#api
10002831,8494,20251025,0,Rate36,拍拍贷,dpd,6,30,6,mob6_dpd30,api,拍拍贷#mob6_dpd30#api
10002831,8495,20251218,0,Rate36,美团月付,dpd,6,30,6,mob6_dpd30,h5,美团月付#mob6_dpd30#h5
10002832,8496,20250103,0,Rate36,美团月付,dpd,6,30,6,mob6_dpd30,api,美团月付#mob6_dpd30#api
10002832,8497,20250715,1,Rate36,美团月付,dpd,12,30,12,mob12_dpd30,api,美团月付#mob12_dpd30#api
10002832,8498,20240618,1,Rate36,美团月付,dpd,9,30,9,mob9_dpd30,api,美团月付#mob9_dpd30#api
10002833,8499,20250408,0,Rate36,拍拍贷,dpd,12,30,12,mob12_dpd30,api,拍拍贷#mob12_dpd30#api
10002833,8500,20250314,-2,Rate36,美团月付,dpd,6,60,6,mob6_dpd60,api,美团月付#mob6_dpd60#api
10002833,8501,20240325,0,Rate36,美团月付,fpd,,30,,fpd30,api,美团月付#fpd30#api
10002834,8502,20251105,1,Rate36,美团月付,dpd,12,30,12,mob12_dpd30,h5,美团月付#mob12_dpd30#h5
10002834,8503,20240713,0,Rate36,美团月付,dpd,6,30,6,mob6_dpd30,h5,美团月付#mob6_dpd30#h5
10002834,8504,20241201,0,Rate36,美团月付,dpd,3,60,3,mob3_dpd60,api,美团月付#mob3_dpd60#api
10002835,8505,20240625,1,Rate36,美团月付,fpd,,30,,fpd30,h5,美团月付#fpd30#h5
10002835,8506,20251017,0,Rate36,美团月付,dpd,9,30,9,mob9_dpd30,api,美团月付#mob9_dpd30#api
10002835,8507,20250324,0,Rate36,美团月付,dpd,12,60,12,mob12_dpd60,api,美团月付#mob12_dpd60#api
10002836,8508,20250715,1,Rate36,美团月付,dpd,12,30,12,mob12_dpd30,api,美团月付#mob12_dpd30#api
10002836,8509,20260110,-2,Rate36,美团月付,dpd,6,30,6,mob6_dpd30,api,美团月付#mob6_dpd30#api
10002836,8510,20251218,0,Rate36,拍拍贷,fpd,,30,,fpd30,api,拍拍贷#fpd30#api
10002837,8511,20250523,0,Rate36,美团月付,fpd,,30,,fpd30,h5,美团月付#fpd30#h5
10002837,8512,20250120,0,Rate36,拍拍贷,dpd,12,30,12,mob12_dpd30,api,拍拍贷#mob12_dpd30#api
10002837,8513,20240908,0,Rate36,美团月付,fpd,,30,,fpd30,api,美团月付#fpd30#api
10002838,8514,20241112,0,Rate36,美团月付,fpd,,60,,fpd60,api,美团月付#fpd60#api
10002838,8515,20250104,0,Rate36,拍拍贷,dpd,12,60,12,mob12_dpd60,api,拍拍贷#mob12_dpd60#api
10002838,8516,20240815,0,Rate36,美团月付,dpd,9,60,9,mob9_dpd60,h5,美团月付#mob9_dpd60#h5
10002839,8517,20240717,0,Rate36,拍拍贷,dpd,9,60,9,mob9_dpd60,api,拍拍贷#mob9_dpd60#api
10002839,8518,20241022,1,Rate36,拍拍贷,dpd,9,30,9,mob9_dpd30,h5,拍拍贷#mob9_dpd30#h5
10002839,8519,20240916,0,Rate36,拍拍贷,dpd,6,60,6,mob6_dpd60,api,拍拍贷#mob6_dpd60#api
10002840,8520,20250406,1,Rate36,美团月付,dpd,6,30,6,mob6_dpd30,api,美团月付#mob6_dpd30#api
10002840,8521,20251109,0,Rate36,拍拍贷,dpd,6,30,6,mob6_dpd30,h5,拍拍贷#mob6_dpd30#h5
10002840,8522,20241001,0,Rate36,拍拍贷,fpd,,30,,fpd30,api,拍拍贷#fpd30#api
10002841,8523,20250509,0,Rate36,拍拍贷,dpd,12,60,12,mob12_dpd60,api,拍拍贷#mob12_dpd60#api
10002841,8524,20250919,0,Rate36,拍拍贷,dpd,3,60,3,mob3_dpd60,api,拍拍贷#mob3_dpd60#api
10002841,8525,20240419,0,Rate36,美团月付,dpd,6,30,6,mob6_dpd30,h5,美团月付#mob6_dpd30#h5
10002842,8526,20260207,0,Rate36,美团月付,dpd,6,30,6,mob6_dpd30,h5,美团月付#mob6_dpd30#h5
10002842,8527,20260118,0,Rate36,美团月付,fpd,,30,,fpd30,api,美团月付#fpd30#api
10002842,8528,20260212,1,Rate36,拍拍贷,dpd,9,60,9,mob9_dpd60,api,拍拍贷#mob9_dpd60#api
10002843,8529,20251226,0,Rate36,拍拍贷,fpd,,60,,fpd60,api,拍拍贷#fpd60#api
10002843,8530,20260121,0,Rate36,美团月付,dpd,9,60,9,mob9_dpd60,h5,美团月付#mob9_dpd60#h5
10002843,8531,20251219,0,Rate36,美团月付,dpd,3,30,3,mob3_dpd30,h5,美团月付#mob3_dpd30#h5
10002844,8532,20250917,0,Rate36,美团月付,dpd,6,30,6,mob6_dpd30,api,美团月付#mob6_dpd30#api
10002844,8533,20251105,0,Rate36,拍拍贷,fpd,,60,,fpd60,api,拍拍贷#fpd60#api
10002844,8534,20250220,0,Rate36,美团月付,fpd,,30,,fpd30,api,美团月付#fpd30#api
10002845,8535,20250424,0,Rate36,美团月付,dpd,6,60,6,mob6_dpd60,h5,美团月付#mob6_dpd60#h5
10002845,8536,20250405,0,Rate36,拍拍贷,dpd,3,30,3,mob3_dpd30,api,拍拍贷#mob3_dpd30#api
10002845,8537,20240714,0,Rate36,美团月付,dpd,6,30,6,mob6_dpd30,h5,美团月付#mob6_dpd30#h5
10002846,8538,20240909,0,Rate36,美团月付,dpd,6,30,6,mob6_dpd30,h5,美团月付#mob6_dpd30#h5
10002846,8539,20251201,0,Rate36,拍拍贷,fpd,,30,,fpd30,api,拍拍贷#fpd30#api
10002846,8540,20260202,0,Rate36,美团月付,dpd,12,60,12,mob12_dpd60,api,美团月付#mob12_dpd60#api
10002847,8541,20241206,0,Rate36,美团月付,dpd,9,30,9,mob9_dpd30,h5,美团月付#mob9_dpd30#h5
10002847,8542,20260226,0,Rate36,拍拍贷,fpd,,30,,fpd30,api,拍拍贷#fpd30#api
10002847,8543,20250826,0,Rate36,美团月付,fpd,,30,,fpd30,h5,美团月付#fpd30#h5
10002848,8544,20241221,0,Rate36,拍拍贷,dpd,12,30,12,mob12_dpd30,h5,拍拍贷#mob12_dpd30#h5
10002848,8545,20250510,0,Rate36,拍拍贷,dpd,6,60,6,mob6_dpd60,api,拍拍贷#mob6_dpd60#api
10002848,8546,20250617,1,Rate36,拍拍贷,dpd,6,30,6,mob6_dpd30,h5,拍拍贷#mob6_dpd30#h5
10002849,8547,20240919,0,Rate36,美团月付,dpd,3,30,3,mob3_dpd30,h5,美团月付#mob3_dpd30#h5
10002849,8548,20240603,0,Rate36,拍拍贷,dpd,9,60,9,mob9_dpd60,api,拍拍贷#mob9_dpd60#api
10002849,8549,20240805,0,Rate36,拍拍贷,dpd,12,30,12,mob12_dpd30,h5,拍拍贷#mob12_dpd30#h5
10002850,8550,20241228,0,Rate36,拍拍贷,fpd,,30,,fpd30,api,拍拍贷#fpd30#api
10002850,8551,20240911,0,Rate36,拍拍贷,dpd,12,60,12,mob12_dpd60,h5,拍拍贷#mob12_dpd60#h5
10002850,8552,20241102,0,Rate36,拍拍贷,dpd,9,30,9,mob9_dpd30,api,拍拍贷#mob9_dpd30#api
10002851,8553,20250614,0,Rate36,美团月付,dpd,9,30,9,mob9_dpd30,h5,美团月付#mob9_dpd30#h5
10002851,8554,20241022,0,Rate36,拍拍贷,dpd,3,60,3,mob3_dpd60,h5,拍拍贷#mob3_dpd60#h5
10002851,8555,20260219,0,Rate36,美团月付,fpd,,60,,fpd60,h5,美团月付#fpd60#h5
10002852,8556,20250713,-2,Rate36,拍拍贷,dpd,12,30,12,mob12_dpd30,h5,拍拍贷#mob12_dpd30#h5
10002852,8557,20251216,0,Rate36,拍拍贷,dpd,9,30,9,mob9_dpd30,api,拍拍贷#mob9_dpd30#api
10002852,8558,20240602,-2,Rate36,美团月付,fpd,,60,,fpd60,h5,美团月付#fpd60#h5
10002853,8559,20260214,-2,Rate36,美团月付,dpd,3,30,3,mob3_dpd30,h5,美团月付#mob3_dpd30#h5
10002853,8560,20250626,1,Rate36,拍拍贷,dpd,9,60,9,mob9_dpd60,api,拍拍贷#mob9_dpd60#api
10002853,8561,20250905,1,Rate36,美团月付,dpd,9,60,9,mob9_dpd60,h5,美团月付#mob9_dpd60#h5
10002854,8562,20250801,0,Rate36,拍拍贷,dpd,3,30,3,mob3_dpd30,api,拍拍贷#mob3_dpd30#api
10002854,8563,20240906,0,Rate36,拍拍贷,dpd,6,60,6,mob6_dpd60,h5,拍拍贷#mob6_dpd60#h5
10002854,8564,20250914,-2,Rate36,美团月付,fpd,,30,,fpd30,h5,美团月付#fpd30#h5
10002855,8565,20241109,1,Rate36,美团月付,fpd,,30,,fpd30,h5,美团月付#fpd30#h5
10002855,8566,20250917,1,Rate36,美团月付,dpd,12,30,12,mob12_dpd30,h5,美团月付#mob12_dpd30#h5
10002855,8567,20250219,0,Rate36,美团月付,dpd,9,60,9,mob9_dpd60,h5,美团月付#mob9_dpd60#h5
10002856,8568,20240811,0,Rate36,拍拍贷,dpd,6,30,6,mob6_dpd30,api,拍拍贷#mob6_dpd30#api
10002856,8569,20250815,0,Rate36,拍拍贷,dpd,3,30,3,mob3_dpd30,api,拍拍贷#mob3_dpd30#api
10002856,8570,20240326,0,Rate36,美团月付,dpd,9,30,9,mob9_dpd30,api,美团月付#mob9_dpd30#api
10002857,8571,20240426,-2,Rate36,美团月付,dpd,3,60,3,mob3_dpd60,h5,美团月付#mob3_dpd60#h5
10002857,8572,20250413,1,Rate36,美团月付,dpd,12,30,12,mob12_dpd30,api,美团月付#mob12_dpd30#api
10002857,8573,20240814,0,Rate36,拍拍贷,dpd,3,30,3,mob3_dpd30,api,拍拍贷#mob3_dpd30#api
10002858,8574,20250505,0,Rate36,美团月付,dpd,9,60,9,mob9_dpd60,api,美团月付#mob9_dpd60#api
10002858,8575,20241114,1,Rate36,拍拍贷,dpd,6,60,6,mob6_dpd60,api,拍拍贷#mob6_dpd60#api
10002858,8576,20250224,0,Rate36,拍拍贷,dpd,6,60,6,mob6_dpd60,h5,拍拍贷#mob6_dpd60#h5
10002859,8577,20250512,0,Rate36,美团月付,dpd,12,60,12,mob12_dpd60,api,美团月付#mob12_dpd60#api
10002859,8578,20241227,-2,Rate36,拍拍贷,dpd,12,30,12,mob12_dpd30,api,拍拍贷#mob12_dpd30#api
10002859,8579,20241209,0,Rate36,拍拍贷,fpd,,60,,fpd60,h5,拍拍贷#fpd60#h5
10002860,8580,20250227,0,Rate36,拍拍贷,fpd,,30,,fpd30,api,拍拍贷#fpd30#api
10002860,8581,20241103,1,Rate36,拍拍贷,dpd,12,30,12,mob12_dpd30,h5,拍拍贷#mob12_dpd30#h5
10002860,8582,20241116,0,Rate36,拍拍贷,dpd,6,60,6,mob6_dpd60,h5,拍拍贷#mob6_dpd60#h5
10002861,8583,20250227,0,Rate36,拍拍贷,fpd,,60,,fpd60,api,拍拍贷#fpd60#api
10002861,8584,20240618,0,Rate36,拍拍贷,fpd,,30,,fpd30,h5,拍拍贷#fpd30#h5
10002861,8585,20250402,0,Rate36,拍拍贷,fpd,,30,,fpd30,api,拍拍贷#fpd30#api
10002862,8586,20240304,0,Rate36,美团月付,fpd,,30,,fpd30,h5,美团月付#fpd30#h5
10002862,8587,20250322,1,Rate36,拍拍贷,dpd,12,60,12,mob12_dpd60,api,拍拍贷#mob12_dpd60#api
10002862,8588,20250820,0,Rate36,拍拍贷,dpd,3,60,3,mob3_dpd60,api,拍拍贷#mob3_dpd60#api
10002863,8589,20250122,0,Rate36,美团月付,dpd,9,30,9,mob9_dpd30,h5,美团月付#mob9_dpd30#h5
10002863,8590,20250921,0,Rate36,拍拍贷,dpd,6,30,6,mob6_dpd30,h5,拍拍贷#mob6_dpd30#h5
10002863,8591,20240402,0,Rate36,美团月付,dpd,6,30,6,mob6_dpd30,api,美团月付#mob6_dpd30#api
10002864,8592,20250324,0,Rate36,美团月付,dpd,6,30,6,mob6_dpd30,api,美团月付#mob6_dpd30#api
10002864,8593,20240521,0,Rate36,美团月付,dpd,3,60,3,mob3_dpd60,api,美团月付#mob3_dpd60#api
10002864,8594,20241220,0,Rate36,拍拍贷,dpd,9,30,9,mob9_dpd30,h5,拍拍贷#mob9_dpd30#h5
10002865,8595,20240904,0,Rate36,拍拍贷,dpd,6,60,6,mob6_dpd60,api,拍拍贷#mob6_dpd60#api
10002865,8596,20250103,0,Rate36,美团月付,dpd,6,60,6,mob6_dpd60,h5,美团月付#mob6_dpd60#h5
10002865,8597,20241111,0,Rate36,美团月付,fpd,,30,,fpd30,h5,美团月付#fpd30#h5
10002866,8598,20250403,0,Rate36,美团月付,dpd,3,30,3,mob3_dpd30,h5,美团月付#mob3_dpd30#h5
10002866,8599,20250306,1,Rate36,美团月付,dpd,6,60,6,mob6_dpd60,h5,美团月付#mob6_dpd60#h5
10002866,8600,20240627,0,Rate36,美团月付,dpd,9,60,9,mob9_dpd60,h5,美团月付#mob9_dpd60#h5
10002867,8601,20240823,0,Rate36,美团月付,dpd,3,60,3,mob3_dpd60,api,美团月付#mob3_dpd60#api
10002867,8602,20250605,0,Rate36,拍拍贷,dpd,9,60,9,mob9_dpd60,h5,拍拍贷#mob9_dpd60#h5
10002867,8603,20250918,1,Rate36,美团月付,fpd,,60,,fpd60,api,美团月付#fpd60#api
10002868,8604,20250518,1,Rate36,美团月付,dpd,12,60,12,mob12_dpd60,api,美团月付#mob12_dpd60#api
10002868,8605,20251028,1,Rate36,美团月付,dpd,9,30,9,mob9_dpd30,api,美团月付#mob9_dpd30#api
10002868,8606,20240711,0,Rate36,拍拍贷,fpd,,30,,fpd30,api,拍拍贷#fpd30#api
10002869,8607,20240503,1,Rate36,拍拍贷,dpd,12,60,12,mob12_dpd60,api,拍拍贷#mob12_dpd60#api
10002869,8608,20250808,0,Rate36,拍拍贷,dpd,12,30,12,mob12_dpd30,h5,拍拍贷#mob12_dpd30#h5
10002869,8609,20240712,0,Rate36,美团月付,dpd,6,30,6,mob6_dpd30,api,美团月付#mob6_dpd30#api
10002870,8610,20250803,0,Rate36,美团月付,dpd,3,60,3,mob3_dpd60,api,美团月付#mob3_dpd60#api
10002870,8611,20240826,0,Rate36,美团月付,dpd,12,60,12,mob12_dpd60,h5,美团月付#mob12_dpd60#h5
10002870,8612,20240403,1,Rate36,美团月付,dpd,12,30,12,mob12_dpd30,api,美团月付#mob12_dpd30#api
10002871,8613,20250227,1,Rate36,美团月付,dpd,6,60,6,mob6_dpd60,api,美团月付#mob6_dpd60#api
10002871,8614,20250414,0,Rate36,美团月付,fpd,,30,,fpd30,api,美团月付#fpd30#api
10002871,8615,20250702,0,Rate36,拍拍贷,dpd,12,30,12,mob12_dpd30,h5,拍拍贷#mob12_dpd30#h5
10002872,8616,20250924,-2,Rate36,拍拍贷,dpd,12,60,12,mob12_dpd60,h5,拍拍贷#mob12_dpd60#h5
10002872,8617,20250910,0,Rate36,美团月付,dpd,9,30,9,mob9_dpd30,h5,美团月付#mob9_dpd30#h5
10002872,8618,20260215,0,Rate36,美团月付,dpd,12,30,12,mob12_dpd30,api,美团月付#mob12_dpd30#api
10002873,8619,20260210,1,Rate36,拍拍贷,dpd,6,60,6,mob6_dpd60,h5,拍拍贷#mob6_dpd60#h5
10002873,8620,20240612,1,Rate36,拍拍贷,dpd,12,60,12,mob12_dpd60,api,拍拍贷#mob12_dpd60#api
10002873,8621,20250718,0,Rate36,拍拍贷,dpd,3,30,3,mob3_dpd30,h5,拍拍贷#mob3_dpd30#h5
10002874,8622,20240423,0,Rate36,拍拍贷,dpd,12,30,12,mob12_dpd30,api,拍拍贷#mob12_dpd30#api
10002874,8623,20240922,0,Rate36,拍拍贷,dpd,12,30,12,mob12_dpd30,api,拍拍贷#mob12_dpd30#api
10002874,8624,20250204,0,Rate36,美团月付,fpd,,30,,fpd30,h5,美团月付#fpd30#h5
10002875,8625,20250701,0,Rate36,美团月付,dpd,6,30,6,mob6_dpd30,h5,美团月付#mob6_dpd30#h5
10002875,8626,20240826,0,Rate36,美团月付,fpd,,30,,fpd30,api,美团月付#fpd30#api
10002875,8627,20251114,1,Rate36,美团月付,dpd,3,60,3,mob3_dpd60,h5,美团月付#mob3_dpd60#h5
10002876,8628,20260208,0,Rate36,美团月付,dpd,9,30,9,mob9_dpd30,h5,美团月付#mob9_dpd30#h5
10002876,8629,20250421,0,Rate36,美团月付,dpd,6,30,6,mob6_dpd30,h5,美团月付#mob6_dpd30#h5
10002876,8630,20250622,0,Rate36,拍拍贷,fpd,,30,,fpd30,api,拍拍贷#fpd30#api
10002877,8631,20251104,0,Rate36,拍拍贷,dpd,12,60,12,mob12_dpd60,h5,拍拍贷#mob12_dpd60#h5
10002877,8632,20240912,0,Rate36,拍拍贷,dpd,9,30,9,mob9_dpd30,h5,拍拍贷#mob9_dpd30#h5
10002877,8633,20250727,0,Rate36,拍拍贷,dpd,3,60,3,mob3_dpd60,h5,拍拍贷#mob3_dpd60#h5
10002878,8634,20251119,0,Rate36,拍拍贷,dpd,3,60,3,mob3_dpd60,api,拍拍贷#mob3_dpd60#api
10002878,8635,20250302,0,Rate36,美团月付,fpd,,30,,fpd30,api,美团月付#fpd30#api
10002878,8636,20260118,0,Rate36,美团月付,fpd,,30,,fpd30,api,美团月付#fpd30#api
10002879,8637,20250326,0,Rate36,美团月付,dpd,3,60,3,mob3_dpd60,h5,美团月付#mob3_dpd60#h5
10002879,8638,20240407,1,Rate36,拍拍贷,dpd,9,60,9,mob9_dpd60,h5,拍拍贷#mob9_dpd60#h5
10002879,8639,20240519,-2,Rate36,美团月付,dpd,3,30,3,mob3_dpd30,h5,美团月付#mob3_dpd30#h5
10002880,8640,20250107,0,Rate36,美团月付,dpd,6,60,6,mob6_dpd60,api,美团月付#mob6_dpd60#api
10002880,8641,20240719,0,Rate36,拍拍贷,dpd,3,60,3,mob3_dpd60,h5,拍拍贷#mob3_dpd60#h5
10002880,8642,20250809,0,Rate36,美团月付,dpd,12,60,12,mob12_dpd60,h5,美团月付#mob12_dpd60#h5
10002881,8643,20251014,0,Rate36,拍拍贷,fpd,,30,,fpd30,api,拍拍贷#fpd30#api
10002881,8644,20251209,0,Rate36,拍拍贷,dpd,12,30,12,mob12_dpd30,h5,拍拍贷#mob12_dpd30#h5
10002881,8645,20250604,0,Rate36,美团月付,fpd,,30,,fpd30,h5,美团月付#fpd30#h5
10002882,8646,20240704,1,Rate36,拍拍贷,dpd,6,30,6,mob6_dpd30,api,拍拍贷#mob6_dpd30#api
10002882,8647,20240322,0,Rate36,拍拍贷,fpd,,60,,fpd60,api,拍拍贷#fpd60#api
10002882,8648,20260224,1,Rate36,拍拍贷,dpd,3,30,3,mob3_dpd30,h5,拍拍贷#mob3_dpd30#h5
10002883,8649,20240713,0,Rate36,拍拍贷,dpd,6,30,6,mob6_dpd30,h5,拍拍贷#mob6_dpd30#h5
10002883,8650,20240314,0,Rate36,拍拍贷,dpd,3,30,3,mob3_dpd30,api,拍拍贷#mob3_dpd30#api
10002883,8651,20241228,0,Rate36,拍拍贷,dpd,3,60,3,mob3_dpd60,h5,拍拍贷#mob3_dpd60#h5
10002884,8652,20250101,1,Rate36,美团月付,dpd,12,60,12,mob12_dpd60,h5,美团月付#mob12_dpd60#h5
10002884,8653,20250311,0,Rate36,美团月付,dpd,9,60,9,mob9_dpd60,h5,美团月付#mob9_dpd60#h5
10002884,8654,20250618,0,Rate36,美团月付,dpd,6,60,6,mob6_dpd60,h5,美团月付#mob6_dpd60#h5
10002885,8655,20250423,0,Rate36,美团月付,dpd,3,60,3,mob3_dpd60,h5,美团月付#mob3_dpd60#h5
10002885,8656,20240402,0,Rate36,美团月付,dpd,9,60,9,mob9_dpd60,api,美团月付#mob9_dpd60#api
10002885,8657,20260202,0,Rate36,美团月付,fpd,,60,,fpd60,h5,美团月付#fpd60#h5
10002886,8658,20250513,0,Rate36,拍拍贷,dpd,12,60,12,mob12_dpd60,api,拍拍贷#mob12_dpd60#api
10002886,8659,20251020,0,Rate36,拍拍贷,dpd,9,30,9,mob9_dpd30,h5,拍拍贷#mob9_dpd30#h5
10002886,8660,20250707,1,Rate36,拍拍贷,dpd,9,30,9,mob9_dpd30,h5,拍拍贷#mob9_dpd30#h5
10002887,8661,20250616,0,Rate36,美团月付,dpd,12,60,12,mob12_dpd60,h5,美团月付#mob12_dpd60#h5
10002887,8662,20251004,1,Rate36,美团月付,dpd,3,60,3,mob3_dpd60,api,美团月付#mob3_dpd60#api
10002887,8663,20250819,0,Rate36,美团月付,dpd,12,60,12,mob12_dpd60,h5,美团月付#mob12_dpd60#h5
10002888,8664,20260211,1,Rate36,拍拍贷,dpd,6,60,6,mob6_dpd60,h5,拍拍贷#mob6_dpd60#h5
10002888,8665,20240304,0,Rate36,拍拍贷,dpd,3,30,3,mob3_dpd30,api,拍拍贷#mob3_dpd30#api
10002888,8666,20241213,0,Rate36,美团月付,dpd,3,60,3,mob3_dpd60,api,美团月付#mob3_dpd60#api
10002889,8667,20251114,1,Rate36,拍拍贷,dpd,12,30,12,mob12_dpd30,h5,拍拍贷#mob12_dpd30#h5
10002889,8668,20250802,0,Rate36,美团月付,dpd,6,30,6,mob6_dpd30,h5,美团月付#mob6_dpd30#h5
10002889,8669,20260124,0,Rate36,拍拍贷,fpd,,30,,fpd30,h5,拍拍贷#fpd30#h5
10002890,8670,20260117,1,Rate36,美团月付,dpd,12,60,12,mob12_dpd60,h5,美团月付#mob12_dpd60#h5
10002890,8671,20251121,0,Rate36,美团月付,dpd,9,30,9,mob9_dpd30,api,美团月付#mob9_dpd30#api
10002890,8672,20240317,1,Rate36,美团月付,fpd,,60,,fpd60,h5,美团月付#fpd60#h5
10002891,8673,20250917,0,Rate36,美团月付,fpd,,30,,fpd30,h5,美团月付#fpd30#h5
10002891,8674,20241009,0,Rate36,美团月付,dpd,12,60,12,mob12_dpd60,h5,美团月付#mob12_dpd60#h5
10002891,8675,20250904,0,Rate36,美团月付,dpd,12,60,12,mob12_dpd60,api,美团月付#mob12_dpd60#api
10002892,8676,20250115,0,Rate36,拍拍贷,fpd,,60,,fpd60,h5,拍拍贷#fpd60#h5
10002892,8677,20241228,0,Rate36,美团月付,dpd,6,30,6,mob6_dpd30,api,美团月付#mob6_dpd30#api
10002892,8678,20241124,1,Rate36,拍拍贷,fpd,,30,,fpd30,api,拍拍贷#fpd30#api
10002893,8679,20251214,0,Rate36,拍拍贷,dpd,12,60,12,mob12_dpd60,h5,拍拍贷#mob12_dpd60#h5
10002893,8680,20250103,0,Rate36,美团月付,dpd,6,60,6,mob6_dpd60,h5,美团月付#mob6_dpd60#h5
10002893,8681,20250317,1,Rate36,美团月付,fpd,,30,,fpd30,h5,美团月付#fpd30#h5
10002894,8682,20240519,0,Rate36,美团月付,dpd,3,30,3,mob3_dpd30,api,美团月付#mob3_dpd30#api
10002894,8683,20240824,1,Rate36,美团月付,dpd,12,30,12,mob12_dpd30,h5,美团月付#mob12_dpd30#h5
10002894,8684,20240415,1,Rate36,美团月付,dpd,12,30,12,mob12_dpd30,api,美团月付#mob12_dpd30#api
10002895,8685,20250424,1,Rate36,美团月付,dpd,6,30,6,mob6_dpd30,h5,美团月付#mob6_dpd30#h5
10002895,8686,20250720,0,Rate36,拍拍贷,dpd,9,30,9,mob9_dpd30,h5,拍拍贷#mob9_dpd30#h5
10002895,8687,20250102,1,Rate36,美团月付,dpd,6,60,6,mob6_dpd60,api,美团月付#mob6_dpd60#api
10002896,8688,20250119,0,Rate36,拍拍贷,dpd,9,30,9,mob9_dpd30,h5,拍拍贷#mob9_dpd30#h5
10002896,8689,20240921,0,Rate36,美团月付,dpd,9,60,9,mob9_dpd60,api,美团月付#mob9_dpd60#api
10002896,8690,20240324,0,Rate36,美团月付,dpd,12,30,12,mob12_dpd30,h5,美团月付#mob12_dpd30#h5
10002897,8691,20250206,1,Rate36,拍拍贷,fpd,,30,,fpd30,h5,拍拍贷#fpd30#h5
10002897,8692,20241107,0,Rate36,拍拍贷,fpd,,30,,fpd30,api,拍拍贷#fpd30#api
10002897,8693,20250808,1,Rate36,美团月付,fpd,,60,,fpd60,h5,美团月付#fpd60#h5
10002898,8694,20250424,1,Rate36,美团月付,dpd,3,30,3,mob3_dpd30,api,美团月付#mob3_dpd30#api
10002898,8695,20241202,0,Rate36,拍拍贷,dpd,12,30,12,mob12_dpd30,api,拍拍贷#mob12_dpd30#api
10002898,8696,20240416,0,Rate36,拍拍贷,dpd,6,30,6,mob6_dpd30,api,拍拍贷#mob6_dpd30#api
10002899,8697,20240319,0,Rate36,拍拍贷,dpd,6,30,6,mob6_dpd30,api,拍拍贷#mob6_dpd30#api
10002899,8698,20240405,0,Rate36,美团月付,dpd,3,60,3,mob3_dpd60,h5,美团月付#mob3_dpd60#h5
10002899,8699,20240703,0,Rate36,美团月付,fpd,,60,,fpd60,h5,美团月付#fpd60#h5
10002900,8700,20251123,0,Rate36,美团月付,dpd,6,30,6,mob6_dpd30,h5,美团月付#mob6_dpd30#h5
10002900,8701,20251108,0,Rate36,拍拍贷,dpd,9,30,9,mob9_dpd30,h5,拍拍贷#mob9_dpd30#h5
10002900,8702,20251118,0,Rate36,美团月付,fpd,,30,,fpd30,h5,美团月付#fpd30#h5
10002901,8703,20240406,0,Rate36,美团月付,dpd,9,30,9,mob9_dpd30,h5,美团月付#mob9_dpd30#h5
10002901,8704,20240514,0,Rate36,美团月付,dpd,6,30,6,mob6_dpd30,h5,美团月付#mob6_dpd30#h5
10002901,8705,20250916,0,Rate36,美团月付,fpd,,30,,fpd30,h5,美团月付#fpd30#h5
10002902,8706,20250723,0,Rate36,美团月付,dpd,9,30,9,mob9_dpd30,h5,美团月付#mob9_dpd30#h5
10002902,8707,20250306,0,Rate36,拍拍贷,dpd,3,60,3,mob3_dpd60,api,拍拍贷#mob3_dpd60#api
10002902,8708,20250203,0,Rate36,拍拍贷,dpd,6,30,6,mob6_dpd30,h5,拍拍贷#mob6_dpd30#h5
10002903,8709,20240911,0,Rate36,拍拍贷,dpd,6,60,6,mob6_dpd60,api,拍拍贷#mob6_dpd60#api
10002903,8710,20250628,0,Rate36,拍拍贷,dpd,6,60,6,mob6_dpd60,h5,拍拍贷#mob6_dpd60#h5
10002903,8711,20240805,0,Rate36,美团月付,dpd,12,30,12,mob12_dpd30,h5,美团月付#mob12_dpd30#h5
10002904,8712,20240927,0,Rate36,拍拍贷,dpd,3,30,3,mob3_dpd30,h5,拍拍贷#mob3_dpd30#h5
10002904,8713,20250420,0,Rate36,拍拍贷,dpd,6,30,6,mob6_dpd30,h5,拍拍贷#mob6_dpd30#h5
10002904,8714,20240802,0,Rate36,拍拍贷,dpd,9,30,9,mob9_dpd30,h5,拍拍贷#mob9_dpd30#h5
10002905,8715,20251208,0,Rate36,美团月付,fpd,,30,,fpd30,h5,美团月付#fpd30#h5
10002905,8716,20240412,0,Rate36,美团月付,dpd,9,30,9,mob9_dpd30,h5,美团月付#mob9_dpd30#h5
10002905,8717,20250915,0,Rate36,拍拍贷,fpd,,30,,fpd30,h5,拍拍贷#fpd30#h5
10002906,8718,20250522,0,Rate36,美团月付,dpd,9,30,9,mob9_dpd30,h5,美团月付#mob9_dpd30#h5
10002906,8719,20240920,0,Rate36,拍拍贷,fpd,,30,,fpd30,h5,拍拍贷#fpd30#h5
10002906,8720,20240522,0,Rate36,美团月付,dpd,12,30,12,mob12_dpd30,api,美团月付#mob12_dpd30#api
10002907,8721,20240421,0,Rate36,美团月付,dpd,6,30,6,mob6_dpd30,api,美团月付#mob6_dpd30#api
10002907,8722,20240910,-2,Rate36,拍拍贷,dpd,9,30,9,mob9_dpd30,h5,拍拍贷#mob9_dpd30#h5
10002907,8723,20251027,0,Rate36,拍拍贷,dpd,6,60,6,mob6_dpd60,api,拍拍贷#mob6_dpd60#api
10002908,8724,20240726,0,Rate36,美团月付,dpd,12,30,12,mob12_dpd30,api,美团月付#mob12_dpd30#api
10002908,8725,20250609,-2,Rate36,美团月付,dpd,6,60,6,mob6_dpd60,api,美团月付#mob6_dpd60#api
10002908,8726,20251104,0,Rate36,拍拍贷,fpd,,30,,fpd30,api,拍拍贷#fpd30#api
10002909,8727,20250408,0,Rate36,美团月付,dpd,6,30,6,mob6_dpd30,h5,美团月付#mob6_dpd30#h5
10002909,8728,20251216,0,Rate36,美团月付,dpd,6,30,6,mob6_dpd30,h5,美团月付#mob6_dpd30#h5
10002909,8729,20260203,0,Rate36,拍拍贷,dpd,12,30,12,mob12_dpd30,api,拍拍贷#mob12_dpd30#api
10002910,8730,20251008,0,Rate36,拍拍贷,dpd,12,30,12,mob12_dpd30,api,拍拍贷#mob12_dpd30#api
10002910,8731,20250509,0,Rate36,美团月付,dpd,3,30,3,mob3_dpd30,api,美团月付#mob3_dpd30#api
10002910,8732,20250405,-2,Rate36,拍拍贷,dpd,9,30,9,mob9_dpd30,api,拍拍贷#mob9_dpd30#api
10002911,8733,20250523,1,Rate36,拍拍贷,dpd,9,60,9,mob9_dpd60,h5,拍拍贷#mob9_dpd60#h5
10002911,8734,20240305,0,Rate36,美团月付,dpd,12,30,12,mob12_dpd30,api,美团月付#mob12_dpd30#api
10002911,8735,20240403,0,Rate36,美团月付,dpd,3,60,3,mob3_dpd60,api,美团月付#mob3_dpd60#api
10002912,8736,20240719,0,Rate36,美团月付,fpd,,60,,fpd60,h5,美团月付#fpd60#h5
10002912,8737,20240505,1,Rate36,拍拍贷,dpd,6,30,6,mob6_dpd30,api,拍拍贷#mob6_dpd30#api
10002912,8738,20251014,1,Rate36,美团月付,dpd,9,60,9,mob9_dpd60,api,美团月付#mob9_dpd60#api
10002913,8739,20241209,0,Rate36,拍拍贷,dpd,6,60,6,mob6_dpd60,api,拍拍贷#mob6_dpd60#api
10002913,8740,20250607,0,Rate36,美团月付,dpd,12,30,12,mob12_dpd30,api,美团月付#mob12_dpd30#api
10002913,8741,20240418,1,Rate36,美团月付,dpd,3,60,3,mob3_dpd60,h5,美团月付#mob3_dpd60#h5
10002914,8742,20240305,1,Rate36,美团月付,dpd,12,60,12,mob12_dpd60,h5,美团月付#mob12_dpd60#h5
10002914,8743,20240914,0,Rate36,拍拍贷,dpd,9,30,9,mob9_dpd30,h5,拍拍贷#mob9_dpd30#h5
10002914,8744,20250817,0,Rate36,拍拍贷,dpd,9,60,9,mob9_dpd60,api,拍拍贷#mob9_dpd60#api
10002915,8745,20250818,0,Rate36,美团月付,dpd,12,60,12,mob12_dpd60,h5,美团月付#mob12_dpd60#h5
10002915,8746,20250315,0,Rate36,拍拍贷,dpd,12,30,12,mob12_dpd30,h5,拍拍贷#mob12_dpd30#h5
10002915,8747,20250218,0,Rate36,美团月付,fpd,,30,,fpd30,api,美团月付#fpd30#api
10002916,8748,20250207,0,Rate36,美团月付,dpd,3,60,3,mob3_dpd60,h5,美团月付#mob3_dpd60#h5
10002916,8749,20240512,0,Rate36,美团月付,fpd,,30,,fpd30,h5,美团月付#fpd30#h5
10002916,8750,20241209,0,Rate36,美团月付,dpd,12,60,12,mob12_dpd60,api,美团月付#mob12_dpd60#api
10002917,8751,20251105,1,Rate36,拍拍贷,dpd,3,30,3,mob3_dpd30,api,拍拍贷#mob3_dpd30#api
10002917,8752,20250919,1,Rate36,拍拍贷,dpd,6,30,6,mob6_dpd30,api,拍拍贷#mob6_dpd30#api
10002917,8753,20260124,0,Rate36,拍拍贷,dpd,9,30,9,mob9_dpd30,h5,拍拍贷#mob9_dpd30#h5
10002918,8754,20240704,0,Rate36,美团月付,dpd,3,30,3,mob3_dpd30,h5,美团月付#mob3_dpd30#h5
10002918,8755,20240819,-2,Rate36,美团月付,dpd,9,60,9,mob9_dpd60,h5,美团月付#mob9_dpd60#h5
10002918,8756,20240302,0,Rate36,美团月付,dpd,9,30,9,mob9_dpd30,h5,美团月付#mob9_dpd30#h5
10002919,8757,20250427,0,Rate36,拍拍贷,fpd,,60,,fpd60,api,拍拍贷#fpd60#api
10002919,8758,20241122,0,Rate36,美团月付,dpd,6,30,6,mob6_dpd30,h5,美团月付#mob6_dpd30#h5
10002919,8759,20240520,0,Rate36,美团月付,dpd,9,30,9,mob9_dpd30,api,美团月付#mob9_dpd30#api
10002920,8760,20240321,1,Rate36,美团月付,fpd,,60,,fpd60,h5,美团月付#fpd60#h5
10002920,8761,20251102,0,Rate36,美团月付,dpd,3,60,3,mob3_dpd60,api,美团月付#mob3_dpd60#api
10002920,8762,20241225,0,Rate36,美团月付,dpd,9,60,9,mob9_dpd60,h5,美团月付#mob9_dpd60#h5
10002921,8763,20250306,0,Rate36,美团月付,dpd,3,30,3,mob3_dpd30,api,美团月付#mob3_dpd30#api
10002921,8764,20240601,0,Rate36,拍拍贷,fpd,,60,,fpd60,h5,拍拍贷#fpd60#h5
10002921,8765,20250106,1,Rate36,拍拍贷,dpd,12,60,12,mob12_dpd60,h5,拍拍贷#mob12_dpd60#h5
10002922,8766,20250622,-2,Rate36,拍拍贷,dpd,12,60,12,mob12_dpd60,api,拍拍贷#mob12_dpd60#api
10002922,8767,20240501,0,Rate36,美团月付,fpd,,30,,fpd30,api,美团月付#fpd30#api
10002922,8768,20250320,1,Rate36,美团月付,fpd,,60,,fpd60,api,美团月付#fpd60#api
10002923,8769,20240307,-2,Rate36,美团月付,dpd,6,30,6,mob6_dpd30,h5,美团月付#mob6_dpd30#h5
10002923,8770,20240422,0,Rate36,美团月付,dpd,12,60,12,mob12_dpd60,h5,美团月付#mob12_dpd60#h5
10002923,8771,20241224,0,Rate36,拍拍贷,dpd,12,30,12,mob12_dpd30,h5,拍拍贷#mob12_dpd30#h5
10002924,8772,20250512,-2,Rate36,拍拍贷,dpd,3,30,3,mob3_dpd30,api,拍拍贷#mob3_dpd30#api
10002924,8773,20240718,0,Rate36,美团月付,dpd,3,30,3,mob3_dpd30,api,美团月付#mob3_dpd30#api
10002924,8774,20251104,1,Rate36,美团月付,dpd,9,60,9,mob9_dpd60,api,美团月付#mob9_dpd60#api
10002925,8775,20240926,0,Rate36,美团月付,dpd,6,30,6,mob6_dpd30,h5,美团月付#mob6_dpd30#h5
10002925,8776,20250203,0,Rate36,美团月付,dpd,3,30,3,mob3_dpd30,api,美团月付#mob3_dpd30#api
10002925,8777,20241103,0,Rate36,美团月付,dpd,6,30,6,mob6_dpd30,api,美团月付#mob6_dpd30#api
10002926,8778,20250315,0,Rate36,拍拍贷,dpd,12,30,12,mob12_dpd30,h5,拍拍贷#mob12_dpd30#h5
10002926,8779,20260204,-2,Rate36,拍拍贷,dpd,3,30,3,mob3_dpd30,h5,拍拍贷#mob3_dpd30#h5
10002926,8780,20241011,0,Rate36,美团月付,dpd,12,60,12,mob12_dpd60,api,美团月付#mob12_dpd60#api
10002927,8781,20250613,0,Rate36,拍拍贷,dpd,3,30,3,mob3_dpd30,api,拍拍贷#mob3_dpd30#api
10002927,8782,20250821,0,Rate36,拍拍贷,fpd,,30,,fpd30,h5,拍拍贷#fpd30#h5
10002927,8783,20250401,-2,Rate36,美团月付,dpd,12,60,12,mob12_dpd60,h5,美团月付#mob12_dpd60#h5
10002928,8784,20250312,0,Rate36,美团月付,dpd,12,30,12,mob12_dpd30,api,美团月付#mob12_dpd30#api
10002928,8785,20240622,0,Rate36,拍拍贷,dpd,6,60,6,mob6_dpd60,api,拍拍贷#mob6_dpd60#api
10002928,8786,20250728,0,Rate36,美团月付,dpd,6,60,6,mob6_dpd60,api,美团月付#mob6_dpd60#api
10002929,8787,20251102,0,Rate36,美团月付,dpd,12,60,12,mob12_dpd60,h5,美团月付#mob12_dpd60#h5
10002929,8788,20250409,1,Rate36,拍拍贷,dpd,6,30,6,mob6_dpd30,h5,拍拍贷#mob6_dpd30#h5
10002929,8789,20251024,-2,Rate36,美团月付,dpd,6,30,6,mob6_dpd30,h5,美团月付#mob6_dpd30#h5
10002930,8790,20250425,0,Rate36,美团月付,dpd,9,60,9,mob9_dpd60,h5,美团月付#mob9_dpd60#h5
10002930,8791,20241016,0,Rate36,拍拍贷,dpd,9,60,9,mob9_dpd60,h5,拍拍贷#mob9_dpd60#h5
10002930,8792,20250309,1,Rate36,拍拍贷,dpd,9,30,9,mob9_dpd30,api,拍拍贷#mob9_dpd30#api
10002931,8793,20250317,0,Rate36,美团月付,dpd,6,60,6,mob6_dpd60,h5,美团月付#mob6_dpd60#h5
10002931,8794,20250805,0,Rate36,美团月付,dpd,12,30,12,mob12_dpd30,h5,美团月付#mob12_dpd30#h5
10002931,8795,20250619,0,Rate36,美团月付,fpd,,30,,fpd30,h5,美团月付#fpd30#h5
10002932,8796,20250311,-2,Rate36,拍拍贷,dpd,9,30,9,mob9_dpd30,h5,拍拍贷#mob9_dpd30#h5
10002932,8797,20250318,0,Rate36,拍拍贷,dpd,12,30,12,mob12_dpd30,h5,拍拍贷#mob12_dpd30#h5
10002932,8798,20240626,0,Rate36,美团月付,dpd,9,30,9,mob9_dpd30,h5,美团月付#mob9_dpd30#h5
10002933,8799,20240706,0,Rate36,美团月付,dpd,9,60,9,mob9_dpd60,api,美团月付#mob9_dpd60#api
10002933,8800,20240501,0,Rate36,美团月付,dpd,9,30,9,mob9_dpd30,h5,美团月付#mob9_dpd30#h5
10002933,8801,20250604,0,Rate36,拍拍贷,dpd,6,60,6,mob6_dpd60,h5,拍拍贷#mob6_dpd60#h5
10002934,8802,20240718,0,Rate36,拍拍贷,dpd,12,60,12,mob12_dpd60,h5,拍拍贷#mob12_dpd60#h5
10002934,8803,20260201,0,Rate36,美团月付,dpd,6,30,6,mob6_dpd30,h5,美团月付#mob6_dpd30#h5
10002934,8804,20250317,0,Rate36,美团月付,dpd,12,60,12,mob12_dpd60,api,美团月付#mob12_dpd60#api
10002935,8805,20250503,0,Rate36,拍拍贷,dpd,9,30,9,mob9_dpd30,h5,拍拍贷#mob9_dpd30#h5
10002935,8806,20250114,0,Rate36,美团月付,dpd,9,60,9,mob9_dpd60,h5,美团月付#mob9_dpd60#h5
10002935,8807,20250511,0,Rate36,拍拍贷,dpd,3,60,3,mob3_dpd60,api,拍拍贷#mob3_dpd60#api
10002936,8808,20250424,0,Rate36,拍拍贷,fpd,,60,,fpd60,h5,拍拍贷#fpd60#h5
10002936,8809,20240714,0,Rate36,拍拍贷,fpd,,30,,fpd30,api,拍拍贷#fpd30#api
10002936,8810,20250711,0,Rate36,拍拍贷,fpd,,60,,fpd60,h5,拍拍贷#fpd60#h5
10002937,8811,20240920,1,Rate36,美团月付,dpd,6,30,6,mob6_dpd30,h5,美团月付#mob6_dpd30#h5
10002937,8812,20251118,0,Rate36,美团月付,dpd,12,30,12,mob12_dpd30,h5,美团月付#mob12_dpd30#h5
10002937,8813,20240817,0,Rate36,美团月付,dpd,3,60,3,mob3_dpd60,api,美团月付#mob3_dpd60#api
10002938,8814,20250701,1,Rate36,美团月付,dpd,12,30,12,mob12_dpd30,h5,美团月付#mob12_dpd30#h5
10002938,8815,20251005,1,Rate36,拍拍贷,dpd,3,30,3,mob3_dpd30,api,拍拍贷#mob3_dpd30#api
10002938,8816,20251121,-2,Rate36,美团月付,dpd,9,60,9,mob9_dpd60,h5,美团月付#mob9_dpd60#h5
10002939,8817,20260126,0,Rate36,拍拍贷,dpd,12,30,12,mob12_dpd30,h5,拍拍贷#mob12_dpd30#h5
10002939,8818,20241005,1,Rate36,美团月付,dpd,9,60,9,mob9_dpd60,api,美团月付#mob9_dpd60#api
10002939,8819,20250813,0,Rate36,美团月付,dpd,3,60,3,mob3_dpd60,h5,美团月付#mob3_dpd60#h5
10002940,8820,20250316,0,Rate36,拍拍贷,dpd,3,60,3,mob3_dpd60,h5,拍拍贷#mob3_dpd60#h5
10002940,8821,20240807,1,Rate36,美团月付,dpd,12,30,12,mob12_dpd30,api,美团月付#mob12_dpd30#api
10002940,8822,20250613,0,Rate36,拍拍贷,dpd,3,60,3,mob3_dpd60,api,拍拍贷#mob3_dpd60#api
10002941,8823,20250601,0,Rate36,美团月付,dpd,12,30,12,mob12_dpd30,api,美团月付#mob12_dpd30#api
10002941,8824,20251021,1,Rate36,美团月付,dpd,6,30,6,mob6_dpd30,api,美团月付#mob6_dpd30#api
10002941,8825,20251212,0,Rate36,美团月付,fpd,,60,,fpd60,api,美团月付#fpd60#api
10002942,8826,20250724,1,Rate36,拍拍贷,dpd,9,30,9,mob9_dpd30,h5,拍拍贷#mob9_dpd30#h5
10002942,8827,20260110,0,Rate36,拍拍贷,dpd,6,60,6,mob6_dpd60,h5,拍拍贷#mob6_dpd60#h5
10002942,8828,20250410,1,Rate36,美团月付,dpd,3,30,3,mob3_dpd30,api,美团月付#mob3_dpd30#api
10002943,8829,20240624,1,Rate36,美团月付,fpd,,60,,fpd60,h5,美团月付#fpd60#h5
10002943,8830,20241004,0,Rate36,美团月付,fpd,,60,,fpd60,api,美团月付#fpd60#api
10002943,8831,20250803,0,Rate36,拍拍贷,dpd,12,30,12,mob12_dpd30,h5,拍拍贷#mob12_dpd30#h5
10002944,8832,20241211,0,Rate36,拍拍贷,dpd,3,30,3,mob3_dpd30,api,拍拍贷#mob3_dpd30#api
10002944,8833,20241107,0,Rate36,拍拍贷,dpd,3,30,3,mob3_dpd30,api,拍拍贷#mob3_dpd30#api
10002944,8834,20251016,-2,Rate36,拍拍贷,dpd,3,30,3,mob3_dpd30,api,拍拍贷#mob3_dpd30#api
10002945,8835,20250617,1,Rate36,美团月付,fpd,,60,,fpd60,api,美团月付#fpd60#api
10002945,8836,20251013,0,Rate36,拍拍贷,dpd,3,30,3,mob3_dpd30,api,拍拍贷#mob3_dpd30#api
10002945,8837,20241208,0,Rate36,拍拍贷,dpd,12,30,12,mob12_dpd30,api,拍拍贷#mob12_dpd30#api
10002946,8838,20241110,0,Rate36,拍拍贷,dpd,9,60,9,mob9_dpd60,h5,拍拍贷#mob9_dpd60#h5
10002946,8839,20250805,0,Rate36,美团月付,dpd,12,30,12,mob12_dpd30,h5,美团月付#mob12_dpd30#h5
10002946,8840,20250520,0,Rate36,美团月付,dpd,12,60,12,mob12_dpd60,api,美团月付#mob12_dpd60#api
10002947,8841,20250105,1,Rate36,美团月付,dpd,12,60,12,mob12_dpd60,api,美团月付#mob12_dpd60#api
10002947,8842,20240714,1,Rate36,美团月付,dpd,12,60,12,mob12_dpd60,api,美团月付#mob12_dpd60#api
10002947,8843,20260221,1,Rate36,美团月付,dpd,12,60,12,mob12_dpd60,h5,美团月付#mob12_dpd60#h5
10002948,8844,20250327,0,Rate36,美团月付,dpd,12,30,12,mob12_dpd30,api,美团月付#mob12_dpd30#api
10002948,8845,20251002,0,Rate36,美团月付,dpd,6,60,6,mob6_dpd60,h5,美团月付#mob6_dpd60#h5
10002948,8846,20251117,1,Rate36,拍拍贷,dpd,9,60,9,mob9_dpd60,h5,拍拍贷#mob9_dpd60#h5
10002949,8847,20250723,0,Rate36,拍拍贷,dpd,3,30,3,mob3_dpd30,api,拍拍贷#mob3_dpd30#api
10002949,8848,20250103,0,Rate36,拍拍贷,fpd,,30,,fpd30,h5,拍拍贷#fpd30#h5
10002949,8849,20250827,0,Rate36,拍拍贷,dpd,9,30,9,mob9_dpd30,h5,拍拍贷#mob9_dpd30#h5
10002950,8850,20251202,0,Rate36,拍拍贷,fpd,,30,,fpd30,h5,拍拍贷#fpd30#h5
10002950,8851,20240820,1,Rate36,美团月付,dpd,3,60,3,mob3_dpd60,api,美团月付#mob3_dpd60#api
10002950,8852,20260103,0,Rate36,拍拍贷,dpd,3,60,3,mob3_dpd60,api,拍拍贷#mob3_dpd60#api
10002951,8853,20241108,0,Rate36,拍拍贷,dpd,6,60,6,mob6_dpd60,api,拍拍贷#mob6_dpd60#api
10002951,8854,20250802,0,Rate36,美团月付,fpd,,60,,fpd60,h5,美团月付#fpd60#h5
10002951,8855,20241220,0,Rate36,美团月付,dpd,9,60,9,mob9_dpd60,api,美团月付#mob9_dpd60#api
10002952,8856,20241010,1,Rate36,拍拍贷,dpd,9,30,9,mob9_dpd30,api,拍拍贷#mob9_dpd30#api
10002952,8857,20240816,0,Rate36,美团月付,dpd,6,30,6,mob6_dpd30,h5,美团月付#mob6_dpd30#h5
10002952,8858,20250702,0,Rate36,美团月付,dpd,6,60,6,mob6_dpd60,h5,美团月付#mob6_dpd60#h5
10002953,8859,20250806,-2,Rate36,美团月付,dpd,9,30,9,mob9_dpd30,api,美团月付#mob9_dpd30#api
10002953,8860,20240925,0,Rate36,拍拍贷,dpd,3,60,3,mob3_dpd60,h5,拍拍贷#mob3_dpd60#h5
10002953,8861,20241124,0,Rate36,美团月付,dpd,12,30,12,mob12_dpd30,h5,美团月付#mob12_dpd30#h5
10002954,8862,20250820,-2,Rate36,拍拍贷,dpd,12,60,12,mob12_dpd60,api,拍拍贷#mob12_dpd60#api
10002954,8863,20240617,0,Rate36,美团月付,dpd,3,30,3,mob3_dpd30,api,美团月付#mob3_dpd30#api
10002954,8864,20250221,0,Rate36,美团月付,dpd,3,30,3,mob3_dpd30,api,美团月付#mob3_dpd30#api
10002955,8865,20240325,0,Rate36,拍拍贷,dpd,3,30,3,mob3_dpd30,h5,拍拍贷#mob3_dpd30#h5
10002955,8866,20240317,0,Rate36,美团月付,dpd,3,30,3,mob3_dpd30,api,美团月付#mob3_dpd30#api
10002955,8867,20240328,0,Rate36,拍拍贷,dpd,3,30,3,mob3_dpd30,h5,拍拍贷#mob3_dpd30#h5
10002956,8868,20240812,0,Rate36,美团月付,dpd,9,60,9,mob9_dpd60,api,美团月付#mob9_dpd60#api
10002956,8869,20260206,0,Rate36,美团月付,dpd,12,60,12,mob12_dpd60,api,美团月付#mob12_dpd60#api
10002956,8870,20240328,1,Rate36,拍拍贷,dpd,3,30,3,mob3_dpd30,api,拍拍贷#mob3_dpd30#api
10002957,8871,20251124,0,Rate36,美团月付,dpd,12,60,12,mob12_dpd60,h5,美团月付#mob12_dpd60#h5
10002957,8872,20240906,0,Rate36,拍拍贷,dpd,3,30,3,mob3_dpd30,api,拍拍贷#mob3_dpd30#api
10002957,8873,20240803,0,Rate36,拍拍贷,dpd,3,60,3,mob3_dpd60,api,拍拍贷#mob3_dpd60#api
10002958,8874,20240503,0,Rate36,拍拍贷,dpd,3,60,3,mob3_dpd60,api,拍拍贷#mob3_dpd60#api
10002958,8875,20250213,1,Rate36,美团月付,dpd,12,60,12,mob12_dpd60,api,美团月付#mob12_dpd60#api
10002958,8876,20240612,0,Rate36,拍拍贷,fpd,,60,,fpd60,h5,拍拍贷#fpd60#h5
10002959,8877,20251021,-2,Rate36,美团月付,dpd,3,30,3,mob3_dpd30,h5,美团月付#mob3_dpd30#h5
10002959,8878,20250104,1,Rate36,拍拍贷,dpd,12,60,12,mob12_dpd60,h5,拍拍贷#mob12_dpd60#h5
10002959,8879,20241116,0,Rate36,美团月付,dpd,6,30,6,mob6_dpd30,api,美团月付#mob6_dpd30#api
10002960,8880,20250112,0,Rate36,拍拍贷,dpd,9,60,9,mob9_dpd60,api,拍拍贷#mob9_dpd60#api
10002960,8881,20250518,0,Rate36,拍拍贷,dpd,9,60,9,mob9_dpd60,api,拍拍贷#mob9_dpd60#api
10002960,8882,20240411,-2,Rate36,拍拍贷,fpd,,60,,fpd60,api,拍拍贷#fpd60#api
10002961,8883,20260120,0,Rate36,拍拍贷,dpd,3,30,3,mob3_dpd30,api,拍拍贷#mob3_dpd30#api
10002961,8884,20251103,0,Rate36,美团月付,dpd,12,60,12,mob12_dpd60,api,美团月付#mob12_dpd60#api
10002961,8885,20250304,0,Rate36,拍拍贷,dpd,6,30,6,mob6_dpd30,h5,拍拍贷#mob6_dpd30#h5
10002962,8886,20250305,0,Rate36,美团月付,fpd,,60,,fpd60,h5,美团月付#fpd60#h5
10002962,8887,20250407,0,Rate36,拍拍贷,dpd,6,60,6,mob6_dpd60,api,拍拍贷#mob6_dpd60#api
10002962,8888,20240720,0,Rate36,美团月付,fpd,,60,,fpd60,h5,美团月付#fpd60#h5
10002963,8889,20250506,0,Rate36,美团月付,fpd,,60,,fpd60,api,美团月付#fpd60#api
10002963,8890,20240609,1,Rate36,美团月付,dpd,12,30,12,mob12_dpd30,api,美团月付#mob12_dpd30#api
10002963,8891,20240403,1,Rate36,美团月付,dpd,3,60,3,mob3_dpd60,api,美团月付#mob3_dpd60#api
10002964,8892,20241210,0,Rate36,美团月付,dpd,6,60,6,mob6_dpd60,h5,美团月付#mob6_dpd60#h5
10002964,8893,20250723,-2,Rate36,美团月付,dpd,3,60,3,mob3_dpd60,api,美团月付#mob3_dpd60#api
10002964,8894,20240704,0,Rate36,拍拍贷,dpd,3,30,3,mob3_dpd30,api,拍拍贷#mob3_dpd30#api
10002965,8895,20241022,0,Rate36,美团月付,dpd,6,60,6,mob6_dpd60,h5,美团月付#mob6_dpd60#h5
10002965,8896,20240323,0,Rate36,拍拍贷,dpd,9,30,9,mob9_dpd30,api,拍拍贷#mob9_dpd30#api
10002965,8897,20250519,1,Rate36,美团月付,dpd,9,60,9,mob9_dpd60,api,美团月付#mob9_dpd60#api
10002966,8898,20240828,0,Rate36,拍拍贷,dpd,3,60,3,mob3_dpd60,api,拍拍贷#mob3_dpd60#api
10002966,8899,20241104,0,Rate36,美团月付,dpd,3,30,3,mob3_dpd30,api,美团月付#mob3_dpd30#api
10002966,8900,20250912,0,Rate36,美团月付,dpd,3,30,3,mob3_dpd30,h5,美团月付#mob3_dpd30#h5
10002967,8901,20251119,0,Rate36,拍拍贷,dpd,6,30,6,mob6_dpd30,api,拍拍贷#mob6_dpd30#api
10002967,8902,20250128,-2,Rate36,拍拍贷,dpd,12,30,12,mob12_dpd30,api,拍拍贷#mob12_dpd30#api
10002967,8903,20260119,0,Rate36,美团月付,fpd,,60,,fpd60,h5,美团月付#fpd60#h5
10002968,8904,20250710,0,Rate36,拍拍贷,fpd,,30,,fpd30,api,拍拍贷#fpd30#api
10002968,8905,20251122,0,Rate36,美团月付,dpd,9,30,9,mob9_dpd30,api,美团月付#mob9_dpd30#api
10002968,8906,20241001,0,Rate36,拍拍贷,dpd,3,30,3,mob3_dpd30,api,拍拍贷#mob3_dpd30#api
10002969,8907,20250603,0,Rate36,美团月付,fpd,,60,,fpd60,api,美团月付#fpd60#api
10002969,8908,20241102,1,Rate36,拍拍贷,fpd,,60,,fpd60,api,拍拍贷#fpd60#api
10002969,8909,20260128,0,Rate36,拍拍贷,dpd,9,30,9,mob9_dpd30,api,拍拍贷#mob9_dpd30#api
10002970,8910,20240313,0,Rate36,美团月付,dpd,12,30,12,mob12_dpd30,api,美团月付#mob12_dpd30#api
10002970,8911,20240728,0,Rate36,拍拍贷,dpd,12,60,12,mob12_dpd60,h5,拍拍贷#mob12_dpd60#h5
10002970,8912,20240701,0,Rate36,拍拍贷,dpd,9,30,9,mob9_dpd30,api,拍拍贷#mob9_dpd30#api
10002971,8913,20260220,0,Rate36,拍拍贷,dpd,3,60,3,mob3_dpd60,h5,拍拍贷#mob3_dpd60#h5
10002971,8914,20240315,0,Rate36,美团月付,dpd,3,60,3,mob3_dpd60,api,美团月付#mob3_dpd60#api
10002971,8915,20250301,0,Rate36,拍拍贷,fpd,,30,,fpd30,h5,拍拍贷#fpd30#h5
10002972,8916,20251210,-2,Rate36,美团月付,dpd,6,30,6,mob6_dpd30,h5,美团月付#mob6_dpd30#h5
10002972,8917,20240828,0,Rate36,美团月付,dpd,3,30,3,mob3_dpd30,api,美团月付#mob3_dpd30#api
10002972,8918,20250117,0,Rate36,美团月付,fpd,,60,,fpd60,api,美团月付#fpd60#api
10002973,8919,20240806,1,Rate36,美团月付,dpd,9,60,9,mob9_dpd60,api,美团月付#mob9_dpd60#api
10002973,8920,20250907,0,Rate36,拍拍贷,dpd,9,30,9,mob9_dpd30,h5,拍拍贷#mob9_dpd30#h5
10002973,8921,20251020,0,Rate36,美团月付,fpd,,30,,fpd30,h5,美团月付#fpd30#h5
10002974,8922,20250521,0,Rate36,美团月付,fpd,,60,,fpd60,h5,美团月付#fpd60#h5
10002974,8923,20250212,0,Rate36,拍拍贷,dpd,12,30,12,mob12_dpd30,h5,拍拍贷#mob12_dpd30#h5
10002974,8924,20250414,0,Rate36,美团月付,dpd,3,30,3,mob3_dpd30,api,美团月付#mob3_dpd30#api
10002975,8925,20250311,0,Rate36,美团月付,dpd,12,60,12,mob12_dpd60,api,美团月付#mob12_dpd60#api
10002975,8926,20250611,0,Rate36,美团月付,fpd,,30,,fpd30,h5,美团月付#fpd30#h5
10002975,8927,20251224,1,Rate36,拍拍贷,dpd,9,60,9,mob9_dpd60,api,拍拍贷#mob9_dpd60#api
10002976,8928,20241021,0,Rate36,美团月付,dpd,9,30,9,mob9_dpd30,h5,美团月付#mob9_dpd30#h5
10002976,8929,20240625,0,Rate36,拍拍贷,dpd,12,60,12,mob12_dpd60,h5,拍拍贷#mob12_dpd60#h5
10002976,8930,20260106,0,Rate36,拍拍贷,dpd,6,30,6,mob6_dpd30,api,拍拍贷#mob6_dpd30#api
10002977,8931,20250804,0,Rate36,美团月付,dpd,9,60,9,mob9_dpd60,h5,美团月付#mob9_dpd60#h5
10002977,8932,20250516,0,Rate36,美团月付,dpd,6,30,6,mob6_dpd30,api,美团月付#mob6_dpd30#api
10002977,8933,20260107,0,Rate36,美团月付,dpd,6,60,6,mob6_dpd60,api,美团月付#mob6_dpd60#api
10002978,8934,20251101,-2,Rate36,拍拍贷,dpd,9,30,9,mob9_dpd30,h5,拍拍贷#mob9_dpd30#h5
10002978,8935,20250104,0,Rate36,美团月付,dpd,3,60,3,mob3_dpd60,api,美团月付#mob3_dpd60#api
10002978,8936,20260115,0,Rate36,拍拍贷,fpd,,60,,fpd60,h5,拍拍贷#fpd60#h5
10002979,8937,20260208,0,Rate36,拍拍贷,dpd,3,60,3,mob3_dpd60,h5,拍拍贷#mob3_dpd60#h5
10002979,8938,20241106,0,Rate36,美团月付,dpd,12,30,12,mob12_dpd30,api,美团月付#mob12_dpd30#api
10002979,8939,20250403,0,Rate36,拍拍贷,dpd,3,30,3,mob3_dpd30,api,拍拍贷#mob3_dpd30#api
10002980,8940,20240509,1,Rate36,美团月付,dpd,3,60,3,mob3_dpd60,h5,美团月付#mob3_dpd60#h5
10002980,8941,20260128,0,Rate36,拍拍贷,dpd,6,60,6,mob6_dpd60,h5,拍拍贷#mob6_dpd60#h5
10002980,8942,20251103,0,Rate36,拍拍贷,fpd,,30,,fpd30,api,拍拍贷#fpd30#api
10002981,8943,20240708,-2,Rate36,拍拍贷,dpd,6,30,6,mob6_dpd30,h5,拍拍贷#mob6_dpd30#h5
10002981,8944,20250104,-2,Rate36,拍拍贷,dpd,9,30,9,mob9_dpd30,api,拍拍贷#mob9_dpd30#api
10002981,8945,20240525,0,Rate36,美团月付,dpd,6,30,6,mob6_dpd30,h5,美团月付#mob6_dpd30#h5
10002982,8946,20241006,0,Rate36,拍拍贷,dpd,3,30,3,mob3_dpd30,api,拍拍贷#mob3_dpd30#api
10002982,8947,20241012,0,Rate36,美团月付,dpd,3,60,3,mob3_dpd60,h5,美团月付#mob3_dpd60#h5
10002982,8948,20240806,0,Rate36,拍拍贷,dpd,12,60,12,mob12_dpd60,h5,拍拍贷#mob12_dpd60#h5
10002983,8949,20241102,0,Rate36,拍拍贷,dpd,9,30,9,mob9_dpd30,api,拍拍贷#mob9_dpd30#api
10002983,8950,20260110,0,Rate36,拍拍贷,dpd,9,60,9,mob9_dpd60,api,拍拍贷#mob9_dpd60#api
10002983,8951,20240422,1,Rate36,美团月付,fpd,,30,,fpd30,api,美团月付#fpd30#api
10002984,8952,20241208,0,Rate36,美团月付,dpd,6,60,6,mob6_dpd60,h5,美团月付#mob6_dpd60#h5
10002984,8953,20250516,0,Rate36,美团月付,dpd,9,60,9,mob9_dpd60,h5,美团月付#mob9_dpd60#h5
10002984,8954,20250610,0,Rate36,拍拍贷,dpd,6,30,6,mob6_dpd30,api,拍拍贷#mob6_dpd30#api
10002985,8955,20260113,0,Rate36,拍拍贷,dpd,6,60,6,mob6_dpd60,api,拍拍贷#mob6_dpd60#api
10002985,8956,20250319,0,Rate36,拍拍贷,dpd,9,60,9,mob9_dpd60,api,拍拍贷#mob9_dpd60#api
10002985,8957,20250723,1,Rate36,美团月付,dpd,9,60,9,mob9_dpd60,api,美团月付#mob9_dpd60#api
10002986,8958,20240513,0,Rate36,拍拍贷,dpd,9,60,9,mob9_dpd60,api,拍拍贷#mob9_dpd60#api
10002986,8959,20240601,0,Rate36,美团月付,dpd,9,60,9,mob9_dpd60,api,美团月付#mob9_dpd60#api
10002986,8960,20250813,0,Rate36,拍拍贷,fpd,,30,,fpd30,api,拍拍贷#fpd30#api
10002987,8961,20241111,0,Rate36,美团月付,dpd,6,60,6,mob6_dpd60,api,美团月付#mob6_dpd60#api
10002987,8962,20240709,0,Rate36,美团月付,dpd,9,30,9,mob9_dpd30,api,美团月付#mob9_dpd30#api
10002987,8963,20241106,0,Rate36,美团月付,dpd,9,60,9,mob9_dpd60,api,美团月付#mob9_dpd60#api
10002988,8964,20240708,0,Rate36,美团月付,fpd,,30,,fpd30,h5,美团月付#fpd30#h5
10002988,8965,20240627,0,Rate36,拍拍贷,dpd,3,60,3,mob3_dpd60,h5,拍拍贷#mob3_dpd60#h5
10002988,8966,20240714,0,Rate36,美团月付,dpd,12,30,12,mob12_dpd30,api,美团月付#mob12_dpd30#api
10002989,8967,20250622,0,Rate36,拍拍贷,dpd,9,30,9,mob9_dpd30,api,拍拍贷#mob9_dpd30#api
10002989,8968,20240506,0,Rate36,美团月付,dpd,9,30,9,mob9_dpd30,h5,美团月付#mob9_dpd30#h5
10002989,8969,20240307,1,Rate36,美团月付,dpd,6,30,6,mob6_dpd30,h5,美团月付#mob6_dpd30#h5
10002990,8970,20240306,0,Rate36,拍拍贷,dpd,6,60,6,mob6_dpd60,api,拍拍贷#mob6_dpd60#api
10002990,8971,20240322,0,Rate36,拍拍贷,fpd,,60,,fpd60,api,拍拍贷#fpd60#api
10002990,8972,20250909,0,Rate36,拍拍贷,dpd,3,60,3,mob3_dpd60,api,拍拍贷#mob3_dpd60#api
10002991,8973,20241015,0,Rate36,拍拍贷,dpd,6,60,6,mob6_dpd60,api,拍拍贷#mob6_dpd60#api
10002991,8974,20260214,0,Rate36,拍拍贷,dpd,12,30,12,mob12_dpd30,api,拍拍贷#mob12_dpd30#api
10002991,8975,20251207,0,Rate36,美团月付,dpd,3,60,3,mob3_dpd60,h5,美团月付#mob3_dpd60#h5
10002992,8976,20250323,0,Rate36,美团月付,fpd,,30,,fpd30,h5,美团月付#fpd30#h5
10002992,8977,20241207,0,Rate36,拍拍贷,dpd,3,30,3,mob3_dpd30,api,拍拍贷#mob3_dpd30#api
10002992,8978,20240916,0,Rate36,拍拍贷,dpd,12,60,12,mob12_dpd60,api,拍拍贷#mob12_dpd60#api
10002993,8979,20241121,0,Rate36,美团月付,dpd,9,30,9,mob9_dpd30,h5,美团月付#mob9_dpd30#h5
10002993,8980,20250712,0,Rate36,美团月付,dpd,12,30,12,mob12_dpd30,h5,美团月付#mob12_dpd30#h5
10002993,8981,20240527,0,Rate36,美团月付,dpd,6,60,6,mob6_dpd60,api,美团月付#mob6_dpd60#api
10002994,8982,20250423,0,Rate36,美团月付,dpd,9,30,9,mob9_dpd30,api,美团月付#mob9_dpd30#api
10002994,8983,20241120,1,Rate36,美团月付,fpd,,60,,fpd60,h5,美团月付#fpd60#h5
10002994,8984,20250801,1,Rate36,拍拍贷,dpd,6,30,6,mob6_dpd30,h5,拍拍贷#mob6_dpd30#h5
10002995,8985,20250617,0,Rate36,拍拍贷,fpd,,60,,fpd60,h5,拍拍贷#fpd60#h5
10002995,8986,20250304,0,Rate36,美团月付,dpd,9,30,9,mob9_dpd30,api,美团月付#mob9_dpd30#api
10002995,8987,20240809,0,Rate36,美团月付,dpd,6,30,6,mob6_dpd30,api,美团月付#mob6_dpd30#api
10002996,8988,20240719,0,Rate36,拍拍贷,dpd,9,60,9,mob9_dpd60,h5,拍拍贷#mob9_dpd60#h5
10002996,8989,20250609,0,Rate36,拍拍贷,dpd,12,30,12,mob12_dpd30,api,拍拍贷#mob12_dpd30#api
10002996,8990,20240912,0,Rate36,美团月付,dpd,6,60,6,mob6_dpd60,api,美团月付#mob6_dpd60#api
10002997,8991,20240817,0,Rate36,拍拍贷,dpd,12,30,12,mob12_dpd30,h5,拍拍贷#mob12_dpd30#h5
10002997,8992,20250516,1,Rate36,拍拍贷,dpd,6,30,6,mob6_dpd30,api,拍拍贷#mob6_dpd30#api
10002997,8993,20250710,0,Rate36,拍拍贷,fpd,,60,,fpd60,api,拍拍贷#fpd60#api
10002998,8994,20241228,0,Rate36,美团月付,fpd,,30,,fpd30,api,美团月付#fpd30#api
10002998,8995,20250412,0,Rate36,拍拍贷,dpd,12,60,12,mob12_dpd60,api,拍拍贷#mob12_dpd60#api
10002998,8996,20251002,0,Rate36,美团月付,dpd,9,60,9,mob9_dpd60,api,美团月付#mob9_dpd60#api
10002999,8997,20260107,0,Rate36,拍拍贷,dpd,3,60,3,mob3_dpd60,api,拍拍贷#mob3_dpd60#api
10002999,8998,20251222,0,Rate36,美团月付,fpd,,30,,fpd30,api,美团月付#fpd30#api
10002999,8999,20240627,-2,Rate36,拍拍贷,dpd,6,30,6,mob6_dpd30,h5,拍拍贷#mob6_dpd30#h5
10003000,9000,20250501,-2,Rate36,美团月付,dpd,3,30,3,mob3_dpd30,h5,美团月付#mob3_dpd30#h5
10003000,9001,20240819,0,Rate36,拍拍贷,dpd,3,30,3,mob3_dpd30,h5,拍拍贷#mob3_dpd30#h5
10003000,9002,20260113,1,Rate36,美团月付,dpd,3,30,3,mob3_dpd30,api,美团月付#mob3_dpd30#api
10003001,9003,20240507,0,Rate36,美团月付,dpd,9,30,9,mob9_dpd30,api,美团月付#mob9_dpd30#api
10003001,9004,20250927,1,Rate36,美团月付,dpd,6,30,6,mob6_dpd30,h5,美团月付#mob6_dpd30#h5
10003001,9005,20240614,0,Rate36,拍拍贷,dpd,6,60,6,mob6_dpd60,h5,拍拍贷#mob6_dpd60#h5
10003002,9006,20251022,0,Rate36,美团月付,dpd,9,30,9,mob9_dpd30,api,美团月付#mob9_dpd30#api
10003002,9007,20250212,0,Rate36,拍拍贷,dpd,12,60,12,mob12_dpd60,api,拍拍贷#mob12_dpd60#api
10003002,9008,20250305,0,Rate36,拍拍贷,dpd,3,60,3,mob3_dpd60,api,拍拍贷#mob3_dpd60#api
10003003,9009,20240828,0,Rate36,拍拍贷,dpd,9,60,9,mob9_dpd60,api,拍拍贷#mob9_dpd60#api
10003003,9010,20251205,1,Rate36,拍拍贷,dpd,12,60,12,mob12_dpd60,h5,拍拍贷#mob12_dpd60#h5
10003003,9011,20241110,0,Rate36,美团月付,fpd,,60,,fpd60,h5,美团月付#fpd60#h5
10003004,9012,20240903,0,Rate36,拍拍贷,dpd,6,60,6,mob6_dpd60,api,拍拍贷#mob6_dpd60#api
10003004,9013,20250628,1,Rate36,美团月付,dpd,12,30,12,mob12_dpd30,h5,美团月付#mob12_dpd30#h5
10003004,9014,20250424,0,Rate36,美团月付,dpd,9,30,9,mob9_dpd30,h5,美团月付#mob9_dpd30#h5
10003005,9015,20250817,1,Rate36,美团月付,dpd,9,30,9,mob9_dpd30,h5,美团月付#mob9_dpd30#h5
10003005,9016,20250228,0,Rate36,美团月付,dpd,12,30,12,mob12_dpd30,h5,美团月付#mob12_dpd30#h5
10003005,9017,20241012,0,Rate36,美团月付,fpd,,30,,fpd30,api,美团月付#fpd30#api
10003006,9018,20250601,0,Rate36,拍拍贷,dpd,6,60,6,mob6_dpd60,h5,拍拍贷#mob6_dpd60#h5
10003006,9019,20250710,1,Rate36,美团月付,dpd,9,60,9,mob9_dpd60,h5,美团月付#mob9_dpd60#h5
10003006,9020,20260122,0,Rate36,美团月付,dpd,3,60,3,mob3_dpd60,api,美团月付#mob3_dpd60#api
10003007,9021,20240902,0,Rate36,美团月付,fpd,,30,,fpd30,api,美团月付#fpd30#api
10003007,9022,20251110,0,Rate36,美团月付,dpd,9,60,9,mob9_dpd60,h5,美团月付#mob9_dpd60#h5
10003007,9023,20250626,0,Rate36,美团月付,dpd,6,30,6,mob6_dpd30,api,美团月付#mob6_dpd30#api
10003008,9024,20241003,0,Rate36,拍拍贷,dpd,9,60,9,mob9_dpd60,h5,拍拍贷#mob9_dpd60#h5
10003008,9025,20240915,0,Rate36,拍拍贷,dpd,12,30,12,mob12_dpd30,api,拍拍贷#mob12_dpd30#api
10003008,9026,20250426,0,Rate36,拍拍贷,dpd,3,30,3,mob3_dpd30,api,拍拍贷#mob3_dpd30#api
10003009,9027,20250612,0,Rate36,拍拍贷,dpd,3,60,3,mob3_dpd60,api,拍拍贷#mob3_dpd60#api
10003009,9028,20240326,0,Rate36,拍拍贷,dpd,6,30,6,mob6_dpd30,api,拍拍贷#mob6_dpd30#api
10003009,9029,20241108,0,Rate36,美团月付,dpd,3,60,3,mob3_dpd60,api,美团月付#mob3_dpd60#api
10003010,9030,20250426,0,Rate36,拍拍贷,fpd,,60,,fpd60,h5,拍拍贷#fpd60#h5
10003010,9031,20240624,0,Rate36,拍拍贷,dpd,9,30,9,mob9_dpd30,api,拍拍贷#mob9_dpd30#api
10003010,9032,20250416,-2,Rate36,美团月付,dpd,3,60,3,mob3_dpd60,h5,美团月付#mob3_dpd60#h5
10003011,9033,20251109,-2,Rate36,拍拍贷,dpd,12,60,12,mob12_dpd60,h5,拍拍贷#mob12_dpd60#h5
10003011,9034,20251211,0,Rate36,美团月付,dpd,12,60,12,mob12_dpd60,h5,美团月付#mob12_dpd60#h5
10003011,9035,20240512,0,Rate36,美团月付,dpd,6,30,6,mob6_dpd30,api,美团月付#mob6_dpd30#api
10003012,9036,20240609,1,Rate36,美团月付,dpd,12,30,12,mob12_dpd30,h5,美团月付#mob12_dpd30#h5
10003012,9037,20240315,0,Rate36,美团月付,dpd,9,30,9,mob9_dpd30,h5,美团月付#mob9_dpd30#h5
10003012,9038,20251028,1,Rate36,美团月付,dpd,6,60,6,mob6_dpd60,api,美团月付#mob6_dpd60#api
10003013,9039,20250226,0,Rate36,美团月付,dpd,6,30,6,mob6_dpd30,h5,美团月付#mob6_dpd30#h5
10003013,9040,20251118,0,Rate36,拍拍贷,fpd,,30,,fpd30,api,拍拍贷#fpd30#api
10003013,9041,20240426,0,Rate36,美团月付,fpd,,30,,fpd30,h5,美团月付#fpd30#h5
10003014,9042,20260113,0,Rate36,美团月付,dpd,3,30,3,mob3_dpd30,h5,美团月付#mob3_dpd30#h5
10003014,9043,20241010,0,Rate36,美团月付,dpd,6,30,6,mob6_dpd30,api,美团月付#mob6_dpd30#api
10003014,9044,20240728,1,Rate36,拍拍贷,dpd,12,60,12,mob12_dpd60,h5,拍拍贷#mob12_dpd60#h5
10003015,9045,20240806,0,Rate36,拍拍贷,fpd,,30,,fpd30,api,拍拍贷#fpd30#api
10003015,9046,20250616,0,Rate36,拍拍贷,dpd,6,60,6,mob6_dpd60,api,拍拍贷#mob6_dpd60#api
10003015,9047,20260220,1,Rate36,拍拍贷,dpd,12,60,12,mob12_dpd60,api,拍拍贷#mob12_dpd60#api
10003016,9048,20240527,1,Rate36,拍拍贷,dpd,6,60,6,mob6_dpd60,h5,拍拍贷#mob6_dpd60#h5
10003016,9049,20251226,0,Rate36,拍拍贷,dpd,3,60,3,mob3_dpd60,api,拍拍贷#mob3_dpd60#api
10003016,9050,20241115,1,Rate36,美团月付,dpd,6,30,6,mob6_dpd30,h5,美团月付#mob6_dpd30#h5
10003017,9051,20250612,1,Rate36,拍拍贷,dpd,6,30,6,mob6_dpd30,api,拍拍贷#mob6_dpd30#api
10003017,9052,20260116,0,Rate36,拍拍贷,dpd,6,30,6,mob6_dpd30,h5,拍拍贷#mob6_dpd30#h5
10003017,9053,20250514,0,Rate36,美团月付,dpd,3,60,3,mob3_dpd60,api,美团月付#mob3_dpd60#api
10003018,9054,20250413,0,Rate36,美团月付,dpd,6,60,6,mob6_dpd60,api,美团月付#mob6_dpd60#api
10003018,9055,20260126,0,Rate36,拍拍贷,dpd,6,60,6,mob6_dpd60,h5,拍拍贷#mob6_dpd60#h5
10003018,9056,20240515,0,Rate36,拍拍贷,dpd,12,30,12,mob12_dpd30,h5,拍拍贷#mob12_dpd30#h5
10003019,9057,20240428,0,Rate36,美团月付,dpd,6,30,6,mob6_dpd30,h5,美团月付#mob6_dpd30#h5
10003019,9058,20240605,0,Rate36,美团月付,fpd,,30,,fpd30,h5,美团月付#fpd30#h5
10003019,9059,20240524,1,Rate36,美团月付,fpd,,30,,fpd30,api,美团月付#fpd30#api
10003020,9060,20240806,0,Rate36,美团月付,dpd,12,30,12,mob12_dpd30,h5,美团月付#mob12_dpd30#h5
10003020,9061,20241013,0,Rate36,美团月付,dpd,9,30,9,mob9_dpd30,h5,美团月付#mob9_dpd30#h5
10003020,9062,20240704,-2,Rate36,拍拍贷,dpd,9,60,9,mob9_dpd60,api,拍拍贷#mob9_dpd60#api
10003021,9063,20240315,0,Rate36,美团月付,dpd,12,30,12,mob12_dpd30,h5,美团月付#mob12_dpd30#h5
10003021,9064,20250426,0,Rate36,拍拍贷,dpd,9,30,9,mob9_dpd30,api,拍拍贷#mob9_dpd30#api
10003021,9065,20250811,1,Rate36,美团月付,dpd,9,30,9,mob9_dpd30,api,美团月付#mob9_dpd30#api
10003022,9066,20241222,0,Rate36,美团月付,dpd,12,60,12,mob12_dpd60,h5,美团月付#mob12_dpd60#h5
10003022,9067,20250226,0,Rate36,拍拍贷,dpd,6,60,6,mob6_dpd60,h5,拍拍贷#mob6_dpd60#h5
10003022,9068,20240701,0,Rate36,美团月付,dpd,9,30,9,mob9_dpd30,h5,美团月付#mob9_dpd30#h5
10003023,9069,20240607,0,Rate36,美团月付,dpd,6,30,6,mob6_dpd30,h5,美团月付#mob6_dpd30#h5
10003023,9070,20250215,0,Rate36,拍拍贷,dpd,3,60,3,mob3_dpd60,api,拍拍贷#mob3_dpd60#api
10003023,9071,20250112,0,Rate36,美团月付,dpd,12,30,12,mob12_dpd30,h5,美团月付#mob12_dpd30#h5
10003024,9072,20241117,0,Rate36,拍拍贷,dpd,6,30,6,mob6_dpd30,api,拍拍贷#mob6_dpd30#api
10003024,9073,20250702,0,Rate36,拍拍贷,dpd,6,60,6,mob6_dpd60,h5,拍拍贷#mob6_dpd60#h5
10003024,9074,20250112,0,Rate36,拍拍贷,dpd,3,60,3,mob3_dpd60,h5,拍拍贷#mob3_dpd60#h5
10003025,9075,20241128,0,Rate36,拍拍贷,dpd,6,60,6,mob6_dpd60,h5,拍拍贷#mob6_dpd60#h5
10003025,9076,20241218,-2,Rate36,拍拍贷,dpd,6,30,6,mob6_dpd30,api,拍拍贷#mob6_dpd30#api
10003025,9077,20240921,1,Rate36,美团月付,fpd,,60,,fpd60,h5,美团月付#fpd60#h5
10003026,9078,20251228,0,Rate36,美团月付,dpd,3,60,3,mob3_dpd60,h5,美团月付#mob3_dpd60#h5
10003026,9079,20250724,0,Rate36,拍拍贷,dpd,9,60,9,mob9_dpd60,api,拍拍贷#mob9_dpd60#api
10003026,9080,20240723,1,Rate36,拍拍贷,dpd,6,60,6,mob6_dpd60,api,拍拍贷#mob6_dpd60#api
10003027,9081,20250811,0,Rate36,拍拍贷,dpd,9,30,9,mob9_dpd30,api,拍拍贷#mob9_dpd30#api
10003027,9082,20241004,1,Rate36,美团月付,dpd,9,60,9,mob9_dpd60,h5,美团月付#mob9_dpd60#h5
10003027,9083,20250808,0,Rate36,美团月付,dpd,6,60,6,mob6_dpd60,api,美团月付#mob6_dpd60#api
10003028,9084,20251013,1,Rate36,拍拍贷,dpd,12,30,12,mob12_dpd30,api,拍拍贷#mob12_dpd30#api
10003028,9085,20240412,0,Rate36,拍拍贷,dpd,9,30,9,mob9_dpd30,h5,拍拍贷#mob9_dpd30#h5
10003028,9086,20240621,0,Rate36,美团月付,dpd,3,30,3,mob3_dpd30,api,美团月付#mob3_dpd30#api
10003029,9087,20250104,0,Rate36,拍拍贷,dpd,3,60,3,mob3_dpd60,h5,拍拍贷#mob3_dpd60#h5
10003029,9088,20240610,1,Rate36,美团月付,dpd,9,60,9,mob9_dpd60,h5,美团月付#mob9_dpd60#h5
10003029,9089,20240513,0,Rate36,拍拍贷,dpd,3,60,3,mob3_dpd60,h5,拍拍贷#mob3_dpd60#h5
10003030,9090,20240916,-2,Rate36,美团月付,dpd,6,60,6,mob6_dpd60,h5,美团月付#mob6_dpd60#h5
10003030,9091,20240709,0,Rate36,拍拍贷,dpd,6,30,6,mob6_dpd30,h5,拍拍贷#mob6_dpd30#h5
10003030,9092,20260116,0,Rate36,美团月付,dpd,6,60,6,mob6_dpd60,h5,美团月付#mob6_dpd60#h5
10003031,9093,20260107,0,Rate36,美团月付,fpd,,30,,fpd30,h5,美团月付#fpd30#h5
10003031,9094,20241221,0,Rate36,拍拍贷,fpd,,30,,fpd30,api,拍拍贷#fpd30#api
10003031,9095,20240504,-2,Rate36,美团月付,dpd,6,30,6,mob6_dpd30,h5,美团月付#mob6_dpd30#h5
10003032,9096,20250716,0,Rate36,拍拍贷,dpd,6,60,6,mob6_dpd60,h5,拍拍贷#mob6_dpd60#h5
10003032,9097,20260126,1,Rate36,美团月付,fpd,,30,,fpd30,h5,美团月付#fpd30#h5
10003032,9098,20251204,0,Rate36,拍拍贷,dpd,6,30,6,mob6_dpd30,h5,拍拍贷#mob6_dpd30#h5
10003033,9099,20250106,-2,Rate36,拍拍贷,dpd,6,60,6,mob6_dpd60,api,拍拍贷#mob6_dpd60#api
10003033,9100,20250406,0,Rate36,拍拍贷,dpd,3,60,3,mob3_dpd60,h5,拍拍贷#mob3_dpd60#h5
10003033,9101,20251003,0,Rate36,拍拍贷,dpd,6,60,6,mob6_dpd60,h5,拍拍贷#mob6_dpd60#h5
10003034,9102,20250920,0,Rate36,美团月付,dpd,3,60,3,mob3_dpd60,h5,美团月付#mob3_dpd60#h5
10003034,9103,20251002,0,Rate36,拍拍贷,dpd,6,60,6,mob6_dpd60,api,拍拍贷#mob6_dpd60#api
10003034,9104,20260210,0,Rate36,美团月付,dpd,12,30,12,mob12_dpd30,h5,美团月付#mob12_dpd30#h5
10003035,9105,20241115,1,Rate36,美团月付,dpd,12,30,12,mob12_dpd30,h5,美团月付#mob12_dpd30#h5
10003035,9106,20250202,0,Rate36,美团月付,dpd,6,60,6,mob6_dpd60,api,美团月付#mob6_dpd60#api
10003035,9107,20240907,0,Rate36,拍拍贷,dpd,9,60,9,mob9_dpd60,api,拍拍贷#mob9_dpd60#api
10003036,9108,20250110,0,Rate36,拍拍贷,dpd,3,30,3,mob3_dpd30,h5,拍拍贷#mob3_dpd30#h5
10003036,9109,20240608,0,Rate36,拍拍贷,dpd,12,30,12,mob12_dpd30,api,拍拍贷#mob12_dpd30#api
10003036,9110,20250728,0,Rate36,拍拍贷,dpd,3,30,3,mob3_dpd30,h5,拍拍贷#mob3_dpd30#h5
10003037,9111,20250715,0,Rate36,拍拍贷,dpd,12,60,12,mob12_dpd60,h5,拍拍贷#mob12_dpd60#h5
10003037,9112,20250223,0,Rate36,美团月付,dpd,9,60,9,mob9_dpd60,h5,美团月付#mob9_dpd60#h5
10003037,9113,20251126,0,Rate36,拍拍贷,dpd,12,60,12,mob12_dpd60,api,拍拍贷#mob12_dpd60#api
10003038,9114,20250219,1,Rate36,拍拍贷,fpd,,60,,fpd60,api,拍拍贷#fpd60#api
10003038,9115,20250116,0,Rate36,拍拍贷,dpd,6,60,6,mob6_dpd60,api,拍拍贷#mob6_dpd60#api
10003038,9116,20241205,0,Rate36,拍拍贷,dpd,3,30,3,mob3_dpd30,h5,拍拍贷#mob3_dpd30#h5
10003039,9117,20251002,-2,Rate36,美团月付,dpd,12,60,12,mob12_dpd60,h5,美团月付#mob12_dpd60#h5
10003039,9118,20240417,-2,Rate36,美团月付,dpd,6,30,6,mob6_dpd30,api,美团月付#mob6_dpd30#api
10003039,9119,20250816,0,Rate36,拍拍贷,fpd,,30,,fpd30,h5,拍拍贷#fpd30#h5
10003040,9120,20250910,0,Rate36,拍拍贷,fpd,,60,,fpd60,h5,拍拍贷#fpd60#h5
10003040,9121,20250817,0,Rate36,美团月付,dpd,3,60,3,mob3_dpd60,api,美团月付#mob3_dpd60#api
10003040,9122,20250506,0,Rate36,美团月付,dpd,9,30,9,mob9_dpd30,h5,美团月付#mob9_dpd30#h5
10003041,9123,20241019,-2,Rate36,拍拍贷,dpd,9,60,9,mob9_dpd60,h5,拍拍贷#mob9_dpd60#h5
10003041,9124,20250106,1,Rate36,拍拍贷,dpd,3,30,3,mob3_dpd30,h5,拍拍贷#mob3_dpd30#h5
10003041,9125,20250902,0,Rate36,拍拍贷,dpd,3,30,3,mob3_dpd30,api,拍拍贷#mob3_dpd30#api
10003042,9126,20240320,0,Rate36,拍拍贷,dpd,3,60,3,mob3_dpd60,api,拍拍贷#mob3_dpd60#api
